0;0;0;0;0;0;0;0;0;13;0;0;0;0;0;0;0;0;0;0;0;0;0;0;0;0;0;0;0;0;0;0;0;0;0;0;0;0;0;0;0;0;0;0;0;0;0;13;0;0;0;0;0;0;0;0;0;0;0;0;0;0;0;0;0;0;0;0;0;0;0;0;0;13;0;0;0;0;0;0;0;0;0;0;0;0;13;0;0;0;0;0;0;0;0;0;13;13;0;13;0;0;0;0;13;0;0;13;0;0;0;0;0;0;0;0;0;0;0;0;0;0;0;0;0;0;0;0;0;0;0;0;0;0;0;0;0;0;0;0;0;0;0;0;0;0;0;0;0;0;0;0;0;0;0;0;0;0;0;0;0;13;0;0;0;0;0;0;0;0;0;0;0;0;0;0;0;0;0;0;0;0;0;0;0;0;0;0;0;0;0;0;0;0;0;0;0;0;0;0;0;0;0;0;0;0;0;0;0;0;0;0;0;0;0;0;0;0;0;0;0;0;0;0;0;0;0;0;0;0;0
0;0;0;0;0;0;0;0;0;0;0;0;0;13;0;0;0;0;0;0;0;0;0;0;0;0;0;13;0;0;0;0;0;0;0;0;0;0;0;0;0;0;0;0;0;0;0;0;0;0;0;0;0;0;0;0;0;0;0;0;0;0;0;0;0;0;0;0;0;0;0;0;0;13;0;0;0;0;0;0;0;0;0;0;0;0;0;0;0;0;0;0;0;0;13;13;0;13;0;0;13;0;0;0;0;0;0;0;0;0;0;0;0;0;0;0;0;0;0;0;0;0;0;0;0;0;0;0;0;0;0;0;0;0;0;0;0;0;0;0;0;0;0;0;0;0;0;0;13;0;0;0;0;0;13;0;0;0;0;0;0;0;0;0;0;0;0;0;0;0;0;0;0;0;0;0;0;0;0;0;0;0;13;0;0;0;0;0;0;0;0;0;0;0;0;0;0;0;0;0;0;0;0;0;0;0;0;0;0;0;0;0;0;0;0;0;0;0;0;0;0;0;0;0;0;0;0;0;0;0;0
0;13;0;0;0;0;0;0;0;0;0;0;0;0;0;0;0;0;13;13;0;0;0;0;0;0;13;0;0;0;0;0;0;0;0;0;0;0;0;0;0;0;0;0;0;13;0;0;0;0;0;0;0;0;13;0;0;0;0;0;0;0;0;0;0;0;0;0;0;0;0;13;0;0;0;0;0;13;0;0;0;13;0;0;0;0;0;0;0;0;0;0;13;0;0;0;0;13;13;0;0;0;0;0;0;0;0;0;0;0;0;0;0;0;0;0;0;0;0;13;0;0;13;0;0;0;0;0;0;0;0;0;0;0;0;0;0;0;0;0;0;0;0;0;0;0;0;0;0;0;0;0;0;0;0;0;0;0;0;0;0;0;0;0;0;0;0;0;0;0;0;0;0;0;0;0;0;0;0;0;0;0;0;0;0;0;0;13;0;0;0;0;0;0;0;0;0;0;0;0;0;0;0;0;0;0;0;0;0;0;0;0;0;0;0;0;0;0;0;0;0;0;0;0;0;0;0;0;0;0;0
0;0;0;0;0;0;0;0;0;0;0;0;0;0;0;0;0;0;0;0;0;0;0;0;0;0;0;0;0;0;0;0;0;0;0;0;0;0;0;0;0;0;0;0;0;0;0;13;0;0;0;0;0;0;13;0;0;0;0;0;0;0;0;0;0;0;0;0;0;0;0;0;0;0;0;0;0;0;0;0;0;13;13;13;0;0;0;0;0;0;0;0;0;0;0;0;0;0;0;13;13;13;13;0;0;0;0;0;0;0;0;0;0;0;0;0;0;0;0;0;0;0;0;0;0;0;0;0;0;13;0;0;0;0;0;0;0;0;0;13;0;0;0;0;0;0;0;0;0;0;0;0;0;0;0;0;0;0;13;13;0;0;0;0;13;0;0;0;0;0;0;0;0;0;0;0;0;0;0;0;0;0;0;0;0;0;0;0;0;0;0;0;0;0;0;0;0;0;0;13;0;0;0;0;0;13;0;0;0;0;0;0;0;0;0;0;0;0;0;0;13;0;0;0;0;0;0;0;0;0;0
0;0;13;0;0;0;0;0;0;0;0;0;0;0;0;0;0;0;0;0;0;0;0;0;0;0;0;0;0;0;0;0;0;0;0;0;0;0;0;0;0;0;0;0;0;0;0;0;0;0;0;0;13;0;0;0;0;0;0;0;0;0;0;0;0;0;0;0;0;0;0;0;0;0;0;0;13;0;0;0;0;0;0;0;0;13;0;0;0;0;0;0;0;0;0;0;0;0;0;13;13;0;0;13;0;0;0;0;0;0;0;0;0;0;0;0;0;0;0;0;0;0;0;0;0;0;0;0;0;0;0;0;0;0;0;0;0;0;0;13;0;0;0;0;0;0;0;0;0;0;0;13;0;0;0;0;0;0;0;0;0;0;0;0;0;0;0;0;0;0;0;13;0;0;0;0;0;0;0;0;0;0;0;0;0;0;0;0;0;0;0;0;0;0;0;0;0;0;0;0;0;0;0;0;0;0;0;0;0;0;0;0;0;0;0;0;13;0;0;0;0;0;0;0;0;0;0;0;0;0;0
0;13;0;0;13;13;13;0;0;0;0;0;0;0;0;0;0;0;13;0;0;0;0;0;0;0;0;0;0;0;0;0;0;0;0;0;0;0;0;0;0;0;0;0;0;0;0;0;0;0;0;0;0;0;0;0;13;0;0;0;0;0;0;0;0;0;0;0;0;13;0;0;0;0;0;0;0;13;13;13;0;0;0;0;0;0;0;0;0;0;0;0;0;0;0;0;0;0;0;0;0;0;0;0;0;0;13;0;0;0;0;0;0;0;0;0;0;0;0;0;0;0;0;0;0;0;0;0;0;0;0;0;0;0;0;0;0;0;0;13;0;0;0;0;0;0;0;0;0;0;0;0;0;0;0;0;13;0;0;0;13;0;13;0;0;0;13;0;0;0;0;0;0;0;0;0;0;0;0;0;0;0;0;0;0;0;0;0;0;0;0;0;0;0;0;0;0;0;0;0;0;0;0;0;0;0;0;0;0;0;0;0;0;0;0;0;0;0;0;0;0;0;0;0;0;0;0;0;0;0;0
0;0;0;0;0;13;13;0;0;0;0;0;0;0;0;0;0;0;0;0;0;0;0;0;0;0;13;0;0;0;0;0;0;0;0;0;0;0;0;0;0;0;0;0;0;0;0;0;0;0;0;0;0;0;0;0;0;0;0;0;0;0;0;0;0;0;0;0;0;0;0;0;0;0;0;0;0;0;13;0;0;13;0;0;0;0;0;0;0;0;0;0;0;13;13;0;0;13;0;0;0;0;0;0;0;0;0;0;0;0;0;0;13;0;0;0;0;0;0;0;0;0;0;0;0;0;0;0;0;0;0;0;0;0;0;0;0;0;0;0;0;0;0;0;0;0;0;0;0;0;0;0;0;0;0;0;0;0;0;13;0;0;0;0;0;0;0;0;0;0;0;0;0;0;0;0;0;0;0;0;0;0;0;0;0;0;0;0;0;0;0;0;0;0;0;0;0;0;0;0;0;0;0;0;0;0;0;0;0;0;0;0;13;0;0;0;0;0;0;0;0;0;0;0;13;0;0;0;0;0;0
0;0;0;0;0;0;0;0;0;13;0;0;0;0;0;0;0;0;0;0;0;0;0;0;0;0;0;13;0;0;0;0;0;0;0;0;0;0;0;0;0;0;0;0;0;0;0;0;0;0;0;0;0;0;0;0;0;0;0;0;0;0;0;0;0;0;0;0;0;0;0;0;0;0;0;0;13;0;0;0;0;0;0;0;0;0;0;0;0;13;0;0;0;13;0;0;0;0;0;0;0;0;0;0;0;0;0;0;0;0;0;0;0;0;0;0;0;0;0;0;0;0;0;0;13;0;0;0;0;0;0;0;0;0;0;0;0;0;0;0;13;0;0;0;0;0;0;0;0;0;0;0;0;0;0;0;0;0;0;0;0;0;0;0;0;0;0;0;0;0;0;0;0;0;0;0;0;0;0;0;0;0;0;0;0;0;0;0;0;13;0;0;0;0;0;0;0;0;0;0;0;0;0;0;0;0;0;0;0;0;0;0;0;0;0;0;13;0;0;0;0;0;0;0;0;0;0;0;0;0;0
0;0;0;0;0;0;0;0;0;0;0;13;0;0;13;0;0;0;0;0;0;0;13;13;0;0;0;0;0;0;0;0;0;0;0;0;0;0;0;0;0;0;0;0;0;0;0;0;0;0;0;0;0;0;0;0;0;0;0;13;0;0;0;0;0;0;0;0;0;13;0;0;0;0;0;0;0;0;0;0;0;0;0;0;13;0;0;0;0;0;0;0;0;0;0;0;14;0;0;0;0;0;0;0;0;0;0;0;0;0;0;0;0;0;0;0;0;0;0;0;0;0;0;0;0;0;0;0;0;0;0;0;0;0;0;0;0;0;0;0;0;0;0;0;0;0;0;0;0;0;0;0;0;13;0;0;0;0;0;0;0;0;0;0;0;0;0;0;0;0;0;0;0;0;0;0;0;0;0;0;0;0;0;0;0;0;0;0;0;0;0;0;0;0;0;0;0;0;0;0;0;0;0;0;0;0;0;0;0;0;0;0;0;0;0;0;0;0;0;0;0;0;0;0;0;0;0;0;0;0;0
0;0;0;0;0;0;0;0;0;0;0;0;0;0;0;13;13;0;13;13;13;0;0;13;0;0;0;0;0;0;0;13;0;0;0;0;0;0;0;0;0;0;0;0;13;0;0;13;13;0;0;0;0;0;0;0;0;0;13;0;0;0;0;0;0;0;0;0;0;0;0;0;0;0;13;0;0;0;0;0;13;0;0;13;0;0;0;0;13;0;0;0;0;0;0;13;13;0;0;0;0;0;0;0;0;0;0;0;0;0;0;0;13;0;13;13;0;0;0;0;0;0;0;0;0;13;0;0;0;0;0;0;13;0;0;0;0;0;0;0;0;0;0;0;0;0;0;0;0;0;0;0;0;13;0;0;0;0;0;0;0;0;0;0;0;0;0;0;0;0;0;0;0;0;0;0;0;0;0;0;0;0;0;0;0;0;0;0;0;0;0;0;0;0;0;0;0;0;0;0;0;0;0;0;0;0;0;0;0;0;0;0;0;0;0;0;0;0;0;0;0;0;0;0;0;0;0;13;0;0;0
0;0;0;0;0;0;0;0;0;0;0;0;0;0;0;0;0;0;0;0;0;0;0;0;0;0;0;0;0;0;0;13;0;0;0;0;0;0;0;0;0;0;0;0;0;0;0;0;13;0;0;0;0;0;0;0;0;0;13;0;13;13;0;0;0;0;0;0;0;0;0;0;0;13;0;0;0;0;0;0;13;0;0;13;0;0;0;0;0;0;0;13;0;0;0;0;0;0;13;0;0;0;13;0;0;0;0;0;0;0;13;0;0;0;0;0;0;0;0;0;0;0;0;13;0;0;0;0;0;0;0;13;0;0;0;0;0;0;0;0;0;0;0;0;0;0;0;0;0;0;0;0;0;0;0;0;0;0;0;0;0;0;0;0;0;13;0;0;0;0;0;0;0;0;0;0;13;13;13;0;0;0;0;0;0;0;0;0;0;0;0;0;0;0;0;0;0;0;0;13;0;0;0;0;0;0;0;0;0;0;0;0;0;0;0;0;0;0;0;0;0;0;0;0;0;0;0;0;0;0;0
0;0;0;0;0;0;0;0;0;0;0;0;0;0;0;0;0;0;0;0;0;0;0;0;0;0;0;0;0;0;0;0;0;0;0;0;0;0;0;0;0;0;0;0;0;0;0;0;13;0;0;0;0;0;0;0;13;0;0;0;13;13;0;0;0;0;13;0;0;0;0;0;0;13;0;13;0;0;0;0;0;0;13;0;0;0;13;13;13;0;0;0;0;13;0;0;0;13;13;0;0;13;0;0;0;0;0;13;0;0;0;0;0;0;0;0;0;0;0;0;0;0;0;0;0;0;0;0;0;0;0;0;0;0;0;0;0;0;0;0;0;0;0;0;13;0;0;0;0;0;0;0;0;0;0;0;0;0;0;0;0;0;0;0;13;0;0;0;0;0;0;0;0;0;0;0;0;0;0;0;0;0;0;0;0;0;0;0;0;0;0;0;0;0;0;0;0;0;0;0;0;0;0;0;0;0;0;0;0;13;13;0;0;0;0;0;0;0;0;0;0;0;0;0;0;0;0;0;0;0;0
0;0;0;0;0;0;0;0;0;0;0;13;0;0;0;0;0;0;0;0;0;0;0;0;13;0;0;0;0;0;0;0;0;0;0;0;0;0;0;0;0;0;13;0;0;0;0;0;0;0;0;0;0;0;0;0;0;13;0;0;0;0;0;0;0;0;0;0;13;0;0;0;0;0;0;0;0;0;0;0;0;0;0;0;0;0;0;0;13;0;0;0;0;0;13;13;0;13;0;0;13;13;0;0;0;0;0;0;0;13;0;0;0;0;0;13;0;0;0;0;0;0;0;0;0;0;0;0;0;0;0;0;0;0;0;0;0;0;0;0;0;0;0;0;0;0;0;0;0;0;0;0;0;0;0;0;0;0;0;0;0;0;0;0;0;0;0;0;0;0;0;0;0;0;0;0;0;0;0;0;0;0;0;0;0;0;0;0;0;0;13;0;0;0;0;0;0;0;0;0;0;0;0;0;0;0;0;0;0;0;0;13;0;0;13;0;0;0;0;0;0;0;0;0;0;0;0;0;0;0;0
0;0;0;0;0;0;0;0;0;13;13;13;0;0;0;0;0;0;0;13;0;0;0;0;0;0;13;0;0;0;0;0;0;0;13;0;0;0;0;0;0;0;0;0;0;0;0;0;0;0;0;0;0;0;0;0;0;13;0;0;0;0;0;0;0;0;0;0;0;0;0;13;0;0;0;0;0;13;0;0;13;13;0;0;0;13;13;13;0;0;0;13;0;0;0;13;13;0;0;0;0;0;0;0;0;0;0;0;0;13;0;0;0;0;0;0;0;0;0;0;0;0;0;0;0;0;0;0;0;0;0;0;0;0;0;13;0;0;0;0;0;0;13;0;0;0;0;0;0;0;0;0;0;13;0;0;13;0;0;0;0;0;0;0;0;0;0;0;0;0;0;0;0;0;0;0;0;0;0;13;0;0;0;0;0;0;0;0;0;0;0;0;0;0;0;0;0;0;0;0;0;0;0;0;0;0;0;0;0;0;0;0;0;0;0;0;0;0;0;0;0;0;0;0;0;0;0;0;0;0;0
0;0;0;0;0;0;0;0;0;13;0;0;0;0;0;0;0;0;0;0;0;0;0;0;0;0;0;0;0;0;0;0;0;0;0;0;0;0;0;0;0;0;0;0;0;0;0;0;0;0;0;0;0;0;0;0;0;0;0;0;0;0;0;0;0;0;0;13;0;0;0;0;0;0;0;0;0;0;0;0;0;0;0;13;0;13;0;0;0;0;0;0;0;0;0;13;13;0;0;0;0;0;0;0;0;0;0;0;0;0;0;0;0;0;0;0;0;0;0;0;0;0;0;0;0;0;0;0;0;0;0;0;0;0;0;0;0;0;0;0;0;0;0;0;0;0;0;0;0;0;0;0;0;0;0;0;0;0;0;0;0;0;0;0;0;0;0;0;0;0;0;0;0;0;0;0;0;0;0;0;0;0;0;0;0;0;0;0;0;0;0;0;0;0;0;0;0;0;0;0;0;0;0;0;0;0;0;0;0;0;0;0;0;0;0;0;0;0;0;0;0;0;0;0;0;0;13;0;0;0;0
0;13;0;0;0;0;0;0;0;0;0;0;0;0;13;13;0;0;0;0;0;13;0;0;0;0;0;0;0;13;0;0;0;0;0;0;13;0;0;0;0;0;0;0;0;0;0;0;0;0;0;0;0;0;0;0;0;0;0;0;0;0;0;0;0;0;0;13;0;0;0;0;0;0;0;0;13;0;0;0;0;0;0;0;0;0;13;0;0;0;0;0;0;0;0;0;0;13;0;0;13;0;0;13;0;0;0;0;0;0;0;0;0;0;0;0;0;13;0;0;0;0;0;0;0;0;0;0;0;0;0;0;0;0;0;0;0;0;0;0;0;0;0;0;0;0;0;0;0;0;0;0;0;0;0;0;0;0;0;0;0;0;0;0;0;0;0;0;0;0;0;0;0;0;0;0;0;0;0;0;0;0;0;0;0;0;0;0;0;0;0;0;0;0;0;0;0;0;0;0;0;0;0;0;0;0;0;0;0;0;0;0;0;0;0;0;0;0;13;0;0;0;0;0;0;0;0;0;0;0;0
0;0;0;0;0;0;0;0;0;0;0;0;0;0;0;0;13;0;0;0;0;0;0;0;0;0;0;0;0;0;13;0;0;0;0;0;13;0;0;0;0;0;0;13;0;0;0;0;0;0;0;0;0;0;0;0;0;0;0;0;14;0;0;0;0;0;0;0;13;0;13;0;0;0;0;0;0;0;0;0;13;0;0;0;14;0;13;0;0;0;0;0;0;0;0;0;0;0;0;0;0;0;0;0;0;13;0;0;0;0;0;0;0;0;0;13;0;0;0;0;0;0;0;0;0;0;0;0;0;0;0;0;0;0;0;0;0;0;0;13;0;0;0;0;0;0;0;0;0;0;0;0;0;0;0;0;13;0;0;0;0;0;0;0;0;0;0;0;0;0;0;0;0;13;0;0;0;0;0;0;0;0;0;0;0;0;0;0;0;0;0;0;0;0;0;0;0;0;0;0;0;0;0;0;0;0;0;0;0;0;0;0;0;0;0;0;0;0;0;0;0;0;0;0;0;0;0;0;0;0;0
0;0;0;0;0;0;0;0;0;0;0;0;0;0;0;0;0;0;0;0;0;0;0;0;0;0;0;0;0;0;0;0;0;0;0;0;0;0;0;0;13;0;0;0;0;0;0;0;0;0;0;0;0;0;13;0;0;0;0;13;13;0;0;0;0;0;0;13;0;0;0;0;0;0;0;0;0;0;0;0;0;13;0;0;13;0;13;0;0;0;0;0;0;0;0;0;0;0;0;0;0;0;0;0;0;0;0;0;0;0;0;0;0;13;0;0;0;0;0;0;0;0;0;0;13;0;0;0;0;0;0;0;0;0;0;0;0;0;0;0;0;0;0;0;0;0;0;0;0;0;0;0;0;0;0;0;0;0;0;0;13;0;0;0;0;0;0;0;0;0;0;0;13;0;0;0;0;0;13;0;0;0;0;0;0;0;0;0;0;0;0;0;0;0;0;0;0;0;0;0;0;0;0;0;0;0;0;0;0;0;0;0;13;0;0;0;0;0;0;0;0;0;0;0;0;0;0;0;0;0;0
0;13;0;0;0;0;0;0;0;0;0;0;0;0;0;0;0;0;0;0;0;0;0;0;0;0;0;0;0;0;0;13;0;0;0;0;0;0;0;0;0;0;0;0;0;0;0;0;0;0;0;0;0;0;0;13;0;0;13;0;0;0;13;0;0;0;0;0;0;0;0;0;0;0;0;0;0;0;0;0;0;0;0;0;0;0;0;0;0;0;13;0;0;0;0;13;13;13;13;13;0;0;0;0;0;0;0;0;0;0;0;0;0;0;0;0;0;0;0;0;0;0;0;0;0;0;0;0;0;0;0;0;0;0;0;0;0;0;0;0;0;0;0;0;0;0;0;0;0;0;0;0;0;0;0;0;0;0;0;0;0;0;0;0;0;0;0;0;0;0;0;0;0;0;0;0;0;0;0;0;0;0;0;0;0;0;0;0;0;0;0;0;0;0;0;0;0;0;0;0;0;0;0;0;0;0;0;0;0;0;0;0;0;0;0;0;0;0;0;0;0;0;0;0;0;0;0;0;0;0;0
0;0;0;0;0;0;0;0;13;13;0;0;0;0;0;0;0;0;0;0;0;0;0;0;0;0;0;0;0;0;13;0;0;0;0;0;0;0;0;0;0;0;0;0;0;0;0;0;0;0;0;0;0;0;0;0;0;0;0;0;0;13;13;13;0;0;0;0;0;0;0;0;0;0;0;0;0;0;0;0;0;13;0;0;0;13;0;0;0;0;0;0;0;0;0;13;0;0;0;13;13;0;0;0;0;0;0;0;0;0;0;0;0;0;0;0;0;0;0;0;0;0;13;0;0;0;13;0;0;0;0;0;0;0;0;0;0;0;0;0;0;0;0;0;0;0;0;0;0;0;0;0;0;0;0;0;0;0;0;0;0;0;0;0;0;0;0;0;0;0;0;0;0;0;0;0;0;0;0;0;0;0;0;0;0;0;0;0;0;0;0;0;0;0;0;0;0;0;0;0;0;0;0;0;0;0;0;0;0;0;0;0;0;0;0;0;0;0;0;0;0;0;0;0;0;0;0;0;0;0;0
0;0;13;0;0;0;0;0;13;0;0;0;0;0;13;0;0;0;0;0;0;0;0;0;0;0;0;0;0;0;0;0;0;0;0;0;0;0;0;0;0;0;0;0;0;0;0;0;0;0;0;0;0;13;0;0;0;0;0;0;0;0;0;0;13;0;0;0;13;0;0;0;0;0;0;13;0;0;0;0;0;0;0;0;0;0;0;0;0;0;0;0;0;0;0;0;0;0;0;0;0;0;0;0;0;0;0;0;0;0;0;0;0;0;0;0;0;0;0;0;0;0;0;0;0;0;0;0;0;0;0;0;0;0;0;0;0;0;0;0;0;0;0;0;0;0;0;0;0;0;0;0;0;0;0;0;0;0;0;0;0;0;0;0;0;0;0;0;0;0;0;0;0;0;0;0;0;0;0;0;0;0;0;0;0;0;0;0;0;0;0;0;0;0;0;0;0;0;0;0;0;0;0;0;0;0;0;0;0;0;0;0;0;0;0;0;0;0;0;0;0;0;0;0;0;0;13;0;0;0;0
0;0;0;0;0;0;0;0;13;0;0;0;0;0;0;0;0;0;0;0;0;0;0;0;0;13;0;0;0;0;0;0;0;0;0;0;0;0;0;0;0;0;0;0;0;0;0;0;13;0;0;0;13;0;0;0;13;0;0;0;0;0;0;0;0;0;0;0;0;0;0;0;0;0;0;0;0;0;0;0;0;0;0;0;0;0;0;0;0;0;0;0;0;0;0;0;13;13;13;13;0;0;0;0;0;0;0;0;0;0;0;0;0;13;0;0;0;0;0;0;0;0;0;0;0;0;0;0;0;0;0;0;0;0;0;0;0;0;0;0;0;13;0;0;0;0;0;0;0;0;0;0;0;0;0;0;0;0;13;0;0;0;0;0;0;0;0;0;0;0;0;0;0;0;0;0;0;0;0;0;0;0;0;0;0;0;0;0;0;13;0;0;0;0;0;0;0;0;0;0;0;0;0;0;0;0;0;0;0;0;0;0;0;0;0;0;0;0;0;0;0;0;0;0;0;0;0;0;0;0;0
0;0;0;0;0;0;0;0;0;0;0;0;0;0;0;0;0;0;0;0;0;0;0;0;0;13;0;0;0;0;0;0;0;0;0;0;0;0;0;0;0;0;0;0;0;0;0;0;0;0;0;0;0;0;0;0;0;0;0;0;0;0;0;0;0;0;0;0;0;0;0;0;0;0;0;0;0;13;0;0;0;0;0;0;0;0;0;13;0;0;0;0;0;0;0;0;0;0;13;0;13;0;0;13;13;0;0;0;13;13;0;0;0;0;0;0;13;13;0;0;0;0;0;0;0;0;0;0;0;0;0;0;0;0;0;0;13;0;0;0;0;0;0;0;0;0;0;0;0;13;0;0;0;0;0;0;0;0;0;0;0;0;0;0;0;0;0;0;0;0;0;0;0;0;0;0;0;0;0;0;0;0;0;0;0;0;0;13;0;0;13;0;0;0;0;0;0;0;0;0;0;0;0;0;0;0;0;0;0;0;0;0;0;0;0;0;0;0;0;0;0;0;0;0;13;0;0;0;0;0;0
0;0;0;0;0;13;0;0;0;0;0;0;0;0;0;0;13;0;0;0;0;0;0;0;0;13;0;0;0;0;13;0;0;0;0;0;0;0;0;0;0;0;0;13;0;0;0;0;13;0;0;0;0;0;0;0;0;0;0;0;0;13;0;0;0;0;0;0;0;0;13;13;0;0;0;0;0;13;0;0;0;13;0;0;13;0;0;0;0;0;0;0;0;0;0;0;0;0;13;0;13;0;0;0;0;13;0;0;13;0;0;0;0;0;0;0;0;0;0;0;0;0;0;0;0;0;0;0;0;13;0;0;0;0;0;0;0;0;0;0;0;0;13;0;0;0;0;0;0;0;0;0;0;0;0;0;0;0;0;0;0;0;0;0;0;0;0;0;0;0;0;0;0;0;0;0;0;0;0;0;0;0;0;0;0;0;13;0;0;0;0;0;0;0;0;0;0;0;0;0;0;0;0;0;0;0;0;0;0;0;0;0;0;0;0;0;0;0;0;0;0;0;0;0;0;0;0;0;0;0;0
0;0;0;0;0;0;0;0;13;0;0;0;0;0;0;0;0;13;0;0;0;0;0;0;0;0;0;0;0;0;0;0;0;0;0;0;0;0;0;0;0;0;0;0;0;0;0;0;0;0;0;0;0;0;0;0;0;0;0;0;0;0;0;0;0;0;0;0;0;0;0;0;0;0;0;13;0;0;0;0;0;0;0;0;0;0;13;0;0;13;0;0;0;0;0;0;0;0;0;0;0;0;0;13;0;0;0;0;0;0;0;0;0;0;0;0;0;0;0;0;0;0;0;0;0;0;0;0;0;0;0;0;0;0;0;0;0;0;0;0;0;0;0;0;0;0;0;0;0;0;0;0;0;0;0;0;0;13;0;0;0;0;0;0;0;0;0;0;0;0;0;0;0;0;0;0;0;0;0;0;0;0;0;0;0;0;0;0;0;0;0;0;0;0;0;0;0;0;0;0;0;0;0;0;0;0;0;0;0;0;0;0;0;0;0;0;0;0;0;0;0;0;0;0;0;0;0;0;0;0;0
0;0;0;0;0;0;0;0;0;0;0;0;0;0;0;0;0;0;0;0;0;0;0;0;13;0;0;0;0;0;0;0;0;0;13;0;0;0;0;0;0;0;0;0;0;0;0;0;0;0;0;0;0;0;0;0;0;0;0;0;0;0;0;0;0;0;0;0;0;13;0;0;0;13;0;0;0;0;0;0;0;0;0;13;0;0;0;0;0;0;0;0;13;0;0;0;0;0;0;0;0;0;0;13;0;0;13;14;13;0;13;0;0;0;0;0;0;0;0;0;0;0;0;0;0;0;0;13;0;0;0;0;0;0;0;0;0;0;0;0;0;0;0;0;0;0;0;0;0;0;0;0;0;0;0;0;0;0;0;0;0;0;0;0;0;0;0;0;0;0;0;0;0;0;0;0;0;0;0;0;0;0;0;0;0;0;0;0;13;13;0;0;0;0;0;0;0;0;0;0;0;0;0;0;0;0;0;0;0;0;0;0;0;0;0;0;0;0;0;0;0;0;0;0;0;0;0;0;0;0;0
0;0;0;0;0;0;0;0;0;0;0;0;0;13;0;13;0;0;13;0;0;0;0;0;0;0;0;0;0;0;0;0;0;0;0;0;0;0;0;0;0;0;0;0;0;0;0;0;0;0;0;13;0;0;0;0;0;0;0;0;0;13;0;0;0;0;0;0;0;0;0;13;0;0;13;0;0;0;0;0;0;0;0;0;0;0;0;0;0;0;0;0;0;0;0;0;0;0;0;0;0;13;0;0;0;0;13;13;0;0;0;0;0;0;0;0;0;0;13;0;0;0;0;0;0;0;0;0;0;0;0;0;0;0;0;0;0;0;0;0;0;0;0;0;0;0;0;0;0;0;0;0;0;0;0;0;0;0;0;0;0;0;0;0;0;0;0;0;0;0;0;0;0;0;0;0;0;0;0;0;13;0;0;0;0;0;0;0;0;0;0;0;0;0;0;0;0;0;0;0;0;0;0;0;0;0;0;0;0;0;0;0;0;0;0;0;0;0;0;0;0;0;0;0;0;13;0;13;0;0;0
0;0;0;0;0;0;0;0;0;13;0;0;13;0;0;0;0;0;0;0;0;0;0;0;0;0;13;0;0;0;0;0;0;0;0;0;0;0;0;0;0;0;0;13;13;0;0;0;0;0;0;0;0;0;0;0;0;0;0;0;0;0;0;0;13;0;0;0;0;0;0;0;0;0;0;0;0;0;0;0;0;0;0;0;0;0;0;0;0;0;0;13;0;0;0;0;0;0;0;13;0;0;13;13;13;0;0;13;13;0;0;0;0;0;13;0;0;0;0;0;0;0;0;0;0;0;0;0;0;0;0;0;0;0;0;0;0;0;0;0;0;0;0;13;13;0;0;0;0;0;0;0;0;0;0;0;0;0;0;0;0;0;0;0;0;0;0;0;0;0;0;0;0;0;0;0;0;0;0;0;0;0;0;0;0;0;0;0;0;0;0;0;0;0;0;0;0;0;0;13;0;0;0;0;0;0;0;0;0;0;0;0;0;0;0;0;0;0;0;0;0;0;0;0;0;0;0;0;0;0;0
0;0;0;0;0;0;0;0;0;0;0;0;0;0;0;0;0;0;0;0;0;0;0;0;13;0;0;0;0;0;0;0;0;0;0;0;0;0;0;0;0;0;0;0;0;13;0;0;0;13;0;0;0;0;0;0;0;0;0;0;0;0;0;0;0;0;0;0;0;0;0;0;0;0;0;0;13;0;0;0;0;0;0;0;0;0;13;0;0;0;0;0;0;0;0;0;0;0;0;0;13;0;0;0;13;13;0;0;13;0;0;0;0;0;13;0;0;0;0;0;0;0;0;0;0;0;0;0;0;0;0;0;0;0;0;0;0;0;0;0;0;0;0;0;0;0;0;0;0;0;0;0;0;0;0;0;0;0;0;0;0;0;0;0;0;0;0;0;0;0;0;0;0;0;0;0;0;0;0;0;0;0;0;0;0;0;0;0;0;0;0;0;0;0;0;0;0;0;0;0;0;0;0;0;0;0;0;0;0;0;0;0;0;0;0;0;0;13;0;0;0;0;0;0;0;0;0;0;0;0;0
0;0;0;0;13;0;0;0;0;0;0;0;0;0;0;13;13;0;13;0;0;0;0;0;0;0;0;0;0;0;0;0;0;0;0;0;0;0;0;0;0;0;0;0;0;0;0;13;13;0;0;13;13;0;0;13;0;0;0;0;0;0;0;0;0;0;0;0;0;0;0;0;0;0;0;0;0;0;0;0;0;0;0;0;0;0;0;0;0;0;0;0;0;0;0;0;0;0;0;0;0;0;0;13;13;13;0;0;0;0;0;0;13;0;0;0;0;0;0;0;0;0;0;0;0;0;0;0;0;0;0;0;13;0;0;13;13;0;0;0;0;0;0;0;0;0;0;0;0;0;0;0;0;13;0;0;0;0;0;13;0;0;0;0;0;0;0;0;0;0;0;0;0;0;0;0;0;0;0;0;0;0;0;0;13;0;0;0;0;0;0;0;0;0;0;0;0;0;0;0;0;0;0;0;0;0;0;0;0;0;0;0;0;0;0;0;0;13;0;0;0;0;0;0;0;0;0;0;0;0;0
0;0;0;0;0;0;13;0;0;0;0;0;13;0;0;0;0;0;0;13;0;0;0;0;0;0;0;13;0;0;0;0;0;0;0;0;0;0;0;0;0;0;0;0;0;0;0;13;0;0;0;0;0;0;0;0;0;0;0;0;0;0;0;0;0;0;0;0;13;0;0;0;0;0;0;13;0;0;0;0;0;0;0;0;0;0;0;0;0;0;0;13;0;0;0;0;0;0;13;13;0;0;13;0;0;0;0;0;0;0;0;0;13;0;0;0;0;0;0;0;13;0;0;0;0;0;0;0;13;0;0;0;0;0;0;13;0;0;0;0;0;0;0;13;0;0;0;0;0;0;0;0;0;0;0;0;0;0;0;0;0;0;0;0;0;0;0;0;0;0;0;0;0;0;0;0;0;0;0;0;0;0;0;0;0;0;0;0;0;0;0;0;0;0;0;13;0;0;0;0;0;0;0;0;0;0;0;0;0;0;0;0;0;0;0;0;0;0;0;0;0;0;0;0;0;0;0;0;0;0;0
0;0;0;0;0;0;0;0;0;0;0;0;0;0;0;0;0;0;0;0;0;0;0;0;0;0;0;0;0;0;0;0;0;13;0;0;0;0;0;0;0;0;0;0;0;0;0;0;0;0;0;0;0;0;0;0;13;0;0;0;0;0;0;0;0;0;0;0;0;0;0;0;0;0;13;13;0;0;0;0;0;0;0;0;0;0;0;0;0;0;0;0;0;0;13;0;0;13;0;0;0;0;0;0;13;0;13;0;13;0;0;0;13;0;13;0;0;0;0;0;13;0;0;0;0;0;0;0;0;0;0;0;0;0;0;0;0;0;0;0;0;0;0;0;13;0;0;0;0;0;0;0;0;0;0;0;0;0;0;0;0;0;0;0;0;0;0;0;0;0;0;0;0;0;0;13;0;0;0;0;0;0;0;0;0;0;0;0;0;0;0;0;13;0;0;0;0;0;0;0;0;0;0;0;0;0;0;0;0;0;0;0;0;0;0;0;0;0;0;0;0;0;0;0;0;0;0;0;0;0;13
0;0;0;0;0;0;0;0;0;0;0;0;0;0;0;0;0;0;0;0;0;0;0;0;0;0;0;0;0;0;0;0;0;0;0;14;0;0;13;0;0;0;0;0;0;0;0;0;0;0;0;0;0;0;0;0;0;0;0;0;0;0;0;0;0;0;0;13;0;0;0;0;0;0;0;0;0;0;0;13;13;0;0;0;0;0;0;0;0;0;0;0;0;0;0;0;0;0;0;0;0;0;0;0;13;13;13;0;0;0;0;0;0;0;0;0;0;0;0;0;0;0;0;0;0;0;0;0;0;0;0;0;0;0;0;0;0;13;0;0;0;13;0;0;0;0;13;0;0;0;0;0;0;0;0;0;0;0;0;0;0;0;0;0;0;0;0;0;0;0;0;0;0;0;0;0;0;0;0;0;0;0;0;0;0;0;0;0;0;0;0;13;0;0;0;0;0;13;0;0;0;0;0;0;0;0;0;0;0;0;0;0;0;0;0;0;0;0;0;0;0;0;0;0;0;0;0;0;0;0;0
0;0;0;0;0;0;0;0;0;0;0;0;0;0;0;0;0;0;0;0;0;0;0;0;0;0;0;0;0;0;0;0;0;0;0;0;13;13;13;0;0;0;0;0;0;0;0;0;0;0;0;0;0;0;0;0;0;0;13;0;0;0;0;0;0;0;0;0;0;0;0;0;0;0;0;0;0;0;0;0;0;0;0;0;0;0;0;0;0;0;0;0;0;0;0;0;0;0;0;0;0;0;0;0;13;13;13;0;13;0;0;0;0;0;0;0;0;0;0;0;0;0;0;0;0;0;0;0;0;0;0;0;0;0;0;0;0;0;0;0;0;0;0;0;0;0;0;0;0;0;0;0;0;0;0;0;0;0;0;0;0;0;0;0;0;0;0;0;0;0;13;0;0;0;0;0;0;0;0;0;0;0;0;0;13;0;0;0;0;0;0;0;0;0;0;0;0;0;0;0;0;0;0;0;0;0;0;0;0;0;13;0;0;0;0;0;0;0;0;0;0;0;0;0;0;0;0;0;0;0;0
0;0;0;0;0;0;0;0;0;0;0;0;0;0;0;0;0;0;0;0;0;0;0;0;0;0;0;0;0;0;0;0;0;0;0;0;0;0;0;0;0;0;0;0;0;0;0;0;0;0;0;0;0;0;0;0;0;0;13;0;0;13;0;0;0;0;0;0;0;0;0;0;0;0;0;0;0;0;0;0;0;0;0;0;0;0;0;0;13;0;13;0;0;0;0;0;0;0;0;0;0;0;0;0;13;0;0;0;13;0;0;0;0;0;0;0;0;0;0;0;0;0;0;0;0;0;0;0;0;0;0;0;0;0;0;0;0;0;0;0;0;0;0;0;0;0;0;0;0;0;0;0;0;0;0;0;0;0;0;0;0;0;0;0;0;0;0;0;0;0;0;0;0;0;0;0;0;0;0;0;0;0;0;0;0;0;0;0;0;0;0;0;0;0;0;0;0;0;0;0;0;0;0;0;0;0;0;0;0;0;0;0;0;0;0;0;0;0;0;0;0;0;0;0;0;0;0;0;0;0;0
0;0;0;0;0;0;0;0;0;0;0;0;0;0;0;0;0;0;0;0;0;0;0;0;0;0;0;0;0;0;0;0;0;0;0;0;0;0;0;0;0;0;0;0;0;0;0;0;0;0;0;0;0;0;0;0;0;0;0;0;0;0;0;0;0;0;0;0;0;0;0;0;0;0;0;0;0;0;0;13;0;13;13;0;0;0;0;0;0;0;0;0;0;0;0;0;0;0;0;0;0;0;0;0;0;0;0;0;0;0;0;13;0;0;0;0;0;0;0;0;0;0;0;0;0;0;0;0;0;0;0;13;0;0;13;0;0;13;0;0;0;0;0;0;0;13;0;0;0;0;0;0;0;0;0;0;0;0;0;0;0;0;0;0;0;0;0;0;0;0;0;0;0;0;0;0;0;0;0;0;0;0;0;0;0;0;0;0;0;0;0;0;0;0;0;0;0;0;0;0;0;0;0;0;0;0;13;13;0;0;0;0;0;0;0;0;0;0;0;0;0;0;0;0;0;0;0;0;0;0;0
0;0;0;0;0;0;0;13;0;0;0;0;0;0;0;0;0;0;0;0;0;0;0;0;13;0;0;0;0;0;0;0;0;0;0;0;0;0;0;0;0;0;0;0;0;0;0;0;0;0;0;0;0;0;0;0;0;0;0;0;0;0;0;0;0;0;0;0;0;0;0;0;0;0;0;0;0;0;0;0;0;0;0;13;13;0;0;0;0;0;0;0;0;0;0;0;0;0;0;0;0;0;0;0;0;0;0;0;0;0;0;0;0;0;0;0;0;0;13;0;0;0;0;0;0;0;0;0;0;0;0;0;0;0;0;0;13;0;0;0;0;0;0;0;0;0;0;0;0;0;0;0;0;0;0;0;0;0;0;0;0;0;0;0;0;0;13;0;13;0;0;0;13;13;0;0;0;0;0;0;0;0;0;0;0;0;0;0;0;0;0;0;0;0;0;0;0;0;0;0;0;0;0;0;0;0;0;0;0;0;0;0;0;0;0;0;0;0;0;0;0;0;0;0;0;0;0;0;13;0;0
0;0;0;0;0;0;0;0;0;0;0;0;0;0;0;0;0;0;0;0;0;0;0;0;0;0;0;0;0;0;0;0;0;0;0;0;0;0;0;0;13;0;0;0;0;0;0;13;0;0;0;0;0;0;13;0;0;13;0;0;0;0;0;0;0;0;13;13;0;0;0;0;0;0;13;0;0;0;0;0;0;0;0;13;13;0;0;0;0;0;0;0;0;0;0;0;0;0;0;0;0;0;0;0;13;13;0;0;0;0;0;0;0;0;0;0;0;0;0;13;0;13;13;0;0;0;0;0;0;0;0;0;0;0;0;0;0;0;0;0;0;0;0;0;0;0;0;0;0;0;0;0;0;0;0;0;0;0;0;0;0;0;0;0;0;0;0;0;0;0;0;0;0;0;0;0;0;0;0;0;0;0;0;0;0;0;0;0;0;0;0;0;0;0;0;13;0;0;0;0;0;0;0;0;0;0;0;0;0;0;0;0;0;0;0;0;0;0;0;0;0;0;0;0;0;0;13;0;0;0;0
0;0;0;0;0;0;0;0;0;0;0;0;0;0;0;13;0;0;0;0;0;0;0;0;0;0;0;0;0;0;0;0;0;0;0;0;0;0;0;0;0;0;0;0;0;0;0;0;0;0;0;0;0;0;0;0;0;0;0;0;0;0;0;0;0;0;0;0;0;0;0;0;0;0;0;13;0;0;0;0;0;0;0;0;0;0;0;0;0;0;0;0;0;0;0;0;0;0;0;0;0;0;0;0;13;13;0;0;0;0;13;0;0;0;0;0;0;13;0;0;0;13;0;0;0;0;0;0;0;0;0;0;0;0;0;0;0;0;0;0;0;0;0;0;0;0;0;0;0;0;0;0;0;0;0;0;0;0;0;0;0;0;0;0;0;14;0;0;0;0;0;0;13;0;0;0;0;0;0;0;0;0;13;0;0;0;0;0;0;0;0;0;0;0;0;0;0;0;0;0;0;0;0;0;0;0;0;0;0;0;0;0;0;0;0;0;0;0;0;0;0;0;0;0;0;0;0;0;0;0;0
0;0;0;0;0;0;0;0;13;0;0;0;0;0;0;0;0;0;0;0;0;0;0;0;0;0;0;0;0;0;0;13;13;0;0;0;0;0;0;0;0;0;0;0;0;0;0;0;0;0;0;0;0;0;0;0;0;0;0;13;0;0;0;0;0;0;0;0;0;0;0;0;0;0;0;0;0;0;0;0;0;0;0;0;0;0;0;13;0;0;0;0;0;0;0;0;0;0;0;0;0;0;0;0;0;0;0;0;0;0;0;0;0;0;0;13;0;0;0;0;0;0;0;0;0;0;13;13;0;0;0;0;0;0;0;0;0;0;0;13;0;0;0;0;0;0;0;0;0;0;0;0;0;0;0;0;0;0;0;0;0;0;0;0;0;0;0;0;0;0;0;0;0;0;0;0;0;0;0;0;0;0;0;0;0;0;0;0;0;0;13;0;0;0;0;0;0;0;0;0;0;0;0;0;0;0;0;0;0;0;0;0;0;0;13;0;0;0;0;0;0;0;0;0;0;0;0;0;0;0;0
0;0;0;0;0;0;0;0;0;0;0;0;0;0;0;0;0;0;0;0;0;0;0;0;0;0;0;13;0;0;13;0;0;0;0;0;0;0;0;0;13;0;0;0;0;0;13;0;0;0;0;0;0;0;0;0;0;0;0;0;0;0;0;0;0;0;0;0;0;0;0;0;0;0;13;0;0;0;0;0;0;0;0;0;13;0;0;0;0;0;0;0;0;0;0;0;0;0;0;13;0;0;0;0;0;0;0;0;0;0;0;13;0;0;0;0;0;0;0;0;0;0;0;0;0;0;0;0;0;0;0;0;0;0;0;0;0;0;0;0;0;0;0;0;0;0;0;0;0;0;0;0;0;0;0;0;0;0;0;0;0;0;0;0;0;0;0;0;0;0;13;0;0;0;0;0;0;0;0;0;0;0;0;0;0;0;0;0;0;0;0;0;0;0;0;0;0;0;0;0;0;0;0;0;0;0;0;0;0;0;0;13;0;0;0;0;0;0;0;0;0;0;0;0;0;0;0;0;0;0;0
0;0;0;13;0;0;0;0;0;0;0;0;0;0;0;0;0;0;0;0;0;0;0;0;0;0;0;0;0;0;13;0;0;0;0;0;0;0;0;0;0;0;0;0;0;0;0;0;0;0;0;0;0;0;0;0;0;0;0;0;0;0;13;0;0;0;13;0;0;0;0;0;0;0;0;0;0;0;0;0;0;0;0;0;0;13;0;0;0;0;0;0;0;0;0;0;0;0;0;0;0;0;0;0;0;0;0;13;0;0;0;0;0;0;0;0;0;0;0;0;0;0;0;0;0;0;0;0;0;0;0;0;0;0;0;0;0;13;0;0;0;0;0;0;0;0;0;0;0;0;0;0;0;0;0;0;0;0;0;0;0;0;0;0;0;0;0;0;0;0;0;0;0;0;0;0;0;0;0;0;0;0;0;0;0;0;0;0;0;0;0;0;0;0;0;0;0;0;13;0;0;0;0;0;0;0;0;0;0;0;0;0;13;0;0;0;0;0;0;0;0;0;0;0;0;0;0;0;0;0;0
0;0;0;0;0;0;0;0;0;0;0;0;0;0;0;0;0;0;0;0;0;0;0;0;0;0;0;0;0;0;0;0;0;0;0;0;0;0;0;0;0;0;0;0;0;0;0;0;0;0;0;0;0;0;0;0;0;0;0;0;0;0;0;0;0;0;0;0;0;13;0;0;0;0;0;0;0;0;0;0;13;0;0;0;0;0;0;0;0;0;0;0;0;0;0;0;0;0;0;0;0;0;0;0;0;0;0;0;0;0;0;0;0;0;0;0;0;0;0;0;0;0;0;0;0;0;0;0;0;0;13;0;0;0;0;0;0;0;0;0;0;0;0;0;0;0;0;0;0;0;0;0;0;0;0;13;0;0;0;0;0;0;0;0;0;0;0;0;0;0;0;13;0;0;0;0;0;0;0;0;0;0;0;0;0;0;0;0;0;0;0;0;0;0;0;0;0;0;0;0;0;0;0;0;0;0;0;0;0;0;0;13;0;0;0;0;0;0;0;0;0;0;0;0;0;0;0;0;0;0;0
0;0;0;0;0;0;0;0;0;0;0;0;0;0;0;0;0;13;0;0;0;0;0;13;0;0;0;0;0;0;0;0;0;0;0;0;0;0;0;0;0;0;0;0;0;0;0;0;0;0;0;0;0;0;0;0;0;0;0;0;0;0;0;0;0;0;0;0;13;0;0;0;0;0;0;0;0;0;0;0;0;0;0;0;0;0;0;0;0;0;0;0;0;0;0;0;0;0;0;0;0;13;0;0;0;0;0;0;0;0;0;0;0;0;0;13;0;0;0;0;0;0;0;0;0;0;0;0;0;0;0;0;0;0;0;0;0;0;0;0;0;0;0;0;0;0;0;0;0;0;0;0;0;13;0;0;0;0;0;0;0;0;0;0;0;0;0;0;0;0;0;0;0;0;0;0;0;0;0;0;0;0;0;0;0;0;0;0;0;0;0;0;0;0;0;0;0;0;0;0;0;0;0;0;0;0;0;0;0;0;0;0;0;0;0;0;0;0;0;0;0;0;0;0;0;0;13;0;0;0;0
13;0;0;0;0;0;0;0;0;0;0;0;0;0;0;0;0;0;0;0;0;0;0;13;0;0;0;0;0;0;13;0;0;0;0;0;0;0;0;0;13;0;0;0;0;0;0;0;13;0;0;0;0;0;0;0;0;13;0;0;0;0;0;0;0;0;0;0;13;0;0;0;0;0;0;0;0;13;0;0;0;0;0;0;0;0;0;0;0;0;0;13;0;0;0;0;0;0;0;0;0;0;0;0;0;0;0;0;0;0;0;0;13;0;0;0;0;0;0;0;0;0;0;0;0;0;0;0;0;0;0;0;13;0;0;0;0;13;0;13;0;0;13;0;13;0;0;0;0;0;0;0;0;0;0;0;0;0;0;0;0;0;0;0;0;0;0;0;13;0;0;0;0;0;0;0;0;0;0;0;0;0;0;0;0;0;0;0;0;0;0;0;13;0;0;0;0;0;0;0;0;0;0;0;0;0;0;0;0;0;0;0;0;0;0;0;0;0;0;0;0;0;0;0;0;0;0;0;0;0;0
13;0;0;0;0;0;0;0;0;0;0;0;0;0;0;0;0;0;0;0;0;0;0;0;0;0;0;0;0;0;0;0;0;0;0;0;0;0;0;0;0;0;0;0;0;0;0;0;0;0;0;0;0;0;0;0;0;0;0;0;0;0;0;0;0;0;0;0;13;14;0;0;0;0;0;0;0;0;0;0;0;0;0;13;0;0;0;13;0;0;0;0;0;0;0;0;0;0;0;0;0;0;0;0;0;0;0;0;0;0;0;0;0;0;0;0;0;0;0;0;0;0;0;0;13;13;0;0;0;0;0;13;0;0;0;0;0;0;0;0;0;13;0;0;0;0;0;0;0;0;0;0;0;0;0;0;0;0;0;0;0;0;13;0;0;0;0;0;0;13;0;0;0;0;0;0;0;0;0;0;0;0;0;0;0;0;0;0;0;0;0;0;0;0;0;0;0;0;0;0;0;0;0;0;0;0;0;0;0;0;0;0;0;0;0;0;0;0;0;0;0;0;0;0;0;0;0;0;0;0;0
0;0;0;0;0;0;0;0;0;0;0;0;0;0;0;0;0;0;0;0;0;0;0;0;0;0;0;0;0;13;0;0;0;0;0;0;0;0;0;0;0;0;0;0;0;0;0;0;0;0;0;0;0;0;0;0;0;0;0;0;0;0;0;0;0;0;0;0;0;0;0;0;0;0;0;0;0;0;0;0;0;0;13;0;0;0;0;13;0;0;0;0;0;0;0;0;0;0;0;0;0;0;13;13;0;0;0;0;0;0;0;0;0;0;0;0;0;0;0;0;0;0;0;0;0;0;0;0;0;0;0;0;0;0;0;0;0;0;0;0;0;0;0;13;0;0;13;0;0;0;0;0;0;0;0;0;0;0;0;0;0;0;0;0;0;0;0;0;0;0;13;13;0;0;0;0;0;0;0;0;13;0;0;0;0;0;0;13;0;0;0;0;0;0;0;0;0;0;0;0;0;0;0;0;0;0;0;0;0;0;0;0;0;0;0;0;0;0;0;0;0;0;0;0;0;0;0;0;0;0;0
0;0;0;0;0;0;0;0;0;0;0;0;0;0;0;0;0;0;0;0;13;0;0;0;0;0;0;0;0;0;0;0;0;0;0;0;0;0;0;0;0;0;0;0;0;0;13;0;0;0;0;0;0;0;0;0;0;0;0;0;0;13;0;0;13;0;0;0;0;0;0;0;0;0;13;0;0;0;0;0;0;0;0;0;0;0;0;0;0;0;0;0;0;0;0;0;0;0;0;0;0;0;13;0;0;0;0;0;13;0;0;0;0;0;0;0;0;0;0;0;0;0;0;0;0;0;0;0;0;0;0;0;0;0;0;0;13;0;0;0;0;0;0;0;0;0;0;0;0;0;0;0;0;0;0;0;0;0;0;0;0;0;0;0;0;0;0;0;0;0;0;0;0;0;0;0;0;0;0;0;0;0;0;0;0;0;0;0;0;0;0;0;0;0;0;0;0;0;0;0;0;0;0;0;0;0;0;0;0;0;0;0;0;0;0;0;0;0;0;0;0;0;0;0;0;0;0;0;0;0;0
0;0;0;0;0;0;13;0;0;0;0;0;0;0;0;0;0;0;0;0;0;0;0;0;0;0;0;0;0;0;0;0;0;0;0;0;0;13;0;0;0;0;0;0;0;0;0;13;0;0;0;0;0;0;0;0;0;0;0;0;0;0;0;0;0;0;0;0;0;0;0;0;0;0;0;0;0;0;0;0;0;0;0;0;0;0;0;0;0;0;0;0;0;0;0;0;0;0;0;0;13;0;0;0;13;13;0;0;0;0;0;0;0;0;0;0;0;0;0;0;0;13;0;0;0;0;0;0;13;0;0;0;0;0;0;0;0;0;0;0;0;0;0;0;0;0;0;0;0;0;0;0;0;0;0;0;0;0;0;0;0;0;0;0;0;0;0;0;0;0;0;0;0;0;0;0;0;0;0;0;0;0;0;0;0;0;13;0;0;0;0;0;0;0;0;0;0;0;0;0;0;0;0;0;0;0;0;0;0;0;0;0;0;0;0;0;0;0;0;0;0;0;0;0;0;0;0;0;0;0;0
0;0;0;0;0;0;0;0;0;0;0;0;0;0;0;0;0;0;0;0;0;0;0;0;0;0;0;0;13;0;0;0;0;0;0;0;0;0;0;0;0;0;0;0;0;0;13;0;0;0;0;0;0;0;0;13;0;0;0;13;0;0;0;0;0;0;0;0;0;0;0;0;0;13;0;0;0;0;0;0;0;0;0;0;0;0;0;13;0;0;0;0;0;0;0;0;0;0;0;0;13;0;0;0;13;13;0;0;0;0;0;0;0;0;0;0;0;0;0;0;0;0;0;0;0;0;0;0;13;0;0;0;0;0;13;0;0;0;0;0;0;0;0;0;0;0;0;0;0;0;0;0;0;0;0;0;0;0;0;0;0;0;0;0;0;0;0;0;0;0;0;0;0;0;0;0;0;0;0;0;0;0;0;0;0;0;0;0;0;0;0;0;0;0;0;0;0;0;0;0;0;0;0;0;0;0;0;0;0;0;0;0;0;0;0;0;0;0;0;0;0;0;0;0;0;0;0;0;0;0;0
0;0;0;0;0;0;0;0;0;0;0;0;0;0;0;0;0;0;0;0;0;0;13;0;0;0;13;0;0;0;0;0;0;0;0;0;0;13;0;0;0;0;0;0;0;0;0;0;0;0;13;0;0;0;0;0;13;13;0;0;0;0;0;0;0;0;0;0;0;0;0;13;0;0;0;0;0;0;0;0;0;13;0;0;0;0;0;0;0;0;0;0;0;0;0;0;0;0;0;0;0;0;13;0;0;13;0;0;0;0;0;0;0;0;0;0;13;0;0;0;0;0;13;0;0;0;0;0;0;0;0;0;0;13;0;0;13;0;0;0;0;0;0;0;0;0;0;0;0;0;0;0;0;0;0;0;0;0;0;0;0;0;0;0;0;0;0;0;0;0;0;0;0;0;0;0;0;0;0;0;0;0;0;0;13;0;0;0;0;0;0;0;0;0;0;0;0;0;13;0;0;0;0;0;0;0;0;0;0;0;0;0;0;0;0;0;0;0;0;0;0;0;0;0;0;0;0;0;0;0;0
0;0;0;13;0;0;0;0;0;0;0;0;0;0;0;0;0;0;0;0;0;0;0;0;0;0;0;0;0;0;0;0;0;0;0;0;0;0;0;0;0;0;0;0;0;0;0;0;0;13;13;13;0;0;0;0;0;0;0;0;0;0;0;0;0;0;0;0;0;0;0;0;0;0;0;0;0;0;0;0;0;0;0;0;0;0;0;0;0;0;0;0;0;13;0;0;0;0;0;0;0;0;0;0;0;0;0;0;0;0;0;0;0;0;0;0;0;0;0;0;0;0;0;0;0;0;0;0;0;0;0;0;0;0;0;0;0;0;0;0;0;0;0;0;0;0;0;0;0;0;0;0;0;0;0;0;0;0;0;0;0;0;0;0;0;0;0;0;0;0;0;0;0;0;0;0;0;0;0;0;0;0;0;0;0;0;0;0;0;0;0;0;0;0;0;0;0;0;0;0;0;0;0;0;0;0;0;0;13;0;0;0;0;0;0;0;0;0;0;0;0;0;0;0;13;0;13;0;0;0;0
0;0;0;0;0;0;0;0;13;0;0;0;0;0;0;0;0;0;0;0;0;13;0;0;0;0;0;0;0;0;0;0;0;0;0;0;0;0;0;0;0;0;0;0;0;0;0;0;0;0;0;0;0;0;0;0;0;0;0;0;0;0;0;0;0;0;13;0;0;0;0;0;0;0;0;0;0;0;0;0;0;0;0;0;0;0;13;0;0;0;0;0;0;0;0;0;0;0;0;0;0;0;0;0;13;0;0;0;0;0;0;0;0;0;0;0;0;0;0;0;0;13;13;0;0;0;0;0;0;0;0;0;0;0;13;0;0;0;0;0;0;0;0;0;0;0;0;0;13;0;0;0;0;0;0;0;0;0;0;0;0;0;0;0;0;0;0;0;0;0;0;0;0;0;0;0;0;0;0;0;0;0;0;0;0;13;0;0;0;0;0;0;0;0;0;0;0;0;0;0;0;0;0;0;0;0;0;0;0;0;0;0;0;0;0;0;0;0;0;0;0;0;0;0;13;0;0;0;0;0;0
0;0;0;0;0;0;0;0;0;0;0;0;0;0;0;0;0;0;0;0;0;0;13;0;0;0;0;0;0;0;13;0;0;0;0;0;0;0;0;0;0;0;0;0;0;0;0;0;0;0;0;0;0;0;0;0;0;0;0;13;13;0;0;0;0;0;0;0;0;0;0;0;0;0;0;0;0;0;0;0;0;0;0;0;0;0;0;0;0;0;0;0;13;0;0;0;0;0;0;0;0;0;13;0;0;0;0;0;0;0;0;0;0;0;0;0;0;0;0;0;0;0;13;0;0;0;0;0;0;0;0;0;0;0;0;0;0;0;0;0;0;0;0;0;0;0;0;0;0;0;13;0;0;0;0;0;0;0;0;0;0;0;0;0;0;0;0;0;0;0;0;0;0;0;0;0;0;0;0;0;0;0;0;0;13;0;0;0;0;0;0;0;0;13;0;0;0;0;0;0;0;0;0;0;0;0;0;0;0;0;0;0;0;0;0;0;0;0;0;0;0;0;0;0;13;0;0;0;0;0;0
0;0;0;0;0;0;0;0;0;0;0;0;0;0;0;0;0;0;0;0;13;0;0;0;0;0;0;0;0;0;13;0;0;0;0;0;0;0;0;0;0;0;0;0;0;0;0;0;0;0;0;13;13;13;0;0;0;13;0;0;0;0;0;0;0;0;0;0;13;0;0;0;0;0;0;0;0;0;0;0;0;0;0;0;0;0;0;0;0;0;0;0;0;0;0;0;0;0;0;0;0;13;0;0;0;0;0;0;0;0;13;0;0;0;0;0;13;0;0;0;0;0;13;0;0;0;0;0;0;0;0;0;0;0;0;0;0;0;0;0;0;0;0;0;0;0;0;0;0;0;0;0;0;0;0;0;0;0;0;0;0;0;0;0;0;0;0;0;0;0;0;0;0;0;0;0;0;0;0;0;0;0;0;0;0;0;0;0;0;0;0;0;0;0;0;0;0;0;0;0;0;0;0;0;0;0;0;0;0;0;0;0;0;0;0;0;0;0;0;0;0;0;0;0;0;0;0;0;0;0;13
0;0;0;0;0;0;0;0;0;0;0;0;0;0;0;0;0;0;0;0;0;0;0;0;0;0;0;0;0;0;0;0;0;0;0;0;0;0;0;0;0;0;0;0;0;0;0;0;0;0;0;0;0;0;0;0;0;0;0;0;0;0;0;0;0;0;0;0;0;0;0;0;0;0;0;0;0;0;0;0;0;0;0;0;0;0;0;0;0;0;0;0;0;0;0;0;0;0;13;0;0;0;0;0;0;0;0;0;0;0;0;13;0;0;13;0;0;0;0;0;0;0;0;0;0;0;0;0;0;0;13;0;0;0;0;0;0;0;0;0;0;0;0;0;0;0;0;0;0;0;0;0;0;0;0;13;0;0;0;0;0;0;0;0;0;0;0;0;0;0;0;0;0;0;0;0;0;0;0;0;0;0;0;0;0;0;0;0;0;0;0;0;0;0;0;0;0;0;0;0;0;0;0;0;0;0;0;0;0;0;0;0;0;0;0;0;0;0;0;0;0;0;0;0;0;0;0;0;0;0;0
0;0;0;0;0;0;0;0;13;0;0;0;0;0;0;0;0;0;0;0;0;0;0;0;0;0;0;0;0;0;0;0;0;0;0;0;0;0;0;0;0;0;0;0;0;0;0;0;0;0;0;0;0;0;0;0;0;0;0;13;0;0;0;13;0;0;13;0;0;0;0;0;0;0;0;0;0;0;0;0;0;0;0;0;0;0;0;0;0;0;0;0;0;0;0;0;0;0;0;0;0;0;0;0;0;0;0;0;0;0;0;0;0;0;0;0;0;0;0;0;0;0;0;0;0;0;0;0;0;0;0;0;0;0;0;0;0;0;0;0;0;0;13;0;0;0;0;0;0;0;0;0;0;0;13;0;0;0;0;0;0;0;0;0;0;0;0;0;0;0;0;0;0;0;0;0;0;0;0;0;0;0;0;0;0;0;0;13;0;0;0;0;0;0;0;0;0;0;0;0;0;0;0;0;0;0;0;0;0;0;0;0;0;0;0;0;0;0;0;0;0;0;0;0;0;0;0;0;0;0;0
0;0;0;0;0;0;0;0;0;0;0;0;0;13;0;0;0;0;0;0;0;0;0;0;0;0;0;13;0;0;0;0;0;0;0;0;0;0;0;0;0;0;0;0;0;0;0;0;0;0;0;0;0;0;0;0;0;0;0;0;0;0;0;0;0;0;0;0;0;0;0;0;0;0;0;0;0;0;0;0;0;0;0;0;0;0;0;0;0;0;0;0;0;0;0;0;0;0;0;0;0;0;13;13;13;13;13;0;13;0;0;0;0;0;0;0;0;0;0;0;13;13;13;0;0;0;0;0;0;0;0;0;0;0;0;0;0;0;0;0;0;0;0;0;0;0;0;0;0;0;0;0;0;0;13;0;0;0;0;0;0;0;0;0;0;0;0;0;0;0;0;0;0;0;0;0;0;0;0;0;0;0;0;0;0;0;0;0;0;0;0;0;0;0;0;0;0;0;0;0;0;0;0;0;0;0;0;0;0;0;0;0;0;0;0;0;0;0;0;0;0;0;0;0;0;0;0;0;0;0;0
0;0;0;0;0;0;0;0;0;0;0;0;0;0;0;0;0;0;0;0;0;0;0;0;0;0;0;0;0;0;0;0;0;0;0;0;0;0;0;0;0;0;0;13;0;0;0;0;0;0;0;0;0;0;0;0;0;0;0;0;0;0;0;0;0;0;0;0;0;0;0;0;0;0;0;0;0;0;0;0;0;0;0;0;0;0;0;0;0;0;0;13;0;13;13;0;0;0;0;0;0;0;13;0;0;0;13;0;0;0;0;0;0;0;0;0;0;0;0;0;0;0;0;0;0;0;0;0;0;0;13;0;0;0;0;0;0;0;0;0;13;0;0;0;0;0;0;0;0;0;0;0;0;0;0;0;0;0;0;0;0;0;0;0;0;13;0;0;0;0;0;0;0;0;0;0;0;0;0;0;0;0;0;0;0;0;0;0;0;0;0;0;0;0;0;0;0;0;0;0;0;0;0;0;0;0;0;0;0;0;0;0;0;0;0;0;0;0;0;0;0;0;0;0;0;0;0;0;0;0;0
0;0;0;0;0;0;13;13;0;0;13;0;0;0;0;0;0;13;0;0;0;13;0;0;0;0;0;0;0;0;0;0;0;0;0;0;0;0;0;0;0;0;0;0;0;0;0;0;0;0;0;0;0;0;0;0;0;0;0;0;0;0;13;0;0;0;0;0;0;13;0;0;0;0;0;0;0;0;0;0;0;0;0;0;0;0;0;0;0;0;0;0;0;0;0;0;0;0;0;0;0;0;0;0;0;0;13;0;0;0;0;0;0;0;13;0;0;13;0;0;0;0;0;0;0;0;0;0;0;0;0;0;0;0;0;0;0;13;0;0;0;0;0;0;0;0;0;0;0;0;0;0;0;0;13;0;0;0;0;0;0;0;0;0;0;0;0;0;0;0;0;0;0;0;0;0;0;0;0;0;0;0;0;0;0;0;0;0;0;0;0;0;0;0;0;0;0;0;0;0;0;0;0;0;0;0;0;0;0;0;0;0;0;0;0;0;0;0;0;0;0;0;0;0;0;0;0;0;0;0;0
0;0;0;0;0;0;0;0;0;0;0;0;0;0;0;0;0;0;0;0;0;13;0;0;0;0;0;0;0;0;0;0;0;0;0;0;0;0;0;0;0;0;0;0;0;0;0;0;0;0;0;0;0;0;0;0;13;13;0;0;0;0;0;0;0;0;0;0;0;0;0;13;0;0;0;0;0;0;0;0;0;0;0;0;0;0;13;13;0;0;0;0;13;0;0;13;0;0;0;0;0;0;13;0;0;13;0;0;0;0;0;0;0;0;0;0;0;0;13;0;0;0;0;0;0;0;13;0;0;0;0;0;0;0;0;0;0;13;0;0;0;0;0;0;0;0;0;0;0;0;0;0;0;0;0;0;0;0;0;0;0;0;0;0;0;0;0;0;0;0;0;0;0;0;0;0;0;0;0;0;0;0;0;0;0;0;0;0;0;0;0;0;0;0;0;0;0;0;0;0;0;0;0;0;0;0;0;0;0;0;0;0;0;0;0;0;0;0;0;0;0;0;0;0;0;13;0;0;13;0;0
0;0;0;0;0;0;0;0;0;0;0;0;0;13;0;0;13;0;0;0;0;0;0;13;0;0;0;0;0;0;13;0;0;0;0;0;0;0;0;0;0;0;0;0;0;0;13;13;0;0;0;0;0;0;0;0;13;0;13;0;0;0;13;13;0;13;0;0;0;0;0;0;0;0;0;0;0;0;0;0;0;0;0;0;0;13;13;0;0;13;0;0;13;0;0;0;0;0;0;0;0;0;0;0;13;0;0;0;0;0;0;0;0;0;0;0;0;0;13;13;0;0;0;0;0;0;0;0;0;0;13;0;0;0;0;0;0;0;0;0;0;0;0;0;0;0;0;0;0;0;0;0;0;0;0;0;0;0;0;0;0;0;0;0;0;0;0;13;0;0;0;0;0;0;0;0;0;0;0;0;0;0;0;0;0;0;0;0;0;0;0;0;0;0;0;0;0;0;0;0;0;0;0;0;0;0;0;0;0;0;0;0;0;0;0;0;0;0;0;0;0;0;0;0;0;0;0;0;0;0;0
0;0;0;0;0;0;0;0;0;0;0;0;0;0;0;0;0;0;0;0;0;0;0;0;0;0;0;0;13;0;0;0;0;0;0;0;0;0;0;0;0;0;0;0;0;0;0;0;0;0;0;0;13;0;0;0;0;0;0;0;0;0;0;0;0;0;0;0;0;13;0;0;0;0;0;0;0;0;0;0;0;0;0;0;0;0;0;0;0;13;0;0;0;0;0;0;0;0;0;0;0;0;0;0;14;0;0;0;0;0;0;0;13;13;0;0;0;0;13;0;0;0;0;0;0;0;0;0;0;0;0;13;0;0;0;0;0;0;0;0;0;0;0;0;0;0;0;0;0;0;0;0;0;0;0;0;0;0;0;0;0;0;0;0;0;0;0;0;0;0;0;0;0;0;0;0;0;0;0;0;0;0;0;0;0;0;13;0;0;0;0;0;0;0;0;0;0;0;0;0;0;0;0;0;0;0;0;0;0;0;0;0;0;0;0;0;0;0;0;0;0;0;0;0;0;0;0;0;0;0;0
0;0;0;0;0;0;0;0;0;0;0;0;0;0;13;0;0;0;0;13;13;0;13;13;0;0;0;0;0;0;0;0;0;0;0;0;0;0;0;0;0;0;0;0;0;0;0;0;0;0;0;0;0;0;0;0;0;0;0;0;0;0;0;0;0;0;0;0;0;0;0;0;0;0;0;0;0;0;0;0;0;0;0;0;0;0;0;13;0;13;0;0;0;0;0;0;0;0;0;0;0;0;0;0;0;0;13;0;0;0;0;0;13;0;13;0;0;0;13;0;0;0;0;0;0;0;0;0;0;0;0;0;0;0;0;0;0;0;0;0;0;0;0;0;0;0;0;0;0;0;0;0;0;0;0;0;0;0;0;0;0;0;0;0;0;0;0;0;0;0;0;0;0;0;13;0;0;0;0;0;0;0;0;0;0;0;0;0;0;0;13;0;0;0;0;0;0;0;0;0;0;0;0;0;0;0;0;0;0;0;0;0;0;0;0;0;0;0;0;0;0;0;0;0;0;0;0;0;0;0;0
0;0;0;0;0;0;0;0;0;0;0;0;0;0;0;0;0;0;0;0;13;0;0;0;0;0;0;0;0;0;0;0;0;0;0;0;13;13;0;0;0;0;0;0;0;0;0;0;0;0;0;0;0;0;0;0;0;0;0;0;0;0;0;0;0;0;0;0;0;0;0;0;0;0;0;0;0;0;0;0;0;0;0;0;0;0;0;0;0;0;0;0;0;0;0;0;0;0;0;13;0;0;13;0;0;0;0;0;0;0;0;0;0;0;13;13;0;0;0;0;0;0;0;0;0;0;0;13;13;0;0;0;0;0;0;13;0;0;0;0;0;0;13;0;0;0;0;0;0;0;0;0;0;0;0;0;0;0;0;0;0;0;0;0;0;0;13;0;0;0;0;0;0;0;0;0;0;0;0;0;0;0;0;0;0;0;0;0;0;0;0;0;0;0;0;0;0;0;0;0;0;0;0;0;0;0;0;0;0;0;0;0;0;0;0;0;0;0;0;0;0;0;0;0;0;0;0;13;0;0;0
0;0;0;0;0;0;0;0;0;0;0;0;0;13;0;0;0;0;0;0;0;0;0;13;0;0;0;0;0;0;0;0;13;13;13;0;0;0;0;0;0;0;0;0;0;0;0;0;0;0;0;0;0;0;0;0;0;13;0;0;0;0;0;0;0;0;0;0;0;0;0;0;0;0;0;0;0;0;0;0;0;0;0;0;0;0;0;0;0;0;0;0;0;0;0;0;0;0;0;0;0;0;0;0;0;0;0;0;0;0;0;0;0;0;0;0;0;13;13;0;0;0;13;0;0;0;0;0;0;0;0;0;0;0;0;0;0;0;0;0;0;0;0;0;0;0;0;0;0;0;0;0;0;0;0;0;0;0;0;0;0;0;0;0;0;0;13;0;0;0;0;0;0;0;0;0;0;0;0;0;0;0;0;0;0;0;0;0;0;0;0;0;13;0;0;0;0;0;0;0;0;0;0;0;0;0;0;0;0;0;0;0;0;0;0;0;0;0;0;0;0;0;0;0;0;0;0;13;0;0;0
0;0;0;0;0;0;0;0;13;13;0;0;0;0;13;0;0;0;0;0;0;0;0;0;0;0;0;0;0;0;0;13;0;0;0;0;0;0;0;0;0;0;0;0;0;13;0;0;0;0;0;0;0;0;0;0;13;13;13;0;13;13;0;13;0;0;13;0;0;0;0;0;0;0;13;0;0;0;0;0;0;0;0;13;13;0;0;0;0;0;0;0;0;0;0;0;0;0;0;0;0;0;0;13;0;0;0;0;0;0;0;0;0;0;13;0;0;0;0;0;0;0;0;0;0;0;0;0;0;0;0;0;0;0;0;0;0;0;0;0;0;0;0;0;0;0;0;0;0;0;0;0;0;0;0;0;0;0;0;0;0;0;0;0;0;0;0;0;13;0;0;0;0;0;0;0;0;0;0;0;0;0;0;0;13;0;0;0;0;0;0;0;0;0;0;0;0;0;0;0;0;0;0;0;0;0;0;0;0;0;0;0;0;0;0;0;0;0;0;0;0;0;0;0;0;0;0;13;0;0;0
0;0;0;0;0;0;0;0;0;0;0;0;0;0;0;0;0;0;0;0;0;0;0;0;0;0;0;0;0;0;0;0;0;0;0;0;0;0;0;0;0;13;0;0;0;0;0;0;0;0;0;0;0;0;13;0;0;0;13;0;13;13;13;13;0;0;0;0;0;0;0;0;0;0;13;0;0;13;0;0;0;0;0;0;13;0;0;0;0;0;0;0;0;0;0;0;0;0;0;0;0;0;0;0;0;0;0;13;0;0;0;13;0;0;0;0;0;0;0;0;0;0;13;0;0;0;0;0;0;0;0;0;0;0;0;0;0;0;0;13;0;0;0;0;0;0;0;0;0;0;0;0;0;0;0;0;13;0;0;0;0;0;0;0;0;0;0;0;0;0;0;0;0;0;0;0;0;0;0;0;0;0;0;0;0;0;0;0;0;0;0;0;0;0;0;0;0;0;13;0;0;0;0;0;0;0;0;0;0;0;0;0;0;0;0;0;0;0;0;0;13;0;0;0;0;0;0;0;0;0;0
0;0;0;13;0;0;0;0;0;0;0;0;0;13;0;0;0;0;0;0;0;0;0;0;0;0;0;0;0;0;0;0;0;0;13;0;0;0;0;0;0;0;0;0;0;0;0;0;0;0;0;13;0;0;0;0;0;0;0;0;0;0;0;0;0;0;0;0;0;0;0;0;0;0;0;0;0;0;0;0;0;0;0;0;0;0;0;0;13;0;0;0;0;0;0;13;0;0;0;0;0;0;0;0;0;0;0;13;0;13;13;14;0;0;0;0;0;0;0;0;0;0;0;0;0;0;0;0;0;0;0;0;0;0;0;0;0;0;0;0;0;0;0;0;0;0;0;0;0;0;0;0;0;0;0;0;0;0;0;0;0;0;0;0;0;0;0;0;0;0;0;0;0;0;0;0;0;0;0;0;0;0;0;0;0;0;0;0;0;0;0;0;0;0;0;0;0;0;0;0;0;0;0;0;0;0;0;0;0;0;0;0;0;0;0;0;0;0;0;0;0;0;0;0;0;0;0;0;0;0;0
0;0;13;13;0;0;0;0;0;0;0;0;13;0;0;0;0;0;0;0;0;0;0;0;0;13;0;0;0;0;0;0;0;0;0;0;0;0;0;13;0;0;0;0;0;13;0;0;0;0;0;0;0;13;13;0;0;0;0;0;0;0;0;0;0;0;0;0;0;0;0;0;0;0;0;0;0;13;0;0;0;0;0;0;0;0;0;0;0;0;0;0;0;0;0;0;0;0;0;0;13;0;0;0;0;0;0;0;13;13;13;0;0;0;0;0;0;0;0;0;0;0;0;0;0;0;0;0;0;0;0;0;0;0;0;0;0;0;13;0;0;0;0;0;0;0;0;0;0;0;0;13;0;0;0;0;0;0;0;0;0;0;0;0;0;0;0;0;0;0;0;0;0;0;0;0;0;0;0;0;0;0;0;0;0;0;0;0;0;0;0;0;0;0;0;0;0;0;0;0;0;0;0;0;0;0;0;0;0;0;0;0;0;0;0;0;0;0;0;0;0;0;0;0;0;0;0;0;0;0;0
13;0;13;13;0;0;0;0;0;0;0;13;0;0;0;0;0;0;0;0;0;0;0;0;0;0;0;0;0;0;0;0;0;0;0;0;0;0;13;0;0;0;0;0;0;0;0;0;0;0;0;0;0;0;0;0;0;0;0;0;13;0;13;13;0;0;13;0;0;0;0;0;0;0;0;0;0;0;0;0;0;0;0;0;0;0;0;0;0;0;0;0;13;13;0;0;0;0;0;0;0;0;0;0;0;0;0;0;0;0;0;0;0;0;0;0;0;0;0;0;0;0;0;0;0;0;0;0;0;0;0;0;0;0;0;13;0;0;13;0;0;0;0;0;0;0;0;0;0;0;0;0;0;0;0;0;13;0;0;0;0;0;0;0;0;0;13;0;0;0;0;0;0;0;0;0;0;0;0;0;0;0;0;0;0;0;0;0;0;0;0;0;0;0;0;0;0;0;0;0;0;0;0;0;0;0;0;0;0;0;0;0;0;0;0;0;0;0;0;0;0;13;0;0;0;0;0;0;0;0;0
13;0;13;0;0;0;13;0;0;0;0;0;0;0;0;0;0;0;0;0;0;0;0;0;0;0;13;0;0;0;0;0;0;0;0;0;0;0;0;0;0;0;0;0;0;0;0;0;0;0;0;13;0;0;0;0;0;0;0;0;0;0;0;0;0;0;13;13;13;13;0;0;0;0;0;0;0;0;13;0;0;0;0;0;0;13;0;0;0;13;0;0;0;0;0;0;0;0;0;0;0;0;0;0;0;0;0;0;0;0;0;0;0;0;0;0;0;0;0;0;0;0;0;0;0;0;13;0;0;0;0;0;0;0;0;0;0;0;0;0;0;0;0;0;0;0;0;0;0;0;0;0;0;0;0;0;0;0;0;0;0;0;0;0;0;0;0;0;0;0;0;0;0;0;0;0;0;0;0;0;0;0;0;0;0;0;0;0;0;0;0;0;0;0;0;0;0;0;0;0;0;0;0;0;0;0;0;0;0;0;0;0;0;0;0;0;0;0;0;0;0;0;0;0;0;0;0;0;0;0;0
0;0;0;0;0;0;0;0;0;0;0;0;0;0;0;0;0;0;0;0;0;0;0;0;13;0;0;0;0;0;0;0;0;13;0;0;0;0;0;0;0;0;0;0;0;13;0;0;0;0;0;0;0;0;0;0;0;0;0;13;0;0;0;0;0;0;0;0;0;0;0;0;0;0;0;0;0;0;0;0;13;0;13;0;0;13;0;0;0;0;13;0;0;0;0;0;0;0;0;13;0;13;13;13;0;0;0;0;0;13;0;0;0;0;0;0;0;0;0;0;0;0;0;0;13;0;13;0;0;0;0;0;0;0;0;0;0;13;0;0;0;0;0;0;0;0;0;0;13;0;0;0;0;0;0;0;0;0;0;0;0;0;0;0;0;0;0;0;0;0;0;0;0;0;0;0;0;0;0;13;0;0;0;0;0;13;0;0;0;0;0;0;0;0;0;0;0;0;0;0;0;0;0;0;0;0;0;0;0;0;13;0;0;0;0;0;0;0;0;0;0;0;0;0;0;0;13;0;0;13;0
0;0;0;0;0;0;0;0;0;0;0;0;0;0;0;0;0;0;0;0;0;0;0;0;0;0;0;0;0;0;0;0;0;13;0;0;0;0;0;0;0;0;0;0;0;13;0;0;0;0;0;0;13;0;0;0;0;0;0;0;13;0;13;0;0;0;0;0;0;0;0;0;0;0;0;13;0;0;0;0;0;0;0;0;13;13;0;0;13;13;0;0;0;0;0;0;13;0;0;0;0;0;0;0;13;13;0;0;0;13;0;0;0;13;0;0;0;0;0;0;0;0;0;0;0;0;0;0;0;0;0;0;0;0;0;0;0;0;0;0;0;0;0;0;0;0;0;0;0;0;0;0;0;0;0;0;0;0;0;0;0;0;0;0;0;0;0;0;0;0;0;0;0;0;0;0;0;0;0;0;0;0;0;0;0;0;0;0;0;0;0;0;0;0;0;0;0;0;0;0;0;13;0;0;0;0;0;0;0;0;0;0;0;0;0;0;0;0;0;0;0;0;13;0;13;0;0;0;0;0;0
0;0;0;0;0;0;0;0;0;0;0;0;0;0;0;0;13;0;0;0;0;0;13;0;0;0;0;0;0;0;0;0;0;0;0;0;0;0;0;0;13;0;0;0;0;0;0;0;0;0;0;13;13;0;0;0;0;0;0;0;13;0;0;0;0;0;0;0;0;0;0;0;0;0;0;13;0;0;0;0;0;13;13;13;13;0;0;0;13;13;0;13;13;0;0;13;0;0;0;0;0;0;0;0;0;0;0;0;0;13;0;0;13;0;0;0;0;0;0;0;0;0;0;13;0;0;0;0;0;0;0;0;0;0;0;0;0;0;0;0;0;0;0;0;0;0;0;0;0;0;0;0;0;0;0;0;0;0;0;0;0;0;0;13;0;0;0;0;0;0;0;0;0;0;0;0;0;13;0;0;0;0;0;0;0;0;0;0;0;0;0;0;0;0;0;0;0;0;0;0;0;0;0;0;0;0;0;0;0;0;0;0;0;0;0;0;0;0;0;0;0;0;0;0;0;0;0;0;0;0;0
0;0;0;0;0;0;0;0;0;0;0;0;0;0;0;0;0;0;0;0;0;0;0;0;13;0;0;13;0;0;0;0;0;0;0;0;0;0;0;0;0;0;0;0;0;0;0;0;0;0;0;0;0;0;0;0;0;0;0;0;13;13;0;0;13;0;0;0;0;0;0;0;0;0;0;13;0;0;0;0;0;13;0;13;0;0;0;0;13;0;0;0;13;0;0;13;13;0;13;13;13;0;0;0;0;0;13;0;13;0;13;0;0;0;13;13;0;0;0;0;13;0;0;0;0;0;0;0;0;0;0;0;0;0;0;0;0;0;0;0;0;0;0;0;0;0;0;0;0;0;0;0;0;0;0;0;0;0;0;0;0;0;0;0;0;0;0;0;0;0;0;0;0;0;0;0;0;0;0;0;0;0;0;0;0;0;0;0;0;0;0;0;0;0;0;0;0;0;0;0;0;0;0;0;0;0;0;0;0;13;0;0;0;0;0;0;0;0;0;0;0;0;0;0;0;0;0;0;0;0;0
0;0;0;0;0;0;0;0;0;0;0;0;0;0;0;0;0;0;0;0;0;0;0;0;0;0;0;0;0;0;0;0;0;0;0;0;0;0;0;0;0;0;0;0;0;0;0;0;0;0;0;13;0;0;0;0;13;0;0;0;0;0;13;13;0;0;13;13;13;13;0;0;13;0;0;0;0;0;0;13;0;0;0;0;0;0;0;0;0;0;0;0;0;0;0;0;0;0;13;13;0;0;0;0;13;0;0;0;13;0;0;0;0;0;0;0;0;0;13;0;13;0;0;0;0;0;0;13;0;0;0;0;0;0;0;0;0;0;0;0;0;0;0;0;0;0;0;0;0;0;0;0;0;0;0;0;0;0;0;0;0;0;0;0;0;13;0;0;0;13;0;0;0;0;0;0;0;0;0;0;0;0;0;0;0;0;0;0;0;0;0;0;0;0;0;0;0;0;0;13;0;0;0;0;0;0;0;0;0;0;0;0;0;0;0;0;0;0;0;0;0;0;0;0;0;0;0;0;0;13;0
0;0;13;0;0;0;0;13;0;0;0;0;0;0;0;13;0;0;0;0;0;13;0;0;13;0;0;0;0;13;0;0;0;0;0;0;0;0;13;0;13;0;0;0;0;0;13;0;0;0;0;0;0;0;13;0;0;0;0;0;0;0;0;0;13;0;13;13;13;0;0;13;0;0;0;0;0;0;0;0;0;0;0;0;0;0;0;0;0;0;0;0;0;0;0;0;0;0;13;13;0;0;0;0;0;13;13;13;0;0;0;0;13;0;13;0;0;13;13;0;0;0;0;0;0;0;13;0;0;0;0;0;0;0;0;0;0;0;0;0;0;0;0;0;0;0;0;0;0;0;0;0;0;0;0;0;0;0;0;0;0;0;0;0;0;0;0;0;0;0;0;0;0;0;0;0;0;0;0;0;0;0;0;0;0;0;0;0;0;0;0;0;0;0;0;0;0;0;0;0;0;0;0;0;0;0;0;0;0;0;0;0;0;0;0;0;0;0;0;0;0;0;0;0;0;0;0;0;0;0;0
0;0;13;0;0;0;0;0;0;0;0;0;0;0;0;0;0;0;0;0;0;0;0;0;0;0;0;0;0;0;0;0;0;13;0;0;0;0;0;0;0;0;0;0;0;0;0;0;0;0;0;0;0;0;0;13;0;0;0;0;0;0;0;0;13;0;0;0;13;13;13;13;0;0;0;0;0;0;0;0;0;13;0;0;0;13;0;13;13;13;13;13;0;0;0;13;13;13;0;0;0;0;0;13;0;0;0;13;13;13;13;13;13;0;0;0;0;0;0;13;0;0;0;0;0;0;0;0;0;0;0;0;0;0;0;0;0;0;0;0;0;0;0;0;0;0;0;0;0;13;0;0;0;0;0;0;0;0;0;0;0;0;0;0;0;0;0;0;0;0;0;0;0;0;0;0;0;0;0;0;0;0;0;0;0;0;0;0;0;0;0;0;0;0;0;0;0;0;0;0;0;0;0;0;0;0;13;0;0;0;0;0;0;0;0;0;0;0;0;0;0;0;0;0;0;0;0;0;0;0;0
0;0;13;0;0;0;0;13;0;0;0;0;0;0;0;0;13;0;0;0;0;0;0;0;0;13;0;0;0;0;0;0;0;0;0;0;13;0;0;0;0;0;0;0;0;0;0;0;0;0;0;0;13;0;0;0;0;0;0;0;0;0;0;0;0;13;0;0;0;0;0;0;13;13;0;0;0;0;0;0;0;13;13;0;0;0;0;0;0;0;13;0;0;0;0;0;0;13;13;0;0;13;13;13;0;13;13;13;0;0;13;13;13;13;0;0;0;0;13;0;0;0;0;13;0;0;13;0;13;13;0;0;0;0;0;0;0;0;0;0;0;0;0;0;13;0;0;0;0;0;0;0;0;0;0;0;0;0;0;0;0;0;0;0;0;0;0;0;0;0;0;0;0;0;0;0;0;0;0;0;0;0;0;0;0;0;0;0;0;0;0;0;13;0;0;13;0;0;0;0;0;0;0;0;0;0;13;0;0;0;0;0;0;0;0;0;0;0;0;0;0;0;0;0;0;0;0;0;0;0;0
0;0;0;0;0;0;0;0;0;0;0;0;0;0;13;0;0;0;0;0;0;0;0;0;0;0;0;0;0;0;0;0;0;0;0;0;13;0;0;0;0;0;13;13;0;0;0;0;0;0;0;0;13;0;0;0;0;0;0;0;0;0;0;0;0;0;0;0;0;0;0;0;0;13;0;0;0;0;0;0;0;0;0;0;0;0;0;13;0;0;0;0;0;13;0;0;13;0;0;0;0;13;13;0;13;13;13;0;0;0;13;13;13;13;0;0;0;0;0;0;13;0;0;13;0;0;13;13;13;0;0;13;0;0;0;0;0;0;0;0;0;0;0;0;0;0;0;13;0;0;0;0;0;0;0;0;0;0;0;0;0;0;0;0;13;0;0;0;0;0;0;0;0;0;0;0;0;0;0;0;0;0;0;0;0;0;0;0;0;0;0;0;0;0;0;0;0;0;0;0;0;0;0;0;0;0;0;0;0;0;0;0;0;0;0;0;0;0;0;0;0;0;0;0;0;0;0;0;0;0;0
13;0;0;0;0;0;13;0;0;13;0;0;0;13;0;0;0;0;0;0;0;0;0;13;0;0;0;0;0;0;0;0;0;0;13;0;0;0;0;0;0;0;0;13;0;0;0;13;0;0;0;0;13;0;0;0;0;0;13;0;0;0;0;0;0;0;0;0;0;0;0;0;0;0;13;0;0;0;0;0;0;0;0;0;0;0;0;13;13;0;0;13;0;13;0;0;13;0;13;13;0;13;0;0;0;0;13;0;0;13;13;13;0;0;0;0;0;0;0;0;13;13;0;0;0;0;13;13;13;0;0;13;13;0;0;0;0;0;0;0;0;0;0;0;0;0;0;13;13;13;0;0;0;0;0;0;0;0;0;0;0;0;0;0;0;0;0;0;0;0;0;0;0;0;0;0;0;0;0;0;0;0;0;0;0;0;0;0;0;0;0;0;0;0;0;0;0;0;0;0;0;0;0;0;0;0;0;0;0;0;0;0;0;0;0;0;0;0;0;0;0;0;0;0;0;0;0;0;0;0;0
0;0;0;0;0;0;0;0;0;0;0;0;0;0;13;0;0;0;0;0;0;0;0;0;13;0;0;0;0;0;0;0;0;0;0;0;0;0;0;0;0;0;0;0;0;0;0;0;0;0;0;0;0;0;0;0;13;0;0;0;0;0;0;0;13;0;0;13;0;0;0;0;13;0;0;13;0;0;0;0;0;0;0;0;0;0;0;13;13;0;0;13;0;13;0;0;0;0;0;0;0;0;13;13;0;0;13;13;0;0;0;0;0;0;0;13;13;0;13;13;0;13;0;0;0;13;13;13;0;13;13;0;0;0;13;13;0;0;0;0;0;0;0;0;0;0;0;0;13;0;0;0;0;0;0;0;0;0;0;0;0;0;0;0;0;0;0;0;0;0;0;0;0;0;0;0;0;0;0;0;0;0;0;0;0;0;0;0;0;0;0;0;13;0;0;0;13;0;0;0;0;0;0;0;0;0;0;0;0;0;0;0;0;13;0;0;0;0;0;0;0;0;0;0;0;0;0;0;0;0;13
0;13;0;0;0;0;0;0;0;0;0;0;0;0;0;0;0;0;0;0;0;0;0;0;0;0;0;0;0;0;0;0;0;0;0;0;0;0;0;0;0;0;0;0;0;0;0;0;0;0;0;0;0;0;0;0;13;0;0;0;0;0;13;13;0;0;13;13;13;0;0;0;0;0;0;13;13;0;0;0;0;0;0;0;0;0;0;0;0;0;0;0;0;0;13;13;0;0;0;0;0;0;0;0;0;0;0;0;0;0;13;0;0;0;13;13;13;13;13;13;0;0;0;13;13;0;0;0;0;0;0;0;0;0;0;0;0;0;0;0;0;0;0;0;0;0;0;0;0;0;13;0;0;0;0;0;0;0;0;0;0;0;0;0;0;0;0;0;0;0;0;0;0;0;0;0;0;0;0;0;0;0;0;13;0;0;0;0;0;0;0;0;0;0;0;0;0;0;0;0;0;0;0;0;0;0;0;0;0;0;0;0;0;0;0;0;0;0;0;0;0;0;0;0;0;0;0;0;0;0;0
0;0;0;0;0;0;0;0;0;0;0;0;0;0;0;0;0;0;0;0;0;0;0;0;0;0;13;0;0;0;0;0;0;0;13;0;0;0;0;0;0;0;0;0;13;0;0;0;0;0;14;0;0;0;0;0;0;0;13;0;0;0;0;0;0;0;0;0;13;0;0;0;0;0;0;0;0;0;0;0;0;0;13;0;0;0;0;0;13;0;0;0;0;0;13;13;13;0;0;13;0;0;0;0;0;13;0;0;0;0;0;0;0;0;0;0;0;13;13;13;13;0;0;0;13;0;0;0;0;0;0;0;0;0;0;0;0;0;0;0;0;0;0;0;0;0;0;0;0;0;0;0;0;0;0;0;0;0;0;0;0;0;0;0;0;0;0;0;0;0;0;0;0;0;0;0;0;0;0;0;0;0;0;0;0;0;0;0;0;0;0;0;0;0;0;0;0;0;0;0;0;0;0;0;0;0;0;0;0;0;0;0;0;0;0;0;0;0;0;0;0;0;13;0;0;0;0;0;0;0;0
13;0;0;0;0;0;0;0;0;0;0;0;0;0;0;0;0;0;0;0;0;0;0;0;0;0;0;0;0;0;0;0;0;0;0;0;0;0;0;0;0;0;0;0;13;0;0;0;0;0;0;0;0;13;0;0;0;0;0;0;0;0;0;13;0;0;0;13;13;0;0;0;0;0;13;0;0;0;0;0;0;0;0;0;0;0;0;0;0;13;0;0;13;0;13;13;0;0;13;0;0;0;0;0;0;13;0;0;0;0;0;0;0;0;0;0;0;0;13;0;13;13;13;13;13;0;0;0;0;13;0;0;13;0;0;0;0;0;0;0;0;0;0;0;0;0;0;0;0;0;0;0;0;0;0;13;0;0;0;0;0;0;0;0;0;0;0;0;0;0;0;0;0;0;0;0;0;0;0;0;0;0;13;0;0;0;0;0;0;0;0;0;0;0;0;0;0;0;0;0;0;0;0;0;0;0;0;0;0;0;0;0;0;13;0;0;0;0;0;0;0;0;0;0;0;0;0;0;0;0;0
0;0;0;0;0;0;0;0;0;0;0;0;0;0;0;0;0;0;0;0;0;0;0;0;0;0;0;0;0;0;0;0;0;0;0;0;0;0;13;0;0;0;0;0;0;0;0;0;0;0;0;0;0;0;0;0;0;0;0;0;13;0;0;13;0;0;0;13;13;0;0;0;13;0;0;0;13;0;0;0;0;0;0;0;13;0;0;13;0;0;0;0;0;0;0;0;0;0;0;0;0;0;0;13;0;0;0;0;0;0;0;0;0;13;0;0;0;0;13;0;13;14;14;13;0;13;13;13;0;13;0;0;13;13;0;13;0;0;0;0;0;13;0;0;0;13;0;0;0;0;0;13;0;0;0;0;0;0;0;0;0;0;0;0;0;0;0;0;0;0;0;0;0;0;0;0;13;0;0;0;0;0;0;0;0;0;0;0;0;0;0;0;0;0;0;0;0;13;0;0;0;0;0;0;0;0;0;0;0;0;0;0;0;0;0;0;0;0;0;0;0;0;0;0;0;0;0;0;0;0;0
0;13;0;0;0;0;0;0;0;0;0;0;0;0;0;0;0;0;0;0;0;0;0;0;0;0;0;0;0;0;0;0;0;0;0;0;0;0;0;0;0;0;0;0;0;0;0;0;0;0;0;0;0;0;13;0;0;0;0;13;0;0;0;13;0;0;13;13;0;13;0;0;0;0;0;0;13;0;0;13;0;0;0;13;13;0;13;0;13;0;13;0;0;0;0;0;0;0;0;0;0;0;0;0;0;0;0;0;0;0;0;0;0;0;0;0;0;13;13;0;0;13;13;0;13;13;13;0;0;13;13;0;0;13;13;0;0;0;0;0;0;0;0;0;0;0;0;0;0;0;0;0;0;0;0;0;0;0;0;0;0;0;0;0;0;0;0;13;0;0;0;0;0;0;13;0;0;0;0;0;0;0;0;0;0;0;0;0;0;0;0;0;0;0;0;0;0;0;0;0;0;0;0;0;0;0;0;0;0;0;0;0;0;0;0;13;0;0;0;0;0;13;0;0;0;0;0;0;0;0;0
0;0;0;0;0;0;0;0;0;0;0;0;0;13;0;0;0;0;0;0;0;0;0;0;0;0;0;13;13;0;0;0;0;0;0;0;0;0;13;0;0;0;0;0;13;0;0;0;0;0;0;0;0;0;13;0;0;13;13;13;13;13;0;13;13;13;13;0;0;13;13;0;13;13;13;0;0;0;0;0;0;0;0;13;13;0;0;0;0;0;0;0;0;13;0;0;0;0;0;0;0;0;0;0;0;0;0;0;0;13;0;0;0;0;0;0;0;0;0;13;0;13;13;0;13;13;13;0;0;0;0;0;0;0;0;0;0;0;0;0;0;0;0;13;0;0;0;0;0;13;0;0;0;0;0;0;0;13;0;0;0;0;0;0;0;0;0;13;0;0;0;0;0;0;0;0;0;0;0;0;0;0;0;0;0;0;0;0;0;0;0;0;0;0;0;0;0;0;0;0;0;0;0;0;0;0;0;0;0;0;0;0;0;0;0;0;0;0;0;0;0;0;0;0;0;0;0;0;0;0;0
0;0;0;0;0;0;13;0;0;0;0;0;0;0;0;0;0;0;0;0;0;0;0;0;0;0;0;0;0;0;13;0;0;0;0;0;0;0;0;0;0;0;0;0;0;0;0;0;0;0;13;0;0;0;0;0;0;0;0;0;0;0;0;0;0;13;13;13;14;13;13;0;0;13;13;13;0;0;0;0;0;13;13;0;0;0;0;0;0;0;0;0;0;0;0;0;0;0;0;0;0;0;0;0;0;0;0;0;0;0;0;0;0;0;0;0;0;0;0;13;0;0;0;0;0;0;0;0;0;0;13;0;0;0;0;0;0;0;0;0;0;0;0;0;0;0;0;0;0;0;0;0;0;0;0;0;0;0;13;0;0;0;0;0;0;0;0;0;0;0;0;0;0;0;0;0;0;0;0;0;0;0;0;0;0;0;13;0;0;0;0;0;0;0;0;0;0;0;0;0;0;0;0;0;0;0;0;0;0;0;0;0;0;0;0;0;0;0;0;0;0;0;0;0;0;0;0;0;0;0;0
0;0;0;0;0;0;0;0;0;0;0;0;0;0;0;0;0;0;0;0;0;0;0;0;0;0;0;0;0;0;0;0;0;0;0;0;0;0;0;13;0;0;13;0;0;0;0;0;0;0;13;0;0;0;13;0;0;13;13;0;13;13;13;13;13;0;0;0;13;13;13;13;13;13;13;13;13;0;0;0;0;13;0;0;0;0;0;0;0;0;0;0;0;0;0;0;0;0;0;0;0;0;0;0;0;0;0;0;0;0;0;0;0;13;0;0;0;0;0;0;0;0;13;0;0;0;0;13;0;0;0;0;0;0;0;13;0;0;13;0;0;0;0;0;0;0;0;0;0;0;0;0;0;0;0;0;0;0;0;0;0;0;0;0;0;0;0;0;0;0;0;0;0;0;0;0;0;0;0;0;0;0;0;0;0;0;0;0;0;0;0;0;0;0;0;0;0;13;13;0;0;0;0;0;0;0;0;0;0;0;0;0;0;0;0;0;0;0;0;0;0;0;0;0;0;0;0;0;0;0;0
0;0;0;0;0;0;0;0;0;0;0;0;0;13;0;0;0;0;0;0;0;0;0;0;0;0;0;0;0;0;0;0;0;0;0;0;0;13;0;0;0;0;0;0;0;0;0;13;0;0;0;0;0;0;0;0;13;13;13;0;0;13;13;13;14;13;13;0;13;13;13;0;13;13;13;0;13;13;13;0;0;13;0;0;0;0;0;0;0;0;0;0;0;0;0;0;0;0;0;0;0;0;0;0;0;0;0;0;0;0;0;0;0;0;0;0;0;0;0;0;0;0;0;0;0;0;13;13;0;0;0;0;0;0;0;0;0;0;0;0;0;0;0;0;0;0;0;0;0;0;0;0;0;0;13;0;0;0;0;0;0;0;0;0;0;0;0;0;0;0;0;0;0;0;0;0;0;0;0;0;0;0;0;0;0;0;0;0;0;0;0;0;0;0;0;0;0;0;0;0;0;0;0;0;0;0;0;0;0;0;0;0;0;0;0;0;0;0;0;0;0;0;0;0;0;0;0;0;0;0;0
0;0;0;13;0;0;0;0;0;0;0;0;0;13;0;0;0;0;0;0;0;0;0;0;0;0;0;0;0;0;0;0;0;0;0;0;0;13;0;0;0;0;0;0;0;13;0;0;0;0;0;13;0;0;0;0;13;13;0;0;0;0;13;13;0;13;13;0;13;13;13;0;0;13;13;13;0;0;0;13;13;0;0;0;0;0;0;13;0;0;0;0;0;0;0;0;0;0;0;0;0;0;0;0;0;0;13;0;0;0;13;0;13;0;0;0;0;0;0;0;0;0;0;0;13;0;0;13;13;0;0;0;0;0;0;0;0;0;0;0;0;0;0;0;0;0;0;0;0;0;0;0;0;13;13;0;0;0;0;0;0;0;13;0;0;0;0;0;0;0;0;0;0;0;0;0;0;0;0;0;0;0;0;0;0;0;13;0;0;0;0;0;0;0;0;13;0;0;0;0;0;0;0;0;0;0;0;0;0;0;0;0;0;0;0;0;0;0;0;0;0;0;0;0;0;0;13;0;0;0;0
0;0;0;0;0;0;0;0;0;0;0;0;0;13;0;0;0;0;0;0;0;13;0;0;0;0;0;0;0;0;0;13;0;0;0;0;0;0;0;0;0;0;0;0;0;13;0;0;0;0;0;0;0;0;13;13;0;0;0;0;0;0;13;13;13;13;0;0;13;13;13;13;13;0;0;13;13;0;13;13;0;0;0;14;13;0;0;0;0;0;0;0;0;0;0;0;0;0;0;0;0;0;0;0;0;0;13;13;0;0;0;0;0;0;0;0;0;0;0;0;0;0;0;0;0;0;0;0;0;0;0;0;0;0;0;13;13;0;0;0;0;0;0;0;0;0;0;0;13;0;0;0;0;0;0;0;0;0;0;0;0;0;0;0;0;0;0;0;13;0;0;0;0;0;0;13;0;0;0;0;0;0;0;0;0;0;0;0;0;0;0;0;0;0;0;0;0;0;0;0;0;0;0;0;0;0;0;0;0;0;0;0;0;0;0;0;0;0;0;0;0;0;0;0;0;0;0;0;0;0;0
0;0;0;0;0;0;0;0;0;0;0;0;13;13;0;0;0;0;0;0;0;0;0;0;0;0;0;0;0;0;0;0;0;0;0;0;0;0;0;0;13;0;0;13;0;0;0;13;0;0;13;0;0;0;13;0;0;0;13;0;13;13;13;13;14;0;0;0;0;0;13;13;13;0;0;13;13;0;0;0;0;0;0;0;13;0;0;0;0;0;0;0;0;0;0;0;0;13;13;0;0;0;0;0;0;0;0;0;0;0;0;0;0;0;0;0;0;0;0;0;0;0;0;0;0;0;13;0;0;0;0;0;0;0;0;0;0;13;0;0;0;0;0;0;0;0;0;0;0;0;0;0;0;0;0;0;0;0;0;0;0;0;0;0;0;0;13;0;0;13;13;0;0;0;0;0;0;0;0;0;0;0;0;0;0;0;0;0;0;0;0;0;0;0;0;0;0;0;0;0;0;0;0;0;0;0;0;0;0;0;0;0;0;0;0;0;0;0;0;0;0;0;0;0;0;0;0;0;0;0;0
0;0;0;0;0;0;0;0;0;0;0;0;0;0;0;0;0;0;0;0;0;0;0;0;0;0;0;0;0;0;0;0;0;0;0;0;0;0;0;0;0;0;0;0;0;0;0;0;0;0;0;0;0;0;0;0;0;13;0;0;13;0;0;0;0;0;0;0;0;0;13;0;13;0;13;13;13;0;0;0;0;0;0;0;0;0;0;13;13;0;0;0;0;0;0;0;0;0;0;0;0;0;0;0;0;0;0;0;0;13;0;0;0;0;0;0;0;0;0;0;0;0;0;0;0;0;0;0;0;0;0;0;0;0;0;0;0;0;0;0;0;0;0;0;0;0;0;13;0;0;0;0;0;0;13;0;0;0;0;0;0;0;0;0;0;0;0;0;0;0;0;0;0;0;0;0;0;0;13;0;0;0;0;0;0;0;0;0;0;0;0;0;0;0;0;0;0;0;0;0;0;0;13;0;0;0;0;0;0;0;0;0;0;0;0;0;0;0;0;0;0;0;0;13;0;0;0;13;0;0;13
0;0;0;0;0;0;0;0;0;0;0;0;0;0;0;0;13;0;0;0;0;0;0;0;0;0;0;0;0;0;0;0;0;0;0;0;0;13;0;0;0;0;0;0;0;0;0;0;0;0;0;0;0;13;0;0;0;0;0;0;13;14;0;13;13;0;0;13;13;0;0;14;13;0;0;13;13;13;0;0;13;13;13;13;0;0;0;0;0;0;0;13;0;0;0;0;0;0;0;0;0;0;0;0;0;0;0;13;0;0;0;0;0;0;13;13;0;0;0;0;0;0;0;0;0;0;0;0;0;0;0;0;0;0;0;0;0;0;13;0;0;0;0;0;0;0;0;13;0;0;0;0;0;0;0;13;0;0;0;0;0;0;0;0;0;0;0;0;0;0;0;0;0;0;0;0;0;0;0;0;0;0;0;0;0;0;0;0;0;0;0;0;0;0;0;0;0;0;0;0;0;0;0;0;0;0;0;0;0;0;0;0;0;0;0;0;0;0;0;0;0;0;0;0;0;0;0;0;0;0;0
0;13;0;0;0;0;0;13;0;0;0;0;0;0;0;0;0;0;0;0;0;0;0;0;0;0;0;0;0;13;0;0;0;0;0;0;0;0;0;0;0;0;0;0;0;0;13;0;0;0;0;0;0;13;13;0;0;0;0;0;0;13;0;13;13;13;0;0;0;0;13;13;13;0;0;0;0;0;0;13;0;0;13;13;0;0;0;0;0;0;0;0;0;0;0;0;0;13;0;0;13;0;0;0;0;0;0;13;0;0;0;0;13;0;13;0;0;0;0;0;13;0;0;0;0;0;0;0;0;0;0;0;13;0;0;0;0;0;0;0;0;0;0;0;0;0;0;0;0;0;0;0;0;0;0;0;0;0;0;0;0;0;0;0;0;0;0;0;0;0;0;0;0;0;0;0;0;0;0;0;0;0;0;0;0;0;0;0;0;0;0;0;0;0;0;0;0;0;0;0;0;0;0;0;0;0;0;0;0;0;0;0;0;0;0;0;0;0;0;0;0;0;0;0;0;0;0;0;0;0;0
0;0;0;0;0;0;0;0;0;0;0;0;0;0;0;0;0;0;0;0;0;0;0;0;0;0;13;0;0;0;0;0;0;0;0;0;0;0;0;0;13;0;0;0;0;0;0;0;0;0;0;0;0;13;13;0;0;0;0;0;0;0;13;13;13;0;0;0;13;0;0;0;13;0;0;0;0;13;13;0;0;13;13;13;13;13;0;0;0;13;13;13;0;0;0;0;13;13;0;13;0;0;0;0;13;13;0;0;0;0;0;0;0;0;13;13;0;13;13;13;0;0;0;0;0;0;0;0;0;0;0;0;0;0;0;0;0;0;0;0;13;0;0;0;0;0;0;0;0;0;0;0;0;0;0;0;0;0;0;0;0;0;0;0;0;0;0;0;0;0;0;0;0;0;0;0;0;0;0;0;0;0;0;0;0;0;0;0;0;0;0;13;0;0;0;0;0;0;0;0;0;0;0;0;0;0;0;0;0;0;0;0;0;0;0;13;0;0;0;0;0;0;0;0;0;0;0;0;0;0;0
0;0;0;0;0;0;0;0;0;0;0;0;0;13;0;0;0;0;0;0;0;0;0;0;0;0;0;0;0;0;0;0;0;0;13;0;0;0;0;0;0;0;0;0;0;0;0;0;0;0;0;0;0;0;0;0;0;0;0;0;0;0;0;0;13;13;0;0;13;0;0;13;13;0;0;0;0;0;13;13;13;0;13;13;13;13;13;0;0;13;0;0;13;13;13;0;13;13;0;13;0;0;0;0;0;13;0;0;0;13;0;0;0;0;13;0;0;0;0;0;0;0;0;0;0;0;0;0;0;0;0;13;0;0;0;0;0;0;14;13;13;0;0;0;0;0;0;0;0;0;0;13;0;0;0;0;0;0;13;0;0;0;0;0;0;0;0;0;0;13;0;0;0;0;0;0;0;0;0;0;0;0;0;0;0;0;0;0;0;0;0;0;0;0;0;0;0;0;0;13;0;0;0;0;0;0;0;0;0;0;0;0;0;0;0;0;0;0;0;0;13;0;0;0;0;0;0;0;0;0;13
0;0;13;0;0;0;0;0;0;0;0;0;0;0;0;0;0;0;0;0;0;0;0;0;0;0;0;0;0;0;0;0;0;0;0;0;0;0;0;0;0;0;0;0;0;0;0;0;0;0;0;13;13;0;0;0;13;0;0;0;0;0;0;13;0;13;13;0;0;0;0;0;0;0;0;0;0;0;13;0;0;13;13;0;13;13;0;13;0;0;0;0;13;13;13;13;13;13;0;0;0;0;13;0;0;13;13;13;0;13;0;0;0;0;0;0;0;0;0;0;0;0;0;0;0;0;0;0;0;0;0;0;0;0;0;0;0;0;0;0;0;0;0;0;0;0;0;0;0;0;0;0;0;0;0;0;0;0;0;0;0;0;0;0;0;0;0;0;0;0;0;0;0;0;0;0;0;0;0;0;0;0;0;0;0;0;0;0;0;0;0;0;0;0;0;0;0;0;0;0;0;0;0;0;0;0;0;0;0;0;0;0;0;0;0;0;0;0;0;0;0;0;0;0;0;0;0;0;0;0;0
0;0;0;0;0;0;0;0;0;0;0;0;0;0;0;13;0;0;0;0;0;0;0;0;0;0;0;0;0;0;0;0;0;0;0;0;0;0;0;0;0;0;0;0;0;0;0;0;0;0;0;0;0;0;0;0;0;0;0;13;0;0;0;0;13;13;13;13;13;13;13;0;0;13;13;0;0;0;0;0;0;13;0;13;13;13;0;0;0;13;0;13;0;13;13;0;0;13;13;13;13;0;0;13;0;13;0;0;13;13;0;0;0;0;0;0;0;0;0;13;0;0;0;0;0;0;0;0;0;0;0;0;0;0;0;0;0;0;0;0;0;0;0;0;13;0;0;0;0;0;0;0;0;0;0;13;0;0;0;0;0;0;0;0;13;0;0;0;0;0;0;0;0;0;0;0;0;0;0;0;0;0;0;0;0;0;0;0;0;0;0;0;0;0;0;0;0;0;0;0;0;13;0;0;13;0;0;0;0;0;0;0;0;0;0;0;0;0;13;0;0;0;0;0;0;13;0;0;0;0;0
0;0;0;0;0;0;0;0;0;0;0;0;0;13;0;0;0;0;0;0;13;0;0;0;0;0;0;0;0;0;0;0;0;0;0;0;0;0;0;0;0;0;0;0;0;0;0;13;0;0;0;0;0;0;0;0;0;13;0;0;0;0;13;0;0;13;13;13;13;0;0;0;0;0;0;0;0;13;13;13;0;14;0;13;13;13;0;0;13;0;0;13;13;0;0;13;0;13;13;0;0;0;0;0;0;0;0;0;0;13;0;13;13;0;0;13;0;0;0;0;0;0;0;0;0;13;13;0;0;0;0;0;0;0;0;0;13;13;0;0;0;0;0;0;13;0;0;0;0;0;0;13;0;0;0;0;0;0;13;0;0;0;0;0;0;0;0;0;0;0;0;0;0;0;0;0;0;0;0;0;0;0;0;0;0;0;0;0;0;0;0;0;13;0;0;0;0;0;0;0;13;0;0;0;0;0;0;0;0;0;0;0;0;0;0;0;0;0;0;0;0;13;0;0;0;0;0;0;0;0;0
0;13;0;0;0;0;0;0;0;0;0;0;0;0;0;0;0;0;0;0;13;0;0;0;0;0;0;0;0;0;0;0;0;0;0;0;0;0;0;0;0;0;0;0;0;0;13;0;13;0;0;0;13;0;0;0;0;0;0;0;0;0;0;0;0;13;13;0;13;0;0;0;0;0;0;0;0;13;13;0;13;0;0;13;13;13;0;0;13;0;0;0;0;0;0;13;0;0;0;0;0;0;0;0;0;0;0;13;0;0;0;13;0;0;13;0;0;0;0;0;0;0;0;0;0;0;0;0;13;0;13;0;0;0;0;0;0;0;13;0;0;0;0;0;0;0;0;0;0;0;0;0;0;0;0;0;0;0;0;0;0;0;0;0;0;0;0;0;0;0;0;0;0;0;0;0;0;0;0;0;0;0;0;0;0;0;0;0;0;0;0;0;0;0;0;0;0;0;13;13;0;0;0;0;0;0;0;0;0;0;0;0;0;0;0;0;0;0;0;0;0;0;0;0;0;0;0;0;0;0;0
0;0;0;0;0;0;0;0;0;0;0;0;13;0;0;13;0;0;0;0;0;0;0;0;0;0;0;0;0;0;0;0;13;0;0;0;0;0;0;0;0;0;0;0;0;0;0;0;0;0;0;0;13;13;0;0;0;0;0;0;0;0;0;0;0;0;13;0;0;0;0;0;0;13;0;0;0;0;13;0;0;0;0;13;0;13;13;13;0;0;13;0;0;0;13;13;0;0;0;13;0;0;0;0;0;13;13;0;13;13;0;0;0;13;13;0;0;0;13;13;0;0;0;0;0;0;0;0;13;0;13;0;0;0;0;0;0;0;0;0;0;0;0;0;0;0;0;13;0;0;13;0;0;0;0;0;0;0;0;0;0;0;0;0;0;0;0;0;0;0;0;0;0;0;0;0;13;0;0;0;0;13;0;0;0;0;0;13;0;0;0;0;0;0;0;0;0;0;0;0;0;0;0;0;0;0;0;0;0;0;0;0;0;0;0;13;0;0;13;0;0;0;0;0;0;0;0;0;0;0;0
0;0;0;0;0;0;0;0;0;0;0;0;0;0;0;0;0;0;0;0;0;0;0;0;0;0;0;0;0;0;0;0;13;13;0;0;0;0;0;0;0;0;0;0;13;0;0;0;13;0;0;0;0;0;0;0;0;0;0;0;0;0;0;0;13;0;0;0;0;0;0;0;0;0;0;13;0;13;13;0;0;13;13;13;0;0;13;13;0;13;13;0;0;13;13;0;13;0;0;13;13;0;0;0;0;0;13;0;0;13;0;0;13;13;13;0;0;0;0;0;13;0;0;13;0;0;0;0;0;13;0;0;0;0;13;0;13;0;0;0;0;0;0;13;0;0;0;0;0;13;0;0;0;13;0;0;0;0;13;0;0;0;0;0;0;0;0;0;0;0;0;0;0;0;0;0;0;0;0;0;0;0;0;0;0;0;0;0;0;0;0;0;0;0;0;0;0;0;0;0;0;0;0;13;0;0;0;13;0;0;0;0;0;0;0;0;0;0;0;0;0;0;0;0;0;0;0;0;0;0;0
13;0;0;0;0;0;0;0;0;13;0;0;0;13;0;0;13;0;0;0;0;0;0;0;0;0;0;0;0;0;0;0;0;0;0;0;0;0;0;0;0;0;0;13;0;0;0;0;0;0;0;0;0;0;0;0;0;0;13;0;0;0;0;0;0;0;0;0;0;0;0;0;0;0;13;13;0;0;0;0;0;0;13;14;0;0;0;0;0;0;0;0;0;13;13;0;0;0;0;0;13;13;13;0;13;13;13;13;0;13;0;0;0;0;0;0;13;0;0;0;0;0;0;0;14;0;0;13;0;0;0;0;13;0;13;0;0;0;0;0;0;0;0;0;0;0;0;0;0;0;0;0;0;0;0;0;0;0;0;0;0;0;0;0;0;0;0;0;0;0;0;0;0;0;0;0;0;0;0;0;0;0;0;0;0;0;13;0;0;13;0;0;0;0;0;0;0;0;0;0;0;0;0;0;0;0;0;0;0;0;0;0;0;0;0;0;0;0;0;0;0;0;0;0;0;0;0;0;0;0;0
0;13;0;0;0;0;0;0;0;0;0;0;0;0;0;0;0;0;0;0;0;0;0;0;0;0;0;0;0;0;0;0;0;0;0;0;0;0;0;0;0;0;0;0;0;0;0;0;0;0;0;0;0;13;0;0;13;0;0;0;0;0;0;0;0;0;0;0;0;0;0;0;0;0;0;0;0;0;0;0;0;0;0;0;0;0;0;0;0;0;13;0;0;0;13;13;13;0;0;0;0;0;0;0;0;0;0;0;0;0;0;0;0;0;0;0;13;0;0;0;0;0;0;0;13;0;0;0;0;0;0;0;0;0;0;0;0;0;0;0;0;0;0;0;0;0;0;0;0;0;0;0;0;0;0;0;0;0;0;0;0;0;0;0;0;0;0;0;0;0;0;0;0;0;0;0;0;0;0;0;0;0;0;0;0;0;0;13;0;13;13;0;0;0;0;0;0;0;0;0;0;0;0;0;0;0;0;0;0;0;0;0;0;0;0;0;0;0;0;0;0;0;0;0;0;0;0;0;0;0;0
0;0;0;0;0;0;0;0;0;0;0;0;0;0;0;0;0;0;0;0;0;0;0;0;0;0;0;0;0;0;0;0;0;0;0;0;0;0;0;0;0;0;0;0;0;0;13;13;0;0;0;0;0;0;0;13;0;0;0;0;13;0;0;0;0;0;0;0;0;0;0;0;0;0;0;0;0;0;0;0;0;0;0;0;0;0;0;0;0;0;0;0;13;0;0;13;0;0;0;13;0;0;0;0;0;0;0;0;0;0;0;0;0;0;0;0;0;0;0;0;13;0;0;0;0;0;0;0;0;13;0;0;0;0;0;13;0;0;0;0;0;0;0;0;0;0;0;0;0;0;0;0;0;0;0;0;0;0;0;0;0;0;0;0;0;0;0;0;0;0;0;0;0;0;0;0;0;13;0;0;0;0;0;0;0;0;13;0;13;13;0;0;0;0;0;0;0;0;0;0;0;0;0;0;0;0;0;0;0;0;0;0;0;0;0;0;0;0;0;0;0;0;0;0;0;0;0;0;0;0;0
0;0;0;0;13;0;0;0;0;0;0;0;13;0;0;0;0;0;0;0;0;0;0;0;0;0;0;0;0;0;0;0;0;0;0;0;0;0;0;0;0;0;0;0;0;0;0;0;0;0;13;0;0;13;13;0;0;0;0;0;0;0;0;13;0;0;0;0;0;0;0;13;0;0;0;0;0;0;0;0;0;0;0;0;0;0;0;0;0;0;0;0;0;0;0;0;0;0;0;13;0;0;0;0;0;13;0;0;0;0;0;13;13;0;13;0;0;0;0;0;0;0;0;0;13;0;0;0;13;13;0;0;0;13;13;0;0;0;0;0;13;0;0;0;0;0;0;0;0;0;0;0;0;0;0;0;0;0;0;0;0;0;0;0;0;0;0;0;0;0;0;0;0;0;0;0;0;0;0;0;0;0;0;0;0;0;13;0;0;0;0;0;0;13;0;0;0;0;0;0;0;0;0;0;0;0;0;0;0;0;0;0;0;0;0;0;0;0;0;0;0;0;0;0;0;0;0;0;0;0;0
0;0;0;0;0;0;0;0;0;0;0;0;13;13;0;0;0;0;0;0;0;0;0;0;0;0;0;0;0;0;0;0;0;0;0;0;0;0;0;0;0;0;0;0;0;0;0;0;0;0;13;0;0;0;0;0;13;0;0;0;13;0;0;13;0;0;13;0;0;0;0;0;0;0;0;0;13;0;0;0;0;0;0;0;0;0;0;0;0;0;0;0;0;13;0;0;0;0;0;13;0;0;0;0;0;0;0;0;0;0;0;0;0;0;0;0;0;0;0;0;13;0;0;0;0;0;0;13;0;0;0;0;0;0;0;0;0;0;0;0;13;13;0;0;0;0;0;0;0;0;0;0;0;0;0;0;0;0;0;0;0;0;0;0;0;0;0;0;0;0;13;0;0;0;0;0;0;0;0;0;0;0;0;0;0;0;0;0;0;0;0;0;0;0;0;0;0;0;0;0;0;0;0;0;0;0;0;0;0;0;0;0;0;0;0;0;0;0;0;0;0;0;0;0;0;0;0;0;0;0;0
0;0;0;0;0;0;0;0;0;0;0;13;0;0;0;13;0;0;0;0;0;13;13;0;0;0;0;0;0;0;0;0;0;0;0;0;0;0;0;0;0;0;0;0;0;0;0;0;0;0;0;0;0;0;0;0;0;0;0;13;0;0;0;0;13;0;0;0;0;0;0;0;0;0;0;0;0;0;0;0;0;0;0;0;0;0;0;0;0;0;0;0;0;0;13;0;0;0;0;0;0;0;0;0;0;0;0;0;0;0;0;0;13;0;0;0;0;0;0;0;13;0;0;0;0;0;0;0;0;0;13;0;0;0;0;0;0;0;0;0;0;13;0;0;0;0;0;0;0;0;0;0;0;0;0;0;0;0;13;0;0;0;0;0;0;0;0;0;0;13;0;0;0;0;0;0;0;0;0;0;0;0;0;13;0;0;0;0;13;0;0;0;0;0;13;0;0;0;0;0;0;0;0;0;0;0;0;0;0;0;0;0;0;0;0;0;0;0;0;0;0;0;0;0;0;0;0;0;0;0;0
0;0;0;0;0;0;0;0;0;0;0;0;0;13;0;13;0;0;0;0;0;0;0;0;0;0;0;0;0;0;0;0;0;0;0;0;0;13;0;0;0;0;0;0;0;0;0;0;0;13;13;0;0;0;0;13;13;13;0;0;0;0;0;0;0;13;0;0;13;0;0;0;0;0;0;0;0;0;0;0;0;0;0;0;0;13;0;0;0;13;0;0;0;0;0;13;0;0;0;13;0;0;13;0;0;13;0;0;0;0;0;0;0;13;0;0;0;0;13;13;0;0;0;13;0;0;0;0;0;0;0;0;0;0;0;0;13;0;0;0;0;0;0;0;0;0;13;0;0;0;0;0;13;13;13;0;0;0;13;0;0;0;0;0;0;0;0;0;0;0;0;0;0;0;0;0;13;13;0;0;0;0;0;0;13;0;0;0;0;0;13;0;0;0;0;0;0;0;0;0;0;0;0;0;0;0;0;0;0;0;0;0;0;0;0;0;0;0;0;0;0;0;0;0;0;0;0;0;0;0;0
0;0;0;0;0;0;0;0;0;0;0;0;0;0;0;0;0;0;0;0;0;0;0;0;0;0;0;0;0;0;0;0;0;0;0;0;13;0;0;0;0;0;0;0;0;0;0;0;0;13;0;0;0;0;0;13;0;0;0;0;13;0;0;0;0;0;0;0;0;0;0;0;0;0;0;0;0;0;0;0;0;0;0;0;0;0;0;0;0;0;0;0;0;0;0;0;0;0;0;0;0;13;0;0;0;0;0;13;0;0;0;0;0;13;0;13;0;0;13;13;0;13;0;0;13;0;0;0;0;13;0;0;0;0;0;13;13;13;0;0;0;0;0;0;0;0;0;0;0;0;0;0;0;0;0;0;0;0;0;0;0;0;13;0;0;0;0;0;0;0;0;0;0;0;0;0;0;0;0;0;0;0;0;0;0;0;0;0;0;0;0;0;0;0;0;0;0;0;0;0;0;0;0;0;0;0;0;0;0;0;0;0;0;0;0;0;0;0;0;0;0;0;0;0;0;0;0;0;0;0;0
0;0;0;0;0;0;0;0;0;0;0;0;0;0;0;0;0;0;0;0;0;0;0;0;0;0;0;0;0;0;0;0;0;0;0;0;13;0;0;14;0;0;0;0;0;0;13;0;0;0;0;0;0;0;13;13;13;0;13;13;0;0;0;0;0;0;0;0;0;0;13;0;0;0;0;0;0;0;0;0;0;0;0;0;0;0;0;0;0;0;0;0;0;13;0;0;0;0;0;0;0;0;0;0;13;0;0;0;0;0;0;13;0;0;0;0;0;0;0;13;0;0;0;0;0;0;0;13;13;0;0;0;0;0;13;0;13;13;13;0;0;0;0;0;0;0;0;0;0;0;0;0;0;0;0;0;0;0;0;0;0;0;0;0;0;0;0;0;0;0;0;0;0;0;0;0;0;0;0;0;0;0;0;0;0;0;0;0;0;0;0;13;0;0;0;0;0;0;0;0;0;0;0;0;0;0;0;0;0;0;0;0;0;0;0;0;0;0;0;0;0;0;13;0;0;0;0;0;0;0;0
0;0;0;0;0;0;0;0;0;0;0;0;0;0;0;0;0;0;0;13;0;0;0;0;0;0;0;0;0;0;0;0;0;0;0;0;0;0;0;0;0;0;0;0;0;0;0;0;0;0;13;13;0;0;13;0;13;13;0;13;13;0;0;0;0;13;13;13;13;0;0;0;0;0;0;0;0;0;0;0;0;13;0;0;0;0;0;0;0;0;0;0;0;13;0;0;0;0;0;13;0;0;0;0;0;0;0;0;0;0;0;13;14;0;0;0;13;0;0;13;0;0;0;13;0;0;0;0;0;0;13;0;0;13;13;0;0;0;0;0;13;0;0;0;0;0;0;0;0;0;13;0;0;0;0;0;0;0;0;0;0;0;0;0;0;0;0;13;0;0;0;0;0;0;0;0;0;0;0;0;0;13;0;0;0;0;0;0;0;0;13;0;0;0;0;0;0;0;13;0;0;0;0;0;0;0;0;0;0;0;0;0;0;0;0;0;0;0;0;0;0;0;0;0;0;0;0;0;0;0;0
0;0;0;0;0;0;0;0;0;0;0;0;0;0;0;0;0;0;0;13;0;0;0;0;0;0;0;0;0;0;0;0;0;0;0;0;0;0;0;0;0;13;0;0;0;0;0;0;0;0;13;0;0;13;13;13;13;13;0;13;13;0;0;13;0;13;13;13;0;13;13;0;0;13;0;0;0;0;0;0;0;0;0;0;0;0;0;0;0;13;0;0;0;0;0;0;0;0;0;0;0;0;0;0;0;0;13;0;0;0;0;0;13;0;0;13;0;13;0;0;0;0;0;13;13;13;13;13;0;13;13;0;0;13;13;13;0;0;0;0;0;0;0;0;0;0;0;0;0;0;0;0;13;0;0;0;0;0;0;0;0;0;0;0;0;0;0;0;0;0;0;0;0;0;0;0;0;0;0;0;0;0;0;0;0;0;0;0;0;0;0;0;0;0;0;0;0;0;0;0;0;0;0;0;0;0;0;0;0;0;0;0;0;0;0;0;0;0;0;13;0;0;0;0;0;0;0;0;0;0;0
0;0;0;0;0;0;0;0;0;0;0;0;0;0;0;0;0;0;13;0;0;0;0;0;0;0;0;0;0;13;0;0;0;0;0;0;0;0;13;0;0;13;0;0;0;0;0;0;0;13;0;0;0;0;13;0;0;0;0;0;0;0;0;0;0;13;13;0;0;13;0;0;0;0;0;0;0;0;0;13;0;0;0;0;0;0;0;13;0;0;0;0;0;13;0;0;13;0;0;0;0;0;0;0;0;0;0;0;13;0;0;0;0;0;0;0;0;0;0;0;13;0;0;0;0;13;13;13;13;13;0;0;0;13;13;13;0;0;0;0;0;0;0;0;0;0;0;0;0;0;0;0;0;0;0;0;0;0;0;0;0;13;0;0;0;13;0;0;13;0;0;0;0;0;14;13;0;0;0;0;0;0;0;0;0;13;0;0;0;0;0;0;0;0;0;0;0;0;0;0;0;0;0;0;0;13;0;0;0;0;0;0;0;0;0;0;0;0;0;0;0;0;0;0;0;0;0;0;0;0;0
0;0;0;0;0;0;0;0;0;0;0;0;0;0;0;0;0;0;0;0;0;0;0;0;0;0;0;0;0;0;0;0;0;13;0;0;0;13;0;0;0;13;0;0;0;0;0;0;0;0;0;0;0;0;13;0;13;13;13;13;0;13;13;13;0;0;13;0;0;0;0;0;0;0;0;0;0;0;0;0;0;0;0;0;0;13;13;0;0;0;0;0;0;0;0;0;0;0;0;0;0;0;0;0;0;0;13;0;0;13;0;0;0;0;0;0;13;0;0;0;13;0;13;0;0;0;0;14;13;0;13;13;13;13;0;13;13;13;13;0;13;0;0;0;0;0;0;0;0;0;0;0;0;0;0;0;0;0;0;0;0;0;0;0;0;0;0;0;0;0;0;0;0;0;0;0;0;13;0;0;0;0;0;0;13;0;0;0;0;0;13;0;0;0;13;0;0;0;0;0;0;0;0;0;0;0;0;0;0;0;0;0;0;0;13;0;0;0;0;0;0;0;0;0;0;0;0;0;0;0;0
0;0;0;0;0;0;0;0;0;0;0;0;0;0;0;0;0;0;0;0;13;0;0;0;0;0;0;0;0;0;0;0;0;0;0;0;0;0;0;0;0;0;0;0;0;0;0;0;0;0;0;0;0;0;0;13;13;0;13;0;0;0;13;0;0;0;0;0;0;0;0;0;0;0;0;0;0;0;0;0;0;0;0;0;0;0;0;0;0;0;0;0;0;0;0;13;0;0;0;0;0;0;13;0;0;0;0;0;0;0;0;0;0;0;0;0;0;0;0;0;0;0;13;13;0;0;13;13;0;0;13;13;13;13;13;13;13;0;13;13;0;0;0;13;0;0;0;0;0;0;0;0;0;0;13;0;0;0;0;0;0;0;0;0;0;0;0;0;0;0;0;0;0;0;0;0;0;0;0;0;0;0;0;0;0;0;0;0;0;0;0;0;0;0;0;0;0;0;0;0;0;0;0;0;0;0;0;0;0;0;0;0;0;0;0;0;0;0;0;0;0;0;0;0;0;0;0;0;0;0;0
0;0;0;0;0;0;0;0;0;0;0;0;13;0;0;0;0;13;0;0;0;0;0;0;0;13;0;0;0;0;0;0;0;0;0;0;0;0;0;0;0;0;0;13;0;0;0;0;0;0;0;0;0;0;0;0;0;13;13;0;13;0;0;0;0;0;0;0;0;0;0;13;0;0;0;0;0;0;0;0;13;0;0;0;0;0;0;0;0;0;0;0;0;0;0;0;0;13;0;0;13;0;0;0;0;0;0;0;0;0;0;13;0;0;0;0;0;0;0;0;0;13;13;13;13;0;13;13;13;0;0;0;0;13;14;13;13;0;0;0;0;13;13;13;0;0;0;0;0;0;0;0;0;0;0;0;0;0;0;13;0;0;0;0;0;0;0;0;0;0;0;0;0;0;0;0;0;0;0;13;0;0;0;13;0;0;13;13;0;0;0;0;13;13;0;0;0;0;0;0;0;0;0;0;0;0;0;0;0;0;0;0;0;0;0;0;0;0;0;0;0;0;0;0;0;0;0;0;0;0;0
0;0;0;0;0;0;0;0;0;0;0;0;0;0;0;0;0;0;0;0;0;0;0;0;0;0;0;0;0;0;0;0;0;0;0;13;0;0;0;0;0;0;13;13;13;13;0;0;0;0;0;0;0;0;0;0;13;13;13;0;0;0;0;0;0;0;0;0;0;0;0;13;0;0;0;0;0;0;0;0;0;0;0;0;0;0;0;0;0;0;0;0;0;0;13;13;0;0;0;0;0;0;0;0;0;0;0;0;0;0;0;0;0;0;0;0;13;0;13;13;13;13;0;0;13;13;13;13;13;0;0;0;0;0;0;13;13;0;0;0;13;13;13;0;0;0;0;0;0;0;0;0;0;13;0;0;0;0;0;0;0;0;0;0;0;0;0;0;0;0;0;0;0;0;0;0;0;0;0;0;0;0;0;0;0;13;0;0;0;0;0;0;0;0;0;0;0;0;0;0;0;0;0;0;0;0;0;0;0;0;0;0;0;0;0;0;0;0;0;0;0;0;0;0;0;0;0;0;0;0;0
0;0;0;0;0;0;0;0;0;0;0;0;0;0;0;0;0;0;0;0;0;0;0;0;13;0;0;0;0;13;0;0;0;0;0;0;0;13;0;0;0;0;0;0;0;13;13;0;0;0;0;13;0;0;0;0;0;13;0;0;0;0;0;0;0;13;0;0;0;0;0;0;0;0;0;0;13;0;0;13;0;0;0;0;0;0;0;0;0;0;0;0;0;0;13;13;0;0;0;0;0;0;0;13;0;0;0;13;0;13;13;0;0;0;0;0;0;0;0;0;0;0;0;0;0;13;0;0;13;13;0;0;13;13;0;0;0;0;0;0;0;0;0;0;0;0;0;0;0;0;0;0;0;0;13;0;0;14;0;0;13;0;0;0;0;0;0;0;0;0;0;0;0;0;0;0;0;0;0;0;0;0;0;0;0;0;0;0;0;0;0;0;0;0;0;13;0;0;0;0;0;0;0;0;0;0;0;0;0;0;0;0;0;0;0;0;0;0;0;0;0;0;0;0;0;13;0;0;0;0;0
0;0;0;0;0;0;0;13;0;0;0;0;0;0;0;13;13;0;0;0;0;0;0;0;13;0;0;0;0;0;0;0;0;0;13;13;0;0;0;0;14;0;13;0;0;0;0;0;0;13;0;0;0;0;0;0;0;0;0;0;0;0;0;0;0;0;13;0;0;0;0;0;0;13;0;0;13;0;0;0;0;0;0;0;13;0;0;0;0;0;0;0;0;0;13;0;0;0;0;0;0;0;0;0;0;0;0;13;0;0;13;13;0;0;0;0;0;0;0;0;0;0;0;0;13;14;13;0;13;0;0;0;0;0;13;13;0;13;0;0;0;0;0;0;0;0;0;0;0;13;0;0;0;13;0;0;0;0;0;13;0;0;0;0;0;0;0;0;0;0;0;0;13;0;0;0;0;0;0;13;0;0;0;0;0;13;13;0;0;0;0;0;0;0;0;0;0;0;0;13;0;0;0;0;0;0;0;0;0;0;0;0;0;0;0;0;0;0;0;0;0;0;0;0;0;0;0;0;0;0;0
0;0;0;0;0;0;0;0;0;0;0;0;0;0;0;0;0;0;13;0;0;0;0;0;0;0;0;0;0;0;0;0;0;0;0;0;0;13;0;0;0;0;0;13;0;0;0;0;0;0;0;0;0;0;0;0;0;0;0;0;0;0;0;0;0;0;0;0;0;0;0;0;0;13;0;0;0;0;0;0;13;0;0;0;0;0;0;0;0;0;0;0;0;0;0;0;0;13;0;0;0;0;0;0;0;0;13;0;0;0;0;0;0;0;0;0;0;0;0;0;0;0;0;0;0;0;13;0;13;13;0;0;0;13;13;13;0;0;0;0;0;0;0;0;0;0;0;0;0;0;0;0;0;13;0;0;0;0;0;0;0;0;0;0;0;0;0;0;0;0;0;0;0;0;0;0;0;0;0;0;0;0;0;0;0;0;0;13;0;0;0;0;0;0;0;0;0;0;0;0;0;0;0;0;0;13;0;0;0;0;0;0;0;0;0;0;0;0;0;0;0;0;0;0;0;0;0;0;0;0;0
0;0;0;0;0;0;0;0;0;0;0;0;0;0;13;0;13;0;13;0;0;0;0;0;13;0;0;0;0;0;0;0;0;0;0;0;13;13;0;0;0;0;0;0;0;0;0;13;0;0;0;0;0;0;0;0;0;0;0;0;0;13;0;0;0;0;0;0;0;0;0;0;13;13;0;0;0;0;0;0;0;0;13;0;0;0;0;0;13;0;0;0;0;0;0;0;0;0;0;0;0;0;0;0;0;0;0;0;0;0;0;0;0;0;0;0;13;0;0;0;0;0;0;13;0;0;13;0;0;13;0;0;0;0;13;13;14;0;0;13;0;0;0;13;0;0;0;0;0;0;0;0;0;0;0;0;0;0;0;0;0;0;0;0;0;0;0;13;0;0;0;0;0;0;0;0;0;0;0;0;0;0;0;0;13;0;0;0;0;0;0;0;0;0;0;0;0;0;0;0;0;0;0;0;0;13;0;0;0;0;0;0;0;0;0;0;0;0;0;0;0;0;0;0;0;13;0;0;0;0;13
0;0;0;0;0;0;13;0;0;0;0;0;0;0;0;0;13;0;0;0;0;0;0;0;0;0;0;0;0;0;0;0;0;0;0;0;0;0;0;0;0;0;0;0;0;13;0;0;0;0;0;0;0;0;13;0;0;0;0;13;13;0;0;0;0;0;0;0;0;0;0;0;0;13;0;0;0;0;13;0;0;0;0;0;0;0;0;0;0;0;0;0;0;0;0;0;0;0;0;0;0;0;0;0;0;0;0;0;0;0;0;0;0;0;0;0;13;0;0;0;0;0;0;13;0;0;0;13;0;0;13;0;0;13;0;13;0;0;0;13;0;0;0;0;0;0;0;0;0;0;0;0;0;0;0;0;0;0;0;0;0;0;13;0;0;0;0;0;0;0;0;0;0;0;0;0;0;0;0;0;0;0;0;0;0;0;13;0;0;0;0;0;0;0;0;0;13;0;0;0;0;0;0;0;0;0;0;0;0;0;0;0;0;0;0;0;0;0;0;0;0;0;0;0;0;0;0;0;0;0;0
0;0;0;0;0;0;0;0;0;0;0;0;0;0;0;0;0;0;13;0;0;0;0;0;0;0;0;0;0;13;0;0;0;0;0;0;13;0;0;13;0;0;13;0;0;13;13;0;0;13;0;0;0;0;0;0;0;0;0;13;13;0;0;0;0;0;0;0;0;0;0;0;0;14;13;0;0;13;0;0;0;13;0;0;0;0;0;0;0;0;13;0;0;0;13;0;0;0;0;0;0;0;0;0;0;0;0;0;0;0;0;0;0;0;0;0;0;0;0;0;0;0;0;0;0;0;0;0;0;0;0;0;13;13;0;0;0;13;0;0;0;0;0;0;0;0;0;0;0;0;0;0;0;0;0;0;0;0;0;0;0;13;0;0;0;0;0;0;0;0;0;0;0;0;0;0;0;0;0;0;0;0;0;0;0;0;0;0;0;0;0;0;0;0;0;0;0;0;0;0;0;0;0;0;0;0;0;0;0;0;0;0;0;0;0;0;0;0;0;0;0;0;0;0;0;0;0;0;0;0;0
0;0;0;0;0;0;0;0;0;0;0;0;0;0;0;0;0;0;0;0;0;0;0;0;0;0;0;0;0;0;0;0;0;0;0;0;0;0;0;0;0;0;0;0;0;13;13;0;0;0;0;0;13;13;0;0;13;13;13;13;13;13;13;0;0;0;13;0;0;0;0;0;13;0;0;0;0;13;0;0;0;13;13;0;0;0;0;0;13;0;0;0;0;0;0;0;0;0;0;0;0;0;0;0;0;0;0;0;0;0;0;0;0;0;0;0;0;0;0;0;0;0;0;13;13;0;0;0;13;0;13;0;0;13;0;0;13;13;13;13;13;0;0;13;0;0;0;0;0;0;0;0;0;0;0;0;0;0;0;0;0;0;0;0;0;0;0;0;0;0;0;13;0;0;0;0;0;0;0;0;0;0;0;0;0;0;0;0;0;0;0;0;0;0;0;0;0;0;0;0;0;0;0;0;0;0;0;0;0;0;0;0;0;0;0;0;0;0;0;0;0;0;0;0;0;13;0;0;0;0;0
0;0;0;13;0;0;0;0;0;0;13;0;0;0;0;0;0;0;0;0;0;0;0;0;13;0;0;0;0;0;0;0;0;0;0;0;0;0;0;0;0;0;13;13;0;0;13;0;13;0;0;0;0;0;13;13;13;13;0;13;13;13;13;0;0;0;0;0;0;0;0;0;0;13;13;0;0;0;13;0;0;0;0;0;0;0;0;13;13;0;0;0;0;0;0;0;0;0;0;0;0;0;0;0;0;0;13;0;0;0;0;0;0;0;0;0;0;0;0;13;0;0;0;0;0;0;0;13;13;13;0;0;0;0;0;0;0;13;13;13;0;0;0;0;0;0;0;0;0;0;0;0;0;0;0;0;0;0;0;0;0;0;0;0;0;0;0;0;0;0;0;0;0;0;0;0;0;0;0;0;0;0;0;0;0;0;0;0;0;0;13;0;0;0;0;0;0;0;0;0;0;0;0;0;0;0;0;0;0;0;0;0;0;0;0;0;0;0;0;0;0;0;0;0;0;0;0;0;0;0;0
0;0;0;0;0;0;0;0;0;0;0;0;0;0;13;0;0;0;0;0;0;0;0;0;0;0;0;0;0;0;0;0;0;0;0;0;0;13;13;0;0;0;13;13;13;13;14;13;13;0;0;13;13;13;13;0;0;0;13;13;0;0;0;0;0;0;0;0;0;0;13;13;0;0;0;0;0;0;13;13;0;0;0;0;0;13;13;0;0;0;13;0;0;0;0;0;0;0;0;0;0;13;0;0;0;0;0;0;0;0;0;13;0;0;0;0;0;0;0;0;0;0;0;0;0;0;0;0;0;0;0;0;0;0;0;0;0;0;0;0;13;13;0;0;0;0;0;0;0;0;0;0;0;0;0;0;0;0;0;0;0;0;0;0;0;0;13;0;0;13;0;0;0;0;0;0;0;0;0;0;0;0;0;0;0;0;0;0;0;0;13;0;0;0;0;0;0;0;0;0;0;0;0;0;0;0;0;0;0;0;0;0;0;0;0;0;0;0;0;0;0;0;0;0;0;0;0;0;0;0;0
0;0;0;0;0;0;0;0;0;0;0;0;0;0;0;0;0;0;0;0;0;0;0;0;0;0;0;0;0;13;0;0;0;0;0;13;0;0;0;13;13;13;0;13;0;0;0;13;13;0;0;13;13;0;0;0;0;13;13;13;0;13;13;0;0;0;0;0;0;0;0;0;0;0;0;0;0;0;0;0;0;0;0;13;13;13;13;0;0;0;0;13;0;0;0;0;0;0;0;0;13;0;0;0;0;0;0;0;0;0;0;0;0;0;0;0;0;0;0;0;0;0;0;0;0;13;0;13;13;0;13;0;13;13;0;13;13;13;13;0;0;0;13;13;0;0;0;0;0;0;0;0;0;0;0;0;0;0;0;0;13;0;0;0;0;0;0;0;0;0;0;0;0;0;0;0;0;0;0;0;0;0;0;0;0;0;0;0;13;0;0;0;0;0;0;0;0;0;0;0;0;0;0;0;0;0;0;0;0;0;0;0;0;0;0;0;0;0;0;0;0;0;0;0;0;0;0;0;0;0;0
0;0;0;0;0;0;13;0;0;0;0;0;0;0;0;0;0;13;0;0;0;0;0;0;0;0;0;0;0;0;0;13;0;0;0;0;0;0;0;0;0;13;0;13;0;0;0;0;13;0;0;0;0;13;13;0;13;14;0;0;0;13;0;0;0;13;0;0;0;0;0;0;0;0;0;0;0;0;0;0;0;0;0;0;0;0;0;0;0;0;0;0;13;0;0;0;0;0;0;13;13;0;13;0;0;0;0;0;0;0;0;0;0;0;0;0;0;0;0;0;0;0;0;0;0;0;0;13;13;13;0;0;13;0;0;0;0;13;0;0;0;0;13;0;0;0;0;0;0;0;0;0;0;0;0;0;0;0;0;0;0;0;13;0;0;0;0;0;0;0;0;0;0;0;0;0;0;0;0;0;0;0;0;0;0;0;0;0;0;0;0;0;0;0;0;0;0;0;0;0;0;0;0;0;0;0;0;0;0;0;0;0;0;0;0;0;0;0;0;0;0;0;0;0;0;0;0;0;0;0;0
0;0;0;0;0;0;0;0;0;0;0;0;0;0;0;0;13;0;0;0;0;0;0;0;0;13;0;0;0;0;0;0;0;0;0;0;0;0;0;0;0;13;13;13;14;13;13;13;0;0;13;13;13;13;14;13;13;0;0;0;13;13;0;0;13;0;0;0;0;0;0;0;0;0;0;0;0;0;0;0;0;0;0;13;0;0;13;13;13;13;0;0;0;0;0;0;13;0;0;0;0;0;0;13;13;0;0;13;0;0;0;0;0;0;0;0;0;0;0;13;13;13;0;13;13;0;0;0;0;13;13;0;13;0;13;13;13;13;0;13;13;0;0;0;0;0;0;0;13;0;0;13;0;0;0;0;0;0;0;0;0;0;0;0;0;0;0;0;0;0;0;0;0;0;0;0;0;0;0;0;0;0;0;0;0;0;0;0;0;0;0;0;0;13;0;0;0;0;0;0;0;0;0;0;0;0;0;13;0;0;0;0;0;0;0;0;0;0;0;0;13;0;0;0;0;0;0;0;0;0;0
0;0;0;0;0;0;0;0;0;0;0;0;13;0;0;0;13;0;0;13;0;0;0;0;0;13;0;0;0;0;0;0;0;0;0;13;0;0;0;13;13;13;0;0;13;13;13;0;13;13;13;13;0;13;13;13;0;13;14;15;15;13;13;13;13;0;13;0;13;13;0;0;0;0;0;0;0;0;0;0;0;0;0;0;0;0;13;13;13;0;13;0;0;0;0;0;0;13;0;0;0;0;0;0;0;0;0;13;0;0;0;0;0;0;0;0;0;0;0;0;0;0;13;13;0;13;0;0;0;0;13;0;13;13;13;13;13;13;0;13;13;0;0;0;0;0;0;0;0;0;0;0;0;0;0;0;0;0;0;0;0;0;0;0;0;0;13;13;0;0;0;0;0;0;0;0;13;0;0;13;0;0;0;0;0;0;0;0;0;0;0;0;0;0;0;0;0;0;0;0;0;0;0;13;0;0;0;0;0;0;0;0;0;0;0;0;0;0;0;0;0;0;0;0;0;0;0;0;0;0;0
0;0;0;0;0;0;0;0;13;0;0;0;0;0;0;13;13;0;0;0;0;0;0;13;0;0;0;0;0;0;0;0;0;0;0;0;0;0;0;0;0;0;13;0;0;13;13;0;0;0;0;13;0;13;13;13;14;13;14;14;13;13;13;14;13;0;13;0;0;0;0;0;0;0;0;0;0;0;0;0;0;0;0;0;0;0;0;13;13;0;0;0;0;0;0;13;13;0;0;0;0;0;13;0;0;0;0;13;0;0;0;0;13;13;0;0;0;0;0;0;0;0;0;0;13;13;13;13;13;0;0;0;13;13;13;13;13;13;0;13;0;0;0;0;0;0;0;0;0;0;0;0;0;0;0;0;0;0;0;0;13;0;0;0;0;0;0;0;0;0;0;13;0;0;0;0;13;13;0;0;0;0;0;0;0;0;0;0;0;0;0;0;0;0;0;13;13;0;0;0;0;0;0;0;0;0;0;0;0;0;0;0;0;0;0;0;0;0;0;0;0;0;0;0;0;0;0;0;0;0;0
0;0;0;0;0;0;0;0;0;0;0;0;0;13;0;0;0;0;0;0;0;0;0;0;0;0;0;0;0;0;0;0;0;0;0;0;0;0;0;0;0;13;13;0;0;13;13;13;0;0;13;13;0;13;13;13;14;14;13;13;13;16;14;14;14;14;13;0;13;0;0;0;0;0;0;0;13;13;13;0;0;0;0;0;0;13;0;0;0;14;13;13;0;0;13;13;13;0;0;0;13;13;0;0;0;0;0;0;0;0;0;0;0;0;0;0;0;0;0;13;0;0;0;0;0;0;0;0;0;0;0;0;0;0;13;13;0;13;0;13;0;0;0;0;0;0;0;0;0;0;0;0;0;0;0;0;0;0;0;0;0;0;0;0;0;0;0;0;0;0;0;0;0;0;0;0;0;0;0;0;0;0;0;0;0;0;0;0;0;0;0;0;0;13;0;13;0;0;0;0;0;0;0;0;0;0;0;0;0;0;0;0;0;0;0;0;0;0;0;0;0;0;0;0;0;0;0;0;0;0;0
0;0;0;0;0;0;0;0;13;0;0;0;0;0;0;0;13;0;0;0;13;0;0;0;0;0;0;0;0;0;0;0;0;0;0;13;0;0;0;0;0;13;13;0;0;0;0;13;0;13;13;13;13;13;13;13;13;13;13;14;13;14;14;13;14;13;13;0;0;0;0;0;0;14;0;0;13;0;0;0;0;0;0;0;0;13;13;13;13;13;13;0;0;0;13;0;0;0;0;0;0;13;0;0;0;0;0;0;0;0;0;0;0;0;0;13;0;0;0;0;0;0;13;0;0;0;0;13;0;0;0;13;0;0;13;0;13;13;0;0;13;13;0;0;0;13;0;0;0;0;0;0;0;0;0;0;0;0;0;13;0;0;0;0;0;0;0;0;0;0;0;0;0;0;0;0;0;0;0;0;0;0;0;0;0;0;0;0;0;0;0;0;0;0;0;0;0;0;0;0;0;0;0;0;0;0;0;0;0;0;0;0;0;0;0;0;0;0;0;0;0;0;0;0;0;0;0;0;0;0;0
0;0;0;0;0;0;0;0;0;0;0;0;0;0;0;13;0;0;0;0;0;0;0;0;0;0;0;0;0;0;0;0;0;0;0;0;0;0;0;0;13;0;0;0;13;13;13;0;0;0;0;0;0;0;13;13;0;14;14;14;14;14;14;14;14;14;14;0;0;13;0;0;0;0;0;0;13;13;0;0;13;0;0;0;13;13;0;0;0;0;0;0;0;0;0;0;0;0;0;13;0;0;0;0;0;0;0;0;0;0;0;0;13;0;0;0;0;0;0;0;0;0;0;0;13;0;0;0;0;0;0;0;0;0;13;13;13;13;0;0;14;13;0;0;13;0;0;0;0;0;13;0;0;0;0;0;0;0;0;0;0;0;0;0;0;0;0;0;0;0;0;0;0;0;0;0;0;0;0;0;0;13;0;0;13;0;0;13;0;0;0;0;0;0;13;0;0;0;0;0;0;0;0;0;0;0;0;0;0;0;0;0;0;0;0;0;0;0;0;0;0;0;13;0;0;0;0;0;0;13;0
0;0;0;0;0;0;0;0;0;0;0;0;0;0;0;0;0;0;0;0;0;0;0;0;0;0;0;13;0;0;0;0;0;0;0;0;0;0;13;0;0;0;13;13;13;0;0;13;0;13;13;0;13;13;13;13;13;13;14;14;14;14;13;14;14;14;14;13;13;13;13;13;0;0;0;0;0;0;0;0;13;0;0;0;0;0;0;0;0;13;13;13;0;0;0;0;0;13;13;0;0;0;0;0;0;0;0;0;0;0;0;0;0;0;0;0;0;0;0;0;0;0;13;13;0;0;0;0;0;0;13;13;13;14;14;13;0;13;0;13;13;13;0;0;13;0;0;0;0;0;0;0;0;0;0;0;0;13;0;0;0;0;0;0;13;0;0;0;0;0;0;0;0;0;0;0;0;0;0;0;0;0;0;0;0;0;0;13;0;0;0;0;0;0;0;0;0;0;13;0;0;0;0;0;0;0;0;0;0;0;0;0;0;0;0;0;0;0;0;0;13;0;0;0;0;0;0;0;0;0;0
0;0;0;13;0;0;0;0;0;0;13;0;0;0;0;0;0;13;0;0;0;0;0;0;0;0;13;0;0;0;0;0;13;0;0;0;0;0;13;0;0;13;13;0;0;13;0;13;0;0;0;0;0;0;13;13;13;13;13;14;14;14;14;14;14;14;13;0;0;13;0;13;0;0;0;13;13;13;0;0;13;13;13;13;13;0;0;13;13;0;0;0;13;13;13;0;0;13;0;0;0;0;0;0;0;0;0;0;0;0;0;0;0;0;13;0;0;0;0;0;0;0;0;0;0;0;0;13;0;0;13;13;13;13;13;13;13;13;0;13;13;13;0;0;0;0;0;0;0;0;0;0;0;0;0;0;0;0;0;0;0;0;13;0;0;0;0;0;0;0;0;0;0;0;0;0;0;0;0;0;0;0;0;0;0;0;0;0;0;0;0;0;0;0;0;0;0;0;0;0;0;0;0;0;0;0;0;0;0;13;13;0;0;0;0;0;0;0;0;0;0;0;0;0;0;0;0;0;0;0;0
0;0;0;0;0;0;0;0;0;0;0;0;0;0;0;0;0;0;0;0;0;0;0;0;0;0;0;0;0;0;0;0;0;0;0;13;0;0;13;0;0;13;13;0;0;13;0;0;0;0;0;0;0;0;13;13;14;13;13;14;13;13;13;13;14;14;0;0;0;0;13;13;13;13;13;13;0;13;0;0;0;0;13;13;14;13;13;13;0;0;13;0;0;0;0;0;0;13;13;13;13;0;0;13;0;0;0;0;0;0;0;0;0;0;0;0;0;0;0;0;0;0;0;0;0;0;0;0;0;0;0;0;0;0;0;0;0;13;14;13;13;0;0;0;0;13;13;13;13;0;0;0;0;0;0;0;0;0;0;0;0;0;0;0;0;0;0;0;0;0;0;0;0;0;0;0;0;0;0;0;0;0;0;0;0;0;0;0;0;0;0;0;0;0;0;0;0;0;0;0;0;0;0;0;0;0;0;0;0;0;0;0;0;0;13;0;0;0;0;0;0;0;0;0;0;0;0;0;0;0;0
0;0;0;0;0;0;0;0;13;13;13;0;0;0;0;0;13;0;13;0;0;0;0;0;0;0;0;0;0;13;0;0;0;0;0;0;0;0;0;0;13;13;0;0;0;13;0;0;0;0;0;0;13;13;14;13;13;0;14;13;13;13;13;13;13;14;13;13;13;13;0;0;13;13;13;13;13;13;0;0;0;0;0;13;13;13;13;13;13;13;13;13;0;0;0;13;13;13;13;13;13;0;13;13;0;0;0;0;0;0;0;0;0;0;0;0;0;0;0;0;0;0;0;0;0;0;0;0;0;0;0;0;0;13;0;0;13;13;13;0;13;13;13;0;0;0;0;0;0;13;13;0;0;0;0;0;0;0;0;0;0;0;0;13;0;0;0;0;0;0;0;0;0;0;0;0;0;0;0;0;0;0;0;0;0;0;0;13;0;0;0;0;0;0;0;0;0;0;0;0;0;0;0;0;0;0;0;0;0;0;0;0;0;0;0;0;0;0;0;0;0;0;0;0;0;0;0;0;0;0;0
0;0;0;0;0;0;0;0;0;0;0;0;0;0;0;0;0;0;0;0;0;0;0;13;0;0;0;0;0;0;0;0;0;0;0;0;0;0;0;0;13;13;0;0;13;0;0;0;0;13;13;0;13;13;13;0;13;13;14;14;14;13;14;14;14;0;13;13;13;13;0;13;13;13;13;13;13;13;13;0;13;14;14;13;13;14;13;14;13;13;13;13;0;0;0;13;0;0;13;13;13;13;0;0;0;0;13;0;0;0;0;0;0;0;0;0;0;0;0;0;0;0;0;0;0;13;13;0;0;0;0;13;13;0;13;13;0;0;13;13;0;13;13;13;0;0;0;13;0;13;13;0;0;0;0;0;0;0;0;0;0;0;13;0;0;0;0;0;0;0;0;0;0;0;0;0;0;0;0;0;0;0;0;0;0;0;0;13;0;0;0;0;0;0;0;0;0;0;0;0;0;0;0;0;0;0;0;0;0;0;0;0;0;0;0;0;0;0;0;0;0;0;0;0;0;0;0;0;0;0;0
0;0;0;0;0;0;0;0;0;0;0;0;13;13;0;0;13;0;0;13;0;0;0;0;0;0;13;0;0;0;0;0;0;0;0;0;0;0;0;0;0;0;0;0;0;13;0;0;0;14;13;0;13;13;13;13;14;14;13;14;14;14;14;14;14;14;14;13;13;13;13;0;13;14;0;13;13;0;13;13;13;13;13;13;14;14;14;14;13;13;13;0;0;0;0;13;13;0;14;13;13;13;13;0;0;0;13;0;13;0;0;13;13;13;0;13;0;0;0;0;0;0;0;0;0;0;0;0;0;0;0;0;13;0;0;0;0;13;13;13;13;13;0;0;0;13;0;0;0;0;0;0;0;0;0;0;0;0;0;0;0;0;13;0;0;0;0;0;0;0;0;0;0;0;0;0;0;0;0;0;0;0;0;0;0;0;0;0;0;0;0;0;0;0;0;0;0;0;13;0;0;0;0;0;0;0;0;0;0;0;0;0;0;0;0;0;0;0;0;0;0;0;0;0;0;0;0;0;0;0;13
0;0;0;0;0;0;0;0;13;0;0;0;0;0;0;0;0;0;0;0;0;0;13;13;13;0;0;0;0;0;13;13;0;0;0;0;0;0;0;0;0;0;0;13;13;13;13;13;0;13;13;13;13;13;0;13;13;13;13;14;14;14;14;13;13;13;13;13;0;0;0;13;14;13;13;13;13;13;0;13;13;13;0;13;14;14;14;14;14;13;13;0;13;0;0;13;0;0;13;0;0;13;0;0;0;0;0;0;13;0;13;0;0;0;0;0;0;0;0;0;0;0;0;13;13;0;0;0;0;0;0;0;0;13;0;0;0;0;0;13;0;0;0;0;13;13;13;0;0;0;0;13;0;0;0;0;0;13;0;0;0;0;0;0;0;0;0;0;0;0;0;0;0;0;0;0;0;0;0;0;0;0;0;0;0;0;0;0;0;0;0;0;0;0;0;0;0;0;0;0;0;0;0;0;0;0;0;0;0;0;0;0;0;0;0;0;0;0;0;0;0;0;0;0;0;0;0;0;0;0;0
0;0;0;0;0;13;13;0;0;0;0;0;0;0;0;0;0;0;0;0;0;0;0;0;0;0;0;0;0;0;0;0;0;0;14;0;0;0;0;0;0;0;0;13;0;13;13;13;0;13;13;13;13;13;0;13;13;13;14;13;13;13;14;13;13;13;14;14;13;13;13;14;13;13;13;13;13;13;13;0;0;0;13;13;13;13;14;14;13;13;14;13;14;13;13;0;13;0;0;0;0;0;0;0;0;0;0;0;0;0;13;0;0;0;0;0;0;13;0;0;0;13;13;0;13;0;13;0;0;0;0;0;0;0;0;0;13;0;0;13;0;13;0;13;0;0;13;0;0;0;0;0;0;0;0;0;0;0;0;0;0;0;0;0;0;0;0;0;0;0;0;0;0;0;0;0;0;0;0;0;0;0;0;0;0;0;0;0;0;0;0;0;0;0;0;0;0;0;0;0;0;0;0;0;0;0;0;0;0;0;0;0;0;0;0;0;0;0;0;0;0;0;0;0;0;0;0;0;0;0;0
0;0;0;0;0;0;0;0;0;0;0;0;0;0;0;0;0;0;0;0;0;0;0;0;0;0;0;0;13;0;0;0;0;0;0;0;0;0;0;0;0;13;0;0;0;13;13;0;13;13;0;13;13;0;13;13;14;13;13;14;13;14;14;13;14;14;14;14;13;14;13;13;13;13;13;13;13;13;13;13;13;13;13;14;14;13;14;14;13;13;13;0;13;13;13;13;13;13;13;13;13;0;0;13;0;0;0;13;0;13;14;13;0;0;0;0;0;13;0;0;13;0;13;13;14;0;13;0;0;0;0;0;0;0;0;13;0;0;13;13;0;13;0;0;0;13;0;0;0;0;0;0;0;0;0;0;0;0;0;0;0;0;0;0;0;0;0;0;0;0;0;0;0;0;0;0;0;0;0;0;0;0;0;0;0;0;0;0;0;0;0;0;0;0;0;0;13;0;0;0;0;0;0;0;0;0;0;0;0;0;0;0;0;0;0;0;0;0;0;0;0;0;0;0;13;0;0;0;0;0;0
0;0;13;0;0;0;0;0;0;0;0;0;0;0;0;0;0;0;0;0;0;0;0;0;0;0;0;0;0;0;0;0;14;0;0;0;0;0;0;0;0;0;0;0;13;13;0;0;13;0;0;13;13;13;0;0;13;14;13;13;14;14;13;13;14;14;14;14;14;15;14;14;13;13;13;13;0;0;13;0;0;13;13;14;14;14;14;13;14;14;13;13;13;13;14;14;15;13;14;13;13;13;0;13;13;13;13;13;0;13;13;13;0;0;13;0;0;13;13;0;13;13;13;13;13;14;13;0;0;0;0;13;14;13;13;0;0;0;0;13;0;0;0;0;0;0;0;0;0;0;0;0;0;0;0;13;0;0;0;0;13;0;0;0;0;0;0;0;0;0;0;0;0;0;0;0;0;0;0;0;0;13;0;0;0;0;0;0;0;0;0;0;0;13;0;0;0;0;0;0;0;0;0;0;0;0;0;0;13;0;0;0;0;0;0;0;0;0;0;0;0;0;0;0;0;0;0;0;0;0;0
0;0;0;0;0;0;0;0;0;0;0;0;0;13;0;0;0;0;0;0;0;0;0;0;0;0;13;0;0;0;0;0;13;0;0;0;0;0;0;0;0;0;0;13;13;13;0;0;0;13;13;14;13;14;14;13;14;14;14;14;14;14;14;14;14;13;13;14;15;14;13;13;13;13;13;13;13;13;0;14;0;13;14;14;14;14;14;13;14;0;14;14;13;13;14;13;15;14;13;13;13;13;0;13;13;13;14;13;13;0;0;13;13;13;13;0;0;0;0;0;0;13;13;0;13;14;13;13;0;0;0;0;13;13;13;0;0;13;0;0;0;0;0;13;0;0;0;0;0;0;0;0;0;0;0;13;0;0;0;0;0;0;0;0;0;0;0;0;0;0;0;0;0;0;13;0;0;0;0;0;0;0;0;0;0;13;0;0;0;0;0;0;0;0;0;0;0;0;0;0;0;0;0;0;0;0;0;0;0;0;0;13;0;0;0;0;0;0;0;0;0;0;0;0;0;0;0;0;0;0;0
0;0;0;0;0;0;0;0;0;0;0;0;0;0;0;0;0;0;0;0;0;0;0;0;13;0;0;0;0;0;0;13;13;13;0;0;0;0;0;0;0;0;0;13;13;13;13;0;13;13;13;13;13;13;14;13;14;14;14;14;14;14;14;14;14;13;14;14;13;13;13;13;14;13;13;14;13;13;0;0;0;13;13;14;14;15;15;14;14;13;13;13;13;13;14;14;14;14;14;13;14;14;13;13;13;13;0;13;14;13;0;13;0;0;13;0;13;13;0;0;13;14;13;13;14;14;13;13;13;13;13;0;13;14;13;13;13;0;13;13;0;13;13;0;0;0;0;0;0;0;0;0;13;0;0;13;0;0;0;0;0;0;0;0;0;0;0;0;0;0;0;0;0;0;0;0;0;0;0;0;0;0;0;13;0;0;0;0;0;13;0;0;0;13;0;0;0;0;0;0;0;0;0;0;0;0;0;0;0;0;0;0;0;0;0;0;0;0;0;0;0;0;0;0;0;0;0;0;0;0;0
0;0;0;0;0;13;0;0;13;0;0;0;0;0;0;13;0;0;0;0;0;0;0;0;0;0;0;0;0;0;0;0;13;13;0;0;0;0;0;0;0;0;13;13;13;0;13;0;13;13;13;13;13;0;13;13;13;13;13;14;14;15;15;14;13;13;13;14;14;14;13;14;14;13;14;14;14;13;13;13;14;13;13;13;14;14;14;15;14;13;0;13;13;13;14;14;14;13;14;14;14;0;0;0;13;0;13;14;14;14;13;13;0;0;13;0;13;13;0;13;14;14;13;13;14;13;14;14;13;13;13;14;13;14;13;0;0;0;0;13;0;0;0;0;0;0;13;0;0;0;0;0;0;0;0;0;0;0;0;0;0;0;0;0;0;0;0;0;0;0;0;0;0;13;0;0;0;0;0;0;0;0;0;0;0;0;13;0;0;0;0;0;0;0;0;0;0;0;0;0;0;0;0;0;0;0;0;0;0;0;0;0;0;0;0;0;0;0;0;0;0;0;13;0;0;0;0;0;0;0;0
0;0;0;0;0;0;0;0;0;0;0;0;0;0;0;0;0;0;13;0;0;0;0;0;0;0;13;0;0;0;0;0;0;0;0;0;0;0;0;0;0;0;0;13;13;0;0;0;13;13;13;13;13;0;13;13;13;14;14;15;14;14;14;13;13;14;15;15;15;13;14;15;14;15;14;15;14;14;14;14;14;13;14;14;15;14;14;14;14;13;14;13;0;13;14;13;14;14;14;15;14;13;13;13;13;13;13;14;14;14;13;13;14;13;13;0;0;13;13;0;13;13;14;14;14;14;14;13;13;14;13;13;13;14;13;13;13;13;13;0;0;0;0;0;0;0;0;13;0;0;13;0;13;13;0;0;0;0;0;0;0;0;0;0;13;13;0;0;0;0;13;0;0;0;0;0;0;0;0;0;0;13;0;0;0;0;0;0;0;0;0;0;0;0;0;0;0;0;0;0;0;0;0;0;0;0;0;0;0;0;0;0;0;0;0;13;0;0;0;0;0;0;0;0;0;0;0;0;0;0;0
0;0;0;13;0;0;0;0;0;0;0;0;0;0;0;0;0;13;0;0;0;0;0;0;0;0;0;13;0;0;0;13;0;0;0;13;13;0;0;0;0;0;0;0;0;13;13;13;14;13;13;13;13;13;0;14;13;14;15;15;14;14;14;13;13;14;15;15;15;15;14;14;14;14;13;14;14;13;0;14;14;13;13;14;15;14;14;14;13;13;14;14;13;14;14;13;14;14;14;0;14;13;13;14;14;14;15;14;15;15;14;13;13;13;13;13;13;13;13;14;13;13;14;14;13;13;14;14;13;13;14;13;13;13;14;13;13;13;13;13;0;13;13;0;13;0;0;0;0;0;0;0;0;0;0;0;0;0;0;0;0;0;0;0;0;0;0;0;0;0;0;0;0;0;0;0;0;0;0;0;0;0;0;0;0;0;0;0;0;0;0;0;0;0;0;0;0;13;0;0;0;0;0;0;0;0;0;0;0;0;0;0;0;0;0;0;0;0;0;0;0;0;0;0;0;0;0;0;0;0;0
0;0;0;0;0;0;0;0;0;0;0;0;0;13;0;0;0;0;0;0;0;0;0;0;0;0;0;0;0;0;0;0;13;0;0;0;0;0;0;0;0;0;0;0;0;13;13;13;13;0;0;13;14;13;13;13;13;15;14;13;13;14;14;13;14;14;15;14;14;15;13;14;14;13;13;14;15;13;13;14;14;13;13;13;13;14;14;14;15;14;13;14;13;14;14;14;14;0;13;13;13;13;14;14;14;14;14;15;15;15;15;14;13;0;13;0;13;13;0;13;0;0;13;13;14;14;13;14;13;14;14;13;13;14;14;13;13;13;13;13;13;13;0;0;0;13;0;0;0;0;0;0;0;0;0;0;0;0;0;0;0;0;0;0;0;13;0;0;0;0;0;0;0;0;0;0;0;0;0;0;0;0;0;13;0;0;0;0;0;0;0;0;0;0;0;0;0;13;0;0;0;0;0;0;0;0;0;0;0;0;0;0;0;0;0;0;0;0;0;0;0;0;0;0;0;0;0;0;0;0;0
0;0;0;0;0;0;0;0;0;13;0;0;0;13;13;0;13;0;0;0;0;0;0;0;0;0;0;0;0;0;0;0;0;0;0;0;0;0;0;0;0;0;0;0;13;13;13;0;13;14;13;13;14;13;13;13;14;14;13;0;14;14;14;13;14;14;15;14;14;14;15;14;14;13;15;14;14;13;13;14;14;13;14;13;15;14;14;14;14;14;14;13;13;14;14;14;14;15;15;14;15;15;14;13;13;14;14;14;13;14;14;14;13;0;13;0;13;13;13;13;13;13;13;13;13;13;13;14;14;14;14;13;13;15;14;13;13;13;14;13;13;13;13;0;0;0;13;13;0;0;0;0;13;13;0;0;0;0;0;0;0;0;0;0;0;0;0;0;0;0;0;0;0;0;0;0;0;0;0;0;0;0;0;0;0;0;0;0;13;0;0;0;0;0;0;0;0;0;0;0;0;0;0;0;0;0;0;0;0;0;0;0;0;0;0;0;0;0;0;13;0;0;0;0;0;0;0;0;0;0;0
0;0;0;0;0;0;0;13;0;0;0;0;0;13;13;0;0;0;0;0;0;0;0;0;0;0;0;13;0;0;0;0;0;0;0;13;13;0;0;0;0;0;0;0;13;13;13;13;13;14;13;0;13;13;14;14;13;14;14;13;14;14;15;14;14;13;14;14;13;14;14;14;13;14;14;13;14;14;14;14;14;13;14;13;14;13;14;14;14;15;14;13;14;14;14;14;15;15;14;14;14;15;15;14;13;14;15;14;14;14;15;15;14;13;13;0;0;13;13;0;13;13;13;13;14;14;15;13;14;14;13;14;14;14;14;14;14;14;14;14;14;14;13;13;0;0;0;0;0;0;0;0;0;13;0;0;0;13;0;0;0;0;0;0;0;0;0;0;0;0;0;0;0;0;0;0;0;0;0;0;0;0;0;0;0;13;0;0;0;0;0;13;0;0;0;0;0;0;0;0;0;0;0;0;0;0;0;0;0;0;0;13;0;0;0;0;0;0;0;0;0;0;0;13;0;0;0;0;13;0;0
0;0;0;0;0;0;0;0;0;0;0;0;0;0;0;0;0;0;0;0;0;0;0;0;0;0;0;0;0;0;0;0;0;0;0;0;0;0;0;0;0;0;0;0;13;13;13;13;13;13;13;13;13;13;14;14;13;13;0;14;14;13;14;13;13;14;14;15;15;13;14;15;14;14;13;0;13;13;13;14;13;13;13;13;13;13;14;14;14;14;14;14;13;14;13;14;15;15;13;14;14;14;14;14;13;14;14;14;14;14;14;15;14;13;13;14;13;14;13;14;13;14;13;14;15;14;14;13;15;15;14;14;14;14;14;14;14;14;0;13;13;13;0;13;13;0;0;13;13;13;0;0;0;0;0;0;0;0;0;0;0;0;0;0;0;0;0;0;0;0;0;0;0;0;0;0;0;0;0;0;0;0;0;0;0;0;0;0;0;0;0;0;0;0;0;0;0;0;0;0;0;0;0;0;0;0;0;0;0;0;0;0;0;0;0;0;0;0;0;0;0;0;0;0;0;0;0;0;13;0;0
0;0;0;0;0;0;0;0;0;0;0;0;0;0;0;0;0;0;0;13;0;0;0;0;0;0;13;0;0;0;0;0;0;0;0;0;0;0;0;0;0;0;0;0;13;13;13;13;13;14;0;13;14;13;13;14;13;13;13;14;14;13;13;14;14;14;16;14;14;14;14;15;14;13;14;13;13;13;13;13;13;13;13;0;0;13;14;14;15;14;14;13;13;13;14;14;14;14;15;15;15;14;13;13;13;14;14;14;15;15;14;15;15;15;15;13;13;13;13;13;13;14;14;14;14;13;14;14;14;14;14;14;15;14;14;14;14;14;14;14;13;13;13;13;13;13;13;13;0;13;0;0;0;0;0;0;0;0;0;0;0;0;0;0;0;0;0;0;0;0;0;13;0;0;0;0;0;0;0;0;0;0;0;0;0;0;0;0;13;0;0;0;13;0;0;0;0;0;0;0;0;0;0;0;0;0;0;0;0;0;0;0;0;0;0;0;0;0;0;0;0;0;0;0;0;0;0;0;0;0;0
0;0;0;0;0;0;0;0;0;0;0;0;0;0;0;0;0;0;0;0;0;0;0;0;0;0;0;0;0;0;0;0;0;0;0;0;0;0;0;0;0;0;0;0;0;13;13;0;0;13;13;13;14;13;13;15;13;14;13;13;13;13;13;14;14;14;15;14;15;14;14;14;14;14;13;13;13;14;14;13;14;14;14;13;13;13;13;14;14;14;14;14;14;13;14;14;15;14;15;13;14;14;14;14;13;13;14;14;14;15;15;16;15;15;15;14;13;13;14;14;14;14;13;13;13;13;14;15;14;13;14;14;14;14;15;15;15;14;14;14;14;14;14;13;13;13;0;13;13;13;0;0;0;0;0;0;0;0;0;0;0;0;0;0;0;0;0;13;0;0;0;0;0;0;13;0;0;0;0;0;0;0;0;0;0;13;0;0;0;0;0;0;0;0;0;0;0;0;0;0;0;0;0;0;0;0;0;0;0;0;0;0;0;0;0;0;0;0;0;0;0;0;0;0;0;0;0;0;0;0;0
0;0;0;0;0;0;0;0;0;0;0;0;0;0;0;0;0;0;0;0;0;0;0;0;0;0;0;0;0;0;0;0;0;0;0;0;0;13;0;0;13;0;0;0;0;0;13;13;14;13;13;0;13;13;13;14;14;14;14;13;13;13;14;14;15;15;14;14;14;14;14;15;14;15;14;14;13;13;13;13;14;13;13;13;13;13;14;14;13;14;13;13;14;13;13;14;14;14;14;14;14;14;14;14;14;14;14;14;14;15;15;15;14;15;15;15;14;14;14;13;13;14;14;14;14;14;13;15;14;14;13;13;14;15;15;14;14;15;14;14;14;14;14;13;14;14;13;13;13;0;0;0;0;0;0;0;0;0;0;0;0;0;0;0;0;0;0;0;0;0;0;0;0;13;0;0;0;0;0;0;0;0;0;0;0;0;13;0;0;0;0;0;0;0;0;0;0;0;0;0;0;0;0;0;0;0;0;0;0;0;0;0;0;0;0;0;0;0;0;0;0;0;0;0;0;0;0;0;0;0;0
0;0;0;0;0;0;0;0;0;0;0;0;0;0;0;0;0;0;0;0;0;0;0;0;0;0;0;0;0;0;0;0;0;0;0;0;0;0;0;0;0;0;0;0;0;0;0;13;13;13;13;0;13;14;13;14;13;14;13;13;14;14;15;13;14;15;15;14;14;14;14;15;15;15;14;14;13;14;13;14;14;13;13;13;14;13;13;14;14;14;15;14;13;0;13;14;14;13;14;14;13;14;14;14;14;14;14;15;14;15;15;15;15;15;15;15;14;13;0;13;14;14;14;14;14;13;14;14;14;14;13;13;14;14;14;15;15;15;16;14;14;13;13;14;14;15;14;13;13;0;0;13;0;0;0;13;0;0;0;0;0;0;0;0;0;0;0;0;0;0;0;0;0;0;0;0;0;0;0;0;0;0;0;0;0;0;0;0;0;13;0;0;0;0;0;0;0;0;0;0;0;0;0;0;0;0;0;0;0;0;0;0;0;0;0;0;0;0;0;0;0;0;0;0;0;0;0;0;0;0;0
0;0;0;0;0;0;0;0;0;0;0;0;0;0;0;13;0;0;0;0;0;0;13;0;0;0;0;13;0;13;0;0;13;0;0;0;0;0;0;0;0;0;0;0;0;0;13;0;0;13;13;13;14;14;13;14;14;13;13;13;14;13;14;15;14;14;15;15;15;14;15;15;14;15;14;15;14;13;13;14;14;14;13;14;13;13;14;14;13;13;14;14;14;13;13;13;14;14;14;14;15;13;14;14;14;15;15;15;15;14;15;15;15;15;15;14;14;14;13;13;14;14;15;15;15;14;15;14;14;14;14;13;14;14;15;15;15;14;15;15;16;14;14;14;14;14;14;14;0;0;0;13;0;13;0;0;0;0;0;0;13;0;13;13;0;0;0;0;0;0;0;0;0;0;0;0;0;0;0;0;0;0;0;0;0;0;0;0;0;0;0;13;0;0;0;0;0;13;0;0;0;0;0;0;0;0;0;0;0;0;0;0;0;0;0;0;0;0;0;0;0;0;0;0;0;0;0;0;0;0;0
0;0;0;0;0;0;0;0;0;0;0;0;0;0;0;0;0;0;0;0;0;0;0;0;0;0;0;13;0;0;0;13;0;0;0;0;0;0;0;0;0;0;0;13;0;0;0;13;13;13;14;14;13;13;0;14;14;14;14;13;13;14;13;14;14;14;15;14;15;14;14;15;14;15;14;15;15;14;15;14;14;13;14;14;14;14;14;14;14;14;14;15;15;13;13;13;13;13;13;13;14;14;13;13;14;15;14;14;14;15;15;15;15;15;15;14;15;14;14;15;14;14;15;15;14;14;15;15;14;14;13;14;14;14;14;14;15;15;15;15;14;14;14;15;14;14;14;13;13;13;0;0;0;13;0;0;0;13;0;0;0;0;0;0;0;13;13;13;0;0;0;0;0;0;0;0;0;0;0;0;0;0;0;0;0;0;0;0;0;0;0;13;0;0;0;0;0;13;0;0;0;0;0;13;0;0;0;0;0;0;0;0;0;0;0;0;0;0;0;0;0;0;0;0;0;0;0;0;0;0;0
0;0;0;0;0;0;0;0;0;0;0;0;0;0;0;0;0;0;13;0;0;0;0;0;0;0;0;0;0;0;0;13;0;0;0;13;13;13;0;0;13;0;0;0;0;0;0;13;13;0;13;13;14;13;13;13;13;13;14;14;13;13;13;13;14;14;15;14;14;14;14;14;15;15;14;14;15;13;14;15;14;14;14;14;14;13;13;14;14;14;14;14;14;13;14;13;13;13;14;13;13;14;13;13;13;14;13;13;14;15;15;15;15;15;15;14;14;15;15;15;15;15;14;14;14;15;15;15;13;14;14;14;14;14;14;14;14;15;15;14;14;13;13;14;14;14;13;13;13;13;13;0;13;13;0;0;0;0;0;0;0;0;0;0;0;0;13;0;0;0;0;0;13;0;0;0;0;0;0;0;0;0;0;0;0;0;0;0;0;0;0;0;0;13;0;0;13;0;0;0;0;0;0;0;0;0;0;0;0;0;0;0;0;0;0;0;0;13;0;0;0;0;0;0;0;0;0;0;0;0;13
0;0;0;13;0;0;0;0;0;0;0;13;0;0;0;0;0;0;0;0;0;0;0;0;0;0;13;0;0;13;0;0;0;13;0;0;13;0;0;0;0;0;0;0;0;0;0;13;13;13;0;0;13;13;13;13;14;14;14;14;15;13;13;13;13;13;14;14;14;14;14;14;15;15;15;14;13;15;14;14;15;14;15;15;14;14;14;15;14;14;15;16;14;14;14;13;13;0;0;13;15;13;14;14;14;14;13;14;13;14;14;15;15;15;15;15;14;15;14;14;15;15;15;15;15;15;15;15;14;15;15;14;15;14;14;15;15;15;14;14;15;15;15;14;14;14;13;13;14;13;13;0;0;13;13;0;0;0;0;0;0;0;0;0;0;0;0;0;0;0;0;0;0;0;0;0;0;0;13;0;0;0;0;0;0;0;0;0;0;0;0;0;0;0;0;0;0;0;0;0;0;0;0;0;0;0;0;0;0;0;0;0;0;0;0;0;0;0;0;0;0;0;0;0;0;0;0;0;0;0;0
0;0;0;0;0;13;13;0;0;0;0;0;0;0;13;0;0;0;0;0;0;0;0;0;0;0;0;0;0;0;0;0;0;0;0;0;0;0;0;0;0;0;0;0;0;0;0;0;13;13;0;0;13;13;13;14;13;14;13;13;14;13;13;14;14;13;14;14;15;16;16;15;16;15;14;13;14;14;14;14;15;14;15;15;14;14;15;14;14;15;15;14;14;14;14;14;15;13;14;13;14;14;14;13;14;13;13;13;14;14;15;14;14;16;15;15;14;16;15;14;15;16;16;16;16;15;15;15;15;16;16;15;14;14;14;15;15;13;14;15;15;15;15;15;14;14;14;14;13;0;0;0;0;13;0;0;0;0;0;0;0;0;0;0;0;0;0;0;0;0;0;0;0;0;0;0;0;0;0;0;0;0;0;0;0;0;0;0;0;0;0;0;0;0;0;0;0;0;0;0;0;13;0;0;0;0;0;13;0;0;0;0;0;0;0;0;0;0;0;0;0;0;0;0;0;0;0;0;0;0;0
0;0;0;0;0;0;13;0;0;0;0;0;0;0;0;0;0;0;0;0;0;0;0;0;13;0;0;0;0;0;0;0;0;13;13;0;0;0;0;0;0;0;0;0;13;0;0;0;13;14;13;13;13;13;13;13;13;14;14;14;14;14;14;14;14;14;15;15;16;15;16;15;15;15;14;15;14;14;14;15;15;15;15;15;15;16;16;14;14;15;15;14;14;15;15;15;13;13;14;13;14;14;13;13;13;13;13;13;14;14;14;13;14;15;15;14;15;16;15;15;15;15;15;15;16;16;16;15;15;15;15;15;15;15;15;15;14;14;15;17;15;15;14;14;14;14;13;14;13;13;0;0;0;0;0;0;13;0;0;0;0;0;0;0;0;13;0;0;0;0;0;0;0;0;0;0;0;0;0;13;0;0;0;0;0;0;0;0;0;0;0;0;0;0;0;0;13;0;0;0;0;0;0;0;0;0;0;13;0;0;0;0;0;0;0;0;0;0;0;0;0;0;0;0;0;0;0;0;0;0;0
0;0;0;0;0;0;0;0;0;0;0;0;0;0;0;0;0;0;0;0;0;0;0;0;0;0;0;0;0;0;0;0;13;0;0;0;0;0;0;0;0;0;13;0;0;13;0;0;13;14;13;13;13;0;0;0;13;14;14;13;14;13;14;14;13;14;15;14;15;15;14;15;15;15;14;14;14;14;14;15;14;14;14;15;15;16;16;15;15;15;17;15;15;15;15;16;15;14;14;14;14;14;14;14;0;13;13;13;13;13;13;14;13;13;13;15;15;15;15;15;15;15;15;15;16;17;16;15;16;14;15;16;14;15;16;15;14;15;16;15;15;14;14;15;14;14;13;14;14;14;13;13;0;0;0;0;13;0;0;0;0;0;0;13;0;0;13;0;0;0;0;0;0;0;0;0;0;0;0;0;0;0;0;13;0;0;0;0;0;0;13;13;0;0;0;0;0;0;0;0;0;0;0;0;0;0;0;0;0;0;0;0;0;0;0;0;0;0;0;0;0;0;0;0;0;0;0;0;0;0;0
0;0;0;0;0;0;0;0;0;0;0;0;0;0;0;0;0;0;0;0;0;0;13;0;0;0;0;0;0;0;0;0;0;0;0;13;0;0;0;0;13;0;0;0;0;14;14;13;13;0;0;13;13;13;13;13;14;14;14;13;13;13;13;13;13;14;14;14;14;14;14;15;15;15;15;14;15;14;14;14;14;14;14;14;14;14;14;15;16;14;16;15;14;16;16;16;16;15;15;14;15;15;15;14;14;14;14;14;13;13;14;14;0;14;13;13;15;15;15;15;15;15;15;14;15;15;16;15;15;15;15;15;15;16;15;15;15;15;15;15;16;15;15;15;14;14;14;14;14;13;0;14;13;0;0;13;13;0;0;0;0;0;0;0;0;0;0;0;0;0;0;0;0;0;0;0;0;0;0;0;0;0;0;0;0;13;0;0;0;0;13;0;0;0;0;0;0;0;0;0;0;0;0;0;0;0;0;0;0;0;0;0;0;0;0;0;0;0;0;0;0;0;0;0;0;13;0;0;0;0;0
0;0;0;0;0;0;0;0;0;0;0;0;0;0;0;0;0;0;0;0;0;0;13;0;0;0;0;0;0;0;0;0;0;0;0;0;0;0;0;0;0;0;0;13;13;14;13;13;13;13;13;0;13;13;13;14;14;13;13;14;14;13;14;13;13;13;14;15;15;14;14;15;16;15;15;15;15;14;14;13;13;14;14;14;14;14;14;14;15;14;14;14;14;16;16;16;14;15;15;15;15;15;16;15;15;14;14;14;14;14;14;14;14;14;13;13;13;14;14;14;14;15;15;14;15;15;16;17;16;16;15;16;15;15;16;14;14;16;15;15;16;14;15;15;14;15;15;14;14;14;14;0;13;13;0;0;0;13;13;0;0;0;0;0;0;0;0;0;0;0;0;0;0;0;0;0;0;0;0;0;0;0;0;0;0;13;0;0;0;0;13;0;0;0;0;0;0;0;0;0;0;0;0;0;0;0;0;0;0;0;13;0;0;0;0;0;0;0;0;0;0;0;0;0;0;0;0;0;0;0;0
0;0;0;0;13;0;0;0;0;0;0;0;0;0;0;0;0;0;0;0;0;0;13;0;0;0;0;0;0;0;0;0;0;0;0;0;0;0;0;0;0;0;0;13;13;0;0;0;0;13;13;13;0;13;14;14;14;14;13;13;13;13;14;13;13;13;13;14;15;15;15;15;15;16;15;15;15;13;14;13;13;14;14;13;15;14;14;14;14;14;14;13;14;15;14;16;15;15;15;15;15;16;16;15;14;14;14;14;14;14;14;14;14;14;14;14;14;14;14;14;14;16;14;15;16;15;16;16;16;16;16;17;15;15;16;15;15;15;15;15;15;14;15;15;14;14;15;15;15;13;13;13;13;13;0;0;0;0;13;0;0;0;0;0;0;13;0;0;0;0;0;0;0;0;0;0;0;0;0;0;0;0;0;0;0;0;0;0;0;0;0;0;0;0;0;0;0;0;0;13;0;0;0;0;0;0;0;0;0;0;13;0;0;0;0;0;0;0;0;0;13;0;0;0;0;0;0;0;0;0;0
0;13;13;0;0;0;0;0;0;0;0;0;13;0;0;13;0;0;0;0;0;0;0;0;0;0;0;0;0;13;0;0;0;0;0;0;0;0;0;0;0;0;0;0;0;0;0;13;0;13;13;14;13;13;13;13;13;13;13;13;13;13;14;14;14;13;14;14;14;15;15;14;14;14;15;14;14;15;15;14;14;14;14;14;14;14;14;15;14;14;15;14;14;15;16;15;14;15;15;15;14;14;15;15;15;14;15;15;14;14;14;14;14;14;14;14;13;14;14;14;14;14;14;15;16;16;16;16;15;15;16;15;15;16;16;16;16;15;16;16;15;15;14;15;14;14;15;14;14;13;14;14;13;0;0;0;13;13;13;13;13;13;0;0;0;0;0;0;0;0;13;0;0;0;0;0;0;0;0;0;0;0;0;0;0;0;0;0;0;0;0;0;0;0;0;0;0;0;0;0;0;13;0;0;0;0;0;0;0;0;0;0;0;0;0;0;0;0;0;0;0;0;0;0;0;13;0;0;0;0;0
0;0;0;0;0;0;0;0;0;0;0;0;0;0;0;0;0;0;0;0;0;0;0;0;0;0;0;0;0;0;0;0;0;0;0;0;0;0;0;0;0;0;0;0;0;13;0;0;0;13;13;14;13;13;13;13;13;13;13;13;13;13;14;13;13;13;14;15;14;14;14;14;14;14;14;15;15;15;15;15;14;14;13;14;14;13;14;14;15;14;15;15;14;14;15;15;15;15;15;15;15;14;15;14;15;15;16;15;14;14;14;14;14;14;14;14;15;15;14;13;14;14;14;14;15;15;14;16;15;15;16;15;15;15;16;16;16;15;15;15;15;16;15;16;15;15;14;14;14;14;14;13;13;13;13;13;13;0;0;0;0;0;0;0;0;0;13;0;0;0;0;13;0;0;0;0;0;0;0;0;0;0;0;0;0;0;0;0;0;0;0;0;0;0;13;13;0;0;0;0;0;0;0;0;0;0;0;0;0;0;13;13;0;0;0;0;0;0;0;0;0;0;13;0;0;0;0;0;0;0;0
0;0;0;0;0;0;0;0;0;0;0;0;0;0;0;0;0;0;0;0;0;0;0;0;0;0;0;0;0;13;0;14;0;0;0;0;0;0;0;0;0;0;0;0;0;0;0;0;13;13;13;0;13;13;13;13;14;13;13;13;14;13;14;13;13;14;13;14;14;14;13;14;15;15;15;15;15;16;15;13;14;15;15;14;14;13;14;14;14;13;14;15;14;15;14;14;15;14;15;15;15;15;14;15;15;14;14;15;14;15;15;15;14;14;14;14;14;15;14;13;14;14;14;14;15;16;15;15;15;15;14;14;14;15;16;14;16;16;15;15;15;15;16;15;15;16;14;15;14;14;14;13;14;13;13;0;13;0;0;13;0;0;0;0;0;0;0;0;0;0;0;0;0;0;0;0;0;0;0;0;0;0;0;0;0;0;0;0;0;0;0;0;0;0;0;0;0;0;0;0;0;0;0;0;0;0;0;0;0;0;0;0;0;0;0;0;0;0;0;0;0;0;0;0;0;0;0;0;0;0;0
0;0;0;0;0;0;0;0;0;0;0;0;0;0;0;0;0;0;0;0;0;0;13;0;0;0;13;0;0;13;0;0;0;0;0;0;0;13;0;0;0;0;0;0;0;0;13;13;14;13;13;13;13;14;13;13;0;13;13;14;14;13;13;13;13;14;14;13;14;15;14;14;15;15;16;15;15;15;15;14;14;15;15;14;14;14;15;15;14;14;14;14;14;14;14;13;14;15;14;14;14;14;14;14;15;14;14;14;16;15;15;14;15;16;16;16;15;15;15;15;15;15;15;15;15;14;15;15;15;15;15;15;15;15;15;15;15;15;15;15;15;16;15;15;15;15;14;15;14;14;14;13;14;0;13;13;13;13;13;0;0;0;0;0;0;0;0;0;0;13;0;0;13;0;0;13;0;0;0;0;0;0;0;0;0;0;0;0;0;0;0;0;0;0;0;0;13;0;0;0;0;0;0;0;0;0;0;0;13;0;0;0;0;0;0;0;0;0;0;0;0;0;0;0;0;0;0;0;0;0;0
0;0;0;0;0;0;0;0;0;0;0;0;13;0;0;0;0;0;0;0;0;0;0;13;0;0;0;0;0;0;0;0;13;0;0;0;0;0;0;0;0;0;0;0;0;0;0;0;13;13;13;14;13;13;13;13;13;14;14;13;13;13;14;13;14;14;14;13;14;15;15;15;15;15;15;14;14;14;15;14;14;14;15;15;14;14;14;14;14;14;14;14;15;14;14;13;15;14;14;14;15;14;14;13;14;15;14;14;14;15;15;15;16;15;15;15;15;15;15;16;15;15;15;16;15;15;15;15;15;15;15;15;15;15;16;15;15;17;15;15;16;16;16;16;14;15;15;14;15;15;14;15;14;0;13;0;13;13;0;0;13;13;0;0;0;0;0;13;0;0;0;0;0;0;0;0;0;0;0;0;0;0;0;0;0;0;0;0;0;0;0;0;0;0;13;0;0;0;0;0;0;13;0;0;0;0;0;0;0;0;0;0;13;0;0;0;0;0;0;0;0;0;0;0;0;0;0;0;0;0;0
0;0;0;0;0;0;0;13;0;0;0;0;13;0;0;0;0;13;13;0;0;13;0;0;0;0;0;0;0;0;0;0;13;0;0;13;0;0;0;0;0;13;0;0;0;0;0;0;0;13;0;13;14;13;13;13;13;13;13;13;13;13;0;13;13;13;13;14;15;15;14;14;14;15;14;15;15;14;14;15;15;14;14;13;14;14;15;14;14;14;14;14;15;15;14;13;14;14;14;15;15;14;14;13;13;14;15;14;14;14;15;15;16;16;15;15;15;16;15;15;16;16;15;15;15;15;14;15;15;15;14;15;15;16;15;15;15;15;15;15;16;16;15;16;15;15;15;14;14;14;14;13;14;13;14;0;13;13;0;0;0;0;0;0;0;0;0;0;0;0;0;0;13;0;0;0;0;0;0;0;0;0;0;0;0;0;0;0;0;0;0;0;0;0;0;0;0;0;0;0;0;0;0;0;0;0;0;13;0;0;0;0;13;0;0;0;0;0;0;0;0;0;0;0;0;0;0;0;0;0;0
0;0;0;0;0;0;0;0;0;0;0;0;0;0;0;0;0;0;0;0;0;0;0;0;0;0;0;0;0;0;0;0;0;0;0;0;13;13;13;0;0;0;0;13;0;13;14;0;0;13;0;13;14;13;13;13;13;0;13;13;13;14;13;13;13;13;13;14;13;14;13;15;16;15;14;15;15;14;15;15;14;13;13;13;14;14;14;14;14;14;14;13;15;15;15;13;14;15;14;14;15;13;14;14;13;14;15;14;13;14;15;14;14;15;15;16;15;15;15;15;16;15;15;14;15;14;14;15;15;15;15;14;15;15;14;15;15;15;14;15;15;15;15;16;15;14;14;14;14;14;14;13;13;13;13;0;13;13;13;0;0;0;0;0;0;0;0;0;0;13;0;0;13;0;0;0;0;0;0;0;0;0;0;0;0;0;0;0;0;0;0;0;0;0;0;0;0;0;0;0;0;0;0;0;0;0;0;0;0;0;0;0;13;0;0;0;0;0;0;0;0;0;0;0;0;13;0;0;0;0;0
0;0;0;0;0;0;0;0;0;0;0;0;0;0;0;0;0;0;0;13;0;0;0;0;0;0;0;0;0;13;0;0;0;0;0;0;13;13;13;0;0;0;13;0;0;0;0;0;0;13;0;13;13;14;13;13;13;14;14;13;14;13;13;13;13;13;14;14;13;14;14;15;15;14;14;15;15;15;14;14;13;13;14;14;14;13;14;14;14;14;14;15;15;14;14;14;14;14;15;15;15;15;15;14;13;13;14;14;13;14;14;15;14;14;14;14;15;15;16;16;16;15;15;15;15;15;16;16;16;16;15;15;15;15;14;14;13;15;15;15;15;15;16;16;15;14;14;13;14;14;14;13;13;13;13;13;13;13;0;0;0;0;0;0;0;0;0;0;0;0;0;13;0;0;13;0;0;0;0;0;0;0;0;0;0;13;0;13;0;0;0;0;0;0;0;0;0;0;0;0;0;0;0;0;0;0;0;0;0;0;0;0;13;0;0;0;0;0;0;0;0;0;0;0;0;13;0;0;0;0;0
0;0;0;0;0;0;0;0;0;0;0;0;0;0;0;0;0;0;0;0;0;0;0;0;0;0;0;0;0;0;0;0;0;0;13;0;0;13;0;13;0;0;0;0;0;0;0;13;14;13;13;13;14;14;13;0;13;14;14;13;14;14;14;13;13;13;14;14;13;14;14;14;14;14;14;14;14;14;14;14;14;14;15;14;13;13;14;14;14;13;15;16;15;14;14;14;15;15;16;16;16;15;14;15;14;14;14;14;14;14;15;15;15;14;14;14;15;15;15;15;15;16;16;15;15;16;16;15;15;16;14;15;16;16;15;14;14;15;15;15;16;16;16;17;15;14;15;14;15;14;13;14;14;14;13;13;13;0;13;0;0;0;0;0;0;0;0;0;0;0;0;0;0;0;0;0;0;0;0;0;0;0;0;0;0;0;0;0;0;0;0;0;0;0;0;0;0;0;0;0;0;0;0;0;0;0;0;0;0;0;0;0;13;0;0;0;13;0;0;0;0;0;0;0;0;0;0;0;0;0;0
0;0;0;0;0;0;0;0;0;0;0;0;0;0;0;0;0;0;0;0;0;0;0;0;0;0;0;0;0;0;0;0;0;0;14;13;0;0;0;0;0;0;0;0;13;0;0;0;0;0;13;14;13;13;0;13;13;13;13;13;13;13;13;0;0;13;14;14;13;14;13;14;15;15;14;15;14;14;15;15;14;14;14;14;13;13;15;15;13;14;14;15;14;14;14;14;15;16;16;15;15;15;15;14;14;15;14;14;13;14;14;14;16;15;14;14;14;14;14;15;16;16;16;15;14;15;16;16;15;16;16;15;15;15;14;15;15;15;15;15;15;15;15;16;15;15;15;14;15;14;14;13;14;13;13;0;0;0;0;13;13;13;13;0;0;0;0;0;0;0;0;0;0;0;0;0;0;0;0;0;0;0;0;0;0;0;0;0;0;0;0;0;0;0;0;0;0;0;0;13;0;0;0;0;0;0;0;0;0;0;0;0;0;0;0;0;0;0;0;0;0;0;0;0;0;0;0;0;0;0;0
0;0;0;0;0;0;0;0;13;0;0;0;0;13;0;0;0;0;0;0;0;0;0;0;0;0;0;0;0;0;0;0;0;0;0;0;0;0;0;13;0;0;0;13;13;0;0;0;0;13;13;13;13;0;13;13;14;14;14;14;13;13;13;0;13;13;14;14;14;14;13;14;15;14;14;14;14;14;15;15;15;14;13;14;14;14;15;14;14;14;14;14;14;14;13;14;15;15;15;14;14;15;15;15;15;16;14;14;15;14;13;13;14;14;14;14;14;14;15;15;15;16;15;15;15;14;15;15;16;15;15;16;16;15;14;16;15;15;15;15;14;15;15;15;14;14;14;14;13;13;14;13;14;13;13;14;13;0;0;0;13;0;0;0;0;13;0;0;0;13;13;0;0;0;0;0;0;0;0;0;0;0;0;0;0;0;0;0;0;0;0;0;0;0;0;0;0;0;0;0;0;0;0;0;0;0;0;0;0;0;0;0;0;0;0;0;0;0;0;0;0;0;13;0;0;0;0;0;0;13;0
0;0;0;0;0;0;0;0;0;0;0;0;0;0;0;0;0;0;0;0;0;0;0;0;0;0;0;0;0;0;0;0;0;13;0;13;0;13;0;0;0;0;0;0;13;13;0;0;13;0;13;13;0;0;13;13;14;13;13;14;14;14;13;13;13;13;13;13;14;13;14;14;15;14;13;13;14;14;14;14;14;14;13;13;14;14;14;14;14;15;14;14;14;14;13;14;14;15;15;15;14;15;16;15;14;14;14;14;14;14;14;14;14;14;14;15;15;15;15;16;14;15;15;15;14;15;16;15;16;16;15;16;16;15;16;16;16;16;15;15;13;14;15;14;15;15;14;16;13;13;13;13;14;14;13;13;0;0;0;0;0;0;0;0;13;0;0;13;13;13;0;0;0;13;0;0;0;0;0;0;0;0;13;0;0;0;0;0;0;0;0;0;0;13;0;0;0;0;0;0;0;0;0;0;0;0;0;0;0;0;0;0;0;0;0;0;0;0;0;0;0;0;0;0;0;0;0;0;0;0;0
0;0;0;0;0;0;0;0;0;0;13;0;0;0;0;0;0;0;0;0;0;0;0;0;0;0;0;0;0;0;0;13;0;13;0;13;0;0;0;0;0;0;0;0;0;0;0;13;0;13;13;13;13;13;13;13;14;14;14;14;14;14;14;14;13;13;13;13;13;14;13;13;13;13;13;13;14;13;13;14;14;14;15;13;13;13;13;13;13;14;14;14;14;14;13;14;14;14;15;14;15;15;15;15;14;14;14;15;14;15;14;14;14;15;14;15;15;16;15;15;15;15;15;14;15;15;16;16;16;16;15;15;16;15;16;16;15;15;15;16;14;14;15;15;15;15;15;14;13;14;14;13;13;13;13;13;13;13;13;0;0;0;0;0;13;13;0;0;0;0;0;0;0;0;0;0;13;0;0;0;0;0;13;0;0;13;0;0;0;0;0;0;0;13;0;0;0;0;0;0;0;0;0;0;0;0;0;0;0;0;0;0;0;0;0;0;0;0;0;0;0;0;0;0;0;0;0;0;0;0;0
0;0;0;0;0;0;0;0;0;0;0;0;0;0;0;0;0;0;0;0;0;0;0;0;0;0;0;0;0;13;0;0;0;13;0;0;13;0;0;0;0;0;0;0;0;0;13;0;0;13;0;13;14;14;13;13;0;13;14;13;13;14;14;14;13;13;0;13;0;13;14;0;13;13;14;14;14;14;14;14;14;14;15;13;13;13;13;13;14;14;15;13;14;14;14;13;14;15;14;14;15;15;14;14;15;14;14;15;15;14;14;15;15;15;14;16;16;15;14;15;15;14;14;14;14;15;15;14;16;16;15;15;15;15;15;15;15;15;14;15;15;15;15;15;15;15;14;14;14;0;13;13;0;13;13;0;0;0;13;0;0;0;0;0;0;13;0;0;13;13;0;0;13;0;13;13;0;0;0;0;0;0;0;0;0;0;0;0;0;0;0;0;0;0;0;0;0;13;0;0;0;0;0;0;0;0;0;0;0;0;0;0;0;0;0;0;0;0;0;0;0;0;0;0;0;13;0;0;0;0;0
0;0;0;0;0;0;0;0;0;0;0;0;0;13;0;0;0;0;0;0;0;0;0;0;0;0;0;0;0;0;0;0;0;0;0;0;0;0;0;13;0;0;0;13;0;0;0;13;13;14;13;13;13;0;0;13;13;0;13;13;13;13;13;14;0;13;13;14;13;14;13;13;14;14;14;14;14;13;14;14;14;14;15;13;13;13;14;13;14;13;13;13;13;13;14;14;14;14;14;14;14;15;15;16;15;14;14;14;14;14;14;15;15;15;15;15;15;15;14;14;15;14;14;14;14;14;15;15;15;15;15;15;15;14;15;15;17;14;15;15;15;15;15;15;14;15;14;15;14;13;13;13;13;13;0;0;13;0;0;0;0;0;0;0;0;0;0;0;0;0;0;0;0;0;0;0;0;0;0;0;0;0;0;0;0;0;0;0;0;0;0;0;0;0;0;0;0;0;0;0;0;0;0;0;0;0;0;0;0;0;0;0;0;0;0;0;0;0;0;0;0;0;0;0;0;0;0;0;0;0;0
0;0;0;0;0;0;0;0;0;0;0;0;0;0;0;0;0;0;0;0;13;0;0;13;13;0;0;0;0;0;0;0;0;0;0;13;0;0;0;0;0;13;0;0;0;0;0;0;13;13;13;0;0;0;0;13;13;13;13;13;13;13;0;14;13;14;13;13;13;14;13;13;13;13;13;14;14;14;14;14;14;14;13;14;14;14;13;13;13;13;13;14;14;14;14;15;15;14;14;14;14;15;15;16;15;15;15;14;14;14;13;14;13;14;15;15;14;15;15;15;15;14;14;13;14;14;14;16;15;15;15;15;16;16;14;14;15;15;15;15;15;15;15;15;14;15;14;14;13;13;0;13;13;13;0;0;13;0;0;0;0;0;0;0;0;0;0;0;0;0;0;0;0;0;0;0;0;0;0;0;0;0;13;0;0;0;0;0;0;0;0;0;0;0;0;0;13;0;0;0;0;0;0;0;0;0;0;0;0;0;0;0;0;0;0;0;0;0;0;0;0;0;0;0;0;0;0;0;0;0;0
0;0;0;14;0;0;0;0;0;0;0;0;0;0;0;0;0;0;0;0;0;13;0;13;0;0;0;0;0;0;0;0;0;0;13;13;0;0;0;0;13;0;0;0;0;13;0;0;13;0;13;13;0;0;0;13;13;13;13;13;14;13;13;13;0;13;13;13;13;13;13;13;13;13;13;13;14;14;14;14;13;14;14;14;14;14;14;13;14;14;13;15;14;14;13;14;14;15;14;14;14;15;15;14;15;14;14;15;13;14;14;14;13;14;14;15;15;15;15;15;15;15;14;14;14;15;14;15;15;16;16;15;15;15;14;14;15;15;14;17;15;14;14;14;14;15;14;13;14;14;13;13;13;13;0;0;13;0;0;13;13;0;0;0;0;0;0;0;0;0;0;0;0;13;0;0;0;0;0;0;0;0;13;0;0;0;0;13;0;0;0;0;0;0;0;0;0;0;0;0;0;0;0;0;0;0;0;0;0;0;0;0;0;0;13;0;0;0;0;0;0;0;0;0;0;0;0;0;0;0;0
0;0;0;0;0;0;0;0;13;0;0;0;0;0;0;0;0;0;0;13;0;0;0;0;0;0;0;0;0;0;0;0;0;0;0;0;0;0;0;0;0;0;0;0;0;13;0;0;0;0;13;13;0;13;13;13;13;13;13;13;13;13;13;0;13;13;13;0;13;13;13;13;13;13;14;13;14;15;14;14;14;14;14;14;15;15;14;13;14;14;13;14;14;14;13;14;14;14;16;15;15;15;15;14;14;14;14;13;15;14;14;15;14;14;15;15;15;15;15;15;15;14;14;14;14;14;14;16;15;16;16;16;16;15;14;14;15;15;15;15;16;15;15;14;14;14;14;14;14;14;13;13;13;13;0;0;0;0;13;13;13;0;0;0;0;0;0;0;13;0;0;0;0;13;0;0;0;0;0;0;0;13;13;0;0;0;0;13;0;0;0;0;0;0;0;0;0;0;0;0;0;0;0;0;0;0;0;0;0;0;0;0;13;0;0;13;0;0;0;0;0;0;0;0;0;0;0;0;0;0;0
13;0;0;0;0;0;0;0;0;0;0;0;0;0;0;0;0;0;0;0;0;0;0;0;0;0;0;0;0;0;13;0;0;0;0;0;0;0;0;13;0;0;0;0;0;13;13;13;0;0;13;14;13;13;0;0;13;14;14;13;13;13;13;0;0;13;13;13;0;0;13;13;14;14;13;13;13;14;14;14;13;13;14;15;14;15;13;13;13;13;13;14;13;13;14;14;14;14;15;14;15;15;14;14;14;14;15;13;14;14;13;14;14;15;15;15;15;15;16;15;15;15;15;15;14;14;15;15;15;14;14;16;16;16;16;15;15;16;15;15;16;15;15;15;15;15;14;14;14;13;13;0;13;13;13;0;0;0;0;0;0;0;0;0;0;0;0;0;0;0;0;0;0;0;0;0;0;0;0;0;0;0;0;0;0;0;0;0;13;0;0;0;0;0;0;0;0;0;0;0;0;0;0;0;0;0;0;0;0;0;0;0;0;0;0;0;0;0;0;0;0;0;0;0;13;0;0;0;0;0;0
0;13;0;0;0;0;0;0;0;0;0;0;0;0;0;0;0;13;0;0;0;0;0;0;0;0;0;13;0;0;0;0;0;0;0;0;0;13;13;0;0;0;0;0;13;0;0;13;14;13;13;13;0;0;0;0;13;13;0;13;13;13;13;0;0;0;13;13;13;0;14;14;14;13;0;0;13;14;15;14;14;13;13;14;13;14;13;13;13;0;13;13;0;13;14;13;13;14;14;14;13;14;15;15;15;14;14;14;14;14;14;14;15;15;14;14;15;15;15;15;15;15;15;14;14;13;14;15;15;14;15;15;16;16;16;15;15;15;15;15;16;16;16;15;14;14;14;14;14;14;14;0;0;13;13;13;0;0;0;0;0;0;0;0;0;0;0;0;0;0;0;0;0;0;0;0;13;0;0;0;0;0;0;0;0;0;0;0;0;0;0;0;0;0;0;0;0;0;0;0;13;0;0;0;0;0;0;0;0;0;0;13;0;0;0;0;0;0;0;0;0;0;0;0;13;13;0;0;0;0;0
0;0;0;0;0;0;0;0;0;0;0;0;13;0;0;0;0;0;0;0;0;0;0;0;0;0;0;0;0;0;0;0;0;0;0;0;0;0;0;0;0;0;0;0;0;0;0;13;0;0;0;13;13;13;13;13;13;13;13;14;13;0;0;13;0;13;13;0;13;13;13;13;0;0;13;13;14;13;14;14;14;0;13;13;0;13;13;13;13;13;14;13;13;13;0;13;14;14;13;14;14;15;14;14;14;15;14;14;14;14;14;0;14;15;15;14;14;14;14;15;15;14;14;14;14;14;14;14;15;15;15;14;15;15;15;13;14;14;14;15;16;16;15;15;14;14;14;13;13;14;13;0;14;13;13;13;0;13;0;0;0;0;0;0;0;0;0;0;0;0;0;0;13;0;0;0;0;0;0;0;0;0;0;0;0;0;0;0;0;0;0;0;0;0;0;0;0;0;0;0;0;0;0;0;0;13;0;0;0;0;0;0;0;0;0;0;0;0;0;0;0;0;0;0;0;13;0;0;0;0;0
0;13;13;0;0;0;0;0;0;0;0;0;0;0;0;0;0;0;0;0;0;0;0;0;0;0;0;0;0;0;0;0;0;0;0;13;0;0;13;0;13;0;0;0;0;0;13;0;0;0;13;14;13;13;13;13;13;13;13;13;13;0;13;13;14;14;13;13;0;13;0;13;13;13;13;14;13;13;13;13;0;0;0;13;13;0;13;13;13;14;13;13;13;13;13;13;13;14;13;14;14;15;14;14;14;14;13;14;14;13;14;13;13;14;14;14;15;14;14;14;14;14;14;15;14;14;14;14;15;15;15;15;15;15;14;14;14;14;14;15;16;15;14;14;13;14;14;14;13;13;13;13;13;13;13;13;14;13;0;0;0;0;0;0;0;0;0;0;0;0;0;13;0;0;0;0;0;0;0;0;0;0;0;0;0;0;0;0;0;0;0;0;0;13;13;0;0;0;13;0;0;0;0;0;0;13;0;0;0;0;0;0;0;0;0;0;0;0;0;0;0;0;0;0;0;0;13;0;0;0;0
0;0;0;0;0;0;0;0;0;0;0;0;0;0;0;0;0;0;0;0;0;0;0;0;0;0;0;0;0;0;0;0;0;0;0;13;0;0;0;0;0;0;13;0;0;0;13;0;13;0;13;13;13;13;13;13;14;13;13;13;13;13;14;13;13;13;13;13;0;13;0;13;0;13;13;0;13;13;13;13;13;14;14;13;14;14;13;13;13;13;13;0;0;13;13;14;14;14;13;14;14;14;14;14;14;15;14;13;14;14;14;13;14;14;14;14;14;15;13;13;15;15;14;13;13;14;14;16;15;15;15;15;14;14;15;15;15;15;15;15;15;15;14;13;14;14;14;13;13;13;0;0;0;0;13;13;13;13;13;0;0;0;0;0;0;0;0;0;0;0;0;0;0;0;0;0;0;0;0;0;0;0;0;0;0;0;0;0;0;0;0;0;0;0;13;0;13;0;0;13;0;0;0;0;0;0;0;0;0;0;0;0;0;0;0;0;0;0;0;0;0;0;0;0;0;0;0;0;0;13;13
0;0;0;0;0;0;0;0;0;0;0;0;0;0;0;0;0;0;0;0;0;0;0;13;0;0;0;0;0;0;0;0;0;0;0;0;0;0;0;0;0;0;0;0;13;0;0;0;0;13;14;13;13;13;13;13;13;0;13;13;13;13;0;0;0;0;0;13;0;0;0;13;13;14;13;0;0;0;13;13;15;13;14;13;14;13;13;14;13;13;13;13;13;14;15;14;14;0;13;13;14;13;14;14;15;13;14;14;13;14;14;13;14;14;15;13;14;15;14;14;15;15;14;14;14;14;14;15;15;14;14;15;16;15;15;15;16;16;15;14;15;15;16;14;14;0;14;13;13;14;0;0;13;0;13;14;0;0;0;13;0;0;0;0;0;0;0;0;0;13;0;0;0;0;0;0;0;0;0;0;0;0;0;0;0;0;0;0;0;0;0;0;0;0;13;0;0;0;0;0;0;0;0;0;0;0;0;13;0;0;0;0;0;0;0;0;0;0;0;0;0;0;0;0;0;0;0;0;0;13;0
0;0;0;0;0;0;0;0;0;0;0;0;0;0;0;0;0;0;0;0;0;0;0;0;0;0;0;0;13;0;0;0;0;0;0;0;0;0;0;0;0;0;0;0;0;0;0;0;0;13;13;13;13;13;14;13;13;14;13;0;14;13;0;13;14;13;13;0;13;0;0;13;13;13;13;13;13;13;13;13;14;13;14;14;13;13;13;0;13;13;0;13;13;14;13;13;14;13;14;13;14;14;14;14;13;14;14;13;15;14;14;15;14;14;14;14;14;14;14;15;15;14;14;14;14;13;14;14;15;14;14;15;16;15;15;14;15;16;15;15;15;15;15;15;14;14;14;13;13;13;0;13;13;13;13;13;13;13;0;0;0;0;0;0;0;0;0;0;13;0;0;0;0;0;13;0;0;0;0;0;0;0;0;0;0;0;0;0;0;0;0;0;13;13;0;0;0;0;0;0;0;0;0;0;0;0;0;0;0;0;0;0;0;0;0;0;0;0;0;0;0;0;0;0;0;0;0;0;13;0;0
0;0;0;0;0;0;0;0;0;0;0;0;0;0;0;0;0;0;0;0;0;0;0;0;0;0;0;0;0;0;0;0;0;0;0;0;0;0;0;0;0;0;0;0;0;0;0;13;0;13;13;13;0;0;13;13;13;13;13;13;13;0;14;0;0;13;0;0;0;0;0;13;13;0;13;13;14;14;14;14;13;13;13;14;14;14;14;14;13;13;13;13;13;14;13;13;13;13;13;13;14;14;14;13;15;15;0;14;14;14;13;14;14;14;15;14;13;14;14;14;15;14;14;14;14;14;14;13;13;13;14;14;14;13;15;14;14;14;14;15;16;16;15;15;14;14;14;13;13;14;13;13;13;13;13;13;13;13;13;13;13;0;0;0;0;0;0;0;0;0;0;0;0;0;0;0;0;0;0;0;0;0;0;0;0;0;0;0;0;0;0;0;0;13;0;0;0;0;0;13;0;0;13;0;0;0;0;0;0;0;0;0;0;0;0;0;0;0;0;0;0;0;0;0;0;0;0;0;0;0;0
0;0;0;13;0;0;0;0;0;0;0;0;0;0;13;0;0;0;0;0;0;0;0;0;0;0;0;0;0;0;0;0;0;13;0;0;0;0;0;0;0;0;0;0;0;0;0;13;13;13;13;13;13;0;0;13;13;13;0;0;13;14;14;13;13;13;13;0;0;13;0;13;13;0;13;13;14;14;14;13;13;14;14;13;13;14;13;14;13;14;15;13;13;14;13;13;13;13;13;14;14;13;14;15;15;13;14;14;14;14;14;13;13;13;14;14;13;14;14;14;14;15;14;15;15;14;14;13;13;13;13;14;14;14;14;15;14;14;14;15;16;15;14;15;15;13;13;13;13;14;13;13;0;13;13;13;13;13;0;13;0;13;13;0;0;0;0;0;0;0;0;0;0;0;0;0;0;0;0;0;0;0;0;0;0;0;0;0;0;0;0;0;0;0;13;0;0;0;0;0;13;0;0;0;0;0;0;0;0;0;0;0;0;0;0;0;0;0;0;0;0;0;0;0;0;0;0;0;0;0;0
0;0;0;0;0;0;0;0;0;0;0;0;13;0;0;0;0;0;0;0;0;0;0;0;0;0;0;0;0;13;0;0;0;13;0;0;13;0;0;13;0;0;0;13;0;0;0;0;13;0;13;13;13;0;13;13;0;0;0;0;0;13;13;0;0;13;0;13;13;13;13;0;13;13;13;13;13;14;13;13;14;13;14;14;13;13;13;14;13;13;13;13;13;13;14;13;13;13;13;14;14;14;13;14;14;14;14;14;15;13;13;0;14;13;14;15;14;14;15;14;13;13;13;14;13;13;14;14;15;15;14;15;15;14;15;15;15;14;13;14;14;14;14;15;14;13;13;13;14;13;13;13;13;13;13;13;0;13;0;0;0;13;13;0;0;0;0;0;0;0;0;0;0;0;0;0;0;0;0;0;0;0;0;0;0;0;0;0;0;0;0;0;0;0;0;0;0;13;0;0;0;0;0;0;0;0;0;0;0;0;0;0;0;0;0;0;0;0;0;0;0;0;0;0;0;0;0;0;0;0;0
0;0;0;0;0;0;0;0;0;0;0;0;0;0;0;0;0;0;0;0;0;0;0;0;0;0;0;0;0;0;0;0;0;0;0;0;0;0;0;13;0;13;0;0;0;0;0;13;13;13;13;13;13;13;13;0;0;13;13;0;0;13;13;13;13;13;13;13;13;13;13;13;0;13;13;0;13;14;13;14;14;14;14;13;13;14;14;13;13;0;13;13;13;14;13;13;13;13;13;13;14;14;13;14;14;14;14;14;14;14;14;13;13;13;13;0;0;14;14;14;13;14;14;14;13;13;14;14;14;15;14;15;15;14;15;14;14;15;14;14;13;14;14;15;15;14;14;14;14;13;0;13;13;14;13;13;0;13;0;0;13;13;0;0;0;0;0;0;0;0;0;0;0;0;0;0;0;0;0;0;0;0;0;0;0;0;0;0;0;0;0;0;0;0;0;13;0;0;0;0;0;0;0;0;0;0;0;0;0;0;0;0;0;0;0;0;0;0;0;0;0;0;0;0;0;0;0;0;0;0;0
13;0;0;0;0;0;0;0;13;0;0;0;0;0;0;0;0;0;0;0;0;0;0;0;0;0;0;13;0;0;0;0;0;0;0;0;0;0;0;13;0;0;13;0;0;0;0;0;0;0;13;13;14;13;13;0;13;13;0;13;0;13;13;13;14;13;0;13;13;14;0;0;13;13;13;13;13;14;14;13;14;13;13;14;13;13;14;13;13;13;14;13;14;13;13;13;13;14;14;13;14;14;13;14;13;13;13;13;14;15;14;14;14;14;13;13;13;13;14;14;14;14;14;14;14;13;14;14;13;14;14;14;14;14;14;14;14;15;15;15;16;14;14;14;14;14;13;0;0;13;14;13;13;14;13;13;13;13;0;0;0;0;0;0;13;0;0;0;0;0;0;0;0;0;0;0;0;0;0;0;0;0;0;0;0;13;0;0;0;0;0;0;0;0;0;0;0;13;0;0;13;0;0;0;13;0;0;0;0;0;0;0;0;0;0;0;0;0;0;0;0;0;0;0;0;0;0;0;0;0;0
0;0;0;0;0;0;0;0;0;0;0;0;0;0;0;0;0;0;0;0;0;0;0;0;0;13;0;0;0;0;0;0;0;0;0;13;0;0;0;13;0;0;0;0;0;0;0;0;0;0;0;13;14;14;0;13;13;0;13;13;14;13;13;0;13;13;13;13;13;13;13;13;13;13;14;14;14;14;14;14;14;13;14;14;13;13;13;0;13;13;13;14;14;13;13;13;13;14;14;14;14;13;13;14;14;13;13;13;14;14;14;15;15;15;14;14;14;13;14;13;14;14;15;14;13;15;14;14;14;13;14;13;14;14;14;13;14;14;14;15;15;15;15;15;14;13;0;0;13;13;0;0;0;14;13;13;0;13;0;13;0;0;0;0;0;0;0;0;0;0;0;0;0;0;13;0;0;0;0;0;0;0;0;0;0;13;0;0;0;0;0;0;0;0;0;0;0;0;0;0;0;13;0;0;0;0;0;0;0;0;0;0;0;0;0;0;0;0;0;0;0;0;0;0;0;0;0;0;0;0;0
13;0;0;0;0;0;0;0;0;0;0;0;0;0;0;0;0;0;0;0;0;0;0;0;0;0;0;0;0;0;0;0;0;0;0;0;0;0;0;13;13;0;0;0;0;0;0;0;13;13;14;13;13;13;13;13;13;14;13;0;13;13;13;0;13;13;0;0;13;13;13;13;13;13;13;14;14;13;14;14;13;13;14;14;13;13;14;14;13;13;13;13;13;13;13;13;0;0;0;13;13;14;13;13;14;14;14;14;14;14;14;14;14;14;14;14;14;14;14;14;14;14;15;15;13;14;13;14;13;13;14;14;14;14;14;14;14;14;14;14;14;15;15;14;13;13;13;13;13;13;0;13;13;13;13;13;13;13;13;0;0;0;0;0;0;0;0;0;0;0;0;0;0;0;0;0;0;0;0;0;13;0;0;0;0;0;0;0;13;0;0;0;0;0;0;0;0;0;0;13;13;14;0;0;0;0;0;0;0;0;0;0;0;0;0;0;0;0;0;0;0;0;0;0;0;0;0;0;0;0;0
13;0;0;0;0;0;0;0;0;0;13;0;0;0;0;0;0;0;0;0;0;13;0;0;0;0;0;0;0;0;0;0;0;0;13;0;0;0;0;0;0;0;0;0;13;0;0;0;0;13;14;13;14;13;13;13;13;13;0;0;13;13;13;13;13;14;13;0;0;13;13;14;13;13;13;14;13;13;14;14;14;14;14;14;14;13;14;14;13;13;13;13;14;0;13;13;13;0;0;0;14;13;0;0;14;14;14;14;14;14;0;13;13;0;14;13;13;14;13;13;14;14;15;13;14;14;13;13;14;14;14;14;14;14;14;14;14;14;14;14;14;13;14;14;14;13;13;0;13;13;0;13;13;13;0;13;13;13;0;0;0;0;0;0;0;0;0;0;13;0;0;0;0;0;0;0;0;0;0;0;0;0;13;0;0;0;0;13;0;0;0;0;0;0;0;0;0;0;0;13;13;13;0;0;0;0;0;0;0;0;0;0;0;0;0;0;0;13;0;0;0;0;0;0;0;0;0;0;0;0;0
0;0;0;0;0;0;0;0;0;0;13;0;0;0;0;0;0;0;0;0;0;0;0;0;0;0;0;13;0;0;0;0;0;0;13;13;13;13;0;0;13;0;0;0;13;13;13;13;0;0;13;13;13;13;13;14;13;13;0;13;13;13;13;13;13;13;0;0;13;14;13;14;13;0;14;14;14;13;14;14;14;13;15;14;13;14;14;14;13;13;13;13;13;13;13;0;13;13;13;14;13;0;0;13;13;14;14;14;14;14;13;14;14;13;13;13;13;13;13;14;13;13;15;14;14;14;14;14;15;13;14;13;15;14;14;14;15;15;14;15;14;13;14;14;14;13;14;13;0;0;13;13;0;0;0;13;13;13;0;0;0;0;0;0;0;0;0;0;0;0;0;0;0;0;0;0;0;0;0;0;0;0;0;0;0;0;0;0;0;0;0;0;0;0;0;0;0;0;0;0;0;0;0;0;0;0;0;0;0;0;0;0;0;0;0;0;0;0;0;0;0;0;0;0;13;0;0;0;0;0;0
0;0;0;0;0;0;0;0;0;0;0;0;0;0;0;0;0;0;0;0;0;0;0;0;0;0;13;0;0;0;0;0;0;0;0;0;0;0;13;14;14;0;0;13;0;13;0;13;0;0;14;13;13;14;13;13;0;0;13;13;13;13;13;13;13;13;13;13;13;13;13;13;13;14;14;14;14;14;14;14;15;15;15;14;14;14;14;14;13;0;0;13;13;13;14;13;13;0;14;14;0;0;13;13;14;14;14;14;13;14;13;14;14;13;13;13;13;13;13;14;14;15;14;14;14;14;14;14;13;14;14;15;13;14;14;14;14;14;14;15;15;14;13;13;14;14;13;13;13;13;13;0;13;0;0;0;13;13;13;13;13;0;0;0;0;0;0;0;13;0;0;0;0;0;0;0;0;0;0;0;0;0;0;0;0;0;0;0;0;0;13;0;0;0;0;0;13;0;0;13;0;0;0;0;0;0;0;0;0;0;0;0;0;0;0;0;0;0;0;0;0;0;0;13;0;0;0;0;0;0;0
0;0;0;0;0;13;0;0;13;0;0;0;0;0;0;0;0;0;0;0;0;0;0;0;0;0;0;0;0;0;0;0;0;0;13;13;0;0;0;13;13;0;0;0;0;0;13;13;13;0;0;13;13;13;13;13;13;14;14;14;13;14;0;13;13;13;13;13;13;13;13;13;15;14;13;13;14;15;15;13;16;15;14;14;14;14;14;14;13;13;13;13;13;0;13;13;0;13;13;14;13;0;14;13;0;13;14;14;13;13;13;14;14;14;14;13;14;14;14;13;13;14;13;13;14;14;14;14;14;14;15;14;13;14;13;14;14;14;15;15;14;14;14;14;14;13;0;0;0;0;13;13;14;13;0;13;13;13;13;13;0;0;0;0;0;0;0;0;13;0;0;0;0;0;0;0;0;0;0;0;0;0;0;0;0;0;0;0;0;0;13;0;0;0;0;0;13;0;0;0;0;0;0;0;0;0;0;0;0;0;0;0;0;0;0;0;0;0;0;0;0;0;0;0;0;0;0;0;0;0;0
0;0;0;0;0;0;0;0;0;0;0;0;0;0;0;0;0;13;0;0;0;0;13;0;0;0;0;0;0;0;0;0;0;0;13;0;0;0;0;0;13;0;0;0;0;0;13;13;13;0;0;13;14;13;14;0;13;14;14;13;13;13;14;14;14;13;14;14;13;13;14;13;13;13;13;14;13;14;14;14;15;14;16;15;14;14;14;14;14;13;13;13;13;0;0;13;14;13;13;13;14;0;13;0;0;13;14;13;13;0;14;13;13;13;14;13;14;13;14;14;13;14;14;13;14;14;14;14;14;14;14;14;14;15;14;14;15;15;15;14;14;14;14;14;14;14;0;0;0;0;0;0;13;13;0;13;0;13;0;13;13;0;13;0;0;0;0;0;0;0;0;0;0;0;0;0;0;0;0;0;0;0;0;0;0;0;13;0;0;0;13;0;0;0;0;0;0;0;0;0;0;0;0;0;0;0;0;0;0;0;0;0;0;0;0;0;0;0;0;0;0;0;0;0;0;0;0;0;0;0;0
0;13;0;0;0;0;0;0;0;0;0;0;0;13;0;0;0;0;0;0;0;0;13;0;0;0;0;0;0;0;0;0;0;0;0;0;0;0;0;0;13;0;0;0;0;0;13;13;13;0;13;13;13;13;13;13;13;14;14;13;13;13;13;13;13;13;13;13;13;13;14;0;13;14;14;14;14;15;14;14;14;15;15;15;15;14;14;14;13;14;14;0;13;13;13;13;13;13;13;14;14;0;13;13;13;13;13;0;13;13;14;13;13;13;13;13;14;13;13;13;13;13;13;13;14;15;15;15;14;14;14;14;13;15;15;15;15;15;15;16;14;14;15;15;15;14;14;13;0;0;0;0;13;13;0;0;0;13;0;0;0;0;0;13;0;0;0;0;0;0;0;0;0;0;0;13;0;0;0;0;0;0;13;0;0;0;0;0;0;0;13;0;0;0;0;13;0;0;0;13;0;0;0;0;0;0;0;0;0;0;0;0;0;0;0;0;0;0;0;0;0;0;0;13;0;0;0;0;0;0;0
0;0;0;0;0;0;0;0;0;13;0;0;13;0;0;13;0;0;0;0;13;0;0;0;0;0;0;0;0;0;0;0;0;0;0;13;13;13;13;0;0;0;0;0;0;0;0;13;13;0;13;13;14;14;15;14;14;14;14;14;14;14;13;14;13;13;0;13;14;14;14;14;14;14;14;14;13;15;15;14;14;15;16;15;14;14;15;13;14;14;14;14;14;14;14;14;14;14;13;14;13;13;14;13;0;13;13;13;0;14;14;14;14;14;13;13;13;13;13;13;14;14;14;14;14;15;15;15;14;14;14;14;13;14;14;13;13;14;15;15;14;15;15;15;14;14;14;0;13;13;13;0;13;13;13;13;13;13;0;0;13;13;13;0;0;0;0;0;0;0;0;0;0;0;0;0;0;0;0;0;0;0;0;0;0;0;0;0;0;0;0;0;0;0;0;0;0;0;0;0;0;0;13;0;0;0;0;0;0;0;0;0;13;0;0;0;0;0;0;0;0;0;0;0;0;0;0;0;0;0;0
0;0;0;0;0;0;0;0;0;0;0;0;0;0;0;0;0;0;13;0;0;13;13;0;0;0;0;0;0;0;0;0;0;0;13;13;0;13;13;0;0;0;0;0;0;0;0;13;0;13;14;14;14;14;14;15;14;13;14;13;13;13;14;14;13;14;13;13;14;13;14;14;15;14;14;15;14;14;15;14;14;14;16;16;14;14;16;14;14;14;14;14;13;15;13;13;14;14;13;13;14;13;14;14;13;14;13;14;13;13;15;14;13;13;13;13;13;0;0;0;14;14;14;13;14;14;14;14;14;14;15;15;14;13;15;14;15;14;14;14;14;14;14;14;14;13;13;0;13;13;13;13;13;0;13;13;0;0;0;0;0;0;0;0;0;0;0;0;0;0;0;0;0;13;0;0;0;0;0;0;0;0;0;0;0;0;0;0;0;0;0;0;0;13;0;0;13;0;0;0;0;0;0;0;0;0;0;13;0;0;0;0;0;0;0;0;0;0;0;0;0;0;0;0;0;0;0;0;0;0;0
0;13;0;0;0;0;0;13;13;0;0;0;0;0;0;13;0;0;0;0;0;0;13;0;0;0;0;0;0;0;0;0;0;0;0;0;0;13;0;0;0;0;0;0;0;0;0;13;13;13;13;13;14;14;14;14;14;13;14;13;13;14;14;13;13;13;13;14;14;13;13;13;14;13;14;14;14;13;14;14;14;14;15;15;13;14;14;14;15;14;14;14;14;13;13;14;14;14;13;13;14;13;13;14;13;13;13;13;14;14;13;14;14;13;13;0;0;0;0;0;13;13;14;14;14;13;15;15;15;15;14;13;15;13;14;14;15;14;14;14;13;13;13;14;14;13;13;13;13;0;0;13;14;13;13;13;14;13;13;14;0;0;0;0;0;0;0;0;0;0;0;0;13;13;0;0;0;0;0;0;0;0;0;0;0;0;13;0;0;13;0;0;0;13;13;0;0;0;13;0;0;13;0;0;0;0;0;0;0;0;0;0;0;0;0;0;0;0;0;0;0;0;0;0;0;0;0;13;0;0;0
0;0;0;0;0;0;0;0;0;0;0;0;0;0;0;13;0;0;0;0;0;0;0;0;0;0;0;0;13;13;0;0;0;0;0;0;13;13;0;0;0;0;0;0;13;13;13;13;13;13;13;13;14;15;15;14;15;14;14;14;14;13;13;13;13;14;14;13;14;14;15;14;14;13;13;13;13;14;15;15;15;15;14;14;15;14;14;14;15;15;14;14;14;13;15;15;14;13;14;14;15;15;14;14;13;13;14;14;13;13;13;13;13;13;13;13;0;13;13;13;13;13;13;13;13;15;14;15;15;15;14;13;13;13;14;14;14;15;15;13;14;14;14;14;13;15;14;13;0;13;13;0;13;13;13;13;0;13;13;0;0;13;13;0;0;0;0;0;0;0;0;0;0;0;0;0;0;0;0;0;0;0;13;0;0;0;0;0;0;0;0;0;0;0;13;0;13;13;13;0;0;0;0;0;0;0;0;0;0;0;0;0;0;0;0;0;0;0;0;0;0;0;0;0;0;0;13;0;0;0;0
0;0;0;0;0;0;0;0;0;0;0;0;0;0;0;0;0;0;0;0;0;0;0;0;13;0;0;0;0;0;0;0;0;0;0;0;0;13;0;0;0;0;13;0;13;0;0;0;0;13;13;13;14;15;15;14;15;14;13;13;13;13;13;13;13;14;0;13;13;13;13;14;14;14;13;13;14;15;15;15;14;15;16;15;14;14;13;14;14;15;15;14;14;14;15;15;14;13;14;14;15;14;15;15;14;13;13;14;13;13;14;14;14;14;14;13;0;0;13;13;0;13;13;13;13;14;14;15;15;15;14;14;14;14;14;14;13;14;15;14;14;14;14;14;13;14;14;13;13;0;0;13;13;0;13;13;0;0;0;0;0;13;13;0;0;0;0;0;13;0;0;0;0;0;0;0;0;0;0;0;0;0;13;0;0;0;0;0;0;13;0;0;0;0;0;0;0;13;13;0;0;0;0;0;0;0;0;0;0;0;0;0;0;0;0;0;13;0;0;0;0;0;0;0;0;0;0;0;0;0;0
0;0;0;0;0;0;0;0;0;0;0;13;13;13;0;0;0;0;0;0;0;0;0;0;0;0;0;0;0;0;0;0;0;0;0;0;0;0;0;13;13;13;13;0;0;13;0;13;0;13;13;13;15;15;15;15;15;14;14;13;13;13;13;13;13;0;14;13;13;14;14;14;14;15;14;15;15;15;15;15;14;15;14;14;13;14;14;14;13;13;15;14;14;13;14;14;15;14;15;14;14;13;14;14;14;13;14;14;13;13;14;14;13;13;13;13;13;13;0;14;13;0;13;13;13;13;14;14;14;15;14;14;14;14;14;15;14;14;14;15;14;14;14;14;14;13;13;13;13;0;0;13;13;13;13;13;0;13;13;0;13;13;13;0;0;0;0;0;0;0;0;0;0;0;0;0;13;0;0;0;0;0;0;0;13;0;0;0;0;0;0;0;0;13;0;0;0;0;0;0;0;0;0;0;0;0;0;0;0;0;0;0;0;0;0;0;0;0;0;0;0;0;0;0;0;0;0;0;0;0;0
0;0;0;0;0;0;0;0;0;0;0;0;0;13;13;0;0;0;0;0;0;0;0;0;0;0;0;0;0;0;0;0;0;0;0;0;0;0;0;13;13;13;0;0;0;0;0;0;13;13;13;14;14;14;15;15;14;14;14;14;14;13;14;14;14;14;14;13;13;13;13;14;14;15;14;14;14;14;16;15;14;15;15;15;14;15;15;14;15;14;14;14;14;14;14;14;15;15;14;15;14;15;14;14;0;15;14;14;13;13;13;14;14;14;13;13;13;13;13;14;13;13;13;13;13;14;13;14;14;14;14;14;14;14;15;15;15;15;15;13;14;14;14;14;14;14;14;13;14;13;13;0;13;13;13;0;13;0;0;13;0;0;0;0;13;13;0;0;0;0;0;0;0;0;0;0;0;0;0;0;0;0;0;0;0;0;0;0;0;0;0;0;0;0;0;0;0;0;13;0;0;0;0;0;13;0;0;0;0;0;0;0;0;0;0;0;0;0;0;0;0;0;0;13;0;0;0;0;0;0;13
0;0;13;0;0;0;0;0;0;0;0;0;0;0;0;0;0;0;0;0;0;0;0;0;0;0;0;0;0;0;0;0;0;0;0;0;13;0;0;0;0;13;0;0;0;0;13;14;13;13;14;15;15;15;15;15;15;14;15;14;14;13;14;14;14;14;14;13;13;13;14;15;14;14;14;14;14;15;15;14;15;15;15;14;15;15;15;14;14;14;14;14;14;15;13;14;15;15;15;15;14;15;15;15;14;14;0;14;14;14;0;13;13;14;13;13;13;13;13;13;13;13;13;13;13;13;13;13;14;14;14;14;14;14;14;15;14;15;15;14;14;13;14;14;13;14;13;0;13;13;13;0;0;13;13;13;13;13;13;0;0;0;0;0;0;13;0;0;0;0;0;0;0;0;0;0;0;0;0;0;0;0;0;0;0;13;0;0;0;0;0;0;0;0;0;0;0;13;0;0;0;0;0;0;0;0;0;0;0;0;0;0;0;0;0;0;0;0;0;0;0;0;0;0;0;0;0;0;0;0;0
0;0;0;0;0;0;0;0;0;0;0;0;0;0;0;0;0;13;0;0;0;0;0;0;0;13;0;0;13;0;0;0;0;0;13;0;13;13;0;0;0;0;0;0;0;0;13;13;13;14;15;15;15;15;15;15;15;15;15;14;14;13;14;14;14;13;14;14;15;14;14;14;15;15;15;15;15;16;15;16;15;15;15;15;15;15;14;14;14;14;14;14;13;14;14;15;16;15;15;13;14;15;15;14;14;14;13;14;14;13;0;13;13;13;14;13;13;13;13;13;13;14;14;14;14;14;14;15;15;15;15;15;15;15;15;15;16;15;16;15;15;15;14;13;13;14;13;13;13;0;0;0;0;13;13;0;0;13;13;0;13;0;0;0;0;0;0;0;0;13;0;0;0;0;0;0;0;0;0;0;0;0;0;0;0;0;0;0;0;0;13;13;0;0;0;0;0;13;13;0;0;0;0;0;0;0;0;0;0;0;0;0;0;0;0;0;0;0;0;0;0;0;0;0;13;0;0;0;0;0;0
0;0;0;0;0;0;0;0;0;0;0;0;0;0;0;0;0;0;0;0;0;0;0;0;0;0;0;0;0;0;0;0;0;0;0;0;13;0;0;0;0;0;0;0;13;0;0;13;13;14;15;15;14;15;15;14;14;15;14;14;14;14;14;13;13;13;14;14;15;15;14;14;14;14;14;15;15;16;16;15;15;14;15;15;15;14;14;14;13;13;14;14;14;14;14;14;14;14;15;14;14;15;15;14;13;13;13;14;14;14;14;14;13;13;13;0;14;14;14;13;13;13;14;13;13;15;14;14;14;14;15;15;14;15;15;16;16;15;15;15;15;15;16;14;14;14;0;0;0;0;0;0;0;13;13;13;14;13;13;13;0;0;0;0;0;0;0;0;0;0;0;0;13;0;0;0;0;0;13;0;13;0;0;0;0;0;13;0;0;0;13;0;0;0;0;0;0;0;13;13;0;13;0;0;0;0;0;0;0;0;13;0;0;0;0;0;0;0;0;0;0;0;0;0;0;0;0;0;0;0;0
0;0;0;0;0;0;0;0;0;0;0;0;0;0;0;0;0;0;0;0;0;0;0;0;0;0;0;0;0;0;0;0;0;0;0;0;0;13;0;13;0;0;0;13;13;13;13;13;14;14;15;15;15;14;15;15;15;14;14;14;0;14;14;14;14;14;14;14;15;15;15;15;14;14;16;15;16;15;16;15;15;15;15;15;14;14;13;14;13;13;14;13;13;15;15;14;14;14;14;14;14;14;15;14;13;14;14;14;13;14;14;13;0;14;14;13;15;14;14;13;14;13;0;13;13;13;14;15;15;14;15;15;15;15;15;15;16;15;15;16;16;15;15;14;14;14;13;13;13;0;13;0;0;0;0;13;14;0;13;13;0;0;0;0;0;0;0;0;0;0;0;0;0;0;0;13;0;0;13;0;0;0;0;0;0;13;13;0;0;13;0;0;13;13;0;0;0;0;0;0;0;0;0;0;0;0;0;0;0;0;0;0;0;0;0;0;0;0;0;0;0;0;0;0;0;0;0;0;0;0;0
0;0;0;0;0;0;0;13;0;0;0;0;0;0;0;0;0;0;0;0;0;0;13;0;0;0;0;0;0;0;0;0;0;0;0;0;13;13;13;13;0;0;0;13;13;0;0;13;13;14;15;14;15;14;15;16;15;15;15;14;14;15;15;14;14;13;14;14;14;14;15;15;15;15;15;15;17;16;16;15;15;15;14;15;15;15;13;14;14;15;14;14;14;13;14;13;14;14;15;14;14;13;14;14;14;14;15;14;13;13;14;13;13;13;14;14;14;13;14;14;0;13;13;13;14;14;14;13;14;14;14;15;15;15;15;14;15;15;16;16;15;15;14;14;14;13;13;0;0;0;0;13;0;13;13;13;13;13;0;13;0;0;0;0;0;0;0;0;0;0;0;0;13;13;0;0;0;0;0;0;0;0;0;0;0;13;0;0;0;0;0;13;0;13;0;0;0;0;13;0;0;13;0;0;0;0;0;0;0;0;0;0;0;0;0;0;0;0;0;0;0;0;0;0;0;0;0;0;0;0;0
13;0;0;0;0;0;0;0;0;0;0;0;0;0;0;0;0;0;13;0;0;0;0;0;0;0;0;0;0;0;0;13;0;0;0;0;13;0;0;13;0;0;13;13;0;0;0;13;14;14;15;15;14;15;15;16;16;16;16;14;14;14;14;14;14;14;14;14;14;15;14;15;16;15;15;16;16;16;15;14;15;14;15;14;15;15;14;15;14;14;13;13;14;14;13;13;14;14;15;14;14;14;14;14;14;14;14;13;13;0;0;0;13;13;14;14;14;13;13;15;14;0;13;14;14;14;14;13;14;15;14;14;14;14;14;15;15;15;16;16;15;15;15;14;14;13;14;14;13;0;0;0;0;13;13;13;13;13;13;0;0;0;0;0;0;0;0;0;0;0;0;0;0;0;0;13;0;0;0;0;0;0;0;0;0;0;0;0;0;0;0;0;0;0;13;0;0;0;0;0;0;0;0;0;0;0;0;0;0;0;0;0;0;0;0;0;0;0;0;0;0;0;0;0;0;0;0;0;0;0;0
0;0;0;0;0;0;0;0;0;0;13;0;0;0;0;0;13;0;0;13;0;0;0;0;0;0;0;0;0;0;0;13;13;0;0;0;13;13;13;13;0;0;13;0;13;13;0;13;13;13;13;15;15;15;16;16;16;16;16;15;13;14;15;14;15;14;14;14;14;15;15;16;16;16;15;16;16;15;15;14;14;15;15;15;17;15;14;15;14;14;14;14;13;13;13;14;14;15;14;14;14;15;15;14;14;14;14;13;15;14;13;13;13;13;14;14;13;13;13;14;14;14;14;14;14;15;14;13;14;14;14;15;15;14;14;13;15;15;15;16;14;15;15;14;13;14;14;14;0;0;13;13;13;0;13;13;14;14;13;13;0;0;0;0;0;0;0;0;0;0;0;0;0;13;0;13;0;0;0;0;0;0;0;0;0;0;0;13;13;0;0;0;0;0;0;0;0;0;0;0;0;13;0;0;0;13;0;0;0;0;0;0;0;0;0;0;0;0;0;0;0;0;0;0;0;0;0;0;0;0;0
0;0;0;13;13;0;0;0;0;0;0;0;0;0;0;0;0;0;0;0;0;0;0;0;0;0;0;0;0;0;13;0;0;0;0;0;13;0;0;0;0;0;0;13;13;0;13;13;13;14;14;14;15;15;16;15;16;16;16;16;15;15;15;14;14;13;15;15;14;15;15;15;15;15;15;17;16;16;15;16;15;16;16;16;16;17;15;15;14;13;15;14;13;13;13;14;14;14;14;14;14;14;14;14;14;14;15;15;14;13;13;14;13;15;14;14;14;14;14;14;14;14;14;13;14;14;14;14;14;14;15;14;14;14;14;14;14;14;15;15;16;14;14;14;13;13;13;13;0;0;13;0;13;13;14;13;14;14;14;13;0;0;0;0;13;0;0;0;0;0;0;0;0;0;0;0;0;0;0;0;0;0;0;0;0;13;0;0;0;0;0;13;0;0;0;13;13;0;0;0;0;0;0;0;0;0;0;0;0;0;0;0;0;0;0;0;0;0;0;0;0;0;0;0;0;0;0;0;0;0;0
0;0;0;13;13;0;0;0;0;0;0;0;0;0;0;0;0;0;0;0;0;0;0;0;0;0;0;0;0;0;13;0;0;0;0;0;0;0;0;13;13;13;13;13;0;13;0;0;0;14;14;16;15;16;16;17;16;16;16;15;15;15;14;14;14;14;14;15;15;16;16;15;14;16;15;17;16;16;16;16;16;17;17;16;16;17;16;16;15;15;15;14;15;15;14;15;15;15;15;15;15;15;14;14;14;14;14;14;13;14;14;14;13;13;13;14;14;13;13;13;14;14;14;14;14;14;15;14;14;14;15;14;14;15;15;15;14;15;14;14;15;15;15;14;13;14;13;13;0;0;0;0;13;13;13;13;13;14;14;13;0;0;0;0;0;0;0;0;0;0;0;0;13;0;0;0;0;0;0;0;0;0;0;0;0;0;0;0;0;0;13;0;0;0;0;0;0;0;0;0;0;0;0;0;0;0;0;0;0;0;13;0;0;0;0;0;0;0;0;0;0;0;0;0;0;0;0;0;0;0;0
0;0;0;0;0;0;13;0;0;0;0;0;0;0;0;0;0;0;0;0;0;0;0;0;0;0;0;0;0;0;0;0;0;0;0;0;0;0;13;13;0;13;13;0;13;13;0;13;13;14;14;16;17;17;16;17;15;15;15;15;15;15;15;14;14;15;16;14;15;16;16;16;16;17;16;17;16;16;17;16;16;16;17;17;16;16;16;17;15;15;15;15;15;15;15;16;15;15;14;15;15;14;14;14;15;15;14;14;14;13;13;0;14;13;13;13;14;14;13;13;13;14;15;14;14;14;14;14;13;15;15;14;15;15;15;15;14;15;15;14;14;14;14;15;14;14;13;13;13;13;0;0;0;0;13;13;13;13;13;0;0;13;13;0;0;0;0;13;0;0;0;0;0;13;0;0;0;13;0;0;0;0;0;0;0;0;0;0;0;0;0;0;0;0;0;0;0;13;0;0;0;0;0;0;0;0;0;0;0;0;0;0;0;13;0;0;0;0;0;0;0;0;0;0;0;0;13;0;0;0;0
0;0;0;13;0;0;13;0;13;0;0;0;0;0;0;0;13;0;0;13;0;0;0;0;0;0;0;0;0;0;0;0;0;13;0;0;13;0;13;0;0;0;0;13;13;13;13;14;14;14;15;16;16;16;16;17;15;15;16;16;15;15;15;14;15;15;16;16;15;16;15;16;16;17;18;18;17;17;18;17;17;16;17;17;16;17;16;16;15;16;14;15;15;15;15;15;15;15;15;15;15;14;15;15;14;15;15;14;15;14;14;14;14;13;14;13;13;14;14;13;13;14;14;14;14;14;14;15;14;14;14;15;15;14;14;14;14;15;14;14;14;15;14;14;14;13;14;13;0;0;0;13;13;13;0;13;13;13;13;13;13;13;13;0;0;0;0;0;0;0;0;0;0;0;13;0;0;0;0;0;0;0;0;0;0;0;0;0;0;0;0;0;0;0;0;0;0;0;0;0;0;0;0;0;0;0;13;0;0;0;0;0;0;0;0;0;0;0;0;0;0;0;0;0;0;0;0;0;0;13;13
0;0;0;0;0;0;0;0;0;0;0;13;0;0;0;0;0;0;0;13;0;0;0;0;0;0;0;0;13;0;0;0;0;0;0;0;0;0;13;0;0;0;14;13;13;13;13;13;15;14;15;16;15;16;17;17;17;17;16;17;17;16;14;15;16;16;15;16;16;15;16;17;16;18;19;18;17;17;17;18;17;17;18;17;17;16;17;16;16;15;16;15;14;13;14;15;15;15;15;15;15;14;15;15;15;15;15;16;15;13;13;13;13;14;14;13;14;14;14;13;13;14;13;13;13;14;14;13;14;14;14;15;15;15;14;15;15;14;14;14;14;14;14;14;14;13;14;0;0;0;0;0;0;13;13;13;13;13;13;13;13;0;0;13;0;0;0;0;0;0;0;0;13;0;0;0;0;0;0;0;0;0;0;0;0;0;0;0;0;0;0;0;0;13;0;0;0;13;13;0;0;0;0;0;0;0;0;0;0;0;0;0;0;0;0;0;0;0;0;0;0;0;0;0;0;0;0;0;0;0;0
0;0;0;13;0;0;0;0;0;0;0;0;0;0;0;0;0;0;0;0;0;0;0;0;0;0;0;0;0;13;13;0;0;0;0;0;0;0;0;13;13;0;13;13;0;13;13;13;14;15;15;15;17;17;17;17;17;17;17;17;17;15;15;17;17;16;16;16;15;16;16;17;17;18;19;18;17;17;17;17;17;17;18;18;19;19;18;17;17;16;16;15;15;15;14;15;15;16;16;15;15;15;15;16;16;15;15;15;14;14;14;13;13;13;13;0;13;13;14;14;13;15;13;14;14;15;15;15;15;15;15;15;15;16;15;16;15;15;15;16;15;14;14;14;14;14;14;13;13;13;0;0;0;13;13;13;14;13;13;13;13;0;0;13;0;0;0;0;0;13;0;0;0;0;0;0;0;0;0;0;13;0;0;0;0;0;0;0;0;0;13;0;0;13;0;0;0;0;13;13;13;0;0;13;0;0;0;0;0;0;13;0;0;0;0;0;0;0;0;0;0;0;0;0;0;0;0;0;0;0;0
0;0;0;0;0;0;0;0;0;0;0;0;0;0;0;0;0;0;13;13;0;0;0;0;0;0;0;0;0;0;0;0;0;0;0;0;0;0;0;0;13;0;13;14;13;13;13;13;15;15;15;15;17;17;18;18;18;18;17;18;18;16;16;17;16;16;16;16;16;17;17;18;18;20;20;19;19;19;19;18;18;18;19;19;20;19;18;18;17;16;16;15;14;15;16;16;15;15;16;16;15;15;15;16;15;15;15;15;15;15;14;14;13;13;14;13;13;14;14;14;13;13;13;14;14;15;15;15;15;16;16;15;16;16;15;16;16;15;15;15;15;14;15;15;14;14;14;14;13;13;0;0;13;13;13;13;13;0;0;13;13;0;0;0;0;0;0;0;13;13;0;0;0;0;0;0;0;0;13;0;0;0;0;0;13;0;0;0;0;0;13;0;0;0;0;0;0;0;0;0;0;0;0;0;0;0;0;0;0;0;0;0;0;0;0;0;0;0;0;0;0;0;0;0;0;0;0;0;0;0;0
13;0;0;0;0;0;0;0;0;0;0;0;0;0;0;0;0;0;0;13;0;0;0;0;0;0;0;0;0;0;0;0;0;0;0;0;0;0;0;13;13;14;14;13;0;0;14;14;15;14;14;15;17;17;18;17;18;18;17;18;18;17;16;17;17;16;16;16;16;17;17;18;18;19;19;20;19;19;19;17;18;19;18;18;19;19;17;17;17;15;16;16;15;16;16;16;16;15;16;17;16;16;17;16;16;16;16;15;15;16;15;15;14;13;14;14;14;15;14;13;14;14;14;14;14;14;14;15;15;15;15;16;16;16;14;16;16;14;16;16;15;14;15;14;15;14;14;13;0;13;0;13;0;13;13;13;13;13;13;13;14;13;0;0;0;0;0;0;0;0;0;0;0;0;0;0;0;0;0;13;0;0;0;0;0;13;0;0;0;0;0;0;0;0;0;0;0;0;0;0;0;0;0;0;0;0;0;0;0;0;0;13;0;0;0;0;0;0;0;0;0;0;0;0;0;0;0;0;0;13;0
0;0;0;0;0;0;0;0;0;0;0;0;0;0;0;0;0;0;0;0;0;0;0;0;0;0;0;0;0;0;0;0;0;0;0;0;0;0;14;13;13;13;14;14;14;0;14;14;14;15;15;16;17;18;18;17;18;19;17;18;18;18;17;17;17;17;18;17;17;17;17;18;19;19;19;20;19;19;18;18;18;19;18;19;18;18;18;18;18;17;17;17;16;17;16;16;16;16;16;16;15;16;17;17;17;17;16;16;15;16;15;15;15;15;14;15;15;14;14;14;14;14;14;14;14;15;15;15;15;16;15;16;15;16;16;16;16;16;15;15;15;15;15;15;14;14;14;14;13;14;0;13;0;13;13;13;0;0;13;0;13;0;0;13;0;0;0;0;0;0;0;0;0;0;0;0;0;0;0;13;0;0;0;0;0;0;13;0;0;0;0;0;0;0;0;0;0;13;0;0;13;0;0;0;0;0;0;0;0;0;0;0;0;0;0;0;0;0;0;0;0;0;0;0;0;0;0;0;0;0;0
0;0;0;0;0;0;13;0;0;0;0;0;0;0;0;0;0;0;0;0;0;0;0;0;0;0;0;0;0;13;13;0;0;0;0;13;0;0;13;13;13;14;14;14;13;13;14;15;15;15;16;17;18;19;18;18;18;19;19;19;19;18;18;18;18;18;18;17;17;17;18;19;19;19;20;20;19;19;19;20;20;20;19;19;19;19;19;18;18;17;17;17;16;17;15;17;16;16;17;16;16;15;16;17;16;17;16;16;14;16;16;16;15;15;14;14;14;14;14;13;14;14;15;14;15;15;15;15;16;15;16;16;16;16;17;16;16;16;15;15;15;16;15;15;14;14;14;14;14;13;13;13;0;13;13;13;13;13;13;0;0;0;0;0;0;0;13;0;0;0;0;0;13;0;0;0;0;0;0;0;0;0;0;0;0;0;0;0;0;0;13;0;0;0;0;0;0;0;0;0;0;0;0;0;0;0;0;13;13;0;0;0;0;0;0;0;0;0;0;0;0;0;0;0;0;0;0;0;0;0;0
13;0;0;0;0;0;0;0;0;0;0;0;0;0;0;13;0;0;0;13;0;0;13;0;0;13;0;0;0;0;0;0;0;0;0;13;0;13;13;13;14;14;13;14;14;14;14;14;15;16;17;17;19;18;20;19;19;19;20;19;19;19;19;19;18;17;17;18;18;18;20;20;20;21;21;20;19;19;20;20;20;20;20;20;20;19;19;20;19;18;18;17;18;17;17;17;17;16;16;16;18;17;17;16;17;17;16;17;16;16;16;15;15;14;15;15;15;16;15;15;15;15;15;14;15;15;16;16;16;16;17;17;17;17;18;17;16;17;15;15;15;16;16;15;14;14;14;14;14;14;14;13;13;13;13;13;13;13;14;13;13;0;0;0;0;0;0;0;13;0;0;0;0;0;13;13;0;0;0;0;0;0;0;0;0;0;0;0;0;0;13;0;0;0;0;13;0;0;0;0;0;0;0;0;0;0;0;0;0;13;0;0;0;0;0;0;0;0;0;0;0;0;0;0;0;0;0;0;0;0;0
13;13;0;0;13;0;0;0;0;0;0;0;13;0;0;0;0;0;0;13;13;0;0;0;0;13;0;0;0;0;0;0;0;0;0;14;13;13;0;14;14;14;15;15;15;13;14;14;15;17;17;18;19;19;20;19;20;20;21;20;20;19;19;19;19;18;18;18;18;18;19;20;20;22;21;21;19;20;20;19;20;20;21;21;20;20;20;21;20;19;18;18;17;18;18;18;16;17;17;17;17;17;17;17;18;17;17;15;16;16;16;15;15;14;15;15;15;16;15;16;15;16;17;17;16;15;15;16;16;16;17;17;18;18;17;17;17;17;17;17;17;16;16;16;16;16;16;13;14;14;13;13;13;0;13;13;0;0;14;13;13;13;13;13;13;0;0;0;0;0;13;13;0;0;0;0;0;0;0;0;0;0;0;0;0;0;0;0;0;0;13;0;0;13;0;0;0;0;0;0;0;0;0;0;0;0;0;0;0;0;0;0;0;0;0;0;0;0;0;0;0;0;0;0;0;0;0;0;0;0;0
13;0;0;0;0;0;0;0;0;0;0;0;0;0;0;0;0;0;0;13;0;0;0;0;13;0;0;0;0;0;0;0;0;0;0;13;14;13;13;13;14;14;14;14;14;13;15;15;15;17;17;18;19;20;20;20;21;21;22;22;20;21;21;20;20;20;20;19;19;19;20;21;22;22;21;21;21;22;21;21;21;21;21;21;22;21;21;20;20;20;20;19;19;18;18;18;18;18;18;18;17;17;17;18;18;18;17;17;17;17;17;16;15;15;15;15;16;15;15;16;16;16;16;16;16;16;16;16;16;17;18;18;17;17;17;18;18;17;16;18;17;17;17;17;16;16;14;14;14;13;13;13;14;13;13;13;13;13;13;13;13;13;13;13;0;0;0;0;0;13;0;0;0;0;0;0;0;0;0;0;0;0;0;0;13;0;0;0;0;0;0;0;0;0;0;13;13;0;0;0;0;13;0;0;0;0;0;0;0;0;0;0;0;13;0;13;13;0;0;0;0;0;0;0;0;0;0;0;0;0;0
0;0;0;0;0;0;0;0;0;13;0;0;0;0;0;0;0;0;0;0;13;13;0;13;0;0;0;13;0;0;0;0;0;0;13;13;13;13;14;15;15;14;13;13;14;14;15;15;15;17;18;19;19;20;21;22;22;22;21;21;21;21;21;21;22;22;22;21;20;20;20;21;23;22;22;22;22;22;22;22;23;22;22;22;23;23;22;21;21;21;21;19;20;19;20;20;20;19;19;19;18;18;18;19;18;17;18;18;18;18;18;16;17;17;16;17;16;14;14;15;16;16;16;16;16;17;18;18;17;18;18;18;18;17;18;18;17;17;17;17;17;17;17;17;16;16;15;13;14;13;0;0;13;13;13;13;0;13;13;13;13;0;0;13;0;0;0;0;0;0;0;0;0;0;13;0;0;0;0;0;0;0;0;0;13;0;0;0;0;13;0;0;13;0;0;0;0;0;0;0;0;0;0;0;0;0;0;0;0;0;0;0;0;0;0;0;13;0;0;0;0;0;0;0;0;0;0;0;0;0;0
0;0;0;0;13;13;0;0;13;0;0;0;0;13;0;0;0;0;0;0;13;13;0;13;13;0;0;0;0;0;0;0;0;13;13;13;13;14;14;14;15;14;14;14;15;14;15;15;14;17;18;20;20;21;21;23;22;23;23;21;22;21;21;22;22;22;21;21;21;21;21;23;24;23;23;23;23;23;23;24;23;23;23;23;23;23;23;23;22;21;21;21;22;21;21;21;21;20;20;18;17;18;18;17;19;19;20;20;19;19;18;18;18;17;17;17;16;15;15;15;17;16;16;17;17;17;18;18;18;18;17;19;19;18;17;18;17;18;17;18;19;17;17;17;15;16;15;14;13;14;13;13;13;13;0;0;0;0;0;13;13;13;13;13;13;0;0;0;0;0;0;0;0;0;0;0;0;0;0;0;0;0;0;0;0;0;0;0;0;0;0;0;0;0;0;0;0;0;0;0;0;0;0;13;0;0;0;0;0;0;0;0;0;0;0;0;0;0;0;0;0;0;0;0;0;0;0;0;0;0;0
0;13;0;0;0;0;0;0;0;0;0;0;0;13;0;0;0;0;0;0;0;0;0;0;0;0;0;0;0;0;0;0;0;0;0;13;13;14;13;13;14;14;14;14;14;15;15;16;16;17;18;20;21;22;23;23;23;23;23;21;23;22;22;23;23;23;23;22;22;21;21;24;23;24;24;24;24;25;25;25;24;24;25;25;24;24;24;23;23;24;22;22;22;21;20;20;21;21;20;18;18;19;19;19;20;19;19;19;20;19;19;19;18;18;18;17;17;17;18;16;17;17;17;17;17;18;17;18;18;18;18;19;19;20;19;19;18;18;17;17;17;17;17;17;16;16;15;15;15;14;13;13;13;13;13;0;13;13;13;13;13;13;13;0;0;0;0;0;0;0;0;0;0;0;0;0;0;0;0;0;0;0;0;0;0;0;0;0;13;0;0;0;0;0;0;0;0;0;0;0;0;0;0;13;0;0;0;0;0;0;0;0;0;0;0;0;0;0;0;0;0;0;0;0;0;0;0;0;0;0;0
0;0;0;0;0;0;0;0;0;0;0;0;0;0;0;0;0;0;0;0;0;0;0;0;0;0;0;0;0;13;0;0;0;0;0;0;13;14;13;14;15;15;15;15;14;14;15;17;17;18;20;21;22;22;24;24;23;24;25;25;25;26;25;25;25;24;23;23;22;23;24;24;24;24;25;25;26;27;28;27;27;26;26;26;26;26;26;25;25;25;24;22;21;21;21;20;21;20;20;19;20;21;20;19;20;21;20;19;19;20;20;20;19;18;18;18;18;17;17;17;17;17;17;18;18;18;18;18;19;19;19;19;20;19;20;18;19;19;19;17;17;17;17;16;16;16;16;16;15;14;14;14;13;13;13;13;13;13;13;13;13;13;0;0;0;0;0;0;0;0;0;0;0;0;0;0;0;0;0;0;0;0;0;0;0;0;0;0;13;0;0;0;0;0;0;0;0;0;0;0;0;0;0;13;0;0;0;0;0;0;0;0;13;0;0;0;0;0;0;0;0;0;0;0;0;0;0;0;0;0;0
13;0;0;0;0;0;0;0;0;0;0;0;13;0;0;0;0;0;0;0;13;0;0;0;0;0;0;0;0;0;0;0;0;0;13;13;14;13;0;13;14;15;15;15;15;15;16;17;19;19;21;22;24;23;25;27;26;25;25;26;26;25;26;26;25;25;24;24;24;24;24;24;26;26;25;25;26;27;28;27;28;28;28;27;27;26;27;27;26;25;24;23;23;22;22;22;22;22;21;21;20;20;21;21;21;22;22;20;21;20;20;19;18;18;19;18;18;17;17;18;19;18;18;18;20;19;19;20;20;20;18;19;20;19;21;19;19;20;19;18;18;18;18;18;16;16;16;16;16;15;14;13;13;13;14;13;13;14;0;13;13;13;0;13;14;0;0;0;0;0;0;13;0;0;0;13;0;0;0;0;0;0;0;0;0;0;0;0;0;0;0;0;0;0;0;0;0;0;0;13;13;0;0;0;0;0;0;0;0;0;0;0;0;0;0;0;0;0;0;0;0;0;0;0;0;0;0;0;0;0;0
0;0;0;0;0;0;0;0;0;0;0;0;0;0;13;13;13;13;0;0;13;0;0;0;13;13;13;0;13;0;0;0;0;0;0;13;13;13;0;13;14;14;15;15;15;16;16;17;18;19;21;22;24;24;26;27;27;26;26;26;26;25;26;26;26;24;24;24;24;24;25;26;27;28;27;27;27;28;29;29;29;29;29;28;29;28;28;28;27;26;25;24;24;22;24;24;22;23;22;21;22;21;21;21;21;22;23;23;22;21;21;21;20;19;19;19;20;18;17;18;18;18;20;20;19;18;19;19;20;20;20;20;20;20;20;20;20;20;19;20;20;20;18;19;18;17;16;16;16;16;15;15;14;14;14;14;13;13;0;0;0;13;13;14;13;13;0;13;0;13;0;0;0;0;13;13;0;0;0;0;0;0;0;0;0;0;0;0;0;0;0;13;0;0;0;0;0;0;0;13;0;0;0;0;13;0;0;0;0;13;0;0;0;0;0;0;0;0;0;0;0;0;0;0;0;0;0;0;0;0;0
0;0;0;0;0;0;0;0;13;13;0;0;0;0;13;0;0;13;13;0;0;0;0;0;13;13;0;0;0;0;13;13;0;0;0;13;0;13;13;13;15;16;16;16;15;16;18;17;18;20;23;22;24;25;26;27;27;27;28;27;27;27;26;27;27;27;26;25;25;26;26;27;27;27;29;30;30;30;31;30;30;30;31;30;29;30;29;30;30;27;26;26;26;25;26;25;24;24;22;22;23;22;21;21;22;22;23;23;21;22;22;21;21;20;19;19;19;18;18;18;18;18;18;19;19;19;20;20;21;21;20;20;20;21;21;21;20;20;20;20;20;20;20;20;19;18;17;16;16;15;15;15;14;13;13;13;14;14;13;13;13;14;14;13;13;13;0;0;0;0;0;0;0;0;0;0;0;0;0;0;0;0;0;0;0;0;0;13;0;0;13;0;0;0;0;0;0;0;0;0;0;0;0;0;0;0;0;0;0;0;0;0;0;0;0;0;0;0;0;0;0;0;0;0;0;0;0;0;0;0;0
0;0;0;0;0;0;13;0;0;0;0;0;13;13;0;0;0;13;13;0;0;0;0;0;13;0;0;0;0;0;13;13;0;13;0;13;0;14;14;14;15;16;16;16;15;16;16;16;18;20;21;24;25;26;28;28;28;28;29;28;27;26;27;27;29;28;28;27;27;27;26;27;28;28;29;30;31;31;31;31;32;31;31;30;29;31;30;30;30;29;28;28;28;26;25;24;24;25;25;24;24;22;22;22;22;24;24;23;23;23;22;22;21;20;20;20;18;18;18;19;18;18;19;19;19;20;19;20;21;21;21;21;21;21;20;21;21;20;20;20;19;20;21;20;20;19;18;16;17;16;14;14;14;14;13;13;14;14;13;13;14;16;14;13;13;13;13;0;0;0;0;0;0;0;0;0;0;0;0;0;0;0;0;0;0;0;0;0;0;0;0;0;0;0;0;0;0;0;0;0;0;0;0;13;13;0;0;0;0;0;0;0;0;0;0;0;0;0;0;0;0;0;0;0;0;0;0;0;0;0;0
0;0;0;0;0;0;0;0;0;0;0;0;0;0;0;0;0;13;13;0;0;0;0;13;13;0;0;0;0;13;13;0;0;0;0;13;14;14;14;14;15;17;15;15;14;15;16;17;19;20;22;24;25;27;28;27;29;29;29;29;29;28;29;29;29;30;29;28;28;27;27;28;28;29;31;33;34;33;32;32;32;31;30;32;31;33;34;33;32;31;30;28;27;26;26;25;26;26;26;25;25;24;24;25;25;25;25;25;24;23;23;22;21;20;20;20;19;20;19;20;21;20;20;21;21;23;23;23;22;22;22;22;23;23;23;22;22;22;21;20;20;20;21;20;19;19;18;18;17;16;15;13;14;14;13;13;13;13;13;13;14;14;14;13;0;0;0;0;0;0;0;0;0;0;0;0;0;0;0;0;0;0;0;0;0;0;0;0;13;0;0;0;0;0;0;0;0;0;0;0;13;13;13;0;0;0;0;0;0;0;0;0;13;0;0;0;0;13;0;0;0;0;0;0;0;13;0;0;0;0;0
0;0;0;0;0;0;0;13;0;0;0;13;0;0;13;0;0;0;13;13;13;0;0;13;0;0;0;0;0;13;0;0;13;0;13;13;14;13;15;15;15;17;16;15;15;16;16;18;19;21;24;25;27;27;28;30;29;31;32;32;31;31;30;29;29;29;30;28;28;28;28;28;29;32;32;34;35;35;33;32;33;33;32;33;33;34;35;34;33;31;30;29;28;27;28;27;27;27;25;26;27;27;26;26;27;27;26;25;25;24;24;22;22;22;22;21;21;21;19;20;21;21;22;23;23;23;24;24;24;22;23;23;23;23;23;22;23;23;23;22;23;22;21;21;20;19;18;18;17;17;16;15;14;14;14;14;13;13;13;14;13;13;13;14;13;13;0;0;0;0;0;0;13;0;0;0;0;13;0;0;0;0;0;0;0;0;0;0;0;0;0;0;0;0;0;0;0;0;0;0;0;0;13;0;0;0;0;0;0;0;0;0;13;0;0;0;0;0;0;0;0;0;0;0;0;0;0;0;0;0;0
0;0;0;0;0;0;0;0;0;0;0;0;0;0;0;0;0;0;13;13;13;0;0;0;0;0;0;0;0;13;0;0;0;0;13;13;13;14;14;14;15;16;15;15;15;16;17;19;20;23;25;27;28;29;29;31;33;35;34;33;31;29;30;31;33;31;31;29;29;29;30;31;32;34;35;36;36;35;34;34;36;35;35;36;36;36;36;35;34;32;31;30;30;29;29;29;28;28;27;27;27;26;25;25;26;26;26;25;26;25;26;24;24;23;23;23;23;23;22;21;22;22;23;25;25;26;24;24;25;25;25;25;25;24;25;24;24;24;24;24;24;24;23;23;21;20;19;18;18;18;17;16;16;15;14;14;14;14;13;13;13;13;13;13;13;13;0;13;0;0;0;0;0;0;0;0;0;0;0;0;0;0;0;0;0;13;0;0;0;0;0;0;0;0;0;0;0;0;13;0;13;13;13;0;0;0;0;0;0;0;0;0;0;0;0;0;0;0;0;0;0;0;0;0;0;0;0;0;0;0;0
0;0;0;0;0;0;0;0;0;0;0;13;0;13;0;0;0;0;0;13;0;0;0;0;0;0;0;0;0;0;13;14;13;13;13;13;13;14;14;15;16;16;16;15;15;16;18;19;21;24;26;27;29;30;31;31;33;34;33;33;31;30;32;31;32;33;29;30;31;30;32;33;35;37;37;37;36;36;37;36;38;37;35;37;36;37;38;38;36;34;33;32;32;31;31;31;30;30;29;29;27;27;27;26;27;27;27;27;28;27;25;25;25;24;23;25;24;24;24;23;24;24;24;25;24;26;25;25;25;25;24;24;25;24;25;26;26;25;25;25;24;25;25;24;22;21;20;20;18;18;18;15;16;16;15;15;15;14;14;13;13;14;13;13;13;14;13;13;0;0;0;0;0;0;0;0;0;0;0;0;0;0;0;0;0;0;0;0;0;0;0;0;13;0;0;0;0;13;13;0;0;0;0;0;0;0;0;0;0;0;0;0;0;13;0;0;0;0;0;0;0;0;0;0;0;0;0;0;0;0;0
0;0;0;0;0;0;0;0;0;0;0;0;13;13;0;0;0;0;0;13;13;0;0;0;0;0;0;0;0;13;13;14;0;0;0;13;13;13;15;15;16;15;16;15;15;17;18;19;21;25;26;28;30;30;31;33;33;34;35;34;33;32;32;32;33;33;33;32;31;33;33;34;36;36;37;38;38;38;38;37;38;38;37;37;37;39;38;38;37;35;34;33;34;32;31;30;30;31;30;29;27;28;29;28;28;29;28;28;29;29;28;27;27;26;24;25;24;23;25;24;25;24;25;26;26;27;27;26;26;27;26;26;27;27;27;28;27;28;26;26;25;25;25;24;24;23;22;20;20;18;18;17;17;16;16;16;17;15;15;14;13;13;13;14;14;14;0;0;0;0;13;13;0;0;0;0;0;0;0;0;0;0;0;0;0;0;13;0;0;0;0;0;0;0;0;0;0;13;13;0;0;0;0;0;0;0;0;0;0;0;0;0;0;0;0;0;0;0;0;0;0;0;0;0;0;0;0;13;0;0;0
0;0;0;0;0;0;0;0;0;0;0;0;13;0;0;0;0;0;0;13;13;0;0;0;0;0;0;0;13;13;13;13;0;0;0;13;13;13;14;15;17;16;16;16;15;17;19;20;22;25;27;30;31;30;31;33;33;34;35;35;34;33;32;33;34;34;34;35;33;33;33;34;35;36;37;39;39;38;39;39;39;39;39;40;39;41;41;41;40;38;37;34;33;32;32;30;30;31;32;31;30;31;31;30;30;31;30;31;30;30;29;28;26;25;25;26;25;24;26;26;27;28;29;27;27;27;28;28;28;30;30;30;30;30;29;30;29;29;28;26;27;27;27;27;26;23;22;21;20;17;18;17;17;16;15;16;17;16;15;15;14;14;14;13;13;13;13;13;0;0;0;0;0;0;0;0;13;0;0;13;0;0;0;0;0;0;0;0;0;0;0;0;0;0;0;0;0;13;0;0;0;0;0;0;0;0;0;0;0;0;0;0;0;0;0;0;0;0;0;0;0;0;0;0;0;0;0;0;0;13;13
0;0;0;13;0;0;0;0;0;0;0;0;0;0;0;13;0;0;0;0;13;0;0;0;13;13;0;0;13;13;14;13;13;0;13;13;14;13;14;16;16;15;15;14;15;17;19;20;22;24;28;30;31;31;30;33;34;36;37;37;35;34;33;33;35;35;35;37;35;33;34;35;35;38;39;40;39;39;39;39;37;38;39;40;41;43;43;42;41;39;38;36;35;33;33;33;34;34;33;32;32;32;31;31;30;30;31;32;31;30;30;29;27;26;26;27;28;26;27;28;28;29;30;29;31;31;31;30;31;32;33;33;32;32;32;31;31;32;31;30;29;30;30;30;29;26;24;22;21;19;18;17;17;16;15;16;16;15;15;16;15;14;14;14;13;13;13;0;0;0;0;0;0;0;0;13;0;0;13;0;0;0;0;0;0;0;0;0;0;0;0;0;0;0;0;0;0;0;0;0;0;0;0;0;0;0;0;0;0;0;0;0;0;0;0;0;0;0;0;0;0;0;0;0;0;0;0;0;0;0;0
0;0;0;0;13;0;0;0;0;0;0;0;0;0;13;0;0;0;0;0;0;0;0;0;0;0;0;0;0;0;13;13;13;13;13;0;14;14;15;16;15;15;17;16;16;17;18;20;22;27;29;31;31;32;32;34;38;39;38;38;35;34;33;35;36;36;37;37;35;34;35;37;39;41;42;42;40;40;40;40;39;39;40;43;43;45;44;45;43;42;38;37;36;34;35;35;37;36;35;34;34;34;32;32;31;31;32;32;31;30;30;30;29;29;29;29;30;29;29;29;28;31;31;33;34;34;33;33;35;35;35;35;35;35;35;34;34;35;33;33;31;33;33;33;31;30;27;24;21;20;19;18;17;17;16;16;17;16;16;16;14;13;14;16;16;15;14;13;0;0;0;0;0;0;0;13;0;0;0;0;0;0;0;0;0;13;0;0;0;0;13;0;0;0;0;0;0;0;0;0;0;0;0;0;0;0;0;13;0;0;0;0;0;0;0;0;0;0;0;0;0;0;0;0;0;0;0;0;0;0;0
0;0;0;0;0;0;0;0;0;0;0;13;0;0;0;0;0;0;0;0;0;0;0;0;0;0;13;13;13;13;13;13;13;13;13;0;13;14;15;16;15;16;17;16;16;17;18;21;24;26;29;31;31;32;33;35;37;39;38;37;35;35;35;38;38;39;39;37;37;36;38;38;39;43;44;43;42;41;41;40;40;40;41;42;42;44;45;47;44;41;39;37;37;36;36;36;37;38;35;35;35;35;33;32;32;30;32;32;33;33;33;32;31;31;32;32;31;31;31;32;31;32;33;34;35;36;36;36;36;35;36;36;37;38;38;38;38;37;35;34;33;35;35;34;33;32;28;26;24;22;21;20;19;17;16;17;16;16;16;17;16;14;15;15;15;14;13;13;13;0;0;0;0;14;13;13;0;0;0;0;0;0;0;0;0;0;0;0;0;0;0;0;0;0;0;0;0;0;0;0;0;0;0;0;0;0;0;0;0;0;0;0;0;0;0;0;0;0;0;0;0;0;0;0;0;0;0;0;0;0;0
0;0;0;0;0;13;0;0;0;0;0;0;0;0;0;0;13;0;0;0;0;0;0;0;0;0;0;0;0;13;0;0;13;0;13;13;0;14;14;16;17;16;16;17;16;17;18;20;24;26;30;31;32;32;34;37;39;40;38;37;36;37;36;39;40;39;39;37;37;38;39;40;40;43;43;43;42;41;42;42;41;41;41;41;43;45;45;46;45;44;42;39;38;37;37;37;38;38;37;36;35;33;34;32;33;33;34;35;36;35;35;34;33;33;34;33;33;34;34;34;33;34;33;35;36;36;36;37;38;38;38;38;38;38;38;39;38;39;37;38;37;38;39;37;34;32;31;29;27;25;23;21;20;19;17;18;17;17;16;16;15;14;14;15;15;15;13;13;13;0;0;0;0;0;0;13;0;0;13;0;0;0;0;0;0;0;0;0;13;0;0;0;0;0;0;0;13;0;0;0;0;0;0;13;13;13;0;0;0;13;0;0;0;0;0;0;0;0;0;0;0;0;0;0;0;0;0;0;0;0;0
0;0;0;13;0;13;13;0;0;0;0;0;0;0;0;0;0;0;0;0;0;13;0;13;0;0;0;0;0;13;0;0;13;0;0;13;13;13;15;16;16;16;16;16;16;17;17;20;23;27;30;33;34;34;36;38;40;40;40;38;37;37;36;37;38;37;37;37;37;38;39;41;42;44;43;44;42;42;42;43;43;43;44;44;45;45;46;46;45;44;44;41;40;38;38;38;36;38;37;36;34;34;34;35;34;35;35;38;37;36;37;37;36;35;35;35;36;34;34;33;31;34;34;35;37;37;37;39;40;41;41;41;41;41;39;39;39;40;39;39;38;38;39;38;36;35;34;31;28;26;24;23;20;19;17;17;17;17;17;16;16;16;15;15;15;14;13;13;14;13;0;0;0;0;13;13;13;0;0;13;0;0;13;13;0;0;0;0;0;0;0;0;0;0;0;0;0;0;0;0;13;13;0;0;0;0;0;0;0;0;0;0;0;0;0;0;0;0;0;0;0;0;0;0;0;0;0;0;0;0;0
0;0;0;13;0;0;0;13;0;0;0;13;0;0;13;0;0;14;13;0;0;0;0;0;0;0;0;0;0;0;0;13;0;0;0;0;14;14;16;16;16;15;15;15;16;17;18;21;24;26;30;32;33;35;37;38;40;41;41;40;38;38;37;38;39;38;38;38;38;38;38;40;43;44;43;44;46;44;43;44;43;44;44;47;46;46;48;48;46;46;43;42;41;40;40;40;40;39;39;38;38;36;36;36;36;37;36;38;39;39;37;36;36;36;35;36;36;36;36;36;36;35;36;36;38;39;39;39;39;40;42;44;44;43;42;40;42;42;40;39;40;40;40;40;40;39;36;32;29;26;25;24;21;21;19;18;17;17;17;17;18;16;16;16;16;15;13;14;13;13;0;0;0;0;0;0;0;0;0;0;0;0;0;13;0;0;13;13;0;0;0;0;0;0;0;0;0;0;0;0;0;13;0;0;0;0;0;0;0;0;0;13;0;0;0;0;0;0;0;0;0;0;0;0;0;0;0;0;0;0;0
0;0;0;0;0;0;0;0;0;13;0;0;0;0;13;13;13;13;13;0;0;0;0;0;0;0;0;13;0;13;0;0;0;0;13;13;13;14;15;15;16;16;16;16;17;17;18;19;24;27;29;31;32;34;37;39;41;41;42;40;37;36;37;37;39;38;38;38;38;39;39;41;44;46;47;47;47;46;47;46;45;45;44;46;46;48;50;51;49;49;47;43;42;41;41;41;41;41;40;40;39;39;40;38;36;39;39;40;40;40;39;39;37;37;36;36;37;37;37;38;37;36;38;38;39;40;42;41;42;43;43;45;47;47;45;45;44;42;40;41;42;42;43;43;43;40;37;34;30;27;26;24;24;22;20;19;18;18;18;16;17;17;17;17;17;15;14;14;0;13;13;0;0;0;0;0;0;0;0;0;0;0;0;0;0;0;0;0;0;13;0;0;0;0;0;0;0;0;0;13;0;0;13;0;13;13;0;0;0;0;0;0;0;0;0;0;0;0;0;0;0;0;0;0;0;0;0;0;0;0;0
0;0;0;0;0;0;0;0;0;0;0;0;13;0;0;0;0;13;13;0;13;13;0;0;0;13;13;0;0;0;0;0;0;0;13;13;0;14;15;15;16;18;16;17;17;17;18;20;23;25;28;31;32;34;36;38;42;43;42;41;37;37;39;38;38;39;39;38;38;39;40;42;44;46;47;47;47;47;48;46;45;46;46;46;48;50;52;53;52;51;49;45;44;41;41;42;41;42;41;41;39;40;39;39;37;39;41;40;40;40;38;38;37;37;37;37;39;38;38;37;37;37;38;40;42;43;45;44;46;46;46;46;48;48;45;45;44;43;43;43;45;43;45;45;44;43;41;38;33;30;27;25;23;21;20;20;20;19;19;17;17;17;17;17;16;15;15;14;0;0;0;0;0;0;0;13;13;13;0;0;0;0;0;0;0;0;0;0;0;13;13;13;0;0;0;0;0;13;13;13;0;0;0;0;13;0;0;0;0;0;0;0;0;0;0;0;0;0;0;13;0;0;0;0;0;0;0;0;0;0;0
0;0;0;0;0;0;0;13;0;0;0;0;0;0;13;0;0;0;0;0;0;0;13;13;0;13;13;13;0;13;0;0;13;13;14;13;13;14;15;16;17;17;16;17;16;16;19;21;22;25;28;32;34;34;36;38;42;42;40;40;38;37;37;38;39;39;40;40;40;40;41;43;43;46;47;47;49;48;48;48;47;47;48;47;49;51;52;53;53;50;49;46;45;44;42;43;42;43;42;40;42;41;40;39;38;40;40;41;42;42;41;39;39;39;39;39;41;39;38;38;38;39;39;41;42;43;46;47;48;48;48;50;49;49;48;48;46;46;45;45;46;46;47;47;46;45;43;39;36;33;29;26;25;22;22;20;20;19;19;19;18;18;18;18;17;16;16;15;13;0;0;0;0;0;0;0;0;13;0;0;13;13;0;0;0;0;13;0;0;0;0;0;0;0;0;13;0;0;0;0;13;0;0;0;13;0;0;0;0;0;0;13;0;0;0;0;0;0;0;0;0;13;0;0;0;0;0;0;0;0;0
0;0;13;0;0;0;0;0;0;0;0;0;13;0;0;0;0;0;13;0;0;0;13;0;0;0;0;13;0;13;0;13;13;13;0;0;13;14;15;16;16;17;16;17;16;17;18;21;22;25;28;33;32;34;36;38;41;41;40;39;40;39;38;39;41;40;40;40;39;40;41;43;45;48;48;48;49;51;50;49;49;47;48;47;48;52;53;54;54;53;51;50;47;45;43;45;42;41;44;42;42;42;41;41;42;41;41;41;41;43;42;42;39;40;40;40;40;40;40;39;39;40;38;41;43;44;46;46;48;50;50;51;53;52;50;49;48;48;46;46;48;49;53;52;49;47;43;41;38;34;30;28;26;23;22;21;20;20;19;19;18;19;20;18;17;16;15;14;13;13;13;0;0;13;0;0;13;0;0;0;0;0;0;0;0;0;13;0;0;0;0;0;0;0;0;0;0;0;0;0;13;0;0;0;0;0;0;13;0;0;0;0;0;0;0;0;0;0;0;0;0;0;0;0;13;0;0;0;13;0;0
0;0;0;0;0;0;0;0;0;0;0;0;0;0;13;0;0;0;13;0;0;0;0;0;0;0;13;0;0;0;13;13;0;0;0;0;13;13;15;16;17;16;16;17;16;17;19;20;22;25;28;31;31;34;36;38;40;40;40;39;40;39;39;39;38;39;38;39;39;39;40;42;44;46;47;48;49;51;52;50;51;50;50;49;50;52;54;55;56;56;51;48;48;47;47;45;44;43;44;43;43;43;42;41;42;42;40;40;42;43;42;42;43;42;40;41;41;42;42;41;40;42;42;41;43;46;47;47;48;49;51;53;54;53;52;51;49;50;48;48;48;51;53;53;52;50;46;43;40;35;31;29;27;25;23;22;21;21;19;20;19;19;19;19;17;18;16;14;13;13;13;13;0;0;0;0;0;0;0;0;0;0;14;0;0;0;0;0;0;0;0;0;0;0;0;0;0;0;0;0;0;0;0;13;13;13;0;0;0;0;0;0;0;0;0;0;0;0;0;0;0;0;0;0;0;0;0;0;0;0;0
0;0;0;0;0;0;0;0;0;0;0;0;0;0;13;0;0;0;13;13;0;0;0;0;0;0;0;0;0;0;13;0;0;0;13;13;13;13;14;17;17;16;16;16;16;17;17;19;21;25;28;30;32;34;36;39;40;41;41;39;40;40;42;39;39;39;38;39;40;41;42;43;45;45;46;48;51;52;52;51;51;51;49;52;53;54;56;56;57;56;53;50;49;47;47;45;46;46;46;46;45;44;43;39;41;42;41;41;43;44;46;43;43;43;41;42;41;43;42;42;41;45;45;44;45;48;49;48;50;50;52;52;54;54;54;53;51;52;51;51;51;53;54;55;55;53;50;48;45;39;35;30;28;25;23;23;22;22;20;20;19;19;19;19;19;18;16;14;0;13;13;0;0;0;0;0;0;0;0;13;0;0;0;0;0;0;0;13;0;13;0;0;0;0;0;0;0;0;0;13;0;0;0;0;0;0;0;13;0;0;0;0;0;0;13;0;0;0;0;0;0;0;0;0;0;0;0;0;0;0;0
0;0;0;0;0;0;0;0;0;0;0;0;0;0;0;0;0;13;13;13;0;0;0;0;0;13;0;0;0;0;13;0;0;13;13;13;13;14;16;16;17;17;17;17;16;16;17;18;20;24;27;29;32;34;36;37;39;41;41;39;38;39;39;40;39;38;39;39;40;40;41;41;44;46;46;50;50;51;52;52;52;52;50;51;53;54;57;59;59;57;55;52;52;50;49;48;46;46;46;46;46;46;45;44;44;43;42;43;44;44;44;43;43;42;43;43;43;43;43;43;43;44;45;46;48;49;50;51;52;53;54;53;54;53;53;54;54;52;53;52;54;55;57;58;57;54;50;48;45;41;37;32;29;26;23;22;23;22;21;20;20;20;19;20;19;18;17;15;14;13;13;13;0;0;13;13;13;0;0;0;0;0;0;13;13;0;0;13;13;13;0;0;0;0;0;0;0;0;0;0;0;0;0;0;0;0;0;0;0;0;0;0;0;0;0;0;0;0;0;0;0;0;0;0;0;0;0;0;0;0;0
0;0;0;0;0;0;0;0;0;0;0;0;0;0;0;13;0;0;0;13;0;0;0;0;0;0;13;0;0;13;0;0;13;13;13;13;14;15;16;16;17;16;16;16;17;16;16;18;21;24;27;29;31;34;36;37;40;38;39;39;39;38;38;37;39;38;38;38;39;40;42;41;43;46;47;49;49;50;53;52;52;51;52;53;56;58;61;62;62;59;57;55;52;49;48;47;47;47;46;47;47;46;44;45;45;44;43;44;45;44;44;46;45;43;44;44;44;43;43;41;43;43;45;46;48;48;52;52;53;53;56;55;56;55;53;53;53;52;54;54;55;56;59;60;58;56;51;49;46;41;38;34;30;26;23;23;24;23;22;20;21;21;20;20;19;19;17;16;14;13;0;13;0;0;13;13;0;0;0;0;0;0;0;0;0;0;0;0;0;0;0;0;0;13;0;0;0;0;0;0;0;0;13;0;0;0;0;0;0;0;0;0;13;0;0;0;0;0;0;0;0;0;0;0;0;0;0;0;0;0;0
0;0;0;0;0;0;0;0;0;0;0;0;0;0;0;13;0;13;0;0;0;0;13;13;0;0;0;0;0;0;0;0;13;0;0;0;13;15;15;17;18;16;16;17;17;17;17;18;22;24;28;30;31;33;35;37;40;41;41;39;40;38;39;38;38;37;37;37;38;39;39;41;43;44;47;49;51;53;53;52;54;54;54;55;56;59;61;62;62;60;57;55;52;49;50;48;48;48;48;48;48;47;45;44;43;43;44;44;46;47;46;46;46;46;45;45;43;44;42;42;42;42;43;44;47;49;51;54;54;55;57;57;58;58;57;56;55;54;55;55;55;58;61;62;63;58;54;51;48;43;39;37;32;28;25;24;23;22;23;21;21;20;21;21;20;20;18;16;14;14;13;14;0;0;13;0;0;0;0;0;0;0;13;0;0;0;0;0;0;0;0;0;0;0;0;0;13;0;0;0;0;0;0;0;0;0;0;0;0;0;0;0;0;0;0;13;0;0;0;0;0;0;0;0;0;0;0;0;0;0;0
0;0;0;0;13;0;0;0;0;0;0;0;0;0;0;0;0;0;0;0;0;0;0;0;0;0;0;0;0;0;0;0;0;0;0;14;14;14;15;16;17;16;16;17;16;16;17;18;22;24;27;30;31;32;35;38;40;41;41;40;39;38;38;38;37;37;37;36;37;37;40;42;45;44;46;48;50;53;54;55;55;55;56;54;57;60;62;64;63;61;59;56;54;51;52;50;48;50;49;49;46;47;46;45;45;43;44;44;46;48;48;47;47;46;46;46;44;43;43;43;43;44;45;46;48;50;52;52;53;56;58;59;59;58;57;58;57;57;57;57;57;59;63;63;63;61;57;53;50;45;41;37;33;29;27;25;24;23;22;22;22;21;21;22;21;19;18;16;15;14;13;0;0;0;0;0;13;13;13;0;13;0;0;0;0;0;0;13;0;0;0;0;0;13;0;0;0;13;0;0;0;0;0;0;0;0;0;13;0;0;0;0;13;0;0;0;0;0;0;0;0;0;0;13;0;0;0;0;0;0;0
0;0;0;0;0;0;0;0;0;0;0;0;0;0;0;0;0;0;0;0;0;0;0;0;0;0;0;13;13;0;0;0;13;13;13;13;13;14;15;15;15;16;16;17;16;16;16;17;21;24;27;28;31;34;36;38;40;39;42;41;37;37;38;38;37;37;36;36;38;39;40;41;42;42;44;46;50;53;54;55;56;52;55;55;56;58;61;62;66;63;61;57;55;53;51;49;48;49;50;49;47;46;47;45;43;45;44;45;46;47;49;50;49;47;47;46;45;44;45;43;43;44;46;47;49;52;53;53;54;55;60;62;60;60;59;57;56;58;59;61;60;62;62;66;65;62;57;56;53;50;43;38;33;31;28;26;25;25;23;22;22;21;22;22;21;20;18;16;15;15;14;0;0;0;13;13;13;0;13;0;0;0;0;0;0;13;13;0;0;0;13;0;0;0;13;0;0;0;0;0;0;0;0;0;0;0;0;0;0;0;0;0;0;0;0;0;0;0;0;0;0;0;0;0;0;0;0;0;0;0;0
0;0;0;0;0;0;0;0;0;0;0;0;0;0;0;0;0;0;13;0;0;13;0;0;0;0;0;0;0;0;0;13;0;0;0;0;14;14;15;16;16;16;16;16;17;16;17;17;20;23;26;29;30;32;36;39;41;41;40;40;39;39;39;38;38;37;36;37;39;39;39;39;41;43;43;47;50;51;54;54;54;55;56;56;57;57;61;62;63;61;59;58;55;53;51;50;48;48;48;49;48;47;46;45;44;42;42;44;46;46;49;48;48;47;46;46;47;45;45;44;43;43;45;47;49;52;53;53;55;57;60;61;62;62;62;59;58;60;60;61;64;65;65;67;66;63;60;57;54;50;45;40;34;31;27;26;26;26;23;22;20;21;22;21;21;21;19;17;15;15;14;13;13;0;0;13;13;13;13;0;0;0;0;0;0;0;0;0;0;13;0;0;0;0;0;0;13;13;0;0;0;0;0;0;0;0;0;0;13;0;0;0;13;0;0;0;0;0;0;0;0;0;0;0;0;0;0;0;0;0;0
0;0;0;0;0;0;0;0;0;0;13;0;0;0;0;13;0;0;0;0;0;13;0;0;0;0;0;0;0;0;13;14;13;0;0;13;14;14;15;16;17;16;16;16;16;16;17;18;20;22;25;28;29;31;34;37;39;39;38;38;39;38;37;37;37;35;38;37;37;38;38;38;39;40;42;46;50;51;54;54;55;55;55;58;58;60;64;64;65;64;63;60;57;52;50;49;49;49;50;51;50;48;47;48;45;43;42;44;46;46;47;46;47;47;46;45;45;44;44;44;44;43;44;46;50;52;54;56;57;59;60;62;65;66;64;62;61;62;62;63;66;66;68;71;70;65;62;59;56;51;45;41;36;32;28;26;26;25;24;23;21;22;23;22;23;21;19;17;16;15;14;0;13;0;0;13;13;13;0;13;0;13;0;0;0;13;0;0;0;0;0;0;0;0;13;0;13;13;0;0;0;0;0;0;0;0;0;0;0;0;0;0;0;0;0;0;0;0;0;0;0;0;0;0;0;0;0;0;0;0;0
0;0;0;0;0;13;13;0;0;0;0;0;0;0;0;0;0;0;0;0;0;0;0;0;0;13;0;13;0;13;13;13;0;0;13;13;13;14;15;16;18;18;16;16;15;16;16;17;19;21;25;28;28;31;33;36;36;38;38;38;38;36;36;37;36;36;35;36;35;37;37;38;37;40;42;46;49;53;56;55;53;54;54;55;56;60;63;65;66;65;63;61;58;54;53;49;49;49;50;51;50;51;48;47;46;44;45;45;45;46;47;47;47;48;48;45;46;45;44;45;43;43;44;47;49;52;54;56;60;62;64;66;68;68;67;65;62;63;63;64;67;68;69;72;71;67;62;60;56;51;47;42;37;33;29;27;27;26;26;24;22;23;23;24;22;21;19;17;16;15;13;13;13;0;0;0;0;14;0;0;0;13;0;0;0;0;0;0;0;0;0;0;0;0;0;0;0;0;0;0;0;0;0;0;0;0;0;0;0;0;0;0;0;0;0;0;0;0;0;0;0;0;0;0;0;0;0;0;0;0;0
0;0;13;0;0;0;0;0;0;0;0;0;0;0;0;0;0;0;0;0;13;13;0;0;0;0;13;13;13;13;13;13;13;13;0;0;13;14;15;16;18;17;17;16;17;17;16;17;19;21;23;27;28;31;33;36;38;40;39;38;37;37;36;36;38;35;35;36;34;36;36;36;35;38;41;45;48;51;53;54;52;54;56;56;57;62;65;66;66;65;63;60;58;55;52;51;49;49;50;51;50;50;49;48;47;45;44;44;44;44;47;47;48;48;48;47;46;46;45;45;43;45;45;49;50;53;56;56;60;63;65;67;69;69;69;67;65;66;65;66;69;70;72;74;73;69;66;64;58;53;48;43;38;33;30;28;28;28;26;24;24;23;23;23;22;20;19;17;16;15;14;13;0;0;0;13;13;13;0;13;0;0;0;13;0;13;0;0;13;13;0;0;0;0;0;13;13;0;0;0;0;0;13;0;0;0;0;0;0;0;13;13;13;0;0;0;0;0;0;0;0;0;0;0;0;0;0;0;0;0;0
0;0;0;0;0;0;13;0;0;0;0;0;0;0;0;0;0;0;0;0;13;0;0;0;0;0;0;13;14;13;13;13;0;0;13;13;14;15;16;16;16;17;17;16;16;17;16;16;18;20;22;25;29;31;33;36;39;38;39;38;37;37;38;38;37;36;36;36;35;36;37;36;35;37;42;46;48;50;53;56;55;55;57;58;59;63;66;67;67;66;62;60;59;55;51;49;50;49;51;52;50;50;49;47;46;45;43;41;44;46;47;48;49;47;48;47;46;47;45;44;42;45;46;49;50;52;56;58;61;64;69;68;70;70;69;67;66;68;66;68;69;71;73;74;71;69;67;65;60;56;50;45;39;33;30;29;29;28;26;24;24;23;24;24;23;20;20;18;16;15;14;13;13;13;0;13;13;13;0;13;0;0;0;0;0;0;0;0;0;0;0;0;0;0;0;13;0;0;0;0;0;0;0;13;0;0;0;0;0;0;0;0;0;0;0;0;0;0;0;0;0;0;0;0;0;0;0;0;0;0;0
13;0;0;0;0;0;0;0;0;0;13;0;13;0;0;0;0;0;0;13;14;0;0;0;13;13;13;13;13;0;13;14;13;0;13;14;14;15;15;15;16;16;17;17;16;15;16;16;19;20;22;25;29;31;33;36;38;37;37;37;37;37;38;36;35;34;35;35;35;35;35;34;35;37;40;43;45;48;51;53;54;55;58;59;59;63;64;67;66;64;62;59;58;54;51;49;50;51;52;51;51;50;49;46;45;43;42;43;44;45;45;48;50;49;48;48;47;47;45;46;46;45;46;47;49;51;56;59;62;65;69;71;71;71;69;67;67;69;69;71;72;74;75;76;71;68;67;64;61;59;52;46;40;36;32;29;29;27;26;24;24;23;24;25;24;22;20;18;16;14;13;13;0;0;0;0;13;14;13;13;0;0;0;0;0;0;0;0;0;0;0;0;0;0;0;13;0;0;0;0;0;0;0;0;0;0;0;0;0;0;0;0;0;0;0;0;0;0;0;0;0;0;0;0;0;0;0;0;0;0;0
0;0;13;13;13;0;0;0;0;0;0;0;13;13;0;0;0;0;0;0;13;0;0;0;13;13;0;13;13;13;13;13;0;0;13;13;13;14;15;16;16;17;17;17;15;15;15;17;19;20;22;25;28;30;34;37;38;38;36;36;36;37;37;35;34;34;33;32;34;34;34;32;33;36;38;41;44;48;50;52;53;54;57;59;60;63;65;67;65;64;63;60;57;54;52;51;51;51;51;51;50;50;48;46;45;41;42;42;43;45;45;46;48;47;47;48;47;47;45;43;45;45;47;47;49;51;55;59;62;65;68;70;72;74;72;69;68;70;71;70;73;75;77;75;72;69;67;65;62;59;53;47;42;37;33;30;29;28;27;26;25;24;24;24;24;22;20;18;17;15;14;13;0;0;13;13;0;13;13;13;13;13;0;0;0;0;0;0;0;0;0;0;0;0;13;0;0;0;0;0;0;0;0;0;13;0;0;0;0;0;13;13;0;0;0;0;0;0;0;0;13;0;0;0;0;0;0;0;0;0;13
0;0;0;0;0;0;0;0;0;0;0;0;0;0;0;0;0;0;13;13;13;0;0;13;0;0;13;0;13;13;0;13;13;13;0;13;13;14;15;16;17;17;17;16;16;15;16;17;19;20;22;25;29;31;34;36;37;36;37;37;36;36;35;34;34;33;32;32;33;33;32;33;34;36;37;40;43;46;49;51;52;54;56;58;61;63;64;65;65;65;65;60;57;55;52;52;53;54;53;53;51;50;48;46;45;42;43;42;42;44;46;46;47;48;47;46;47;48;46;45;45;46;46;48;51;54;56;60;64;67;71;73;74;74;72;71;70;69;72;73;76;77;75;74;75;72;69;68;61;58;53;47;43;38;34;30;30;29;27;25;25;26;25;24;24;21;20;19;17;17;15;13;13;0;0;0;13;13;13;13;13;13;13;0;0;13;0;0;0;0;0;0;0;0;0;13;0;13;0;0;13;0;0;0;0;0;0;0;0;0;0;0;0;0;0;0;0;0;0;0;0;0;0;0;0;0;0;0;0;0;0
0;0;0;0;0;0;0;0;0;0;0;0;0;0;13;13;0;13;14;0;0;0;0;0;13;13;0;0;13;13;13;0;0;13;13;0;13;14;14;14;17;18;17;16;15;14;16;17;18;19;22;24;27;30;33;35;36;35;36;36;35;35;34;34;33;32;31;33;34;33;33;33;33;35;37;41;44;46;49;52;55;55;57;57;60;62;65;66;66;64;62;58;55;54;52;51;50;53;52;52;53;51;49;47;45;42;41;41;42;44;45;45;47;50;50;47;47;46;46;46;45;45;46;49;50;53;56;61;64;67;71;73;74;73;74;73;72;72;72;75;79;78;78;77;74;70;67;68;64;59;52;47;44;39;35;33;31;29;27;25;25;26;27;25;24;22;20;19;18;18;16;14;14;0;0;13;13;0;13;13;0;0;0;13;0;0;0;0;0;0;0;14;0;0;0;0;0;13;0;13;13;0;0;13;0;0;0;0;0;0;0;0;0;0;0;0;0;0;0;0;0;0;0;0;0;0;0;0;0;0;0
0;0;0;0;0;0;0;0;0;0;0;0;13;0;0;0;0;0;13;0;13;0;0;0;0;0;0;13;13;0;13;0;0;0;13;13;0;13;15;16;17;17;17;17;16;16;16;17;18;19;22;25;28;31;32;34;35;36;36;36;34;34;33;33;33;33;32;32;33;33;32;32;33;34;37;39;41;45;49;52;54;55;57;58;62;62;64;64;65;63;60;58;55;53;51;51;51;52;53;51;52;50;48;46;45;42;42;42;42;42;44;46;48;48;48;52;49;47;46;44;45;45;46;48;51;54;58;61;64;69;71;72;73;74;74;75;76;73;73;71;76;78;81;78;75;71;70;68;66;60;53;48;44;38;34;33;32;29;28;26;25;26;27;26;24;23;21;19;17;16;15;14;13;0;13;13;0;13;13;0;0;0;0;13;0;0;0;0;0;0;0;0;0;0;14;0;0;13;13;13;13;0;0;0;0;0;0;13;0;13;13;0;0;0;0;0;0;0;0;0;0;0;0;0;0;0;0;0;0;0;0
0;0;0;0;0;0;0;0;0;0;0;0;0;13;0;0;0;0;13;0;0;0;0;0;0;0;0;13;13;13;0;0;0;13;0;13;0;14;14;16;16;16;17;17;16;16;15;17;18;19;22;25;27;30;31;33;35;35;36;35;35;32;32;32;33;32;32;31;31;32;31;30;33;34;37;40;41;46;47;51;52;54;55;57;60;60;62;63;63;61;58;57;54;52;51;51;50;50;51;51;52;50;48;47;46;45;44;43;43;43;44;46;47;48;49;49;48;47;46;45;46;46;47;48;51;54;57;61;65;68;70;71;71;73;73;74;75;75;75;76;77;79;80;79;76;74;69;67;67;62;56;50;44;39;34;33;32;30;28;25;25;25;26;27;27;24;22;19;18;15;15;14;0;0;0;13;14;14;13;13;0;0;0;0;0;0;13;0;0;0;0;0;0;0;0;13;0;0;0;13;0;0;13;0;0;0;13;13;0;0;0;0;0;0;0;0;0;0;0;0;0;0;0;0;0;0;0;0;0;13;0
0;0;0;0;0;0;0;0;0;0;0;0;0;0;0;0;0;0;13;13;13;13;0;0;0;13;13;0;13;0;0;0;13;13;0;13;13;14;14;16;16;16;17;17;16;15;15;17;17;19;21;23;26;28;30;32;34;35;35;33;34;33;32;32;33;32;31;31;32;32;32;31;32;34;36;38;40;44;47;50;54;54;55;58;61;61;60;63;62;61;57;55;52;51;50;50;50;51;51;51;51;49;47;46;45;45;44;45;44;44;44;46;48;47;50;49;48;47;46;45;45;45;46;48;51;54;57;62;65;69;73;72;72;73;71;72;73;74;76;75;75;78;79;79;78;73;69;68;68;62;57;50;43;39;36;34;32;29;28;26;25;25;26;27;26;25;23;20;18;17;15;14;13;0;0;0;13;13;13;14;13;0;13;0;0;13;0;0;13;0;13;13;13;13;0;0;13;0;0;0;0;0;0;0;0;0;0;13;0;0;13;0;0;0;0;13;0;0;13;0;0;0;0;0;0;0;0;0;0;0;0
0;0;0;0;0;0;0;0;13;13;13;13;0;0;0;13;0;0;0;0;0;0;0;0;0;13;13;0;0;0;0;13;13;13;0;0;13;14;15;15;17;18;16;16;15;14;16;18;18;18;21;24;27;29;30;32;33;34;34;35;35;34;35;32;32;32;31;31;31;31;31;31;32;34;34;36;40;43;46;51;53;54;55;57;59;58;60;62;61;59;56;54;52;51;50;50;50;51;49;50;51;49;46;46;45;45;46;45;44;46;45;46;48;49;50;49;49;48;47;45;44;44;44;47;49;53;58;61;65;68;71;72;73;71;71;71;74;74;73;75;76;79;77;78;76;73;69;68;65;62;56;50;44;37;36;34;33;30;29;28;25;26;26;27;25;23;22;20;19;17;15;14;14;14;0;0;0;0;13;14;14;0;13;13;0;0;0;0;0;0;13;13;13;0;0;0;0;0;13;13;0;0;0;0;13;0;0;0;13;0;0;0;0;0;13;0;0;0;0;0;0;0;0;0;13;0;0;0;0;0;0
0;0;0;0;0;0;0;0;0;13;0;0;0;13;0;0;0;0;0;0;0;0;0;13;0;0;0;13;13;13;13;0;0;0;14;13;0;13;14;15;16;16;16;16;15;15;17;17;17;19;20;23;26;28;30;32;33;34;35;35;36;34;34;32;31;32;30;30;30;31;31;30;32;33;33;37;39;43;47;49;50;53;55;57;58;58;59;60;59;59;57;55;52;50;49;48;48;49;50;50;50;48;48;48;46;46;46;45;44;45;45;46;46;48;48;47;48;48;45;44;44;44;44;46;49;54;58;61;65;69;71;73;73;73;72;71;75;75;74;77;79;80;78;78;75;73;71;69;65;63;58;51;45;40;35;33;32;30;29;28;26;27;27;27;25;23;23;21;19;18;16;15;14;13;13;13;0;0;13;0;0;0;0;13;0;0;0;0;0;0;0;0;13;13;13;0;0;13;0;13;0;0;0;0;0;0;0;13;0;13;0;0;0;0;0;0;0;0;0;0;0;0;0;0;0;0;0;0;0;0;0
0;13;13;0;0;0;13;0;0;13;0;0;13;0;0;0;0;0;0;0;13;0;0;0;0;0;0;0;13;13;0;13;0;0;0;13;0;13;15;15;16;15;16;15;15;15;16;17;17;18;21;24;26;27;29;31;32;34;36;35;35;35;32;32;32;30;29;30;31;31;31;31;32;32;34;36;38;42;46;48;50;52;52;55;57;58;57;58;59;58;57;53;52;50;48;48;49;49;49;49;50;48;48;49;46;45;45;45;44;44;45;47;47;46;48;46;46;44;44;45;45;44;45;47;49;52;56;60;64;68;71;72;72;71;72;70;71;70;74;77;78;79;78;78;76;72;71;68;66;62;57;51;47;41;34;32;31;31;28;27;26;27;27;27;26;24;23;21;19;18;16;14;0;13;13;13;13;13;13;0;0;13;0;13;0;0;0;0;13;0;0;0;13;0;13;0;0;0;0;0;0;0;0;0;0;0;13;13;0;13;0;0;0;0;13;0;0;0;0;0;0;0;0;0;0;0;0;0;0;0;0
0;13;0;0;0;0;13;0;0;0;0;0;13;0;13;0;0;0;0;0;0;0;0;0;0;13;13;0;0;0;0;0;13;0;0;13;13;14;15;16;16;17;16;15;16;16;16;17;17;19;21;24;25;27;29;30;32;34;36;35;34;34;34;33;32;30;30;31;31;30;31;31;31;32;34;36;37;41;44;47;49;50;51;53;55;56;56;56;57;56;56;52;51;50;49;49;47;48;48;47;47;46;46;46;46;45;45;43;44;44;45;47;47;47;48;46;46;45;43;44;43;43;46;50;49;52;56;58;64;67;68;70;71;69;68;71;71;73;73;75;74;76;78;78;75;71;72;68;66;63;57;51;46;42;37;34;32;31;29;27;25;26;26;27;25;25;23;21;20;19;16;14;13;0;13;13;13;13;13;0;0;0;0;14;13;0;0;0;0;0;0;13;13;0;13;13;0;0;0;0;0;0;0;0;0;0;13;0;0;13;0;0;0;0;0;0;0;0;13;0;0;0;0;0;13;0;0;0;0;0;0
0;0;0;0;0;0;0;0;0;13;0;13;13;0;0;0;0;13;0;0;0;0;0;0;0;13;13;0;13;13;0;13;13;0;0;0;14;14;15;16;16;16;16;15;16;16;16;16;18;19;20;24;26;28;28;30;33;35;35;35;33;33;32;32;33;33;31;31;30;30;30;30;31;32;33;35;36;41;42;44;46;47;51;52;53;54;57;57;58;57;56;53;52;50;49;50;48;47;47;46;46;45;44;44;44;47;45;44;45;44;45;46;45;46;45;45;45;44;42;43;43;43;46;47;48;51;55;58;61;65;67;69;70;70;69;71;70;71;72;73;74;75;75;76;74;71;67;69;65;61;57;51;46;41;37;34;33;31;29;27;26;26;26;27;25;25;24;21;20;18;16;15;13;13;13;0;13;13;13;13;13;0;0;0;0;0;13;13;0;0;13;0;13;13;13;13;0;13;0;0;0;0;0;0;0;0;0;0;0;0;0;0;0;0;0;0;13;13;13;0;0;0;0;0;0;0;0;0;0;0;0
0;0;0;0;0;0;0;0;0;0;0;0;0;0;0;0;0;0;0;0;0;0;0;0;0;0;0;0;0;0;0;13;0;0;0;0;14;13;15;15;15;15;15;15;14;15;15;16;17;19;20;23;26;28;28;31;33;33;34;35;32;32;31;31;31;30;29;30;30;29;28;30;30;30;31;32;34;39;41;44;46;47;51;52;53;53;56;56;57;59;58;56;53;51;50;49;48;47;47;47;47;48;47;46;46;46;46;45;45;46;44;45;45;46;46;46;44;44;43;42;41;41;43;45;48;51;54;58;60;63;68;70;70;70;69;69;70;69;72;74;72;74;75;73;71;69;68;66;62;60;56;50;45;40;38;34;32;31;29;28;27;27;27;27;26;24;24;22;19;17;16;15;13;13;13;0;13;13;13;0;13;13;13;13;0;0;0;0;0;0;13;13;0;13;13;13;0;0;0;0;0;0;0;0;0;0;14;13;13;0;0;0;13;0;0;0;0;0;0;0;0;0;0;0;0;0;0;0;0;0;0
0;0;0;0;13;0;0;0;0;0;0;0;0;0;13;13;13;0;0;0;0;13;0;0;0;0;0;0;0;0;0;13;0;0;0;13;13;13;14;15;15;15;16;15;15;14;16;17;18;20;21;23;26;28;29;32;33;33;34;33;32;32;32;30;30;29;30;30;29;29;29;29;28;29;30;32;34;38;41;44;45;47;50;53;53;54;56;56;57;56;56;55;53;48;49;47;46;46;46;47;49;47;46;46;48;47;45;44;45;45;44;45;45;45;45;45;44;44;42;42;43;43;44;45;49;51;54;56;60;63;67;69;70;71;72;70;70;68;69;73;73;74;74;73;71;69;68;65;61;58;54;50;45;40;37;34;32;32;29;29;28;27;28;27;25;26;24;21;19;17;15;14;13;13;13;13;13;0;0;0;13;13;13;13;0;13;0;0;0;0;13;0;0;0;0;0;13;0;0;0;0;0;0;0;0;0;0;13;14;0;0;0;0;13;13;13;0;0;0;0;0;0;0;0;0;0;0;0;0;0;0
0;0;0;0;0;0;0;0;0;0;13;0;0;0;0;13;13;0;0;0;0;0;0;0;0;0;0;0;0;0;0;0;0;0;0;13;13;13;14;15;15;16;16;14;14;15;15;16;18;20;21;23;24;27;29;31;33;32;32;33;32;33;32;30;30;30;29;29;27;27;27;27;27;28;29;31;35;38;41;42;43;46;47;50;53;56;56;57;59;58;55;54;54;50;48;45;44;45;46;46;46;47;46;46;45;46;46;44;46;43;44;45;43;45;45;43;43;42;43;42;42;43;45;46;49;50;55;57;61;65;66;68;71;71;71;72;71;69;70;71;73;74;71;72;71;70;69;65;62;59;53;49;44;39;36;34;33;32;30;30;27;28;28;26;26;25;24;22;20;18;16;14;13;0;13;13;13;13;13;13;13;13;13;0;13;13;13;0;0;0;13;0;13;14;0;0;0;0;13;0;0;13;0;0;13;0;0;13;0;0;0;0;0;0;0;0;0;0;0;0;0;0;0;0;0;0;0;0;0;0;0
0;0;0;0;0;0;0;0;0;0;0;0;0;13;0;0;0;0;0;0;0;0;0;0;0;0;0;0;0;0;13;13;13;13;0;13;13;14;14;15;15;16;16;15;15;14;15;18;18;19;20;22;25;28;28;31;33;33;33;33;33;32;31;30;29;29;29;29;28;27;27;27;27;27;29;31;35;38;41;44;45;44;49;51;54;56;56;56;57;58;55;53;53;50;48;46;43;44;45;45;45;46;46;46;45;45;45;43;43;44;44;44;44;43;43;43;42;41;41;41;42;43;43;45;47;49;55;56;60;63;66;68;70;70;70;70;69;70;72;72;73;74;72;71;71;71;70;67;64;60;53;49;45;39;36;35;32;31;30;30;29;29;28;28;27;26;24;22;21;18;16;14;14;13;13;14;14;14;13;13;0;0;13;13;13;0;0;0;0;13;0;0;0;13;0;0;0;0;0;0;0;0;0;0;0;0;0;0;0;13;0;0;0;0;0;0;0;0;0;0;0;0;0;0;0;0;0;0;0;0;0
0;0;0;0;0;0;0;0;0;0;0;0;0;0;0;0;0;0;0;0;0;0;0;0;0;0;0;0;0;13;0;0;13;13;13;13;0;14;14;15;16;18;17;15;15;14;15;16;16;19;20;22;24;28;29;30;32;32;33;33;33;32;30;31;29;30;29;29;28;28;26;26;27;27;28;31;35;38;42;44;45;47;49;51;55;55;54;55;55;55;54;53;52;50;47;46;43;44;45;46;45;45;45;46;45;45;45;44;43;43;44;42;41;41;41;42;42;42;42;41;41;41;43;44;45;50;54;56;61;63;64;67;68;69;72;71;69;68;70;70;73;72;72;72;72;71;70;69;65;59;53;49;45;40;36;33;32;31;31;31;29;29;27;28;28;27;24;23;20;18;16;15;14;13;13;0;13;14;14;13;13;13;13;13;13;13;0;0;0;0;0;13;14;13;13;13;0;0;0;0;0;0;0;0;0;0;0;0;13;0;0;0;13;0;0;0;0;0;0;0;0;0;0;0;0;0;0;0;0;0;0
0;0;0;0;0;0;0;0;13;0;0;0;0;0;0;0;0;0;14;0;0;0;0;0;0;0;0;0;0;0;0;13;13;0;0;0;13;14;14;16;16;17;16;15;15;15;16;17;17;19;20;23;24;27;28;30;32;32;32;32;33;33;32;31;29;30;30;30;29;27;27;27;27;28;28;31;35;37;40;43;45;48;51;52;55;55;56;55;55;56;55;54;52;48;48;47;46;46;46;46;45;45;45;44;45;45;45;43;41;41;41;39;39;41;42;42;40;41;41;41;41;42;43;44;47;52;55;58;60;63;64;67;68;69;71;72;71;70;69;68;71;70;70;70;71;72;69;69;66;59;54;49;43;39;35;32;32;31;31;32;29;29;27;28;28;27;26;24;21;18;17;16;15;14;0;13;13;14;13;14;14;13;13;13;0;0;0;0;0;0;0;0;0;0;13;13;0;0;0;0;0;0;0;13;13;0;0;0;13;13;13;14;0;0;0;0;0;0;0;0;0;0;0;0;13;0;0;0;0;0;0
0;0;0;0;0;0;0;0;0;0;0;0;0;0;0;0;0;0;13;0;0;0;0;0;0;0;0;0;0;0;13;0;0;0;0;0;13;14;15;16;16;17;16;14;14;15;15;17;17;19;18;21;25;27;29;31;31;33;33;32;32;31;31;30;29;30;30;28;27;27;26;26;28;28;30;33;36;38;41;42;45;47;49;51;54;55;55;55;58;56;55;56;53;49;48;45;46;47;47;45;45;44;45;44;44;44;45;44;43;41;41;41;39;40;41;41;40;40;39;39;40;41;41;44;46;50;53;56;59;64;66;67;67;69;70;71;71;70;69;68;70;70;69;69;69;70;69;69;65;59;56;51;45;39;37;34;31;31;30;30;30;30;29;28;28;26;25;23;22;19;17;16;15;0;0;13;0;13;13;13;13;13;13;13;0;0;0;0;0;13;0;13;13;13;0;0;0;0;0;0;0;0;0;0;0;0;0;13;0;0;13;0;0;0;0;0;0;0;0;0;0;0;0;0;0;0;0;0;0;0;0
13;0;0;13;0;0;13;0;0;0;0;0;0;0;13;0;0;0;0;14;0;0;0;0;0;0;0;0;0;0;13;0;0;0;13;0;13;14;15;16;16;16;16;15;14;15;15;16;16;19;20;21;26;27;29;30;30;31;32;33;32;31;31;29;29;29;29;28;27;27;26;27;28;28;30;33;36;37;40;41;44;47;48;51;52;55;55;56;56;56;54;54;53;51;49;45;45;46;45;44;45;43;42;43;42;42;42;42;42;41;40;40;38;39;39;40;40;41;39;40;40;40;41;43;43;47;51;54;57;62;65;67;69;70;69;69;68;69;70;70;70;71;70;71;69;68;70;69;64;59;55;51;45;40;36;33;31;31;29;30;31;30;29;28;28;27;26;23;23;19;17;16;14;13;13;14;13;13;13;13;14;14;13;13;13;0;13;0;0;13;13;13;13;0;0;0;0;13;13;0;0;0;13;0;0;0;0;13;0;0;0;0;0;0;0;0;0;0;0;0;0;0;13;13;0;0;0;0;0;0;0
0;0;0;0;0;0;0;0;0;0;0;0;0;0;13;0;0;0;0;13;0;0;14;0;0;0;0;0;13;13;13;0;0;13;13;13;13;13;14;15;16;16;16;15;14;14;15;16;16;18;20;21;24;26;29;31;31;31;31;32;33;31;29;28;28;28;29;28;27;27;27;27;27;29;30;32;34;38;39;39;43;46;48;51;52;55;54;57;57;58;56;55;54;52;49;47;46;45;44;43;43;42;41;42;41;40;39;40;41;40;38;38;37;37;37;38;39;40;40;40;41;43;43;43;45;48;52;55;56;61;64;65;68;69;69;69;67;68;69;70;71;69;68;69;69;68;69;67;63;59;55;49;46;41;36;34;31;31;30;30;31;31;29;29;29;27;27;24;22;20;17;15;14;0;0;13;13;13;13;13;14;13;0;0;13;0;13;0;0;0;13;0;0;13;0;0;0;13;0;0;0;0;13;0;13;13;13;0;0;0;0;0;0;13;0;0;0;0;0;0;0;0;0;0;0;0;0;0;0;0;0
0;13;0;0;0;0;0;13;0;0;0;0;0;0;13;0;0;0;0;13;0;13;13;0;0;0;0;0;0;0;0;13;0;13;13;13;14;13;14;14;16;16;16;15;14;14;15;16;17;17;19;21;24;26;29;30;31;30;32;32;33;30;29;29;27;27;27;28;27;26;26;27;26;29;31;33;35;37;38;39;42;44;48;51;53;56;57;57;57;58;57;55;54;51;49;48;48;46;45;44;43;42;41;41;39;39;39;39;39;39;38;37;36;37;37;38;39;40;39;40;41;43;43;43;45;47;51;55;57;62;64;67;67;69;69;69;66;67;68;70;70;69;68;65;66;67;67;66;61;59;54;51;47;41;37;34;31;30;30;31;30;31;30;30;29;28;27;25;23;21;17;15;14;14;13;13;13;0;0;13;14;0;0;13;13;0;0;0;0;0;0;0;0;13;0;0;0;0;13;0;13;13;0;0;0;0;0;0;0;0;0;0;0;0;0;0;0;0;0;0;0;0;0;0;0;0;0;0;0;0;0
0;0;0;13;0;0;13;0;0;0;0;0;0;13;13;0;0;13;13;13;0;0;0;13;0;0;13;0;0;0;13;13;0;0;0;0;0;13;14;14;16;16;16;16;15;15;15;16;16;17;20;21;24;26;28;28;30;30;31;31;30;29;28;28;26;27;27;27;26;25;26;25;26;29;30;31;34;35;36;38;41;43;46;49;50;52;55;56;57;59;58;58;55;53;52;50;49;47;46;45;44;42;42;41;39;39;39;38;38;37;38;37;36;38;38;37;38;39;39;39;39;42;41;42;45;45;49;54;58;62;61;66;68;70;70;69;66;65;65;66;67;67;68;67;67;69;66;65;59;56;54;52;47;41;38;35;32;32;31;30;30;31;30;30;28;29;26;25;23;20;17;15;14;13;0;13;13;13;0;13;13;0;13;13;13;0;0;0;0;13;13;0;0;13;13;0;0;0;0;0;0;0;0;0;0;0;0;0;0;0;0;0;0;0;0;0;13;0;0;0;0;0;0;0;0;0;0;0;0;0;0
0;13;13;0;0;0;13;0;0;0;0;0;0;0;13;0;0;0;0;0;0;0;0;0;0;0;0;0;0;0;0;0;0;0;0;0;13;13;15;14;16;16;16;16;16;14;15;15;17;18;19;21;24;24;25;27;30;31;31;29;30;29;28;27;27;27;26;27;27;26;25;25;26;27;29;30;33;33;36;39;41;42;44;47;51;53;52;57;58;58;59;58;56;53;52;51;49;48;46;45;42;40;40;40;39;39;39;37;38;37;37;37;37;36;38;38;37;40;40;39;39;39;40;41;43;44;48;54;58;61;62;63;68;71;71;69;67;66;68;67;67;69;67;67;67;68;65;63;61;57;53;48;44;39;37;34;32;33;31;30;30;32;31;30;28;28;26;25;24;21;18;16;14;13;0;0;13;14;13;0;13;13;13;13;0;0;0;0;0;0;13;13;13;0;13;0;0;0;0;0;0;13;0;0;0;0;13;13;13;13;0;0;13;0;0;0;0;0;0;0;0;0;0;0;0;0;0;0;0;13;0
0;13;13;0;0;0;0;0;0;0;0;0;0;0;0;0;0;0;0;0;13;0;13;0;0;13;13;0;0;0;13;13;0;0;0;13;13;14;14;14;16;16;16;16;16;14;15;14;16;18;19;21;23;25;27;29;29;31;29;28;28;27;27;26;27;27;26;26;27;26;26;25;26;27;29;29;31;31;35;39;41;41;45;47;48;52;54;57;59;59;60;58;57;57;54;52;49;49;47;45;43;41;40;39;38;39;40;40;39;38;38;38;39;38;38;39;38;38;39;39;39;39;40;40;43;44;48;52;55;59;62;63;66;67;68;67;67;67;67;67;67;66;66;67;66;65;66;63;60;57;53;47;43;40;36;34;33;33;32;30;30;30;30;28;29;28;27;24;22;20;18;16;15;13;13;13;0;0;13;13;0;0;13;13;0;0;0;0;0;13;13;0;0;0;13;13;13;0;0;0;0;0;0;0;13;0;13;13;14;13;0;0;0;0;0;0;0;0;0;0;0;0;0;13;0;0;0;0;0;0;0
0;0;0;0;0;0;0;0;0;13;0;0;0;0;0;0;0;0;13;13;0;0;0;0;0;0;0;0;0;0;13;0;0;0;0;13;0;14;14;15;16;15;16;16;17;14;14;16;17;18;20;21;23;25;26;29;30;30;29;27;27;25;26;27;26;26;25;26;26;26;26;28;27;27;28;29;31;32;36;38;40;42;46;48;51;54;55;56;56;57;57;56;56;55;52;50;48;48;47;46;43;42;40;40;39;41;40;39;37;38;39;39;40;39;39;39;38;37;38;37;37;38;39;40;43;45;48;51;53;57;62;63;66;66;67;67;66;67;67;69;68;67;68;66;65;64;64;62;59;56;54;47;41;36;35;33;32;31;31;30;29;29;30;30;31;29;25;23;22;20;18;17;15;14;13;13;13;0;13;13;13;0;13;13;13;13;0;0;0;0;0;13;0;13;13;0;13;13;13;0;0;13;0;13;0;0;0;0;13;0;0;0;0;0;0;0;13;0;0;0;0;0;0;13;0;0;0;13;0;0;0
0;0;0;0;0;0;0;0;0;0;13;13;0;0;0;0;0;13;13;0;0;0;0;0;0;0;0;0;0;0;13;13;13;0;0;13;13;13;14;16;15;16;16;15;14;13;14;15;17;17;18;20;23;25;26;27;29;30;29;27;26;25;25;27;27;25;25;27;26;26;27;26;26;26;26;28;32;34;36;38;41;43;46;47;51;53;54;56;57;57;57;55;54;54;52;49;48;46;45;44;43;42;41;40;39;39;39;38;38;39;37;38;39;38;39;38;38;37;38;38;36;40;40;39;41;43;47;52;53;58;61;65;67;67;67;67;66;66;67;68;68;67;70;68;68;65;64;62;59;56;53;49;43;38;35;32;31;30;32;31;30;29;30;30;31;30;27;24;23;19;18;17;14;14;13;0;13;13;14;14;14;13;0;13;13;0;13;13;0;0;0;13;0;13;13;13;0;0;0;0;0;0;0;0;0;0;0;0;0;13;0;0;0;0;0;0;0;0;0;0;0;0;0;0;0;0;0;0;0;0;0
0;13;0;0;13;0;0;0;0;0;0;0;0;0;0;0;0;0;0;0;13;13;0;0;0;0;0;0;0;0;0;0;13;0;0;0;13;13;14;14;15;16;15;16;15;15;15;15;16;17;18;19;23;24;26;28;29;30;29;27;27;26;27;26;26;25;26;27;26;25;25;25;24;24;26;28;30;33;35;39;40;43;46;48;51;53;53;55;56;56;59;57;55;53;51;48;49;46;45;45;43;41;40;38;37;38;39;39;39;39;38;39;39;38;38;38;37;37;37;37;38;39;40;40;41;43;48;50;53;57;59;62;66;66;68;68;66;67;67;68;69;70;70;67;66;65;64;62;59;56;53;49;44;38;35;33;31;29;30;29;29;30;30;29;29;28;26;24;21;19;18;16;15;14;13;0;13;13;14;14;13;0;13;13;0;0;0;13;0;0;0;0;13;13;13;13;0;0;0;0;13;0;0;0;0;0;0;0;0;0;0;13;13;13;0;0;0;0;13;0;0;0;0;0;0;13;0;0;13;0;0
0;0;13;0;0;0;0;0;0;0;0;0;0;0;0;0;0;0;0;0;0;0;0;0;0;0;0;0;13;13;0;0;0;0;0;0;0;13;14;15;16;15;16;17;15;15;15;16;16;17;18;20;22;24;26;27;28;30;29;27;25;25;27;26;27;26;26;26;25;26;26;27;25;25;26;28;29;31;35;38;39;41;45;47;50;51;52;54;56;54;55;55;55;53;50;49;48;46;46;44;42;40;39;38;38;36;38;37;40;40;40;40;37;38;38;38;36;37;37;36;36;38;37;40;42;46;47;51;55;55;60;62;64;65;65;66;68;68;68;68;69;69;71;71;68;66;63;61;59;57;54;49;43;38;35;33;33;29;29;28;29;30;30;30;31;29;27;24;22;20;16;16;15;13;13;13;13;15;15;14;13;13;13;14;0;0;0;0;0;0;0;13;13;13;0;13;13;14;0;0;13;0;0;0;0;0;0;0;0;0;0;0;13;13;0;0;0;0;0;0;0;0;0;0;0;0;0;0;0;0;0
0;0;0;0;0;0;0;0;0;0;0;0;0;0;0;0;0;0;0;13;0;0;0;13;0;0;0;13;0;0;13;13;0;0;0;0;0;14;14;15;15;15;16;16;15;15;15;14;16;17;18;20;21;23;26;28;29;28;27;26;25;27;27;26;27;26;26;26;25;26;25;25;25;25;26;28;29;31;35;37;38;42;44;45;47;50;52;53;55;55;56;56;54;53;51;47;45;45;44;43;42;41;39;37;38;36;38;36;39;40;39;38;38;38;37;37;36;35;34;35;35;36;37;38;40;43;46;51;56;58;63;64;65;65;63;65;67;68;68;68;69;68;69;69;70;66;64;62;60;58;53;48;42;39;35;33;31;30;29;28;28;29;29;30;30;30;27;24;22;20;17;16;13;14;13;13;13;14;14;13;13;13;14;13;0;0;0;0;0;0;13;13;0;13;0;13;14;13;0;13;0;0;0;13;0;0;0;0;0;0;0;13;13;0;0;0;0;0;0;0;0;0;0;0;0;0;0;0;0;0;0
0;0;0;0;0;0;0;0;0;0;0;0;0;0;0;0;0;0;0;0;0;13;0;0;13;13;0;0;0;0;0;13;13;0;0;0;13;13;13;15;16;16;17;16;16;15;15;14;16;18;19;20;21;24;27;28;28;28;28;26;25;26;26;27;27;26;26;26;26;26;25;25;26;27;27;27;29;32;34;35;38;41;42;44;48;50;53;53;54;55;57;56;55;53;52;49;48;44;44;43;41;40;38;36;36;36;37;36;39;39;38;39;38;36;36;36;35;34;35;35;37;37;36;38;41;44;47;51;55;58;62;62;64;63;65;65;67;68;68;68;69;68;69;68;67;67;65;64;60;58;54;48;43;40;37;33;31;29;28;28;28;28;29;29;29;29;27;24;22;20;17;15;13;14;13;0;14;14;13;15;13;13;13;13;0;0;0;13;0;0;13;13;0;0;0;13;0;13;0;0;0;0;0;0;0;0;0;0;0;13;0;13;0;0;0;0;0;0;0;0;0;0;0;0;0;0;0;0;0;0;0
13;0;13;0;0;0;0;0;13;13;0;0;0;0;0;0;13;13;0;0;0;0;13;0;0;0;0;0;0;0;0;0;0;13;0;0;0;13;13;14;15;15;17;17;16;15;15;14;16;17;18;20;22;24;27;28;28;29;28;26;25;26;27;26;26;25;25;25;26;25;25;25;25;25;25;26;29;31;33;34;36;39;41;44;46;49;52;53;54;55;56;57;56;53;51;48;48;46;45;43;41;40;38;38;37;37;37;39;39;39;39;39;37;36;36;36;35;34;35;33;35;35;36;39;41;44;47;51;54;60;63;64;64;62;64;66;65;67;68;68;70;69;71;70;67;65;64;63;61;59;55;49;43;38;35;32;31;30;29;28;26;28;29;31;29;28;26;24;22;19;17;15;14;13;13;0;13;13;13;13;0;13;13;13;13;13;13;13;0;0;14;0;0;0;13;13;13;13;0;0;13;0;0;0;0;14;13;13;0;0;0;0;0;0;0;0;0;0;0;0;0;13;0;0;13;0;0;0;0;0;0
13;13;13;0;0;0;0;13;13;13;0;0;0;0;13;13;13;0;0;0;0;0;13;0;0;0;0;0;0;0;13;13;13;13;13;0;0;0;13;15;14;15;16;16;16;15;15;15;16;17;19;20;22;23;27;28;28;27;28;27;26;26;26;26;25;24;24;24;22;25;25;24;24;24;25;25;28;30;31;33;35;37;41;43;45;48;51;53;55;53;54;53;53;51;49;47;47;45;44;42;41;39;38;37;36;35;36;38;38;39;38;37;36;36;35;35;35;33;34;35;35;34;36;38;40;44;47;51;54;58;61;63;64;64;63;64;67;67;69;68;68;68;69;70;69;66;65;64;62;59;56;50;45;39;35;32;30;29;29;28;27;27;29;30;30;28;26;24;23;20;17;16;14;14;13;0;13;13;14;13;0;13;13;13;14;0;0;0;0;0;0;13;13;13;0;0;13;13;13;13;0;0;0;0;0;13;13;0;0;0;0;0;0;0;0;0;0;0;0;0;0;0;0;0;0;0;0;0;0;0;13
0;0;0;0;0;0;0;0;13;13;0;0;0;0;0;0;0;0;0;0;0;0;0;0;0;13;0;0;0;13;13;13;13;13;0;0;0;0;13;14;14;15;16;16;16;16;15;15;15;17;19;20;22;23;25;27;29;29;29;28;28;26;24;26;25;23;24;23;23;26;26;25;25;23;24;25;28;29;30;32;34;37;41;42;46;47;51;52;52;53;52;52;52;51;49;48;49;45;43;42;41;38;37;36;36;36;36;37;37;37;38;37;37;36;33;35;34;33;34;34;33;35;37;39;41;45;48;50;51;55;58;62;63;63;64;64;66;68;70;69;69;69;68;69;69;67;65;64;61;59;55;50;46;41;37;34;31;30;28;27;27;28;29;29;28;28;27;25;23;21;18;16;14;14;13;14;14;14;13;13;0;0;13;13;13;0;0;0;13;0;13;13;13;13;13;13;0;13;13;0;0;0;0;0;0;13;0;0;0;13;0;0;0;0;0;0;0;0;0;0;0;0;0;0;0;0;0;0;0;0;0
0;0;0;0;0;0;0;0;0;0;0;0;0;0;13;0;0;0;13;13;0;13;0;0;0;0;0;0;13;0;0;0;13;0;0;0;0;0;0;0;14;15;15;17;16;15;15;15;15;16;17;19;21;23;26;28;31;29;29;29;27;25;24;25;24;23;23;23;23;24;25;24;24;24;23;24;28;28;29;31;32;35;39;42;47;47;49;52;51;52;53;52;52;51;49;47;48;45;43;42;41;39;37;37;35;37;36;34;36;36;36;36;36;35;36;37;35;34;35;35;33;36;37;38;41;46;49;51;54;56;59;61;62;62;63;64;66;68;69;67;68;68;70;70;68;67;65;64;61;59;54;51;47;41;37;34;32;30;28;27;28;28;28;29;29;28;27;24;23;20;17;16;14;14;0;13;14;14;14;14;13;13;13;13;13;0;0;0;0;13;14;13;13;13;13;0;13;14;13;0;13;0;0;0;0;0;0;0;0;13;0;0;0;0;0;0;0;0;0;0;0;0;0;0;0;0;0;0;0;0;0
13;0;0;0;0;13;13;0;0;0;0;0;0;0;0;0;0;0;0;0;0;0;0;0;0;0;13;0;0;0;0;0;0;0;0;0;0;13;13;13;14;15;16;17;16;15;15;15;15;16;18;19;21;23;26;28;29;28;28;28;27;24;26;26;25;23;23;22;22;23;23;24;24;25;24;25;26;27;27;31;34;37;40;43;46;46;48;50;51;51;51;51;49;50;49;47;46;44;43;42;40;38;36;36;35;35;35;34;33;34;34;34;34;36;36;35;35;34;35;35;34;36;35;38;40;43;47;48;50;54;57;60;62;63;64;65;66;66;67;69;67;67;68;70;69;69;67;64;61;59;54;50;46;43;39;36;33;30;29;29;28;29;30;29;29;28;27;25;23;20;18;17;15;14;13;13;13;14;13;13;14;13;13;0;0;0;0;0;0;0;0;13;13;14;0;0;13;13;0;0;13;0;13;13;0;0;13;13;13;13;0;13;0;0;0;0;13;13;0;0;0;0;0;13;0;0;0;0;0;0;0
0;0;0;0;0;0;0;0;0;0;0;0;0;0;0;0;0;0;0;0;0;0;0;0;0;0;0;0;0;0;0;0;0;0;0;0;0;0;0;13;14;15;16;17;16;14;14;14;15;15;18;19;21;23;25;27;29;29;28;28;28;27;26;26;25;24;23;21;23;22;24;23;23;25;24;24;25;26;28;30;33;37;40;43;44;45;47;49;50;52;49;49;50;51;49;47;45;43;42;40;38;37;35;36;35;35;34;34;34;35;35;35;36;37;37;36;35;35;34;35;34;36;37;39;40;42;46;48;49;53;56;58;61;64;65;66;66;68;67;66;65;67;68;68;67;69;69;66;63;60;54;48;45;42;40;35;33;30;30;29;29;29;30;30;29;30;28;26;24;20;18;16;15;13;13;13;13;13;0;14;14;13;15;13;0;0;0;0;0;0;0;13;13;13;13;13;13;13;13;13;0;0;0;13;0;0;0;13;13;13;13;13;0;0;0;0;0;13;0;0;0;0;0;0;0;0;0;13;0;0;0
0;0;0;0;0;0;0;13;0;0;0;0;0;0;0;0;0;13;13;0;0;0;0;0;0;0;0;0;0;0;0;0;0;0;0;13;0;0;0;14;14;14;15;15;15;14;13;14;15;16;18;18;19;23;26;28;30;30;29;30;27;27;27;23;23;23;22;21;21;20;23;23;22;24;24;24;24;26;28;30;35;38;41;44;46;47;48;48;49;49;48;48;48;47;47;46;44;42;42;40;38;37;35;36;36;35;34;33;35;35;36;35;35;35;36;36;36;35;35;36;36;39;38;40;42;43;46;47;50;53;55;58;59;62;63;65;65;66;67;66;65;65;66;67;68;69;69;67;64;61;55;50;45;41;37;35;34;33;30;28;29;29;29;30;30;28;28;26;23;21;18;16;15;13;13;13;14;13;13;13;14;14;13;13;0;0;0;0;0;0;0;0;13;13;13;13;0;13;13;0;0;0;0;0;0;0;0;0;0;0;0;0;0;0;0;0;0;0;13;13;0;0;0;0;0;0;0;13;0;0;0
0;0;0;0;0;0;0;0;0;0;0;0;0;0;0;0;0;0;0;0;0;0;0;0;0;0;0;0;0;0;13;13;0;0;0;0;13;0;13;14;14;14;15;15;14;14;13;14;16;16;17;18;21;23;26;28;29;31;31;29;26;25;26;25;23;23;22;22;20;22;24;23;22;23;23;23;24;25;28;31;33;38;40;42;46;48;48;48;49;47;47;46;46;45;44;45;44;45;42;39;38;38;35;35;35;33;34;33;33;35;35;35;34;35;36;36;36;36;35;36;36;37;37;40;43;46;46;47;49;52;54;57;58;61;61;63;65;65;67;67;65;66;67;69;70;70;67;67;64;62;54;50;45;42;37;35;32;32;31;29;26;29;30;29;29;29;28;26;23;20;18;16;15;14;13;13;13;13;13;13;0;13;13;13;13;0;0;0;0;13;0;13;13;0;13;13;13;13;13;0;0;0;13;13;0;13;0;0;0;0;0;0;0;0;0;13;0;0;0;0;0;0;0;0;0;0;0;0;13;0;0
0;0;0;13;0;0;0;0;0;0;0;0;0;13;0;0;0;0;13;0;13;0;0;0;0;0;0;0;0;0;0;0;0;0;0;0;13;0;13;14;15;15;15;15;15;15;14;15;15;17;18;18;21;24;26;28;29;30;30;28;26;26;26;25;25;22;21;20;21;21;22;22;22;23;23;23;24;25;29;31;34;36;40;42;46;46;47;47;47;46;46;46;44;45;45;45;43;44;41;38;37;36;34;33;33;33;34;32;32;33;33;34;36;36;37;35;37;37;36;37;38;38;39;40;42;43;46;48;49;53;53;58;58;60;60;62;63;64;66;66;65;67;68;68;70;69;69;67;64;60;55;52;46;41;35;35;33;32;31;29;28;28;30;30;30;30;29;27;24;20;18;16;14;14;13;0;13;14;13;13;13;13;14;0;13;0;0;0;0;13;13;13;13;13;13;14;13;0;0;0;0;13;13;13;13;13;13;0;0;0;13;0;0;0;0;0;0;0;0;0;0;0;0;0;0;0;0;0;0;0;0
0;0;0;0;0;13;0;0;0;0;0;0;0;0;0;0;0;0;0;0;0;13;13;0;0;0;0;0;13;13;13;0;0;0;0;0;0;0;0;14;15;15;15;15;16;14;14;14;15;17;17;18;20;22;25;28;30;29;29;28;27;25;25;24;24;23;22;21;20;21;22;22;22;22;23;24;25;26;29;32;35;37;39;41;44;44;45;46;46;46;46;45;45;46;45;44;44;43;40;38;36;35;33;33;32;33;33;31;32;33;34;34;36;35;35;35;36;36;36;37;38;40;40;42;43;44;46;48;48;52;54;56;57;59;60;61;61;61;63;64;65;66;68;68;71;69;69;67;63;61;57;52;49;43;38;34;34;32;31;29;29;31;31;30;30;28;28;26;24;20;18;16;14;14;13;13;13;14;14;14;14;13;13;0;0;13;13;13;0;0;13;13;0;13;13;14;14;13;0;13;0;13;0;0;13;13;0;0;0;0;0;0;0;0;0;0;13;0;0;0;0;0;0;0;0;0;0;0;0;0;0
0;0;13;13;13;0;0;0;0;0;0;0;0;0;13;0;0;0;0;0;0;13;13;0;0;0;0;0;0;0;0;0;13;0;0;13;0;0;0;14;15;15;14;14;15;15;14;15;16;17;17;18;21;23;26;28;28;29;29;28;27;25;25;25;25;23;23;21;20;21;21;22;23;23;23;24;26;27;30;33;34;36;37;41;44;44;47;46;46;46;45;43;44;44;44;44;43;42;40;39;38;36;33;34;32;33;33;32;31;32;33;35;36;35;34;36;35;35;35;37;39;40;40;42;43;45;46;49;51;52;56;56;56;57;60;59;59;59;60;63;66;68;69;68;68;67;67;65;62;60;55;52;48;43;39;36;34;33;31;30;30;30;31;29;29;29;28;26;23;20;18;16;15;14;0;13;13;13;13;13;13;0;0;13;0;0;13;0;0;0;13;13;13;0;14;13;14;13;0;13;0;0;0;13;13;13;13;13;0;0;0;13;0;0;0;0;0;0;0;0;0;0;0;0;0;0;0;0;0;0;0
13;0;13;13;0;0;0;0;0;0;13;13;0;0;13;13;0;0;0;0;0;0;0;13;0;0;0;0;0;0;0;0;0;13;0;0;0;0;13;14;15;15;15;15;15;15;14;14;15;16;17;18;21;24;27;28;28;29;28;27;26;25;24;24;24;23;22;21;20;21;21;21;22;23;23;24;27;28;31;33;35;36;36;39;42;47;47;46;47;46;45;44;44;44;43;45;43;41;38;39;37;34;33;33;32;33;32;31;29;32;32;33;36;36;36;37;37;37;37;38;38;40;41;40;42;45;47;49;52;51;55;57;59;58;59;57;58;58;59;61;63;67;67;68;68;67;66;64;62;59;57;52;47;43;39;36;34;32;31;30;28;29;30;30;30;29;27;25;24;21;19;16;15;13;0;13;13;13;13;13;13;0;13;13;13;0;0;0;0;0;0;13;13;13;14;13;14;0;13;13;13;13;13;13;0;0;13;13;0;0;0;0;0;0;0;0;0;0;0;13;0;0;0;0;0;0;0;0;0;0;0
0;0;13;0;0;0;0;0;0;0;13;13;0;0;0;0;13;13;0;0;0;0;0;0;0;0;0;0;0;0;0;0;0;13;0;0;0;13;13;14;15;15;15;15;14;15;14;14;15;16;18;19;21;24;27;28;28;29;27;27;26;24;25;25;24;23;22;21;20;20;20;22;22;23;24;25;27;27;31;33;34;34;37;39;42;45;45;45;45;45;45;44;44;46;43;43;43;43;39;38;36;34;34;33;32;31;30;31;30;32;32;34;36;36;37;37;37;37;38;38;38;38;39;41;43;46;46;46;50;52;54;56;58;59;59;58;57;58;59;59;61;66;65;66;67;67;66;64;66;58;56;52;47;43;40;37;36;34;31;29;28;29;29;30;31;29;30;26;24;21;19;17;16;14;13;13;13;13;14;15;13;13;13;13;0;13;0;0;0;13;0;0;13;13;13;13;13;13;13;13;13;13;0;0;0;0;0;13;13;14;13;0;0;0;0;0;0;0;0;0;0;0;0;0;0;0;0;0;0;0;0
0;13;0;0;0;0;0;0;0;0;13;0;13;0;0;13;0;0;0;0;0;0;13;0;13;13;13;0;0;0;0;0;0;0;0;0;0;0;0;13;14;14;13;15;15;14;14;14;15;17;18;20;21;25;27;27;28;28;27;26;26;24;24;24;24;23;22;21;20;21;21;22;22;22;25;26;26;29;31;33;33;34;37;40;42;45;47;46;46;46;46;45;44;46;44;43;42;41;40;39;36;36;34;32;30;30;30;30;29;31;32;32;34;34;35;36;36;35;37;38;38;39;39;41;45;45;46;49;50;54;55;56;57;58;57;56;55;57;57;59;62;63;66;66;66;67;66;65;63;59;56;52;45;41;39;38;35;32;29;28;29;28;29;30;30;31;31;27;24;20;19;16;15;15;15;13;13;13;13;14;14;14;13;13;0;13;0;13;13;13;0;0;13;0;13;13;13;13;0;0;13;0;0;0;0;13;0;0;13;13;13;13;0;0;0;0;0;0;13;13;0;0;0;0;0;13;0;0;0;0;0
0;0;0;0;0;0;0;0;0;0;0;0;0;0;0;0;0;13;13;13;0;0;13;0;13;13;0;0;0;0;0;0;0;0;13;0;0;0;13;13;14;13;14;14;14;15;15;15;14;16;18;20;22;25;27;28;28;28;28;26;26;24;22;23;25;24;23;23;21;21;21;21;22;23;25;27;28;29;31;32;33;35;36;39;43;46;46;47;46;45;46;46;44;46;44;43;40;40;41;40;38;37;34;32;31;31;30;30;29;31;32;32;34;35;35;36;37;37;38;39;39;39;40;41;43;45;46;49;51;55;55;55;56;57;57;58;57;58;57;58;61;62;64;68;67;67;64;62;60;57;55;50;45;41;39;37;36;32;30;28;28;28;29;31;30;31;30;29;26;23;18;16;15;14;14;13;13;13;13;14;14;14;13;0;0;0;0;0;13;13;0;0;13;14;13;13;13;0;0;0;0;0;0;0;13;13;0;0;13;13;13;0;0;0;0;0;0;0;0;13;0;0;0;0;0;0;0;0;0;0;0
13;0;13;0;0;0;0;0;0;13;13;13;13;13;0;0;13;0;0;0;13;0;0;0;0;0;0;0;0;0;0;13;0;13;0;0;0;13;13;13;13;14;14;14;15;15;15;15;15;16;18;21;23;26;27;29;28;28;26;26;26;25;23;23;23;25;23;23;23;21;21;21;23;24;25;27;28;29;31;32;33;34;37;40;45;46;47;48;46;45;46;46;44;45;43;42;42;41;39;39;37;35;32;33;31;29;29;29;30;30;31;32;34;36;36;37;38;38;39;39;39;39;38;41;42;45;47;49;51;54;56;55;56;56;55;57;57;61;58;58;59;61;65;67;67;67;65;61;58;58;54;50;45;42;38;36;35;32;30;28;28;30;29;29;29;30;30;28;26;22;19;17;16;14;14;13;14;13;13;13;14;13;14;13;0;0;13;0;13;0;0;0;13;13;14;13;13;0;0;0;0;0;0;0;0;13;0;0;13;13;0;13;0;0;0;0;13;0;0;0;0;0;0;0;0;0;0;0;0;0;0
13;0;0;0;0;0;0;0;0;0;0;13;13;0;0;13;0;0;0;0;0;0;13;0;13;0;13;0;13;13;0;0;0;0;0;0;0;13;13;14;14;14;14;15;15;14;14;14;15;16;19;22;23;26;26;27;28;27;26;27;25;24;22;23;23;24;23;23;23;22;23;22;23;23;25;27;28;30;31;33;33;37;40;42;45;46;49;48;48;48;47;46;45;46;44;43;42;41;39;38;39;36;34;34;32;31;30;28;29;29;30;33;34;34;35;36;37;38;39;39;39;40;39;40;42;45;47;50;51;53;54;53;54;54;54;55;56;60;60;61;61;61;63;66;67;65;65;62;61;57;53;50;45;42;40;36;35;31;28;27;28;29;29;30;30;29;30;29;27;23;20;18;15;14;14;13;14;13;14;14;14;13;14;14;13;13;0;0;0;0;0;0;13;0;13;14;14;13;0;13;13;0;0;0;0;0;0;0;0;13;13;13;0;0;0;13;0;0;0;0;0;0;0;0;0;0;0;0;0;0;0
0;0;0;0;0;0;0;0;0;0;0;0;0;0;13;13;0;0;13;0;0;0;0;0;0;0;0;0;0;13;0;0;0;0;0;13;0;13;0;14;14;14;14;14;15;15;14;14;15;17;19;23;24;25;26;28;28;28;28;27;25;25;23;23;23;24;23;22;23;22;23;23;24;25;25;26;28;30;31;32;34;38;41;44;48;48;49;48;49;49;47;45;46;46;46;45;43;42;41;39;38;37;35;33;31;31;30;30;29;31;31;32;33;35;35;36;38;38;37;37;38;39;39;40;41;43;45;50;51;53;53;53;54;54;54;54;57;60;61;62;62;62;62;65;65;64;64;63;60;59;54;50;45;42;39;37;35;31;29;27;27;28;29;31;30;29;28;27;27;24;19;18;16;15;13;13;13;15;14;14;14;13;14;14;13;13;13;0;0;0;0;13;0;0;13;13;13;13;0;13;13;0;0;0;0;13;13;0;0;13;13;13;0;0;0;0;0;0;0;0;0;0;0;0;0;13;0;0;0;0;0
0;0;0;0;0;0;0;0;0;0;0;0;0;0;0;0;13;0;13;13;13;0;0;0;0;0;0;0;0;13;13;0;13;13;0;13;13;13;13;14;15;15;14;13;15;15;14;14;15;17;19;21;23;25;25;27;28;29;27;28;27;27;24;24;24;25;24;23;24;23;23;23;24;25;25;25;28;30;31;33;35;39;42;44;48;48;51;50;51;50;48;48;47;47;46;46;43;42;41;39;38;38;36;33;31;30;29;30;30;32;31;32;34;35;35;36;36;39;38;37;36;37;38;39;40;42;45;48;49;51;51;52;51;53;53;54;57;59;60;61;60;62;63;61;63;62;63;61;58;58;55;50;45;41;37;37;35;32;30;27;26;26;27;29;30;29;29;28;27;23;20;19;17;15;14;13;13;13;14;14;14;14;14;13;0;13;13;0;0;0;0;0;0;13;13;13;13;13;13;13;0;0;0;0;0;0;13;13;0;0;13;13;0;0;0;0;0;0;0;0;13;0;0;0;0;0;0;0;0;0;0
0;0;0;0;0;0;0;0;0;0;0;0;0;0;0;0;13;13;13;13;0;0;0;0;0;0;0;0;0;13;0;0;0;0;13;0;0;13;13;13;15;15;14;15;15;14;14;14;15;18;19;21;23;25;27;27;28;29;29;28;27;26;26;26;26;26;24;24;25;24;25;24;24;24;26;27;29;31;32;34;36;40;43;45;49;50;52;49;50;50;48;46;46;46;44;45;44;42;42;40;38;37;35;33;33;31;29;28;29;29;30;31;33;35;35;36;37;38;38;38;39;37;37;37;40;42;44;45;48;50;50;51;52;52;51;53;57;61;60;62;63;62;62;61;61;60;61;60;57;56;54;53;45;41;37;35;34;32;31;28;27;25;26;29;29;31;29;28;26;24;21;18;17;15;14;13;13;13;13;13;14;14;15;13;13;0;0;0;0;0;0;0;13;13;13;0;13;13;0;13;0;0;0;0;0;0;13;0;0;13;13;13;0;13;0;0;0;0;0;0;0;0;0;0;0;0;0;0;0;0;13
0;0;0;0;0;0;0;0;13;0;0;0;0;0;0;0;0;0;0;0;0;0;0;0;0;0;0;0;13;13;0;0;0;0;0;0;13;13;0;13;14;15;15;15;14;14;13;14;15;17;19;21;23;25;26;27;30;30;29;29;28;27;27;26;26;25;25;24;25;24;25;25;25;24;26;27;30;32;33;35;39;41;43;46;51;52;53;50;51;50;50;46;45;44;44;44;42;44;43;40;39;38;36;36;33;32;31;30;30;30;32;33;33;34;35;35;36;37;40;39;39;38;38;39;40;42;43;47;48;49;47;48;51;50;51;54;57;61;63;63;64;61;61;60;61;59;60;57;57;56;53;50;45;41;37;35;33;32;30;29;28;26;27;29;29;30;30;29;27;24;20;17;17;15;13;13;13;13;13;14;14;14;13;13;14;13;0;13;0;0;0;0;13;13;13;13;13;13;0;0;0;13;0;0;13;0;13;0;0;13;13;0;13;13;0;13;0;0;13;0;0;0;0;0;0;0;0;13;0;0;0
0;0;0;0;0;0;13;13;0;0;13;13;0;0;0;13;0;0;0;0;0;0;0;0;0;0;0;0;0;0;0;0;0;13;0;0;0;13;13;14;14;15;15;15;14;14;15;15;16;18;19;21;22;24;25;28;29;32;31;30;29;28;27;26;26;25;25;24;23;23;24;26;26;26;27;27;30;33;36;36;39;41;44;47;51;54;54;52;51;50;49;45;46;44;44;45;45;44;43;40;40;39;36;36;34;31;32;31;31;32;32;33;35;34;35;35;35;36;38;37;39;38;38;39;40;41;44;46;47;47;48;49;50;50;52;55;58;61;64;65;63;61;61;60;60;59;59;57;56;55;51;48;44;41;36;34;31;30;30;29;29;27;27;27;29;30;29;29;27;23;20;16;16;15;15;13;13;13;13;14;13;0;0;13;13;13;13;0;0;0;0;13;0;13;14;14;14;13;0;13;0;0;0;0;0;0;0;0;0;13;0;13;13;0;0;0;0;0;0;0;0;0;0;0;13;0;0;0;0;0;0
0;0;0;0;0;0;0;0;0;0;0;0;0;13;0;0;13;0;0;0;0;0;0;0;0;0;0;0;0;0;0;0;0;0;13;0;0;0;13;14;14;14;14;14;15;15;16;16;16;18;19;21;23;24;27;28;28;30;32;29;28;27;27;25;26;26;26;24;24;24;25;25;25;27;29;30;31;33;36;36;39;42;44;48;50;50;53;52;51;52;50;49;46;45;44;44;46;44;42;40;40;39;37;36;34;34;33;31;31;33;32;32;33;34;34;34;36;36;37;39;39;39;39;39;39;40;42;44;46;47;49;51;52;51;52;53;56;60;65;66;65;64;64;61;59;60;58;57;55;55;52;50;45;41;36;32;31;30;32;30;29;28;28;28;30;30;30;30;28;22;20;16;15;15;14;13;13;13;13;15;14;13;13;13;13;0;0;0;0;0;13;0;0;13;13;14;14;13;0;0;0;0;0;0;13;0;0;0;13;13;0;13;0;0;0;0;0;0;0;0;0;0;0;0;0;0;0;0;0;0;0
0;0;0;0;0;0;0;13;13;0;0;0;0;0;0;0;13;0;0;0;0;0;0;0;0;0;13;0;0;13;13;0;0;0;0;0;0;13;13;14;14;14;14;14;15;15;15;16;17;17;19;21;24;25;26;28;30;30;30;30;29;28;27;26;26;26;25;26;26;25;25;25;25;28;29;30;31;35;37;38;40;42;44;47;48;50;52;53;52;51;48;48;47;47;45;44;44;45;45;43;40;40;38;36;33;33;32;33;32;33;31;33;33;34;34;35;36;36;37;40;41;41;41;41;42;41;42;44;46;48;50;51;52;52;54;57;58;62;65;66;67;66;63;60;60;60;58;56;57;54;51;49;45;41;36;33;31;28;29;29;28;26;26;28;29;30;29;29;27;24;21;17;15;15;14;13;13;0;13;14;14;13;13;13;0;0;0;0;0;13;13;0;0;0;0;13;13;13;13;0;0;13;0;13;0;0;0;0;0;0;13;13;0;0;0;0;0;0;13;0;0;0;0;0;0;0;0;0;0;0;0
0;13;0;0;13;13;13;0;0;0;0;0;0;0;0;0;0;0;0;0;0;0;0;0;0;13;13;0;0;0;0;0;0;13;0;0;13;13;13;13;14;14;15;14;15;15;16;16;17;18;19;21;24;26;27;28;30;31;31;29;29;28;27;27;27;27;26;26;26;26;25;25;26;28;29;30;33;35;37;38;40;42;43;47;48;52;54;54;53;52;52;50;49;46;45;45;44;46;49;45;43;41;37;36;35;34;33;33;33;31;32;32;34;34;35;37;37;37;37;39;40;40;41;42;42;42;43;44;46;48;52;53;53;54;55;56;58;61;64;65;68;68;65;60;60;59;59;56;56;54;52;48;43;41;35;33;31;28;28;29;28;27;26;26;29;29;28;26;27;24;20;18;15;14;13;13;14;13;13;14;14;13;13;0;0;0;0;0;0;13;13;0;0;0;0;0;0;13;0;0;0;13;13;13;13;13;13;0;13;0;0;13;0;0;0;0;0;0;0;0;0;0;0;0;0;0;0;0;0;0;0
0;0;0;0;0;13;13;0;0;0;0;0;0;0;0;0;0;13;0;0;0;0;0;0;0;13;13;0;0;0;0;0;0;0;0;13;13;0;13;13;14;13;14;15;16;15;15;15;16;18;20;22;24;27;28;29;30;30;30;29;29;26;27;27;27;27;27;27;25;25;25;27;27;28;30;31;34;36;40;40;41;43;45;47;46;49;54;54;54;54;54;51;49;46;45;44;45;46;46;46;45;42;41;38;37;36;35;34;34;35;35;34;34;35;36;38;38;38;39;39;40;41;41;42;41;43;43;43;47;51;53;54;56;57;57;57;59;61;64;67;67;67;64;62;60;59;58;57;56;54;52;50;44;40;37;33;30;28;28;29;28;27;26;26;28;29;28;26;26;23;20;18;16;14;13;13;13;13;13;13;13;14;14;13;13;0;0;0;0;13;13;0;13;13;13;0;0;13;0;13;13;0;0;13;0;13;0;13;13;13;0;0;0;0;0;0;0;0;0;0;0;0;0;0;0;0;0;0;0;0;0
0;0;0;0;13;13;0;0;13;13;13;0;0;0;0;0;0;0;0;0;0;0;0;13;0;13;13;13;13;13;0;0;0;0;13;13;13;0;13;13;14;14;15;15;15;16;16;15;17;18;20;22;24;26;29;30;31;32;31;29;29;27;27;28;28;29;29;28;26;27;26;27;28;27;30;32;35;37;39;41;42;41;43;47;47;49;51;55;56;56;55;53;51;49;47;47;48;49;47;46;45;44;42;40;38;37;36;36;35;35;36;34;36;37;37;37;38;39;39;40;41;42;42;44;45;43;44;47;47;51;54;57;57;59;60;60;61;63;65;68;69;68;65;64;63;58;58;58;56;54;52;48;45;40;36;33;30;29;28;28;27;28;28;26;27;28;29;27;24;23;21;19;16;15;14;14;14;13;13;14;13;14;13;13;13;0;0;0;0;0;0;0;13;13;13;13;0;13;0;0;13;0;0;13;0;0;0;13;13;13;0;0;0;0;0;0;0;0;0;0;0;0;0;0;0;0;0;0;0;0;0
0;0;0;0;0;0;0;0;0;13;13;0;0;0;0;0;0;0;0;0;0;0;0;0;0;0;0;0;13;13;0;0;13;13;13;14;13;13;15;13;14;15;14;15;15;15;16;16;17;18;19;22;23;26;29;30;31;31;30;29;29;28;28;28;29;31;30;29;27;28;28;27;28;29;31;32;35;39;40;40;42;43;46;48;50;52;54;56;57;56;56;55;52;50;50;48;47;48;46;46;48;45;43;40;39;38;36;36;36;35;35;36;37;37;38;37;39;40;41;41;41;42;43;45;44;44;46;47;48;52;55;60;62;64;64;64;62;65;67;70;71;70;68;67;61;60;59;59;57;56;53;49;46;41;35;31;30;31;28;27;27;28;29;26;27;28;29;27;25;22;20;19;17;14;14;13;13;14;13;14;13;13;13;0;13;13;13;0;13;0;0;13;0;0;0;14;13;0;13;13;13;13;13;13;0;0;13;13;15;13;13;0;0;0;0;13;0;0;0;0;0;0;0;0;0;0;0;0;13;0;0
0;0;0;13;0;0;0;0;0;13;0;0;13;13;0;0;0;13;0;0;0;0;0;0;0;0;13;0;0;0;0;0;13;0;0;13;0;0;14;14;14;14;14;15;15;16;16;17;18;18;20;23;24;27;30;31;31;31;31;30;29;29;28;28;29;30;31;30;29;28;28;27;28;28;30;31;35;38;40;42;43;45;47;48;50;53;55;57;58;58;58;57;54;52;50;46;48;48;47;47;48;47;48;43;42;38;38;37;38;37;36;37;37;38;39;39;42;41;40;41;42;43;43;44;45;47;49;49;51;53;57;61;63;68;65;64;68;68;69;71;72;72;70;65;63;62;60;59;58;56;55;50;46;41;35;32;31;31;28;28;28;29;29;28;27;28;30;27;25;22;20;20;17;15;15;13;13;13;13;14;14;14;14;13;0;0;13;13;0;0;0;0;0;0;0;13;13;13;13;13;14;13;13;0;0;0;13;13;13;13;14;0;0;0;0;0;0;0;0;0;0;0;0;0;0;0;0;0;0;0;0
13;0;0;0;0;13;0;0;0;0;0;0;0;0;0;0;0;13;0;0;13;0;0;0;0;0;0;13;13;0;0;0;0;13;0;13;13;13;14;14;14;14;15;15;15;16;16;16;18;17;20;22;24;28;30;31;31;31;31;30;29;27;27;27;28;30;31;31;29;28;28;28;27;28;30;32;34;37;40;43;45;46;47;48;51;53;56;56;58;59;57;56;55;54;50;50;49;48;48;48;49;48;47;44;44;40;38;38;37;37;38;39;39;39;41;42;43;42;42;43;43;42;44;45;46;47;49;51;53;56;60;62;66;67;68;66;68;67;70;73;76;77;73;70;65;65;61;60;59;58;56;51;47;41;36;32;31;29;29;29;28;29;29;28;29;28;29;27;25;24;21;20;16;15;15;14;13;13;13;0;13;13;13;13;0;0;13;13;0;0;0;0;13;13;13;13;13;13;0;0;0;0;0;0;0;13;0;0;0;13;13;0;0;0;0;0;0;0;0;0;0;0;0;0;0;0;0;0;0;13;0
0;0;0;0;0;0;0;0;0;0;13;0;0;0;0;0;0;0;0;0;0;0;0;0;0;0;0;13;13;0;0;0;13;0;0;0;13;13;14;13;14;14;15;16;16;15;16;16;17;18;19;22;25;29;32;33;33;31;31;30;29;28;28;28;29;31;32;31;30;29;29;28;28;28;31;33;36;38;40;43;46;46;48;51;52;54;56;59;59;59;57;57;56;54;53;51;49;49;48;48;50;48;47;46;44;42;41;40;39;38;39;40;41;41;42;43;44;44;44;44;43;42;43;44;45;48;50;51;54;57;60;63;65;66;67;68;70;70;74;73;76;75;75;74;72;67;62;60;59;57;55;51;48;42;37;33;32;29;29;29;28;28;29;26;28;28;29;28;26;23;21;20;18;15;14;0;13;13;14;13;0;0;13;0;0;0;13;13;0;0;0;0;0;13;0;13;14;14;13;13;13;0;13;13;0;13;0;0;0;0;13;0;0;0;0;0;0;0;0;0;0;0;0;0;0;0;0;0;0;0;0
0;0;13;0;0;0;0;0;0;0;13;0;0;0;0;13;0;0;0;0;0;0;0;0;0;0;0;13;0;0;0;0;0;0;0;0;0;13;13;13;15;15;15;15;15;16;16;17;18;18;19;23;26;30;32;33;34;32;32;29;30;29;28;28;28;30;32;31;29;30;29;29;30;30;30;32;35;39;40;43;45;47;50;52;55;57;59;60;59;59;57;56;54;55;54;52;52;51;49;49;49;49;46;45;45;43;41;40;39;39;39;41;44;42;43;43;47;47;46;44;44;43;42;44;46;48;49;53;56;57;63;64;65;69;71;71;73;72;75;75;76;75;75;73;71;68;65;62;59;58;55;51;48;43;37;33;31;29;29;28;28;27;28;28;27;28;30;28;26;23;21;19;17;15;13;13;0;13;14;14;13;0;13;13;13;13;13;0;13;0;13;0;0;13;13;0;13;13;0;13;0;0;0;0;0;0;0;13;13;13;13;0;0;0;0;0;0;0;0;0;0;0;0;0;0;0;0;0;0;0;0
0;0;0;0;0;0;0;13;0;13;0;0;0;0;13;13;13;0;0;0;14;13;0;0;0;0;0;0;0;0;13;0;0;0;13;0;0;13;13;13;15;16;15;15;16;17;16;17;17;17;19;21;26;30;33;33;34;33;31;29;29;29;28;29;30;31;32;29;31;30;29;30;30;30;30;31;34;38;40;44;46;50;52;55;58;58;59;60;61;59;58;57;55;57;58;58;55;53;52;49;48;47;47;46;47;45;43;42;40;39;40;42;42;43;46;46;47;48;47;45;44;43;43;43;46;47;49;52;55;58;64;65;68;71;72;71;72;72;74;75;76;77;76;75;72;70;67;65;60;59;55;52;49;42;38;33;30;29;29;28;28;27;29;28;28;29;30;30;26;24;23;20;17;16;14;14;13;14;14;13;13;13;13;14;13;0;0;0;0;0;13;13;0;0;13;13;0;0;13;13;13;0;0;0;0;0;0;13;13;13;0;0;0;0;0;0;0;0;0;0;0;0;0;13;0;0;0;0;0;0;0
0;0;0;0;13;0;0;0;0;13;0;0;0;0;13;0;0;0;0;0;0;13;0;0;0;0;13;13;13;0;0;13;0;0;0;14;0;13;13;14;15;14;14;15;16;17;18;17;17;18;20;22;26;29;32;32;34;33;33;32;31;30;30;30;29;30;31;30;30;30;31;30;29;30;30;31;33;37;40;44;48;51;54;56;58;59;60;60;59;57;58;57;57;57;58;59;58;56;52;49;50;47;46;45;45;46;44;43;43;42;42;42;43;44;47;47;47;48;47;46;44;43;44;45;44;47;49;52;54;58;62;65;69;71;72;71;73;75;72;75;76;78;78;76;74;70;67;63;62;59;56;53;48;41;37;34;30;29;29;28;28;28;29;29;29;29;30;30;26;24;22;20;18;16;14;0;0;13;13;13;13;13;14;13;13;13;0;0;0;0;0;13;13;0;13;0;0;0;0;0;0;0;0;0;0;13;0;13;13;0;13;0;0;0;13;13;13;0;0;0;0;0;0;0;0;0;0;0;0;0;0
0;0;0;0;0;0;0;0;0;0;0;0;0;0;0;0;0;0;0;0;0;0;13;0;0;0;0;0;0;0;0;0;0;0;0;0;13;14;13;15;15;14;14;16;17;18;16;17;18;18;20;22;26;29;31;32;34;33;33;34;32;30;28;30;30;31;31;30;30;31;30;30;29;29;30;30;33;37;40;43;47;52;56;58;61;62;62;62;61;60;58;57;59;60;58;59;59;57;54;50;49;48;46;45;46;44;44;44;43;42;42;43;43;44;45;46;46;47;47;47;44;43;43;44;44;45;49;52;54;59;60;64;67;69;72;72;73;74;74;76;76;78;78;76;74;70;68;64;63;60;56;52;47;40;37;34;31;30;29;28;26;27;27;29;29;30;30;29;27;25;21;20;18;16;14;0;0;0;13;13;14;14;13;0;13;13;0;0;0;0;0;0;13;13;13;0;0;13;0;0;0;0;0;0;0;13;13;13;0;0;0;0;0;0;0;0;0;0;13;0;0;0;0;0;0;0;0;0;0;13;0
0;0;0;0;13;0;0;13;0;0;0;0;0;0;13;13;0;0;0;0;0;0;0;13;0;0;0;0;0;0;0;0;0;0;0;0;13;13;13;14;14;15;15;16;17;17;17;17;17;18;20;22;25;28;29;32;34;34;34;33;32;32;30;30;30;31;30;29;28;30;29;29;29;29;30;30;33;36;40;43;48;53;57;58;60;60;61;60;60;61;59;57;60;59;58;59;59;58;56;53;50;47;48;45;46;43;46;45;44;43;41;41;43;44;45;46;48;48;49;46;44;43;42;43;44;45;50;52;54;58;61;64;67;69;71;72;74;76;76;75;78;78;78;78;75;71;67;66;64;59;57;53;47;42;38;34;32;31;29;28;28;28;28;28;29;30;31;30;27;25;21;18;17;15;14;13;13;13;13;13;13;13;13;13;0;13;13;0;0;13;0;0;13;0;0;0;13;13;0;0;13;13;0;0;0;0;13;13;0;0;0;13;0;0;0;0;0;0;0;0;0;0;0;0;0;0;0;0;0;0;0
0;0;0;0;0;0;0;0;0;0;0;0;0;13;0;0;0;0;0;0;0;0;0;13;0;0;0;0;0;0;0;0;13;0;0;0;14;14;13;14;14;14;15;17;17;15;16;17;18;19;20;21;24;27;31;33;35;34;33;34;32;31;32;30;30;31;31;29;29;29;29;30;29;29;30;31;33;34;37;42;48;53;55;57;60;61;61;60;60;60;60;59;59;59;60;59;57;57;55;54;51;48;48;46;46;46;46;46;46;44;42;41;43;44;46;47;48;48;48;47;46;45;44;45;47;46;49;52;55;58;61;67;68;70;71;74;75;75;73;76;78;79;78;78;76;73;69;66;64;63;59;53;48;43;39;35;31;29;29;29;28;28;30;29;30;30;31;31;30;26;21;18;17;14;14;14;0;13;13;0;13;0;14;13;13;13;0;0;0;0;0;0;0;0;0;0;13;13;13;0;0;0;0;13;0;0;0;13;0;0;13;13;0;0;0;0;0;0;0;0;0;0;0;0;0;0;0;0;0;0;0
0;0;0;0;0;13;0;0;0;0;0;13;0;0;0;0;0;0;0;0;0;0;0;13;13;13;0;0;0;13;0;0;0;0;0;13;13;13;13;13;14;15;17;16;17;16;17;18;19;18;21;22;23;28;31;33;34;35;34;34;32;31;31;32;33;33;30;29;29;28;29;29;29;30;30;31;32;35;38;44;50;52;54;56;59;60;61;64;61;59;61;61;59;59;58;59;59;57;54;52;49;48;48;47;46;46;45;46;46;44;42;42;42;44;44;46;47;48;46;47;47;46;45;46;45;48;50;53;56;59;62;63;68;70;72;74;75;75;75;76;77;79;79;79;76;73;69;66;65;61;59;55;49;46;41;36;30;28;28;29;29;28;28;28;30;30;31;30;29;26;21;18;16;15;15;14;13;13;13;13;15;13;0;13;14;0;0;0;0;0;0;0;0;0;13;13;13;13;14;13;13;13;0;0;13;0;13;13;0;13;13;0;0;0;0;0;0;0;0;0;0;0;0;0;0;13;0;0;0;0;0
0;0;0;0;0;0;0;0;0;13;0;0;0;0;13;13;0;0;0;0;13;13;0;0;0;0;0;13;0;0;0;0;0;0;0;13;13;13;13;14;15;15;16;16;17;15;16;18;19;19;20;22;24;27;31;33;34;33;32;32;31;32;32;33;33;31;31;31;30;29;30;30;30;29;30;30;32;35;38;42;47;53;53;55;57;59;61;62;60;61;62;62;60;60;59;57;59;56;54;52;50;50;48;47;47;47;46;45;45;42;43;43;44;44;45;46;49;48;48;50;48;47;46;45;46;48;51;54;57;61;63;64;68;71;72;74;74;75;76;77;77;80;80;77;76;73;70;67;65;62;57;55;51;48;42;37;31;29;28;29;29;27;27;28;30;30;31;29;30;27;23;19;17;16;16;15;14;14;13;13;14;13;13;13;13;0;0;13;0;0;0;0;0;13;13;13;13;14;13;0;0;13;13;0;13;13;13;0;0;0;0;13;13;13;0;0;0;0;0;0;0;0;0;0;0;0;0;0;0;0;0
0;0;0;0;0;0;13;0;0;13;0;0;0;0;0;0;0;13;0;0;13;0;0;0;0;0;0;0;0;0;0;13;0;0;0;13;13;13;14;14;15;16;17;16;15;16;17;17;19;19;19;22;23;26;31;32;33;32;33;32;30;31;31;32;32;31;31;30;31;30;31;31;31;29;31;31;33;36;38;43;46;49;53;57;60;59;61;62;62;63;62;62;62;60;60;59;59;56;55;53;50;50;49;46;46;48;48;46;46;45;44;44;45;45;45;46;47;48;49;49;48;47;46;47;48;49;51;54;56;62;65;65;70;71;73;74;74;73;75;76;76;79;79;79;76;74;72;67;63;61;58;54;51;46;43;39;34;31;28;29;28;28;27;28;30;30;31;31;30;27;22;19;17;15;15;13;13;13;13;14;13;13;13;0;13;0;13;0;0;0;0;13;13;0;0;13;13;14;14;13;0;13;0;0;13;13;0;13;13;0;0;0;0;13;0;0;0;0;0;0;13;0;0;0;0;0;0;0;0;0;13
0;0;0;0;13;13;0;0;0;0;0;0;0;0;0;0;0;0;0;0;0;0;0;13;0;0;0;0;0;0;0;0;0;0;0;13;13;13;14;16;14;15;16;16;15;17;17;17;18;19;20;22;24;27;29;31;32;32;32;32;31;30;31;31;32;32;33;32;32;31;30;30;29;30;30;31;33;36;40;43;47;49;54;56;58;59;60;61;63;63;57;61;62;62;61;59;56;53;53;52;51;50;50;48;45;46;46;46;47;46;46;47;46;46;45;46;46;49;48;47;47;45;46;48;49;51;53;55;57;61;64;66;69;70;72;75;75;75;73;76;76;77;79;80;79;76;73;69;66;61;58;54;51;46;44;39;35;32;30;29;29;29;28;28;30;31;31;32;30;27;22;19;17;14;14;0;13;13;13;13;13;13;13;13;13;13;13;0;0;0;0;13;13;13;0;13;14;13;14;13;0;0;0;0;13;13;0;0;13;0;0;0;13;0;0;0;0;0;0;0;0;0;0;0;0;0;0;0;0;0;0
0;0;0;0;0;0;0;0;0;0;0;0;13;0;0;0;0;0;0;0;0;0;0;0;0;0;0;0;0;0;0;0;0;0;0;0;0;0;14;16;15;15;15;16;16;17;16;17;18;19;20;22;24;26;28;30;32;32;32;31;31;30;30;31;32;31;33;33;31;30;29;28;28;29;30;32;34;38;42;44;47;50;54;56;57;60;60;61;61;62;60;61;61;60;60;58;56;55;54;52;51;51;50;49;47;47;46;45;48;46;47;48;46;46;47;47;47;48;48;47;47;47;47;48;49;50;51;56;59;62;64;66;68;71;75;76;76;75;74;75;77;77;79;81;81;77;72;71;66;62;58;54;51;47;44;39;35;32;30;29;29;28;28;27;29;30;32;34;29;26;22;19;17;15;14;13;13;14;13;13;13;13;13;0;0;13;13;0;0;13;0;0;0;0;0;0;13;0;13;13;0;0;0;13;0;13;0;0;0;0;0;0;0;0;0;0;0;0;0;0;0;13;0;0;0;13;0;0;13;0;0
0;0;0;0;0;0;13;0;0;13;0;0;0;0;0;0;0;0;0;0;0;0;0;0;0;0;0;0;0;0;0;13;13;13;0;0;13;0;14;16;17;16;16;16;16;16;16;17;18;19;20;21;24;26;26;29;32;32;32;31;30;30;31;32;32;33;33;32;31;29;28;29;29;30;32;33;36;39;40;44;47;50;54;56;57;58;60;61;59;61;61;62;62;60;59;58;55;54;53;51;52;52;51;48;47;47;45;45;48;49;47;48;47;46;48;47;47;47;48;48;47;47;46;48;49;51;53;57;60;65;67;68;70;71;74;75;76;75;74;76;77;77;79;80;82;78;73;68;65;62;57;52;50;47;45;38;34;31;30;30;29;27;28;27;29;29;31;32;28;26;22;19;16;16;15;14;14;14;14;14;14;13;13;13;13;13;0;0;0;13;0;0;13;13;0;0;13;13;13;13;13;13;13;13;13;13;0;13;13;0;13;13;0;0;0;0;0;0;0;0;0;0;0;0;0;0;0;0;0;0;13
0;0;0;0;0;0;0;0;0;0;0;13;0;13;0;0;0;0;0;0;0;0;0;0;0;0;0;0;0;0;0;0;0;13;0;0;13;13;13;15;16;16;16;17;16;17;16;17;18;19;20;22;23;25;27;29;32;33;33;33;29;29;30;30;32;32;33;32;31;29;29;30;29;30;31;33;35;38;41;45;47;50;52;55;58;60;61;62;62;62;60;60;59;60;57;56;53;53;52;52;52;51;49;46;45;45;44;43;47;48;49;50;49;49;48;45;46;46;48;48;48;47;48;48;49;52;55;58;62;65;67;68;70;72;75;74;75;76;75;76;77;79;80;80;81;80;76;72;68;63;58;53;48;46;43;38;34;31;31;29;28;28;28;29;30;30;30;30;28;26;22;19;17;16;15;14;13;13;14;13;14;14;0;13;13;13;13;13;0;0;0;0;0;0;0;0;0;13;13;0;0;0;0;0;0;13;13;0;13;0;0;13;0;0;0;0;0;0;0;13;0;0;0;0;0;0;0;0;0;0;0
0;0;0;0;13;0;0;0;0;0;0;0;0;13;0;13;0;0;0;13;0;0;0;13;0;0;13;13;13;13;13;0;13;13;0;0;0;13;14;15;15;16;17;18;17;16;16;16;18;18;20;22;23;25;28;30;31;33;33;31;29;29;29;30;32;32;31;31;30;29;29;29;29;29;30;32;35;36;40;43;48;49;51;54;56;59;59;59;59;59;58;59;57;58;56;54;52;51;50;51;51;51;49;48;48;45;45;44;45;48;49;50;49;48;46;45;47;48;47;47;48;47;49;48;50;52;55;59;63;65;68;70;70;71;72;72;73;75;75;78;78;79;80;80;81;79;77;72;69;63;58;54;49;45;43;37;33;30;30;30;28;28;29;29;30;31;31;30;28;26;23;20;17;15;14;13;13;13;13;14;14;13;13;13;14;14;13;0;0;0;0;13;0;0;14;13;13;13;13;13;0;0;0;0;13;13;0;0;13;0;0;13;0;0;0;0;0;0;13;0;0;0;0;0;0;0;0;0;0;0;0
0;0;13;0;0;0;0;0;13;0;0;0;0;0;0;0;0;0;0;0;0;0;13;13;13;0;13;14;13;13;0;0;13;0;0;0;13;13;14;15;16;16;17;18;19;17;17;17;18;18;20;21;23;25;27;30;32;33;34;32;30;30;29;30;31;32;31;31;30;30;29;28;29;29;30;32;34;37;40;44;47;48;51;52;55;59;58;57;57;58;57;58;55;56;54;52;51;50;50;50;49;49;49;48;47;45;43;44;46;46;49;50;50;50;48;48;44;46;46;48;48;48;51;49;51;53;56;60;63;66;67;69;70;73;71;72;75;73;74;77;80;78;79;82;83;80;75;74;70;64;56;53;50;45;42;37;32;30;30;29;27;28;30;29;29;30;30;29;29;27;24;19;16;14;15;13;13;0;13;14;14;13;13;13;13;13;13;13;0;0;13;13;13;0;0;13;13;13;0;0;0;0;13;13;0;0;0;0;0;0;0;0;0;0;0;0;13;0;0;0;0;0;13;0;0;0;0;0;0;0;0
0;0;13;0;0;0;0;0;0;0;0;0;0;0;0;0;0;0;0;0;13;0;0;0;0;0;0;13;0;0;0;14;13;0;0;0;0;13;14;15;15;17;18;18;17;17;17;17;17;18;20;21;23;26;29;32;33;35;34;31;29;29;29;30;30;32;32;32;31;30;30;30;29;30;31;32;33;37;40;43;46;48;51;53;56;60;59;59;57;57;55;55;56;55;55;54;52;51;50;50;48;48;49;48;48;44;43;44;46;46;48;49;49;50;47;45;45;45;45;46;45;47;48;50;52;53;56;60;63;66;66;69;69;70;72;73;75;75;77;76;76;77;81;81;82;81;79;76;70;65;58;52;49;45;41;36;34;32;30;27;26;28;31;30;30;31;30;29;30;26;23;19;16;15;14;13;13;13;13;14;14;14;14;14;13;0;0;0;0;0;0;0;13;0;13;13;0;0;0;0;0;0;13;0;0;0;0;0;0;0;0;0;0;0;13;0;0;0;0;0;0;0;0;13;0;0;0;0;0;0;0
0;0;0;0;0;0;0;0;0;0;0;0;0;0;0;0;0;0;0;13;13;0;0;0;0;13;0;0;13;0;0;13;13;0;0;0;13;13;14;14;16;17;19;20;18;17;16;17;18;18;19;21;23;27;30;32;33;33;32;31;29;29;29;30;31;33;32;31;30;29;29;30;30;32;33;34;34;37;40;42;46;48;51;52;56;58;58;61;58;57;53;53;54;55;54;53;52;50;49;49;50;48;48;48;47;45;44;47;45;45;49;49;48;49;47;45;44;45;43;44;44;45;48;50;50;53;56;59;62;65;66;68;68;69;70;69;73;75;76;76;76;77;80;80;82;82;80;77;73;65;59;54;49;45;41;37;34;32;28;27;26;28;30;30;30;31;28;27;27;26;24;20;17;16;14;13;13;13;13;14;14;14;14;14;13;13;13;0;0;0;13;0;0;0;13;13;0;13;0;13;0;0;0;0;0;13;0;13;0;13;13;14;0;0;13;0;0;0;0;0;0;0;0;0;0;13;0;0;0;0;0
0;0;0;0;0;0;0;0;0;0;0;0;0;0;0;0;0;0;13;13;13;0;0;0;13;0;13;0;0;13;0;13;0;0;13;0;13;13;14;15;16;17;18;19;18;18;17;18;18;18;19;22;24;27;30;31;34;35;33;31;30;29;30;31;32;34;34;33;32;29;29;29;30;31;32;33;36;37;39;42;46;48;50;54;57;59;60;60;58;56;54;53;52;52;52;51;53;51;51;50;48;47;45;46;46;43;45;46;45;47;48;48;48;50;48;45;42;45;45;45;45;45;49;49;50;52;54;57;60;61;66;68;69;68;68;69;72;73;74;74;76;78;80;81;82;81;79;76;72;66;61;54;49;46;42;38;35;32;29;28;26;28;29;31;30;30;28;26;26;26;24;20;17;15;15;14;13;13;0;13;13;13;14;13;0;13;0;0;0;0;13;0;13;13;13;13;0;0;0;13;13;13;13;13;0;0;0;13;13;13;0;13;0;0;0;0;0;0;0;0;0;0;0;0;0;0;0;0;0;0;0
0;0;13;0;0;13;0;13;0;0;0;0;0;0;13;13;0;0;0;0;0;0;0;0;13;0;0;0;0;0;0;0;0;13;13;0;0;13;14;15;16;18;18;19;19;18;17;17;17;17;19;20;23;26;28;31;34;35;32;32;31;31;31;32;34;34;33;32;31;30;30;30;31;32;34;34;37;38;39;42;46;50;52;55;57;60;60;59;60;57;55;53;51;53;54;53;54;52;52;51;47;47;47;46;46;44;44;45;44;46;48;48;47;48;47;43;44;43;43;44;46;45;49;50;51;52;53;56;59;63;64;66;67;68;68;70;71;74;76;75;75;76;78;79;82;80;79;77;71;64;57;53;48;46;41;39;36;33;30;28;27;26;27;28;30;30;29;27;25;25;23;20;17;15;14;14;13;13;13;0;13;14;14;14;14;13;13;0;0;0;0;0;14;13;13;0;0;13;0;0;0;13;0;13;0;0;0;0;0;13;13;0;0;0;0;0;0;0;0;0;0;0;0;0;0;0;0;0;0;0;0
13;0;0;0;0;13;0;0;0;0;0;0;0;0;0;13;13;0;0;0;0;13;0;0;0;0;0;0;0;0;0;0;13;0;13;13;0;13;14;15;16;16;18;19;19;20;18;17;17;17;18;21;24;27;29;31;32;34;33;32;32;31;32;30;33;34;35;32;31;30;30;31;30;32;33;34;35;37;39;42;44;49;52;55;58;61;62;60;60;57;54;53;52;52;54;54;54;54;50;49;47;46;46;46;45;44;44;45;44;46;46;47;47;47;47;45;45;43;43;44;45;46;48;50;50;52;53;56;59;63;65;66;67;67;69;70;70;73;73;74;75;74;76;77;78;78;79;76;71;64;58;54;50;46;42;37;35;32;30;30;28;27;27;28;30;31;30;28;27;26;24;21;17;16;14;14;0;13;14;13;14;14;15;14;14;13;13;0;0;0;0;0;13;14;13;13;13;13;13;0;0;13;13;0;0;0;0;0;0;13;0;0;0;13;0;0;13;0;0;0;0;0;0;0;13;13;13;0;0;0;0
0;0;0;0;13;0;0;0;0;0;0;13;0;0;13;0;0;0;0;0;0;0;0;0;0;0;0;0;0;0;0;0;0;13;13;0;13;13;14;14;16;16;16;19;19;19;20;18;18;18;17;20;23;27;30;32;34;33;33;33;32;32;33;32;33;33;34;33;32;30;30;31;31;32;33;35;37;37;39;42;45;49;51;55;59;61;61;62;60;57;53;52;51;51;50;52;53;52;50;50;48;47;47;47;47;44;44;44;44;45;46;45;46;46;46;45;44;42;43;43;45;47;46;49;50;50;51;54;56;60;64;66;66;67;69;71;69;73;76;74;75;74;75;76;78;78;78;75;69;65;58;52;50;46;41;37;34;31;31;31;29;28;28;28;30;30;30;28;27;26;24;19;17;16;15;14;13;13;13;14;14;14;14;14;14;13;13;13;13;0;0;13;13;13;13;13;13;13;13;0;0;0;13;0;0;0;0;0;13;13;0;0;0;0;0;0;0;0;0;0;0;0;0;0;0;0;0;0;0;13;0
0;0;0;0;13;13;0;0;0;0;0;0;0;0;0;0;0;0;0;0;0;13;0;0;0;0;0;0;0;0;13;13;13;13;13;0;0;14;15;16;16;17;17;18;19;19;18;18;18;18;18;20;23;27;30;33;35;35;34;32;32;32;33;33;32;32;32;31;31;30;30;31;32;33;34;34;37;38;41;42;45;47;52;56;60;61;63;62;60;57;54;51;50;50;50;51;52;52;51;49;49;47;46;46;46;44;45;44;43;45;45;45;47;46;45;44;43;42;42;44;43;45;46;47;48;48;51;52;53;56;61;66;68;67;69;71;72;72;75;74;74;74;74;76;75;75;75;72;68;65;59;54;51;46;41;38;34;31;30;31;30;29;29;29;28;30;30;28;26;25;22;20;17;16;15;13;0;0;0;13;13;14;14;14;13;13;13;13;0;13;0;0;0;0;13;13;14;13;13;13;0;0;0;0;13;13;0;0;0;13;0;0;0;0;0;0;0;13;0;0;0;0;0;13;0;0;0;0;0;0;0
0;0;0;0;0;0;0;0;0;0;0;13;0;13;0;0;0;0;13;13;0;0;0;0;0;0;0;0;0;0;0;13;13;0;13;0;13;14;15;16;16;16;17;18;18;20;19;18;17;17;17;20;24;27;30;33;36;35;33;33;32;32;33;33;32;32;32;31;31;31;30;32;32;34;35;36;37;38;40;42;46;48;52;56;61;62;64;60;58;55;54;50;50;51;51;53;54;53;53;50;48;46;46;44;44;44;44;44;43;44;45;46;47;45;45;44;43;43;41;43;45;45;46;46;46;46;48;50;53;58;62;64;66;67;69;69;71;73;71;75;75;76;74;75;75;73;74;72;69;64;60;56;52;47;42;37;33;31;31;31;31;29;29;29;28;28;28;27;26;24;22;20;17;16;15;15;14;0;13;13;14;14;14;13;13;13;0;0;0;13;0;0;0;13;13;13;14;13;13;0;0;0;0;0;0;13;13;0;0;0;13;13;0;0;0;0;13;0;0;0;13;0;0;0;0;0;0;0;0;0;0
0;0;13;13;0;0;0;13;13;0;0;13;0;13;13;0;0;0;0;13;13;0;13;0;0;0;0;0;0;0;0;13;13;0;13;13;14;14;15;16;16;16;16;17;18;19;19;19;18;18;19;21;24;28;32;35;34;35;34;34;33;33;34;34;32;32;32;32;32;32;32;33;33;34;34;36;37;38;40;43;46;49;53;57;58;60;62;61;58;54;52;52;51;50;51;52;53;55;54;51;49;45;45;44;44;44;44;44;45;45;46;45;46;45;44;45;43;42;42;43;44;47;46;45;45;48;48;50;54;58;61;65;65;67;68;68;70;71;73;75;75;74;74;74;73;71;74;72;70;66;60;56;53;47;44;37;33;31;31;31;31;29;29;29;29;29;30;28;26;25;22;21;18;16;16;15;13;0;0;13;14;13;14;13;13;0;0;13;0;0;0;0;13;13;13;13;13;0;0;0;0;0;0;0;0;13;13;13;14;13;13;0;13;0;0;0;0;0;0;13;13;13;0;0;0;0;0;0;0;0;0
0;0;0;13;0;0;0;0;0;0;13;0;0;13;0;0;0;0;0;0;0;0;13;0;0;0;0;0;0;0;13;13;13;13;13;13;13;14;15;16;16;17;17;17;18;18;19;19;18;19;20;21;25;29;31;33;34;35;34;34;36;35;36;34;33;33;33;33;34;33;32;32;34;34;34;35;37;39;41;43;46;48;51;55;58;61;63;62;60;56;53;51;48;52;52;53;53;53;54;52;49;47;44;43;43;42;43;44;45;46;46;45;45;45;45;45;45;43;42;43;44;44;45;45;46;47;48;51;54;59;61;66;67;68;69;69;68;70;72;73;76;75;75;74;73;71;72;70;69;66;62;55;52;49;44;38;33;31;31;30;31;29;29;29;30;29;30;28;26;25;24;20;17;16;16;15;14;14;0;13;13;14;14;14;13;0;0;0;0;0;0;0;13;13;0;13;13;14;13;13;0;0;0;13;0;0;0;0;0;13;0;0;0;0;0;0;0;0;0;0;0;13;0;0;0;0;0;0;0;0;0
0;0;0;0;13;0;0;0;0;0;13;0;0;0;0;0;13;0;0;0;0;0;0;0;0;0;0;0;0;0;0;0;0;13;13;13;13;13;15;16;17;17;17;17;18;18;18;18;18;19;19;22;25;29;33;34;35;37;35;35;37;36;36;34;33;34;34;34;33;32;31;32;34;35;36;37;38;40;42;44;46;48;50;53;57;60;61;61;59;57;55;52;52;53;52;53;54;53;54;52;49;46;44;43;43;41;42;43;43;45;45;45;45;46;46;47;45;44;43;43;44;42;42;44;45;47;48;51;54;59;63;68;69;70;70;71;71;72;72;74;77;75;75;75;72;71;72;72;69;66;61;56;53;49;43;38;35;32;31;28;28;27;29;29;29;29;31;29;27;26;22;20;17;16;15;14;14;14;13;0;0;13;14;14;13;13;0;0;0;13;0;0;0;0;0;13;14;14;13;13;0;0;0;13;0;0;13;0;0;0;13;0;0;13;0;0;0;0;13;0;0;0;0;14;0;0;0;0;0;0;0
0;0;0;0;0;0;0;0;0;0;0;0;0;0;13;13;0;0;0;0;0;0;0;0;0;0;0;0;0;13;0;0;0;13;13;13;13;13;14;17;17;18;16;17;17;17;17;18;18;19;19;22;26;30;34;35;36;35;35;35;36;36;36;34;35;35;34;35;34;33;33;32;34;35;36;38;38;41;43;44;46;50;53;55;57;60;62;63;61;60;58;56;54;51;51;53;54;53;53;51;49;45;43;42;39;41;42;42;44;45;45;47;47;47;46;46;45;44;46;44;43;43;42;43;44;46;48;51;53;60;65;65;67;70;71;71;73;74;73;75;77;76;74;75;73;71;72;72;70;65;61;56;54;49;43;40;35;32;31;31;28;27;27;28;29;30;31;30;27;25;22;20;18;16;15;14;0;14;13;0;13;14;14;0;13;0;13;0;0;13;0;0;0;0;13;13;13;13;13;13;13;0;0;0;0;0;0;13;13;13;0;0;0;0;0;0;0;0;13;0;0;0;0;0;0;0;0;0;0;0;0
0;0;0;13;13;0;0;0;0;0;0;13;13;0;0;13;0;0;0;0;0;0;0;0;0;0;0;0;0;0;0;13;13;0;0;13;13;13;15;17;17;18;18;18;17;17;18;17;18;18;20;23;25;29;34;34;34;37;38;37;37;36;37;37;36;35;34;35;35;34;33;32;36;34;37;38;36;39;42;43;47;50;52;56;56;58;61;61;62;61;58;56;54;53;53;53;54;54;54;51;50;48;44;42;41;41;42;41;42;44;46;47;46;45;46;46;45;45;45;45;42;43;41;44;46;47;49;52;54;60;64;65;70;70;71;71;71;73;75;78;78;78;76;73;75;74;75;71;69;66;62;56;52;49;44;39;36;33;31;30;28;27;26;26;29;31;32;30;27;25;23;20;19;17;15;14;14;14;13;13;14;14;14;14;13;13;13;0;0;0;0;0;0;0;0;13;0;0;13;0;13;13;0;0;0;0;0;13;0;0;0;0;13;0;0;0;0;0;0;0;0;0;0;0;0;0;0;0;13;0;0
13;0;0;13;13;0;0;0;0;0;0;0;0;13;0;0;0;0;0;0;0;0;0;0;0;0;0;0;0;0;13;0;13;0;14;13;13;14;14;16;18;19;19;18;18;18;18;17;19;19;21;23;26;30;33;36;36;37;37;37;38;37;38;38;37;36;35;35;36;34;34;34;35;35;37;37;37;40;41;44;47;48;51;54;55;56;59;59;60;59;58;58;57;54;54;54;52;52;51;50;49;47;44;42;40;39;41;41;42;45;46;47;48;46;47;47;45;45;44;44;44;45;45;46;47;48;49;51;54;58;64;66;72;74;74;73;72;74;75;78;79;78;75;74;76;74;73;72;68;64;62;57;53;48;44;40;38;33;30;29;28;28;26;25;26;30;32;30;27;25;23;21;19;18;15;14;14;13;13;14;13;13;14;14;0;0;0;13;13;0;0;0;0;13;13;13;13;13;13;0;13;13;13;13;13;0;0;0;13;13;13;0;0;0;0;0;0;0;0;0;0;0;0;0;0;0;0;0;0;0;0
0;0;0;0;0;0;0;0;0;0;0;0;0;13;0;0;0;13;0;13;0;0;0;0;0;0;13;0;13;13;0;0;13;13;0;13;13;13;15;16;17;18;18;18;17;17;16;18;19;19;20;23;26;31;34;36;38;38;38;38;39;39;38;37;36;34;36;35;34;33;34;33;35;35;36;38;38;43;43;44;47;48;52;54;58;58;58;60;61;60;58;58;57;55;54;53;51;50;50;49;46;45;43;40;40;39;39;40;41;43;45;45;46;47;47;45;45;47;45;45;46;46;46;47;49;49;50;51;55;58;63;68;71;74;74;75;73;74;76;78;79;80;75;76;77;76;74;72;69;64;62;57;53;48;43;40;37;34;32;29;29;29;26;25;26;29;31;30;28;25;22;20;18;17;15;14;13;13;13;14;13;13;13;0;0;13;0;0;0;0;0;0;0;0;0;13;13;13;13;0;0;0;0;0;0;0;13;13;13;13;13;13;13;0;0;0;0;0;0;13;13;13;0;0;0;0;0;13;0;0;0
0;13;0;0;0;13;13;13;0;0;13;0;13;0;0;13;13;13;13;0;0;0;0;13;0;13;0;0;0;0;0;0;0;0;0;0;0;14;16;17;17;17;18;19;17;17;17;18;19;20;21;23;26;30;34;36;38;39;38;37;39;40;38;38;37;36;35;34;34;34;33;33;35;36;37;39;41;42;42;44;48;48;52;56;57;58;59;61;61;60;59;60;58;54;54;52;51;51;48;48;46;45;43;40;38;39;39;39;40;42;45;46;46;46;46;45;46;47;45;46;46;47;47;48;48;50;52;53;56;60;65;69;72;76;75;74;74;77;78;79;79;79;80;80;79;76;73;71;67;65;64;59;54;49;45;42;37;34;32;30;30;29;27;25;25;28;30;31;28;25;23;20;18;16;15;14;14;14;0;13;14;13;13;13;13;0;0;0;0;13;13;13;0;0;0;13;13;13;13;13;13;0;0;0;0;13;0;13;13;13;13;0;0;0;0;0;0;0;0;0;13;0;0;0;0;0;0;0;0;0;0
0;0;0;13;0;0;0;13;0;0;13;0;0;0;13;13;0;0;0;13;0;0;0;13;0;0;0;0;13;0;0;0;13;13;0;0;13;14;15;15;17;17;18;18;17;17;17;17;19;20;21;24;27;31;33;36;38;40;40;38;38;38;38;38;38;37;35;33;33;33;32;33;33;36;38;38;40;42;42;45;47;48;51;53;54;57;58;59;59;60;59;58;56;55;54;52;52;50;48;47;45;43;42;40;38;38;39;39;41;42;45;46;45;46;46;45;47;47;45;44;45;47;49;49;49;51;55;54;57;62;64;68;72;75;76;74;73;75;77;78;79;81;82;83;82;78;73;70;67;65;64;60;56;49;46;43;39;34;31;29;29;28;27;25;26;27;28;29;28;26;25;22;19;16;14;14;13;0;13;13;13;15;13;13;14;0;0;0;0;13;13;0;0;13;13;0;13;0;13;0;13;0;0;13;0;0;0;0;0;13;13;0;0;0;0;13;0;0;0;13;13;0;0;13;0;0;0;0;0;0;0
0;0;0;13;0;0;13;0;0;13;0;0;0;0;13;13;0;0;0;0;0;13;0;0;13;0;0;13;0;0;13;0;13;0;0;0;13;13;14;14;15;16;18;19;18;17;17;17;18;20;23;25;27;31;35;37;38;42;41;40;40;39;40;40;39;37;36;34;34;33;33;33;34;37;38;39;41;43;44;46;47;48;51;53;54;54;58;58;61;62;61;59;57;55;54;54;51;49;48;46;43;41;41;38;38;37;37;39;40;42;45;45;45;46;46;45;47;49;45;47;46;47;48;49;52;52;54;56;58;62;66;69;73;75;77;75;74;75;79;79;81;84;84;87;87;81;77;72;69;68;65;61;56;51;48;45;39;34;31;29;29;28;27;26;26;27;27;29;28;26;24;22;20;17;15;14;13;13;14;13;13;14;14;13;13;0;0;0;0;0;13;13;13;13;13;0;13;13;13;13;13;0;0;0;0;0;13;0;0;13;13;13;0;0;0;0;13;0;0;0;0;0;0;0;0;0;13;0;0;0;0
0;0;0;0;13;0;13;0;0;0;0;0;0;0;0;13;13;0;0;0;0;13;0;0;0;13;0;0;0;0;13;13;14;0;0;0;13;13;13;14;15;16;18;17;18;17;17;17;18;21;24;26;28;32;34;37;40;41;42;42;40;40;40;39;39;37;37;35;34;33;32;33;35;38;39;40;42;44;44;46;49;48;51;52;55;55;58;62;63;64;64;60;58;56;53;53;51;48;47;45;43;41;40;38;37;37;37;38;40;41;43;44;45;46;49;46;47;46;46;47;47;47;48;49;50;52;54;57;58;62;66;69;73;74;76;78;77;77;76;78;80;82;86;88;87;84;80;73;71;69;65;59;57;54;51;45;39;34;31;30;30;29;28;27;27;28;28;30;30;28;25;22;20;17;15;13;14;14;13;13;13;13;14;0;0;0;13;0;0;0;13;0;13;13;13;0;0;0;13;13;13;0;13;0;13;0;0;13;0;0;13;13;13;0;0;0;0;0;0;0;0;0;0;0;0;0;0;0;0;0;0
0;13;0;0;0;0;0;0;0;0;0;13;13;13;13;0;0;0;13;0;0;13;0;0;0;0;0;0;13;0;0;0;0;13;0;0;0;13;14;15;16;16;17;18;18;18;17;17;18;20;23;27;28;31;33;37;38;40;42;41;40;39;38;39;39;38;37;36;34;33;32;34;34;38;39;41;43;45;45;48;50;49;52;54;56;59;60;62;63;63;61;60;60;58;56;55;52;49;47;46;43;43;41;39;37;37;37;38;39;39;43;45;45;48;48;49;48;49;49;49;48;47;49;49;50;51;54;56;58;63;65;70;74;75;77;78;77;79;79;81;81;84;87;88;87;85;82;75;73;69;65;61;58;55;53;47;41;33;32;30;29;29;28;27;26;27;27;29;29;28;25;22;20;17;15;14;14;13;13;13;14;13;13;13;13;0;0;13;0;13;13;0;13;13;13;0;13;0;13;13;13;13;0;0;0;0;0;0;0;13;13;0;13;0;0;0;0;0;0;0;0;0;0;0;0;0;0;13;0;0;0
0;13;13;13;0;0;0;0;0;0;13;13;13;13;13;13;13;0;13;0;0;0;0;0;13;0;13;13;0;0;0;0;0;0;0;0;13;0;14;15;16;17;17;18;18;18;18;18;18;20;24;27;29;32;33;36;38;41;44;42;40;38;37;39;40;39;37;36;35;35;33;32;34;38;40;42;43;45;44;45;47;49;51;53;55;58;59;61;60;62;61;61;61;58;55;51;51;48;46;44;43;44;40;39;37;35;37;37;39;40;42;44;45;47;47;50;51;50;49;49;49;48;49;49;50;50;52;55;58;63;67;70;73;75;76;76;77;76;77;79;82;84;86;86;86;84;81;78;75;70;66;62;60;58;55;49;43;38;32;30;29;29;27;26;26;26;27;28;29;27;25;22;21;17;15;15;13;13;13;13;14;14;13;0;0;0;13;0;0;0;0;0;13;0;13;13;13;13;13;13;13;13;0;0;13;0;13;0;0;13;0;13;0;0;0;0;0;0;0;0;0;0;0;0;0;0;0;0;0;0;0
0;0;13;13;0;13;13;13;13;0;13;13;13;13;13;0;0;0;13;0;0;0;13;0;0;0;13;0;0;0;0;0;13;13;13;0;13;13;14;15;17;17;17;18;18;18;18;17;18;21;25;28;30;32;34;38;40;42;43;43;42;40;38;40;41;41;37;38;35;34;32;33;34;37;40;42;45;46;45;45;45;49;51;55;54;57;59;60;61;62;63;60;59;56;55;53;51;47;46;45;45;43;40;38;35;35;36;37;39;40;41;45;47;49;49;49;50;51;49;49;50;49;50;49;49;51;52;54;58;61;64;66;71;74;75;77;76;74;79;80;82;83;86;86;85;84;82;79;76;72;67;64;60;58;55;52;45;40;34;32;30;29;28;26;26;25;28;28;28;29;26;23;21;18;16;15;14;13;13;13;13;14;14;0;13;13;13;0;0;0;0;0;0;13;13;13;0;13;13;13;13;0;0;13;13;0;0;0;0;13;13;13;0;0;0;0;0;0;0;0;0;0;0;0;0;0;0;0;0;0;0
0;0;0;13;13;0;13;13;0;13;13;0;13;13;13;13;0;0;13;0;0;0;0;0;0;0;13;0;0;0;0;0;0;0;0;0;13;13;14;15;16;17;17;18;18;18;17;17;18;20;23;27;29;33;36;39;41;43;44;44;42;41;41;40;40;40;39;39;37;35;34;35;36;38;40;42;44;44;46;48;48;50;51;54;58;60;62;64;64;65;65;61;61;59;56;55;52;48;47;47;45;42;41;40;37;36;36;39;41;42;43;45;47;49;50;51;51;51;50;48;50;49;51;49;50;52;53;55;57;59;63;67;71;74;74;75;77;74;76;78;81;83;86;88;87;86;82;79;75;73;67;65;61;57;52;50;44;40;35;32;31;30;28;26;25;27;28;29;29;28;27;24;21;18;15;15;13;0;13;0;13;14;14;13;0;0;0;0;0;0;0;13;13;13;13;13;0;0;13;0;0;0;0;13;13;14;0;0;0;13;13;14;0;0;0;13;0;0;0;0;0;0;13;0;0;0;0;0;0;0;0
0;0;0;0;0;0;0;0;0;0;13;0;13;13;0;0;0;0;0;0;0;13;13;13;0;0;13;0;13;0;0;0;0;0;0;0;13;14;14;15;16;18;18;18;17;17;17;18;19;21;24;27;30;33;37;39;42;45;46;44;43;42;41;41;41;40;40;39;38;36;35;35;37;39;41;45;45;45;44;47;48;49;53;55;59;63;64;65;64;66;65;62;62;59;56;53;51;48;47;46;46;44;44;42;39;39;39;40;41;41;44;46;50;49;51;53;55;53;53;52;51;50;50;50;50;51;51;53;55;59;63;67;72;74;75;75;74;75;76;78;79;82;86;87;86;86;84;80;75;72;71;68;63;58;55;52;46;40;36;33;32;31;29;28;27;27;27;28;28;27;25;23;20;18;16;15;13;13;13;13;13;14;14;13;13;13;0;0;0;0;0;0;13;13;13;13;13;13;0;13;13;13;0;13;0;13;0;0;13;0;0;0;0;0;0;0;0;0;0;0;0;0;0;0;0;0;0;0;0;0;0
0;0;13;0;0;0;0;0;0;0;0;0;13;13;13;0;0;0;0;0;0;13;0;13;13;0;0;0;0;0;0;13;0;13;13;13;13;13;14;15;16;18;19;17;18;17;18;18;19;21;24;27;30;34;37;39;43;46;46;45;44;42;41;42;42;41;42;40;38;36;36;37;38;39;42;45;47;48;47;46;48;50;52;55;60;63;64;66;65;65;64;64;62;59;55;52;51;48;48;47;46;44;43;42;39;39;38;38;39;41;44;47;49;50;53;55;54;52;54;53;52;52;50;49;48;51;51;53;56;59;63;65;69;72;75;73;73;72;76;76;78;83;86;88;88;87;84;81;77;74;72;68;64;61;57;53;46;41;36;33;33;32;31;29;27;24;26;29;30;29;25;23;21;18;16;15;14;13;0;14;13;14;14;13;13;0;0;13;0;0;0;0;13;14;13;13;13;13;0;0;13;13;0;0;13;13;13;0;13;0;13;0;13;0;0;0;0;13;0;0;0;0;0;0;0;0;0;0;0;0;0
0;0;13;0;0;0;0;0;0;0;0;13;0;0;0;0;0;0;0;13;0;0;0;0;0;0;0;0;0;13;13;13;0;13;13;0;13;13;14;15;15;17;18;17;17;17;17;17;18;20;24;28;32;34;39;43;43;46;46;44;43;42;41;41;43;42;41;41;39;37;37;37;38;38;43;46;47;46;48;47;49;51;53;55;60;63;65;65;67;66;65;65;62;58;57;53;52;51;48;47;46;44;43;42;41;39;38;39;41;42;45;48;49;51;52;54;54;54;54;53;51;49;48;49;50;51;50;52;55;59;62;65;69;72;72;73;73;72;75;77;79;83;86;89;91;88;85;82;78;76;74;71;67;63;57;52;46;41;36;33;33;33;30;29;28;26;26;29;30;28;26;23;21;18;16;15;14;13;13;13;0;13;14;13;13;13;0;13;0;0;0;13;13;13;14;14;13;0;0;0;0;0;0;0;13;0;0;0;0;0;13;13;14;13;0;0;0;0;0;13;0;0;13;0;0;0;0;0;0;0;0
0;13;13;0;0;0;0;0;13;0;0;13;13;13;0;0;0;0;13;0;0;13;0;0;0;0;0;0;0;0;0;0;13;13;0;0;13;13;15;16;16;16;17;17;17;16;17;18;19;22;25;29;31;34;37;44;45;46;46;45;44;43;41;41;42;41;41;41;39;38;36;37;38;40;44;47;47;49;51;48;50;51;54;56;60;63;66;67;68;65;66;64;62;58;57;56;53;51;49;49;45;45;44;42;41;41;40;40;42;43;46;48;49;52;53;55;54;55;55;53;52;50;49;50;49;49;49;52;55;58;62;66;69;71;73;74;75;74;76;78;79;82;86;88;88;87;85;81;78;76;74;71;68;64;60;53;45;39;36;34;34;35;32;31;28;27;28;30;30;29;28;24;21;18;16;15;14;14;13;13;13;13;14;13;0;0;0;13;13;13;0;0;13;13;14;13;13;13;0;0;0;13;0;0;0;0;0;13;14;0;13;13;0;0;0;0;0;0;0;0;0;0;0;0;0;13;13;0;0;0;0
13;0;0;14;13;0;13;0;0;13;0;0;13;13;0;0;0;0;13;0;0;0;0;0;0;0;0;0;0;13;14;13;13;13;13;0;0;0;14;16;16;17;18;18;17;17;18;18;19;22;26;29;31;35;39;43;45;48;49;47;46;44;43;42;41;43;40;39;38;37;37;39;38;41;44;46;48;50;49;50;51;51;53;57;61;67;69;70;70;69;68;64;61;58;56;54;54;51;49;47;46;46;44;43;41;41;41;41;43;45;45;47;50;52;54;56;58;57;57;55;51;49;47;47;48;50;50;53;55;60;63;67;71;73;75;75;77;76;75;77;80;81;86;87;90;88;85;85;82;78;73;69;69;65;61;55;47;39;34;33;34;35;33;30;28;26;28;29;30;29;26;24;21;18;16;15;15;13;13;13;13;13;14;13;0;0;0;0;0;0;0;0;13;0;13;13;13;13;13;0;13;13;0;0;0;0;0;0;0;0;13;0;0;0;0;0;0;0;0;0;0;0;0;0;13;13;13;0;0;0;0
0;13;0;0;0;0;0;0;0;0;0;0;13;13;0;0;0;0;13;14;0;0;0;13;0;13;0;0;0;13;0;13;13;13;0;0;13;13;14;17;16;17;18;19;18;17;17;19;19;21;25;28;32;36;40;44;46;50;51;49;46;45;44;44;42;42;42;39;38;37;36;38;38;40;43;46;48;51;51;52;52;54;56;60;64;67;70;71;72;71;69;67;63;61;58;54;52;50;49;47;47;46;46;45;44;43;42;42;43;45;46;48;51;54;56;56;57;56;56;54;52;49;49;49;48;50;51;54;57;61;65;69;70;72;75;75;76;75;76;78;81;83;84;87;91;91;90;90;85;82;76;73;68;65;61;56;49;40;33;32;32;33;33;30;29;27;27;29;30;30;26;24;21;17;16;16;14;13;13;13;13;13;14;13;0;0;0;0;0;13;0;0;13;0;13;14;14;13;13;13;13;13;0;0;0;0;13;13;0;0;0;0;0;0;0;0;0;0;0;0;0;0;0;0;0;0;0;0;0;0;0
0;13;0;0;13;0;0;0;13;0;0;13;0;0;0;13;0;0;13;0;0;0;0;0;0;0;0;0;0;13;13;13;0;0;0;13;0;0;14;15;18;19;19;19;19;18;17;19;19;22;26;29;33;38;41;45;48;50;49;47;46;45;45;45;42;41;41;41;41;40;39;39;39;40;44;48;50;49;51;51;53;54;57;60;65;66;68;72;74;73;72;67;64;61;58;54;50;50;49;47;49;48;47;47;47;45;45;44;44;45;46;49;50;53;55;56;58;56;55;53;53;51;50;49;46;48;51;55;58;61;65;70;72;74;76;75;76;76;76;77;77;81;85;88;91;93;95;92;86;82;77;74;71;68;63;56;50;41;35;33;31;32;32;31;29;28;29;31;30;30;28;23;20;17;17;15;14;13;13;13;13;14;14;13;0;0;0;0;0;0;0;13;13;0;13;14;15;14;13;13;0;0;0;0;0;0;0;13;13;0;0;0;0;0;0;0;0;0;0;0;0;0;0;0;0;0;0;0;0;0;0
0;0;0;0;0;0;0;0;13;0;0;0;0;0;13;0;0;13;0;0;0;0;0;0;0;0;0;0;0;13;14;14;13;13;0;0;0;0;14;16;18;19;20;20;19;18;18;18;20;22;26;30;35;39;42;44;46;48;47;46;47;47;46;45;42;43;43;44;43;41;40;39;39;42;45;47;50;50;50;51;53;54;57;60;65;69;71;73;73;74;73;70;67;61;58;54;51;51;50;50;50;50;51;50;48;45;43;43;43;44;46;49;52;54;55;56;57;57;56;56;54;53;50;46;46;49;51;55;59;63;67;70;72;74;76;76;76;75;75;76;75;79;83;87;89;93;97;94;88;84;80;75;73;69;64;57;51;44;37;33;30;32;31;29;29;28;29;30;31;31;28;24;20;19;17;15;14;13;0;0;13;13;14;13;13;13;13;0;0;0;0;0;13;13;13;0;15;14;13;13;13;0;0;0;0;0;0;0;13;13;13;0;0;0;0;0;0;0;0;0;0;0;0;0;0;0;0;0;0;0;0
0;0;0;0;0;0;0;0;0;0;0;0;0;13;0;0;0;0;0;13;0;0;13;13;13;13;0;13;0;14;14;14;13;0;13;13;13;13;14;16;17;18;19;19;20;19;18;19;20;22;26;29;34;39;43;45;47;49;48;46;48;47;45;44;43;43;44;44;43;42;41;40;40;42;45;48;51;50;51;52;54;56;58;60;67;71;75;75;77;76;73;71;67;63;60;55;53;52;51;51;52;52;51;50;47;46;44;43;43;44;46;51;52;54;56;58;58;58;58;58;56;54;50;47;48;48;52;56;60;64;68;69;72;75;77;79;76;75;73;75;76;79;82;87;90;93;96;94;89;83;79;76;74;69;64;59;50;44;38;31;31;32;32;31;30;29;29;30;31;30;27;23;20;20;18;16;14;14;13;14;13;13;15;14;13;13;13;0;0;0;0;0;0;13;0;0;13;13;0;0;0;0;0;0;0;0;0;0;0;0;0;0;13;13;0;0;0;0;0;0;0;0;0;0;0;0;0;0;0;0;0
13;0;0;0;0;0;0;0;0;0;13;0;13;0;0;0;13;0;0;0;0;13;0;0;13;14;0;0;0;13;13;13;0;0;0;0;0;0;13;14;17;18;19;19;19;19;19;20;21;23;27;31;36;41;45;47;51;51;50;49;48;48;46;43;42;43;45;44;44;44;40;40;41;42;46;48;50;52;53;53;54;57;60;65;70;74;78;77;79;78;75;72;68;65;61;57;55;54;53;53;52;54;52;51;49;46;44;43;44;46;46;50;51;54;57;59;58;59;60;59;57;54;52;49;47;49;53;57;60;65;68;69;72;75;76;78;75;74;73;76;79;81;84;87;92;96;96;95;90;83;79;77;73;69;65;58;51;45;38;34;32;31;31;31;30;30;30;31;31;30;28;23;21;19;17;15;14;14;13;13;14;13;14;13;13;0;0;0;0;0;0;13;0;13;0;0;13;13;0;13;0;13;0;0;0;0;0;0;0;0;0;0;0;0;0;0;0;0;0;0;0;13;0;0;0;0;0;0;0;0;0
13;0;13;13;0;0;0;0;0;0;13;13;0;0;0;0;13;0;0;0;0;13;0;0;0;0;0;0;13;13;14;13;13;0;0;0;0;0;14;15;16;18;20;19;18;19;19;20;22;24;26;31;36;41;46;49;51;51;51;49;49;48;48;46;44;47;47;46;47;45;41;41;42;44;47;52;51;52;54;53;55;58;61;66;70;74;78;79;81;79;76;72;70;66;61;61;58;57;56;57;54;54;53;51;49;47;46;44;45;46;46;49;53;53;56;58;59;59;60;60;56;53;51;50;49;50;52;55;59;66;68;70;73;76;76;77;75;72;74;77;81;81;84;87;92;95;95;94;89;83;78;78;74;70;65;59;52;46;38;35;33;33;31;30;32;30;30;30;31;30;28;24;22;20;17;15;15;13;13;13;14;15;14;13;13;13;0;13;0;13;0;13;0;0;0;13;13;14;13;13;0;13;13;0;0;0;13;0;13;13;13;0;0;0;0;0;0;0;0;0;0;0;0;0;0;0;0;0;0;0;0
0;0;0;14;0;0;0;13;13;0;0;13;0;13;0;0;0;13;0;0;0;0;0;0;0;0;0;0;14;13;13;13;13;13;0;13;13;13;14;15;17;17;19;18;18;19;20;21;20;24;27;30;37;42;45;50;51;52;50;51;51;50;49;48;46;48;50;50;50;47;44;44;43;46;49;50;50;51;53;54;55;58;62;68;71;74;79;79;80;81;77;74;71;68;63;61;60;59;58;58;58;58;55;53;51;49;47;45;46;45;47;49;53;55;58;58;58;58;58;59;56;54;52;49;48;48;51;56;58;63;68;70;74;77;75;75;74;74;75;77;80;81;86;87;91;92;94;92;89;84;81;78;75;73;67;61;53;44;38;36;34;33;33;31;31;29;31;31;32;29;28;25;21;20;17;16;14;13;13;13;13;14;13;0;13;13;13;13;13;14;13;0;13;0;0;13;13;14;13;14;14;13;0;13;13;0;0;0;0;0;13;0;0;0;0;0;0;0;0;0;0;0;0;0;13;0;0;0;0;0;0
0;0;0;0;0;0;0;0;13;13;13;0;0;13;0;0;0;0;0;0;0;0;0;0;13;13;0;0;14;13;13;0;0;0;13;13;13;13;14;15;17;18;19;19;19;20;21;21;21;24;27;32;37;41;46;50;51;52;52;53;52;51;49;49;46;47;48;49;49;46;46;47;47;50;48;49;49;50;53;54;56;59;63;69;74;77;80;81;82;81;78;76;72;68;66;61;60;58;59;59;59;58;56;54;51;50;49;49;46;45;46;48;52;54;58;60;59;59;59;59;56;54;51;49;50;49;52;57;61;64;68;73;75;79;79;79;78;78;79;78;81;84;88;88;92;96;94;91;86;82;80;78;76;75;69;62;53;45;40;36;35;34;34;33;32;31;31;32;33;32;28;24;21;18;16;16;16;14;13;13;13;14;14;13;13;13;13;13;0;0;0;0;0;0;0;13;14;14;13;13;13;0;0;0;13;0;0;0;13;13;13;13;0;13;13;0;0;0;0;0;0;0;0;0;0;0;0;0;0;0;0
0;0;13;0;0;0;0;0;13;0;13;13;13;0;0;0;0;0;0;0;0;0;0;0;13;0;0;13;0;13;13;0;0;13;13;0;13;13;15;17;17;18;18;19;20;20;21;21;22;24;27;32;36;43;47;50;52;53;54;56;53;52;50;50;48;48;48;49;49;47;47;47;48;49;48;49;50;51;54;55;58;62;66;72;79;79;81;83;83;79;79;76;75;70;67;64;65;63;62;61;61;60;57;56;53;51;51;50;48;45;47;50;53;54;57;61;60;59;60;61;56;52;50;50;49;50;53;58;62;67;72;75;77;80;78;78;78;79;81;83;83;84;87;91;96;98;96;94;89;84;80;78;78;76;70;63;52;44;38;35;34;34;34;34;31;31;31;33;33;33;30;24;21;17;17;17;16;14;13;13;13;14;14;14;14;0;0;13;0;0;0;13;13;13;0;13;14;14;13;13;0;0;0;0;0;0;0;0;0;0;13;13;13;13;0;13;0;0;0;0;0;0;0;0;0;0;0;0;0;0;0
13;0;0;0;13;13;13;0;0;0;0;0;0;13;13;0;0;0;0;0;13;0;0;13;0;0;0;13;0;13;13;0;0;0;13;0;0;13;14;16;17;18;18;19;21;21;21;21;22;25;27;32;37;43;48;53;56;57;57;57;55;56;54;52;48;48;48;49;47;48;48;48;49;49;49;50;51;53;57;59;61;65;68;72;78;79;81;84;83;83;82;78;74;72;70;68;65;65;64;64;63;63;60;59;57;55;52;50;48;47;48;50;53;53;57;60;59;58;59;58;57;53;52;50;49;50;54;59;64;71;76;78;81;81;77;78;79;79;81;83;84;87;90;93;97;98;97;96;91;86;81;80;80;76;71;63;52;44;38;35;35;35;35;34;32;33;34;34;33;33;30;25;22;18;17;17;15;15;14;14;13;14;14;14;13;13;0;13;13;13;0;0;0;0;0;0;14;14;13;13;0;0;0;0;0;0;0;0;0;13;13;13;0;13;0;0;0;0;0;0;0;0;0;0;0;0;0;0;0;0;0
13;0;0;13;13;0;0;0;0;0;0;0;0;0;0;0;0;0;13;0;0;0;0;0;0;0;0;0;13;13;13;0;0;0;13;13;0;14;15;16;17;18;19;21;21;20;21;21;23;26;28;32;37;43;49;53;58;59;58;58;56;55;54;52;50;50;49;50;50;48;49;49;50;50;50;52;52;55;58;60;62;65;69;74;77;80;82;86;88;87;86;81;77;73;72;68;67;65;63;64;65;64;62;59;57;57;55;53;52;49;50;50;54;56;59;60;60;59;58;57;56;53;52;51;50;53;56;60;66;71;78;82;83;84;82;79;79;80;82;83;84;90;93;94;96;97;97;96;91;86;84;83;80;76;71;62;53;45;39;34;34;34;38;34;33;34;36;35;36;34;30;25;22;18;17;17;17;15;14;14;14;14;14;14;13;14;0;0;0;13;0;0;0;0;0;0;13;14;13;13;13;13;13;13;0;0;0;0;0;0;13;13;13;0;0;0;0;0;0;0;0;0;0;0;0;0;0;0;0;0;0
0;0;0;0;0;13;0;0;0;0;0;0;0;0;0;0;0;0;13;0;0;0;13;0;0;0;0;0;13;13;13;0;0;13;13;0;13;14;16;16;17;19;19;21;21;20;20;21;23;25;29;33;39;43;49;52;54;57;57;57;56;55;54;51;51;51;50;49;51;51;51;51;52;52;54;54;54;57;58;60;62;67;72;75;82;83;86;88;91;90;88;84;81;77;72;68;69;68;67;67;67;66;65;63;62;59;56;54;52;49;50;53;55;56;59;61;61;61;61;58;57;54;53;53;54;55;58;61;68;72;81;82;84;86;85;83;80;81;82;84;84;88;89;93;97;100;101;98;92;87;84;81;80;78;73;65;56;46;40;35;33;34;35;35;34;35;36;35;36;35;31;26;20;17;17;17;16;15;14;14;14;15;15;14;13;15;14;13;0;0;0;0;13;0;0;0;0;13;13;13;13;13;0;0;0;0;0;0;0;0;0;0;13;0;0;0;0;0;13;0;0;0;0;0;0;0;13;0;0;0;13
0;0;0;0;0;0;13;13;0;0;13;13;13;0;0;0;13;13;13;0;0;0;0;13;0;0;0;0;0;0;0;0;0;0;14;13;13;13;15;16;17;19;19;21;20;21;20;21;23;26;30;33;39;44;48;53;54;58;61;57;57;57;57;55;53;53;53;53;52;52;51;50;51;53;54;55;56;58;59;63;66;71;77;80;85;89;91;92;93;96;91;87;83;78;74;72;70;71;72;72;71;70;71;68;65;62;58;55;54;52;52;54;57;59;61;63;63;62;61;61;59;57;55;55;55;55;59;65;71;75;81;84;85;85;86;85;82;83;82;83;86;88;90;93;97;101;101;99;95;89;85;82;81;79;72;66;57;47;40;35;35;33;34;34;35;36;37;37;37;35;31;25;20;18;17;17;16;14;13;14;14;15;15;14;14;13;13;13;13;13;0;13;13;0;13;13;13;14;14;13;13;0;13;0;0;0;0;0;0;0;13;13;0;0;0;0;0;0;0;0;0;0;0;13;0;0;0;0;0;0;0
0;0;13;0;0;0;0;0;0;13;13;0;0;13;0;0;0;0;0;0;0;0;0;0;13;0;0;13;13;0;0;0;0;0;0;0;13;14;16;17;17;18;20;22;21;22;20;21;23;26;30;34;39;45;51;55;57;60;59;59;59;59;60;58;57;56;57;56;53;50;51;51;53;55;55;56;58;60;62;64;68;74;78;85;88;90;95;98;100;98;94;91;84;81;78;76;75;76;75;77;77;76;73;69;67;64;60;58;56;54;55;56;59;61;62;63;63;64;62;61;60;59;56;55;54;56;60;65;72;78;84;89;90;89;86;85;84;82;80;83;85;86;93;97;100;105;103;100;94;88;85;83;83;79;73;67;57;48;40;36;35;35;33;34;35;35;36;38;37;35;31;26;22;19;18;17;16;14;13;14;14;15;16;14;14;14;15;13;13;13;0;0;0;0;0;13;13;13;14;14;0;0;0;0;0;0;0;0;0;0;0;13;0;0;0;0;13;0;0;0;0;0;0;0;0;0;0;0;0;0;0
0;0;13;0;0;0;0;0;13;0;0;0;0;13;13;0;13;0;13;0;0;0;0;0;0;0;13;13;13;0;0;0;0;0;0;0;13;14;15;16;17;18;20;22;22;22;21;22;24;26;31;34;38;45;53;57;60;62;61;61;59;60;61;62;57;57;58;56;54;52;53;55;56;55;59;59;61;61;63;65;70;72;78;85;89;94;100;102;103;102;97;92;87;83;81;80;79;77;76;78;79;78;75;70;69;64;61;59;58;56;56;59;61;64;65;66;65;65;65;63;61;58;56;56;56;58;61;66;72;78;84;86;91;91;88;87;86;84;84;83;86;90;92;98;101;105;104;102;98;91;86;84;83;81;75;67;60;50;42;36;34;35;34;34;36;36;37;39;39;36;32;27;22;19;18;17;16;14;14;14;14;14;14;14;13;13;13;0;0;0;0;0;0;0;13;14;14;13;13;13;0;13;13;0;13;0;0;0;13;0;0;0;0;0;0;13;0;0;13;0;0;0;0;0;0;0;0;0;0;0;0
0;0;0;0;0;0;0;0;13;13;0;0;0;0;13;0;13;0;0;0;0;13;0;0;13;0;13;13;14;13;13;0;13;0;0;0;0;14;16;16;17;19;21;22;21;21;21;21;24;27;31;35;40;47;55;59;61;63;61;61;61;62;63;62;59;60;59;58;56;53;54;55;57;56;57;59;60;62;65;66;72;76;83;88;93;98;103;105;103;103;100;95;91;87;83;79;78;79;77;81;79;79;76;72;69;64;63;60;57;57;57;60;64;67;68;69;68;67;66;64;64;61;58;57;58;61;62;67;74;80;85;87;89;89;89;87;86;87;87;87;90;91;93;96;100;104;106;102;97;91;86;85;84;81;76;68;60;51;43;38;37;35;34;35;35;37;39;37;39;36;33;27;22;20;18;17;16;14;14;14;15;15;14;13;13;14;13;13;14;0;0;13;13;0;0;13;14;14;0;13;13;14;13;0;0;0;0;0;0;0;0;13;0;0;0;0;0;0;0;0;0;13;13;0;0;0;0;13;0;0;0
0;0;0;13;0;0;0;0;0;13;0;0;0;0;0;0;0;13;0;0;0;0;0;13;0;0;0;0;13;0;0;0;13;0;0;13;13;0;15;17;18;19;21;22;21;22;22;22;25;27;30;33;40;47;55;60;62;63;65;64;64;64;62;63;63;60;60;59;56;53;53;53;54;55;56;58;61;63;64;67;74;79;86;91;97;103;108;109;108;108;104;99;95;89;85;82;79;82;80;82;83;83;78;74;71;66;63;61;59;60;60;63;66;68;70;72;70;71;70;69;65;63;62;59;58;62;64;69;77;84;87;89;89;89;90;87;87;86;87;87;90;93;95;98;102;104;105;101;97;92;89;87;88;83;80;71;62;51;44;40;38;36;34;34;34;36;38;40;39;37;33;28;23;20;18;17;16;15;14;14;15;15;13;13;14;15;13;13;13;0;0;0;0;13;13;13;13;13;14;14;13;13;0;0;0;0;0;13;0;0;13;13;0;0;0;0;0;13;0;0;0;0;0;0;13;0;0;13;0;0;0
0;0;0;0;0;0;0;0;0;0;0;0;13;13;0;13;0;0;0;0;0;13;0;0;0;13;0;0;0;13;0;0;13;13;0;0;13;14;16;17;19;20;22;22;22;21;22;24;25;26;30;34;40;49;55;59;62;64;65;65;67;66;65;63;61;60;62;58;56;53;54;54;55;56;57;60;63;65;66;70;77;81;88;94;100;106;111;109;113;112;108;103;98;92;90;87;86;89;87;87;88;86;82;78;72;68;65;63;62;63;64;65;68;70;73;75;74;74;72;71;67;65;63;61;61;63;67;73;78;83;87;90;92;90;89;90;89;87;86;88;91;92;96;101;105;106;104;101;96;93;89;86;86;83;79;69;60;51;45;41;39;38;36;34;34;36;39;41;40;37;33;28;24;20;19;18;16;15;14;14;15;15;14;14;14;14;15;14;13;13;0;0;0;0;13;13;13;13;14;13;14;13;13;0;13;0;0;0;13;13;0;13;0;0;0;13;0;0;0;0;0;0;0;0;0;0;13;0;0;0;0
0;0;0;0;0;0;0;0;0;0;0;0;13;13;0;0;0;0;0;0;0;0;13;0;0;0;0;0;13;13;13;0;0;0;0;13;13;15;16;18;19;19;20;20;21;22;24;25;26;28;31;35;41;49;57;61;63;68;68;69;69;67;66;64;63;61;61;60;56;54;54;55;56;57;60;62;63;66;69;73;77;83;91;97;102;108;111;114;115;113;107;104;100;94;90;90;89;91;92;90;90;89;83;79;73;71;67;65;64;65;65;67;70;73;76;76;75;74;73;72;67;64;63;62;62;65;69;73;79;83;87;90;92;92;92;91;91;91;90;90;92;95;98;101;105;107;104;103;97;93;89;88;87;84;80;71;62;51;45;42;39;41;38;36;35;37;39;41;40;38;34;29;24;21;20;18;16;15;13;14;15;15;15;14;15;14;15;14;13;13;0;0;13;13;0;13;14;14;13;13;13;0;13;13;0;0;0;0;0;0;0;13;0;0;0;0;13;0;0;0;13;13;0;0;0;0;0;0;0;0;0
0;0;13;0;0;0;0;0;0;13;13;13;13;13;0;0;0;0;0;0;14;0;0;0;13;0;0;0;0;0;13;13;13;0;0;13;14;15;16;17;18;19;21;21;21;23;24;26;26;29;32;32;42;50;56;61;65;70;70;72;71;68;66;65;63;65;62;60;58;55;55;57;60;61;62;63;64;67;71;76;81;88;94;101;106;113;114;114;115;112;110;108;104;98;94;92;92;93;92;92;91;89;85;79;72;69;67;66;66;67;67;69;73;74;77;78;78;76;74;70;68;65;62;61;64;67;71;75;81;85;90;92;93;91;91;89;89;91;92;94;94;97;100;104;107;108;105;102;97;93;90;91;91;90;84;72;61;53;46;43;42;40;38;35;36;38;40;42;41;40;34;29;24;21;19;18;16;14;13;13;14;15;15;15;15;15;15;14;13;14;0;0;13;13;13;13;14;13;13;13;13;0;13;13;13;0;0;0;13;0;13;13;13;13;0;0;13;0;13;13;13;13;0;0;0;0;0;0;0;0;0
0;0;0;0;0;0;13;13;0;13;13;13;13;13;0;0;0;0;0;13;0;13;0;0;0;0;0;13;13;0;13;13;13;13;13;0;13;14;16;17;19;19;21;21;23;24;24;25;26;28;32;36;40;50;57;64;68;72;72;72;71;68;68;67;67;65;63;61;59;59;58;59;63;63;63;65;66;68;72;76;83;90;98;106;108;112;117;113;115;116;115;111;106;99;96;96;95;95;92;92;92;88;84;80;73;71;68;66;65;67;68;70;74;76;77;80;79;79;77;73;71;70;65;65;67;69;74;78;84;88;91;95;94;92;91;89;90;91;92;96;97;99;102;105;107;110;109;105;99;94;91;91;92;91;85;75;61;53;48;43;42;41;37;36;37;38;41;42;42;40;35;30;24;21;20;19;17;14;13;14;15;15;16;15;14;14;14;14;13;0;0;0;0;0;0;13;14;13;13;0;0;0;0;13;0;0;0;0;0;0;13;13;13;0;13;0;0;0;0;0;0;0;0;0;0;0;13;0;0;0;0
0;0;0;0;0;0;0;0;0;13;0;0;13;0;0;0;0;0;0;0;0;0;13;0;0;0;0;13;13;13;13;0;13;13;13;0;14;15;16;17;19;20;21;21;22;24;26;26;28;29;33;37;43;49;58;65;69;73;74;74;73;70;71;71;71;68;66;64;60;59;60;62;65;66;65;65;66;71;74;78;84;93;99;102;110;112;116;117;118;119;119;114;109;103;102;101;99;96;96;96;95;91;86;81;77;74;70;68;67;69;71;73;75;77;78;80;78;79;78;75;73;71;68;68;70;71;76;80;87;91;93;95;97;94;93;89;92;94;94;98;100;102;103;106;107;111;110;105;100;95;92;91;90;88;83;73;62;55;48;45;44;42;39;38;38;38;40;42;41;40;36;30;24;21;20;18;16;15;13;14;15;14;16;15;14;14;14;14;13;0;0;0;0;0;13;13;13;13;14;13;13;13;0;0;13;0;0;0;0;0;13;13;0;0;0;0;0;0;0;0;0;13;0;0;0;13;0;0;13;0;0
0;13;0;0;0;0;0;0;0;13;0;13;0;0;0;0;0;0;0;13;0;0;0;13;13;0;0;13;14;14;13;13;13;13;0;0;13;15;17;18;18;20;21;21;21;24;25;27;30;31;32;36;43;51;60;67;73;77;78;77;75;73;76;75;72;68;67;63;59;60;62;64;66;65;66;66;66;71;77;82;89;96;101;105;112;116;119;122;126;125;122;119;114;108;106;103;103;102;102;100;99;95;92;87;82;78;72;71;71;71;73;74;74;77;78;78;79;79;78;77;74;72;70;68;70;73;77;85;90;94;97;97;98;96;95;93;95;97;98;102;104;104;106;107;110;112;111;107;102;96;95;93;93;91;81;72;63;57;50;46;43;42;40;39;38;39;41;43;42;41;37;32;25;21;18;18;17;15;14;14;15;15;15;14;13;15;14;14;14;0;0;0;0;0;0;13;14;14;14;13;13;13;13;0;0;0;0;13;0;0;13;0;13;13;0;0;0;0;0;0;0;13;0;0;0;0;0;0;0;0;0
0;13;13;13;0;0;0;0;0;0;0;13;0;0;0;0;0;0;0;13;13;0;0;0;0;0;0;0;13;13;13;13;13;0;0;0;0;15;17;18;18;20;21;22;23;24;26;28;29;32;33;36;44;53;63;70;75;78;80;79;77;77;77;79;76;71;67;63;61;60;63;66;66;65;67;68;69;74;79;85;92;98;103;107;114;119;126;125;126;126;125;123;116;110;109;104;105;106;108;108;106;101;95;91;86;83;79;75;75;75;73;75;77;79;80;81;81;81;80;78;75;72;70;69;72;76;79;85;91;95;98;100;102;99;98;96;96;99;100;103;105;104;108;111;114;114;114;108;104;97;96;96;98;93;85;73;63;56;52;46;44;41;42;39;39;39;41;43;43;43;39;33;27;22;19;18;16;15;14;14;15;16;15;15;14;15;14;14;13;0;13;0;0;13;0;13;14;15;14;13;13;13;13;0;0;0;0;13;0;0;13;0;0;13;0;0;0;0;0;0;0;13;0;0;13;0;0;0;0;0;0
0;0;0;0;0;0;0;0;0;0;13;13;0;0;0;0;0;0;0;0;0;0;0;0;0;13;13;13;13;0;13;13;14;13;0;0;14;15;16;16;19;20;22;23;24;25;26;28;30;33;35;38;44;57;64;72;77;80;82;81;78;80;80;80;76;72;69;65;63;63;65;68;68;65;68;69;72;76;84;88;93;99;105;110;116;120;127;130;130;130;128;125;119;113;109;109;110;114;112;111;109;104;98;93;88;85;81;79;76;77;77;79;78;80;80;84;84;83;82;81;78;74;73;72;75;78;82;89;93;97;99;101;102;100;100;97;97;101;104;107;107;107;108;112;116;119;119;111;102;100;96;95;96;93;86;74;62;56;51;47;45;42;41;38;39;40;42;43;43;43;40;34;27;23;20;18;17;15;13;13;15;15;14;14;14;15;14;15;13;13;13;0;0;13;0;0;14;14;13;13;13;0;0;0;13;13;13;0;0;13;13;0;0;0;0;0;0;0;0;0;13;13;0;0;0;13;0;0;13;13;0
0;0;0;0;0;0;0;0;0;13;13;0;0;0;0;0;13;0;0;13;0;0;0;0;0;0;13;13;13;13;13;0;13;14;13;0;13;14;15;17;19;21;23;25;25;26;26;29;31;32;34;39;47;58;66;74;78;82;84;81;81;84;83;81;76;73;70;66;64;64;65;66;68;68;68;69;73;78;87;90;94;98;106;110;116;120;129;132;135;135;134;128;122;116;113;111;113;113;114;112;107;104;101;96;90;86;79;79;78;80;79;79;81;82;81;83;86;85;84;85;79;75;72;71;75;80;85;91;94;98;101;102;102;101;101;99;99;103;107;110;108;111;111;111;117;118;120;114;106;100;94;95;96;92;85;72;62;56;52;50;47;43;40;38;39;42;44;45;43;42;40;33;27;23;21;19;17;15;14;14;15;16;14;14;15;15;15;15;13;13;0;13;13;13;0;13;14;14;14;13;13;13;0;0;0;13;0;0;0;0;0;13;13;0;0;0;0;0;0;0;13;13;13;0;0;0;0;0;0;0;0
0;13;13;0;0;0;0;0;13;13;13;0;0;13;0;0;0;13;0;0;0;0;0;0;0;0;0;13;13;13;0;0;13;14;13;0;13;16;16;18;20;23;24;25;27;25;26;29;29;32;35;38;47;59;69;76;80;82;84;83;83;82;84;81;77;74;71;68;67;67;67;67;67;67;67;70;75;79;85;92;95;100;108;112;117;123;129;134;137;141;141;135;129;124;120;118;119;118;118;114;112;109;105;100;92;86;82;81;80;82;82;82;82;81;82;84;85;83;83;84;79;77;75;75;78;84;88;95;98;102;103;105;104;104;101;99;99;104;110;114;114;115;114;116;120;118;117;112;106;100;97;98;99;94;87;73;63;56;52;49;46;43;40;38;40;43;44;46;45;42;38;33;27;23;21;18;16;14;14;14;15;15;15;14;14;15;15;14;13;13;13;0;13;13;0;13;14;14;14;0;13;13;0;0;0;0;0;0;0;0;0;13;13;13;0;0;0;13;0;0;13;0;13;0;0;0;0;0;0;0;0
0;0;13;0;13;13;13;0;0;13;13;13;0;0;0;13;13;0;13;0;13;13;13;0;0;0;0;13;13;13;0;13;14;13;13;13;13;15;17;18;21;23;25;25;26;27;27;29;31;32;35;41;50;61;70;78;82;86;84;83;85;85;86;84;80;76;73;71;70;69;69;69;68;67;68;71;74;80;86;93;97;105;112;117;124;128;135;143;142;143;145;141;135;130;126;125;124;126;126;121;119;115;109;104;98;92;87;85;85;86;86;86;85;85;86;85;86;84;85;83;82;78;76;77;79;85;90;96;103;106;107;108;107;106;104;100;101;105;110;113;116;116;118;116;119;120;118;113;107;101;99;99;102;95;87;76;66;58;52;49;47;43;39;38;40;43;44;46;45;44;39;34;28;25;22;19;17;14;14;14;15;14;13;13;14;14;16;14;13;0;0;13;13;13;0;13;14;14;14;13;13;13;13;0;13;0;13;0;0;0;0;0;0;0;0;0;13;0;0;0;0;0;13;0;0;0;0;0;13;0;0
0;0;0;0;0;13;0;0;0;13;13;13;0;13;13;0;13;0;0;0;13;0;0;0;0;13;13;13;14;13;13;13;14;0;13;14;14;14;16;18;20;23;27;28;26;27;27;30;33;35;36;42;51;63;72;80;84;88;86;86;91;89;88;86;82;77;75;72;72;72;72;70;69;69;69;73;77;84;91;97;102;110;116;122;130;135;143;146;145;146;147;143;137;131;130;130;129;130;131;128;126;122;115;109;102;95;90;90;86;91;92;91;91;90;91;90;89;87;85;82;83;79;78;80;81;86;90;95;100;104;105;107;109;108;107;106;105;108;111;114;120;119;118;117;121;121;120;114;106;104;100;101;100;96;87;77;66;60;55;50;48;43;38;39;40;43;45;45;45;43;40;34;30;26;23;19;16;14;14;14;15;14;14;14;14;14;15;14;14;0;0;0;0;0;0;13;13;13;14;13;13;0;14;13;13;0;0;0;13;0;0;0;0;13;13;0;13;13;13;13;0;0;0;0;0;13;0;0;0;0;0
0;0;0;0;0;0;0;0;0;0;13;0;13;13;13;0;0;0;0;0;0;0;0;0;0;0;13;13;14;13;14;0;13;13;0;13;13;14;16;19;21;24;26;27;26;28;29;31;32;35;37;42;54;66;77;83;85;87;88;90;92;91;88;86;80;79;74;73;72;74;74;72;72;72;74;79;84;90;97;102;107;114;116;124;133;140;143;148;152;154;149;145;141;133;132;131;134;135;136;139;129;124;118;113;106;99;94;93;91;94;95;95;94;95;96;96;93;91;89;86;84;81;80;81;83;87;90;96;101;105;106;107;108;107;108;110;111;110;115;118;121;121;122;124;125;124;123;119;109;106;105;104;102;98;89;77;65;60;56;51;48;42;38;39;43;45;46;45;46;43;39;36;32;27;24;19;16;14;14;14;15;15;14;14;15;16;16;14;0;0;0;0;0;0;13;13;13;14;13;13;13;0;13;13;0;0;13;0;0;0;13;0;13;0;0;0;0;0;0;0;0;13;0;0;0;13;0;0;0;0;0
0;0;0;0;0;0;0;13;13;13;13;13;13;13;0;0;0;0;0;13;13;0;0;0;0;13;13;0;13;13;14;14;13;14;14;13;14;14;15;19;21;25;27;28;28;28;30;30;32;34;37;46;56;69;79;84;87;90;93;93;94;92;89;87;81;79;75;75;77;78;78;76;76;75;77;82;87;92;97;103;109;117;121;127;137;142;147;150;154;155;151;148;142;137;137;133;134;137;138;138;132;128;121;115;108;102;97;94;93;93;94;97;96;99;99;99;97;96;94;90;87;84;83;81;83;86;92;98;102;107;107;110;108;110;111;114;116;117;119;119;125;126;128;128;128;124;124;121;114;109;107;107;104;102;93;82;68;60;55;52;47;42;38;38;42;46;48;48;47;44;39;35;31;27;23;19;16;15;14;14;14;14;14;14;15;16;16;15;13;0;14;0;13;13;0;13;14;13;14;14;13;13;13;13;13;13;13;13;0;0;0;0;13;0;0;0;13;0;0;0;0;13;0;0;0;0;0;0;0;0;0
0;0;0;0;0;0;0;0;13;13;14;13;0;0;0;0;0;0;0;0;13;0;0;0;0;13;13;13;13;14;14;14;14;14;13;13;14;14;16;19;22;24;26;28;28;28;28;31;32;35;40;48;58;75;80;84;87;87;90;93;94;94;92;89;86;83;80;81;81;80;78;77;76;75;76;81;87;93;98;104;111;119;126;133;141;144;148;154;157;159;159;149;146;142;137;136;136;138;137;138;134;128;122;116;107;103;99;97;95;93;94;98;99;102;101;99;98;98;97;93;90;86;85;83;84;89;94;99;103;107;109;113;112;115;116;116;117;120;124;124;128;127;131;130;131;129;124;121;114;111;108;109;107;103;93;82;70;61;55;52;48;44;40;40;43;46;49;51;48;44;39;36;31;26;22;19;16;15;14;15;15;15;14;14;15;15;16;14;13;13;0;0;0;0;13;15;14;13;14;14;13;13;13;13;13;13;13;0;0;13;0;0;13;0;0;0;13;13;0;0;0;0;0;0;0;13;0;0;13;13;0
0;0;0;0;0;0;0;0;13;0;13;13;0;13;13;13;0;13;0;0;0;0;0;0;0;13;0;13;13;14;13;14;13;13;13;13;13;14;16;19;21;24;26;27;28;28;29;33;34;37;42;49;60;70;79;81;87;89;89;95;99;96;95;93;89;86;84;82;80;79;80;79;76;78;79;82;88;96;101;108;114;121;129;135;142;150;153;157;162;163;161;157;150;144;141;139;139;143;143;144;139;131;125;118;110;103;100;99;98;96;98;100;102;101;101;100;99;99;97;95;93;90;87;87;90;94;98;103;108;110;113;116;117;120;118;119;119;123;125;125;131;132;132;131;131;129;125;122;117;113;107;111;109;104;96;82;71;62;56;53;49;44;42;41;45;47;50;50;49;47;43;37;32;27;25;20;16;15;15;15;15;14;14;14;15;15;15;13;13;0;0;0;0;0;13;13;14;14;13;0;0;13;13;13;13;0;0;0;0;0;0;13;0;0;0;13;13;13;0;0;0;0;0;0;0;0;13;0;0;0;0
0;0;0;13;13;13;13;13;13;0;0;13;13;13;0;0;0;0;0;0;0;0;13;13;13;13;13;0;14;14;14;14;13;13;13;0;13;14;16;19;21;24;26;27;31;30;31;34;37;39;43;51;61;70;78;83;88;90;94;98;101;100;96;93;90;86;84;82;81;80;79;77;76;77;80;84;90;98;105;108;116;123;132;138;145;153;159;162;166;166;165;161;153;150;147;142;145;146;144;145;141;133;127;119;112;105;102;101;101;103;104;104;106;106;104;102;101;102;99;97;94;94;92;92;96;100;105;111;113;114;118;117;118;118;121;123;126;128;128;129;133;135;133;133;133;132;130;124;119;116;112;111;110;105;98;84;72;61;55;53;50;46;44;43;45;49;51;49;48;47;43;38;32;28;24;20;17;16;14;14;16;15;15;14;14;15;15;14;13;13;0;0;0;0;13;13;13;14;13;0;13;13;13;14;13;0;0;0;13;0;0;0;0;13;13;13;13;13;0;0;13;13;0;13;0;0;13;13;0;0;0
0;0;13;0;0;0;0;13;13;0;0;0;13;13;0;13;0;0;0;0;0;0;13;0;0;0;13;0;14;14;14;13;13;13;13;13;14;14;16;20;23;26;27;27;30;31;33;36;37;42;45;52;61;71;78;84;90;93;96;100;99;98;96;94;91;89;86;82;82;81;78;79;78;78;85;90;97;100;106;112;122;128;136;145;151;157;162;170;172;170;168;162;156;150;150;147;148;148;147;146;143;137;129;120;118;107;103;103;101;105;105;103;107;108;106;106;104;103;103;100;98;95;97;98;102;105;108;113;115;120;123;120;120;120;122;126;128;131;133;136;137;137;139;137;137;133;133;128;125;117;116;115;112;107;99;88;73;62;56;52;51;47;45;46;47;51;52;50;49;47;43;38;32;27;24;21;17;16;14;15;16;15;15;14;15;15;16;14;13;14;0;0;13;0;14;14;13;14;13;13;13;0;13;14;0;13;14;13;13;0;0;0;0;13;13;13;0;13;13;0;0;0;0;0;0;13;0;0;0;0;0
0;0;13;13;13;14;13;13;0;0;0;0;13;0;0;0;0;0;0;0;0;0;13;13;0;13;13;0;13;13;13;13;14;13;13;13;14;15;17;19;23;27;28;28;30;31;33;36;38;42;46;53;62;70;80;86;91;95;97;100;99;96;93;93;93;91;90;85;83;83;81;80;78;81;87;93;99;105;108;115;125;131;139;149;154;160;166;170;172;170;168;164;161;155;150;149;152;151;150;147;147;140;133;123;114;106;102;102;103;108;106;109;112;111;111;110;108;105;103;102;101;100;101;101;104;108;111;115;119;122;126;124;124;126;127;129;131;136;137;140;141;143;142;140;141;140;135;130;125;119;121;120;116;106;98;88;74;64;58;54;51;48;45;44;47;51;52;50;50;46;43;38;34;30;24;20;17;15;14;15;15;15;15;15;16;15;15;14;13;13;0;13;0;0;13;14;13;13;13;13;13;0;13;13;0;13;13;0;0;0;0;0;0;13;13;13;0;13;13;0;0;0;0;0;13;13;0;0;0;0;0
0;0;13;13;0;13;13;0;0;0;0;13;13;13;0;13;0;0;0;0;0;0;13;13;13;13;0;13;13;13;13;13;13;13;14;13;14;16;17;20;23;29;29;29;30;32;34;36;39;42;47;56;63;72;82;88;93;97;102;100;101;101;101;98;97;93;90;89;86;87;84;83;81;83;89;94;102;107;112;117;126;135;145;152;157;164;169;172;174;173;171;166;156;156;154;155;157;155;153;150;146;141;135;127;118;111;106;105;106;111;113;114;112;113;114;114;110;108;105;104;102;102;102;105;105;109;116;122;124;125;123;126;127;126;130;132;136;138;141;142;148;149;149;147;145;145;140;134;128;124;122;125;121;111;99;88;73;64;61;56;52;50;47;46;48;51;52;51;50;47;43;38;33;29;25;21;18;16;14;14;14;15;16;16;15;15;14;14;14;0;0;0;13;0;0;14;14;13;13;13;14;13;0;13;13;0;13;13;0;0;0;0;0;13;13;0;0;13;13;0;0;0;0;0;13;0;0;0;0;0;0
13;0;0;0;0;0;13;0;0;0;0;13;0;0;0;0;0;0;0;0;0;0;13;13;13;0;0;13;14;13;13;13;13;14;14;13;13;15;18;21;23;26;29;30;30;32;34;36;41;45;50;57;65;74;83;91;95;98;101;101;103;102;100;98;97;93;91;93;90;87;84;84;82;86;91;98;103;107;111;120;129;139;148;155;158;166;173;177;178;178;174;168;166;161;158;161;160;158;158;154;152;147;138;130;121;114;111;110;109;113;116;118;120;120;115;115;112;110;108;107;106;104;102;106;109;113;121;126;129;129;129;129;131;131;133;136;140;143;147;144;149;152;158;155;153;150;144;139;133;130;129;128;123;115;103;89;76;65;60;55;54;50;45;49;51;51;50;50;50;48;45;40;33;29;25;22;19;16;15;14;13;14;14;16;16;16;15;13;14;13;0;13;13;13;13;14;13;14;13;14;13;13;0;0;0;0;14;13;0;0;0;0;0;14;14;13;0;13;13;13;0;13;0;0;14;13;13;0;0;0;0
13;13;0;13;13;0;13;13;13;13;13;13;13;0;0;13;0;0;0;0;0;0;0;13;13;0;13;13;14;14;13;13;0;13;13;13;13;16;18;20;23;26;28;29;30;31;32;37;41;46;52;59;67;76;85;92;96;101;102;103;105;104;101;100;97;94;94;91;90;88;88;86;85;88;93;100;106;110;116;124;130;142;151;159;164;170;177;184;185;183;180;173;169;162;160;165;164;163;163;158;155;149;138;131;125;117;113;110;113;115;118;124;124;125;120;118;114;110;110;109;108;106;103;109;113;118;126;129;132;136;136;135;134;137;138;140;142;145;149;151;154;155;159;160;159;156;151;146;139;136;133;131;127;121;108;93;79;66;58;57;55;51;49;50;53;53;52;50;51;50;47;42;35;29;24;21;18;16;15;15;14;14;15;15;17;15;14;13;14;13;0;13;0;0;0;14;14;13;13;14;14;14;13;13;0;0;13;13;13;13;13;0;13;13;13;13;0;0;13;13;0;13;0;0;0;0;0;0;0;0;0
13;13;13;13;13;0;13;13;13;13;0;0;0;13;13;0;0;0;0;0;0;13;0;13;13;13;13;13;14;13;13;14;14;13;0;13;14;16;18;21;24;26;27;28;30;31;34;38;42;48;53;60;67;78;86;93;98;102;104;105;106;106;100;99;100;98;97;94;92;92;89;87;87;89;93;101;107;114;123;128;137;147;154;162;170;177;183;188;191;186;182;176;171;164;164;165;163;163;163;161;156;152;142;132;124;118;113;113;115;117;123;127;127;126;125;122;120;114;111;111;108;109;109;112;116;122;130;134;136;138;142;142;142;143;142;144;146;149;151;153;159;161;163;166;164;161;156;152;145;142;139;135;129;120;110;95;82;70;62;57;53;52;51;52;53;55;54;52;51;50;46;43;37;31;25;21;19;17;15;14;14;14;15;15;17;15;14;14;14;13;13;13;13;13;13;14;15;13;13;14;14;13;13;13;13;0;13;0;13;0;0;0;0;0;0;13;13;13;13;0;0;0;0;0;0;0;0;0;0;0;0
0;13;13;13;13;0;0;0;0;0;0;13;0;0;0;0;0;0;13;0;0;13;13;13;0;13;13;14;13;13;14;13;13;13;13;13;14;15;17;21;24;28;28;28;31;33;35;38;42;47;53;63;72;82;89;95;101;104;106;105;105;103;100;99;100;101;100;99;100;96;92;89;89;90;95;103;110;116;120;129;138;148;156;164;173;181;188;191;192;192;187;181;173;170;169;167;167;166;166;163;160;156;145;134;126;120;118;116;118;121;127;129;129;129;129;125;123;115;112;112;111;112;112;116;118;124;129;140;141;144;146;148;149;149;150;151;151;151;155;159;165;170;171;174;170;167;161;157;150;147;145;143;136;126;114;99;85;74;65;58;55;53;50;53;54;55;55;54;53;50;46;43;37;32;26;21;18;16;15;15;15;15;14;15;16;16;14;14;13;0;0;0;13;13;13;13;14;13;13;13;13;13;13;13;0;0;0;0;13;13;0;0;0;0;13;13;13;0;0;0;0;0;0;0;13;13;13;0;0;0;0
13;0;0;0;0;13;13;0;0;0;0;13;13;13;0;13;0;0;0;0;0;13;13;13;13;0;0;13;13;13;13;13;0;13;13;14;15;16;18;20;23;27;28;28;31;32;34;38;42;49;55;65;74;83;89;96;103;104;105;106;105;103;102;103;102;104;105;108;102;97;94;89;88;90;96;103;110;117;121;129;139;148;156;165;174;182;190;200;195;194;190;183;179;176;171;172;170;171;169;166;163;159;149;140;132;124;122;121;123;126;130;132;134;135;135;130;127;121;117;115;114;115;117;121;123;128;133;142;148;149;152;155;154;154;156;156;158;158;162;166;170;174;174;178;175;175;166;164;158;158;151;146;143;131;118;102;88;76;66;62;56;53;53;52;54;56;57;55;54;52;47;43;38;32;26;21;18;16;15;14;15;15;14;16;16;16;15;14;13;13;0;0;0;13;14;14;13;13;0;13;13;14;13;0;0;0;0;0;0;0;13;13;0;0;13;0;0;0;13;0;0;0;13;0;13;13;13;0;0;0;0
13;0;13;13;13;0;13;13;0;13;0;0;0;13;0;0;0;0;0;0;13;13;13;0;13;14;0;13;13;0;0;13;0;13;13;13;15;16;18;21;24;27;29;30;31;32;36;40;43;50;59;67;76;84;91;98;102;106;108;109;109;105;103;102;104;106;107;107;103;96;90;88;87;91;97;104;110;117;123;132;137;148;156;165;177;185;190;196;200;198;195;187;183;181;178;175;169;171;170;167;163;159;152;144;137;129;125;124;127;132;134;136;139;143;140;135;129;123;120;117;116;119;122;124;127;131;137;142;148;155;159;162;161;160;162;164;166;167;170;170;171;179;183;189;188;182;176;174;167;165;161;154;146;135;121;106;91;80;71;64;60;54;55;54;56;57;59;60;56;53;48;44;39;33;28;22;19;16;15;15;15;14;15;16;17;16;15;14;14;13;13;0;0;13;14;15;14;14;13;14;14;14;0;0;0;13;13;0;0;0;13;13;13;13;13;13;0;0;0;0;0;0;0;0;13;0;0;0;0;13;0
0;0;13;0;0;0;14;0;0;0;0;0;0;14;0;13;0;0;0;0;0;0;13;13;13;13;13;13;14;13;0;13;13;14;14;13;15;16;18;20;23;28;30;30;33;33;36;40;45;52;59;66;76;85;93;101;103;107;110;112;112;109;105;103;104;109;109;108;104;95;90;88;86;92;98;102;110;116;123;129;140;151;159;171;182;191;195;201;205;200;199;194;188;184;183;181;176;173;172;167;163;159;153;146;140;134;128;128;131;132;138;140;142;139;139;135;128;122;121;121;118;121;124;130;131;134;140;144;151;158;163;166;166;167;165;168;170;172;176;175;180;185;189;195;196;189;184;178;174;173;173;166;153;141;125;111;96;84;75;66;62;58;57;57;59;59;59;58;58;55;50;44;39;33;28;23;19;16;16;16;15;15;15;15;16;16;16;14;13;13;13;13;0;13;14;14;14;14;13;13;13;13;0;13;0;13;13;13;0;13;14;13;13;13;13;13;0;0;0;13;0;0;0;0;13;13;0;0;0;0;0
13;0;0;0;0;0;13;0;0;0;0;14;0;13;13;13;0;0;0;0;0;0;0;0;13;13;13;14;13;14;13;13;13;14;13;14;15;17;18;20;24;28;30;30;31;34;36;39;45;51;57;66;76;86;93;99;104;110;113;114;113;110;107;105;107;110;112;111;104;96;92;89;87;91;98;104;110;117;124;131;142;152;162;174;183;192;199;206;208;204;199;199;195;192;187;184;179;173;172;170;163;160;156;149;141;136;133;132;137;137;139;139;144;142;139;134;128;123;123;125;124;127;128;132;134;137;144;148;155;160;166;168;171;172;171;172;175;178;182;184;187;191;196;200;199;196;189;184;181;179;179;172;157;143;128;114;97;87;79;71;64;60;58;61;61;61;59;60;60;58;51;45;40;35;29;23;18;17;16;15;15;15;16;16;17;16;15;14;14;14;13;13;13;0;13;13;15;14;14;14;13;14;13;0;0;13;13;13;0;13;14;13;0;13;13;13;0;0;0;13;13;13;13;0;13;0;0;0;0;0;0
13;0;0;0;0;0;13;0;0;0;0;0;13;13;13;0;13;0;0;13;0;0;0;0;13;14;14;14;14;13;13;13;13;13;14;14;15;17;19;21;24;28;31;31;32;34;37;40;45;51;60;68;78;87;94;100;105;111;114;116;112;111;109;108;107;110;113;113;105;98;93;91;89;92;98;105;111;117;124;132;142;152;166;179;190;197;204;211;212;209;205;201;198;195;192;184;180;179;178;176;171;163;157;151;146;140;138;136;136;141;142;144;148;145;140;137;130;125;126;127;127;130;130;135;140;142;147;151;154;162;168;171;176;177;176;178;178;181;186;190;194;197;203;205;203;199;193;190;191;188;185;176;166;148;133;118;102;91;83;74;64;61;59;61;61;61;62;63;62;60;54;47;42;36;29;23;19;16;15;15;15;15;15;15;16;15;15;14;14;14;13;0;0;0;13;13;14;14;15;14;14;14;13;13;0;0;13;0;0;0;13;13;0;0;13;0;0;0;13;13;0;13;0;13;13;0;0;0;0;0;0
0;0;0;0;13;0;13;0;0;0;0;0;0;0;13;0;0;0;0;0;0;0;0;0;13;14;14;13;14;14;13;13;14;14;14;14;14;16;19;21;25;28;30;33;33;36;37;40;45;52;60;70;80;88;96;104;107;110;113;114;114;112;109;108;109;112;114;112;105;101;95;92;89;93;99;104;110;117;126;135;145;156;168;178;189;202;210;216;220;214;212;208;205;199;194;191;188;186;182;178;173;166;159;157;151;147;142;139;140;141;146;148;149;150;144;139;134;130;129;128;129;132;133;139;142;144;150;156;157;164;170;173;177;183;182;183;184;186;190;195;199;203;208;210;208;206;203;198;196;194;190;182;171;153;136;123;108;94;84;75;66;61;61;62;63;63;64;65;66;63;57;49;43;36;30;24;20;18;16;15;15;15;15;16;16;15;15;14;13;13;13;13;13;13;13;13;14;15;15;14;15;13;13;13;0;0;13;0;0;0;13;13;0;0;0;13;0;0;0;0;0;13;13;13;13;0;0;0;0;0;0
0;0;0;13;13;13;13;13;0;0;0;0;0;0;0;0;0;0;0;0;0;0;0;13;13;14;13;13;14;13;13;13;13;13;15;13;14;16;18;22;26;28;31;34;35;36;37;41;47;53;62;72;80;89;97;105;109;113;116;114;115;112;107;108;110;114;114;111;107;100;95;92;92;94;99;107;116;121;130;138;152;164;170;181;191;203;211;217;222;223;221;216;208;202;195;194;191;189;183;180;177;169;166;161;155;151;145;141;143;145;147;149;151;150;149;141;140;133;130;130;132;134;137;141;145;145;151;155;158;167;175;179;179;184;186;186;187;189;192;203;205;206;213;215;214;212;206;206;201;199;198;191;178;162;143;128;112;100;89;77;70;66;63;63;63;63;64;66;65;62;55;49;44;38;31;25;20;17;16;14;15;16;16;16;17;16;15;15;13;0;0;13;13;13;13;13;14;13;14;14;15;13;13;0;0;0;0;14;13;13;13;0;0;0;0;0;0;13;0;0;0;0;0;13;0;0;0;0;0;0;13
0;0;13;0;0;0;13;13;13;13;0;0;0;0;0;0;0;0;13;13;0;0;13;13;13;13;13;14;14;0;13;13;13;13;15;14;15;17;19;23;25;29;31;34;33;35;39;41;46;53;63;74;80;87;96;105;111;115;116;115;113;112;109;108;115;117;117;115;109;102;99;93;92;95;102;111;118;122;131;139;151;162;172;184;191;202;211;220;225;227;226;221;213;207;199;194;191;188;184;181;177;169;168;163;161;153;148;146;144;147;148;152;152;151;149;141;140;135;132;131;133;135;140;142;144;147;152;158;167;172;180;181;182;187;190;187;189;192;200;204;208;210;218;219;218;215;211;212;210;210;206;196;184;167;147;130;114;102;92;82;73;68;67;66;64;64;66;68;67;64;57;51;47;40;33;26;20;17;17;16;15;16;16;17;17;16;15;14;13;13;0;0;13;13;13;13;14;14;14;14;14;13;13;0;0;0;0;0;13;0;13;0;13;0;0;13;0;13;0;0;0;0;0;13;0;0;0;0;0;0;0
0;0;0;0;0;0;0;0;0;0;0;0;0;0;13;13;0;0;0;0;13;13;0;0;13;0;13;13;13;14;0;0;13;14;15;15;15;17;19;22;25;29;30;31;32;33;38;42;47;54;64;74;78;88;96;105;113;114;115;115;115;113;111;112;114;116;119;118;110;102;97;93;91;95;101;111;116;124;130;139;152;163;171;182;190;201;210;220;227;231;229;222;218;211;201;191;190;185;183;180;176;174;171;163;160;156;153;149;148;148;151;151;153;151;149;144;142;137;136;133;135;138;142;142;144;148;152;160;167;172;184;185;187;193;193;191;192;200;201;204;210;213;221;224;222;220;219;219;218;217;211;203;189;171;156;133;116;102;93;82;72;68;69;69;66;64;65;68;70;66;59;52;48;42;33;26;21;18;16;15;15;15;16;17;16;16;15;13;14;13;13;13;0;13;13;13;14;14;14;14;14;13;0;0;0;0;0;0;0;14;13;0;0;13;13;13;0;0;0;0;0;0;0;0;0;0;13;13;0;0;0
0;0;0;0;0;0;0;0;0;0;0;13;13;0;13;0;0;0;13;13;13;0;0;0;0;13;13;14;13;13;0;13;13;14;14;16;16;17;20;22;25;27;29;30;30;34;37;40;46;56;65;72;79;89;96;102;110;113;115;114;114;112;111;113;114;117;120;118;111;103;98;94;94;96;102;110;117;125;134;142;154;164;174;181;189;200;211;222;228;232;231;225;221;210;203;196;192;186;184;181;177;176;173;166;162;160;154;150;151;153;152;152;155;154;152;148;145;142;143;142;142;141;145;146;147;150;156;160;169;175;182;189;192;194;197;195;197;202;205;210;213;213;220;219;221;219;219;220;221;220;211;206;191;172;154;137;121;108;94;83;76;71;71;70;68;67;66;69;69;67;62;56;51;44;35;28;23;18;16;15;15;16;17;17;17;16;14;14;13;13;13;13;13;0;13;13;13;14;14;14;14;13;13;14;13;0;0;13;13;13;13;0;0;13;0;13;13;0;0;0;0;0;0;0;0;0;0;0;13;0;0
0;0;0;0;0;0;0;13;0;0;0;13;13;13;13;0;0;13;0;0;13;0;0;13;13;14;0;13;13;13;0;13;13;13;14;15;16;17;19;22;25;27;29;30;32;33;37;41;48;56;66;74;81;91;97;102;108;112;113;113;116;115;113;113;115;119;121;117;112;106;100;96;93;95;101;109;119;124;134;144;153;163;173;182;193;204;215;226;230;233;231;225;219;209;202;193;189;187;184;182;179;178;172;167;161;160;156;155;158;159;158;158;155;155;154;152;148;145;148;146;147;148;147;150;153;154;158;162;169;176;182;187;193;194;194;198;199;202;207;215;217;218;219;222;224;221;216;218;221;223;214;209;196;177;159;140;126;111;96;86;78;74;74;71;68;68;69;71;70;67;60;55;51;45;36;29;22;18;16;16;14;15;17;17;17;16;15;14;13;13;0;0;0;13;13;14;14;13;14;13;14;13;0;0;13;13;0;13;14;13;13;13;0;0;0;0;0;0;0;0;0;0;0;0;0;0;0;0;0;0;0
0;0;0;0;0;0;0;13;0;0;0;0;0;13;13;0;13;13;0;13;0;0;0;13;13;13;13;13;0;13;13;13;0;14;14;16;16;17;20;22;24;27;29;31;32;32;35;39;47;57;68;76;84;86;95;100;106;109;113;116;114;113;111;113;117;120;120;120;114;108;100;96;94;96;99;108;119;127;135;145;153;161;172;182;191;204;215;224;232;235;233;229;218;206;198;192;187;186;183;181;179;174;169;167;165;161;157;157;157;160;157;158;158;159;156;153;151;149;147;146;149;150;150;152;153;156;158;161;166;172;181;189;196;197;196;198;200;203;211;216;219;221;226;225;225;224;220;219;223;222;215;214;201;182;162;143;128;112;101;88;80;76;74;70;67;69;72;74;73;67;61;55;51;46;37;30;23;19;16;15;14;15;17;18;18;16;16;14;13;13;0;13;13;13;13;13;14;14;14;14;14;13;0;0;0;13;0;13;15;13;13;13;0;13;0;0;0;0;13;13;0;0;0;13;0;0;0;0;0;0;0
13;13;0;13;13;0;0;0;0;0;13;0;0;13;13;0;13;0;0;13;0;0;0;13;13;13;13;13;0;0;0;13;13;14;14;15;16;17;20;21;24;27;30;30;32;33;35;39;45;56;66;75;82;87;95;102;105;108;111;114;114;112;113;113;116;121;122;120;113;108;100;95;94;93;97;110;119;127;137;144;153;162;173;179;189;201;211;224;234;237;231;226;216;205;197;190;190;184;183;186;179;173;170;162;162;159;158;157;156;157;161;161;161;161;157;154;151;150;150;149;151;151;151;151;154;156;156;159;166;174;183;187;194;197;199;201;204;206;212;216;218;224;230;230;228;227;223;225;224;221;216;209;198;182;164;146;130;115;102;90;84;78;75;72;70;69;72;74;75;70;63;56;50;46;38;31;23;19;16;14;15;16;16;17;17;15;16;15;13;13;0;0;0;13;14;14;13;14;14;14;13;13;13;0;0;0;0;13;0;0;13;13;0;13;0;0;0;0;0;13;0;0;13;13;13;0;0;0;0;0;0
13;13;0;13;13;0;0;0;13;13;13;0;0;0;0;0;0;0;0;13;0;0;0;13;13;13;13;14;0;0;13;0;13;13;13;15;15;17;19;21;25;28;31;31;33;35;37;41;48;56;67;75;81;87;95;99;106;109;111;114;115;115;113;112;115;120;120;120;114;107;99;95;94;95;98;109;120;127;138;147;154;164;169;177;188;201;213;223;234;234;229;223;214;206;198;190;187;184;187;183;177;170;169;164;162;157;156;156;154;157;160;161;162;163;161;158;157;157;156;153;154;152;152;151;152;154;155;160;168;175;184;189;197;198;200;200;205;210;215;217;221;227;232;232;231;227;223;227;227;221;217;207;200;181;167;152;131;116;104;91;84;79;79;75;72;68;70;75;76;74;65;58;52;47;39;31;23;20;17;15;14;16;17;18;17;16;16;15;14;13;0;0;13;0;14;14;13;15;13;13;13;0;13;0;13;13;13;0;0;0;0;13;0;0;13;13;13;14;0;13;13;13;13;13;14;0;0;13;13;0;0
0;0;0;0;0;0;13;0;13;13;13;0;0;0;0;0;0;0;0;0;0;0;13;13;13;13;0;13;13;14;13;13;13;13;13;14;16;19;20;22;24;27;30;32;34;35;35;39;46;55;65;74;80;85;95;100;106;108;110;112;117;116;113;108;114;119;121;120;113;107;100;97;94;95;98;108;117;130;137;146;156;160;167;178;188;201;214;224;230;232;230;222;212;203;195;189;187;188;185;183;178;171;168;164;159;155;154;154;154;156;159;162;164;167;166;161;160;159;158;156;156;155;154;153;155;157;157;160;168;175;183;189;196;198;201;203;204;210;215;223;225;228;234;232;230;225;224;227;226;224;224;214;198;182;169;150;131;117;106;94;88;82;79;77;73;69;70;74;75;74;68;59;55;49;41;32;24;21;18;14;14;16;17;18;17;16;15;14;14;14;13;0;13;0;13;13;15;15;14;14;14;0;0;0;0;13;13;13;0;0;0;13;13;14;13;0;0;0;13;13;0;0;0;13;13;13;0;0;0;0;0
0;13;0;0;13;13;0;0;13;13;14;0;13;13;0;0;13;0;0;0;0;0;0;0;13;13;13;14;13;13;13;13;13;14;13;15;17;19;19;22;24;27;29;32;33;33;35;39;46;56;65;72;77;84;94;99;104;107;110;112;115;116;111;109;112;115;118;118;114;108;104;97;91;93;98;108;118;128;138;145;153;159;165;177;187;201;213;227;235;235;231;222;211;203;192;189;185;186;185;183;178;172;167;163;157;154;152;151;152;152;157;160;161;164;162;160;160;160;160;157;154;155;154;156;155;158;165;167;171;179;184;188;194;198;203;206;210;210;218;226;231;230;232;233;228;225;223;226;226;225;223;215;200;184;165;150;132;117;106;94;89;83;81;79;74;71;71;74;77;73;66;60;56;49;39;32;25;21;18;15;15;16;17;18;17;16;16;15;14;14;14;0;0;0;0;14;14;14;14;14;13;0;0;0;13;13;13;13;0;14;0;0;0;13;13;0;0;0;0;0;0;0;13;0;0;0;0;0;0;0;0
0;13;13;0;13;13;0;13;13;13;13;0;0;0;13;0;0;13;0;0;0;0;0;0;14;13;13;0;14;0;0;13;13;13;14;16;17;18;21;22;25;29;30;32;32;33;35;40;45;54;63;68;76;83;93;99;105;108;111;109;112;112;107;107;109;111;114;116;114;109;104;96;92;93;98;108;118;129;140;144;151;157;163;175;186;200;213;227;233;234;230;222;212;199;189;187;185;185;184;183;179;173;166;157;151;150;147;147;150;152;157;159;158;160;159;157;159;157;159;155;157;156;155;155;156;157;160;167;171;180;188;192;197;199;201;204;208;213;218;225;232;232;231;232;230;224;221;225;222;221;224;213;200;184;168;151;135;119;106;94;89;87;84;79;75;73;74;77;79;75;69;61;55;49;41;34;27;20;17;15;15;17;17;17;17;16;16;15;14;14;13;13;0;13;13;14;14;15;14;14;14;13;0;13;0;0;0;14;0;13;0;0;13;13;13;13;0;0;0;0;0;0;0;0;13;0;0;0;0;0;13
0;0;13;13;0;0;0;0;0;0;0;0;0;13;0;0;0;0;0;0;0;0;13;13;13;13;13;14;14;13;13;13;13;13;14;15;17;18;20;21;27;29;31;31;32;32;35;38;45;54;62;68;75;82;91;98;104;108;108;110;113;110;107;105;104;106;110;113;113;108;102;96;91;91;99;106;117;130;138;144;148;155;164;174;187;202;214;225;232;230;223;223;209;196;188;185;185;188;186;182;176;171;162;155;151;147;144;145;148;150;153;157;158;157;158;154;158;158;160;157;156;153;153;153;155;160;160;166;172;179;189;197;199;202;204;207;207;212;216;232;234;235;236;234;231;224;228;226;222;220;221;212;204;188;173;154;137;119;104;95;93;91;86;78;74;72;75;77;78;75;70;61;54;51;42;34;28;22;18;15;14;17;18;18;17;16;16;15;14;13;13;13;0;13;13;14;15;15;15;14;14;13;0;13;13;13;13;13;13;13;13;13;13;13;0;0;0;0;13;0;0;0;0;0;13;0;13;13;0;0;0
13;0;13;0;0;0;0;0;13;13;0;0;0;13;0;0;0;0;0;13;0;0;13;13;13;13;0;13;13;13;13;13;13;13;14;14;17;17;19;22;26;29;31;31;30;30;34;39;45;52;60;67;74;84;92;98;104;105;106;109;109;110;106;103;104;104;109;111;112;107;101;95;90;91;96;104;117;128;135;144;152;155;165;175;186;201;213;222;228;226;220;214;203;192;184;182;184;185;185;183;178;171;159;155;146;141;140;143;146;149;152;155;159;156;158;159;161;161;161;158;155;151;150;150;155;155;157;162;173;180;189;196;201;203;206;209;207;215;221;230;229;237;237;234;231;228;228;224;224;221;217;210;200;186;173;157;139;119;106;96;94;92;87;81;76;73;75;78;81;75;69;63;57;51;42;35;28;23;18;16;16;18;19;18;16;16;16;15;15;15;14;14;0;0;13;13;14;14;15;14;13;0;0;0;0;14;13;0;14;13;13;13;13;0;0;0;0;0;0;0;0;0;0;0;13;13;13;13;0;0;0
13;0;0;0;13;13;0;0;13;13;13;0;0;0;0;0;0;0;0;0;0;0;0;13;13;0;13;14;13;13;13;0;14;14;15;15;16;17;19;22;26;28;31;31;31;32;35;39;44;52;59;66;75;84;92;96;100;101;104;110;111;109;105;100;100;106;108;110;113;107;100;93;91;92;97;107;119;129;135;144;151;154;160;174;185;198;210;218;225;224;221;213;201;190;183;181;181;183;183;179;177;170;161;152;146;141;139;138;142;147;150;154;160;161;161;161;159;160;159;155;152;149;147;150;152;152;157;164;173;179;191;197;203;208;210;213;212;215;219;227;229;238;237;233;229;226;225;225;224;221;220;209;197;185;174;160;140;120;105;95;93;90;89;85;76;74;76;77;79;76;71;65;59;52;43;34;28;22;19;16;17;18;19;18;17;17;16;17;15;13;13;13;0;0;14;14;14;14;15;14;14;0;0;0;0;0;13;0;13;0;0;13;0;0;0;0;0;13;0;0;13;0;13;0;13;13;0;0;0;0;0
0;0;0;0;0;13;13;13;0;0;0;0;0;0;0;0;0;13;0;0;0;0;0;0;0;13;13;14;13;0;0;13;13;13;14;15;16;17;19;22;25;28;28;30;30;31;34;38;45;51;58;64;75;83;89;94;98;99;105;111;112;109;103;98;96;100;103;107;109;105;100;95;92;92;98;109;118;130;135;142;149;152;160;173;184;196;208;214;222;216;212;206;199;186;179;176;177;176;178;175;170;166;158;151;143;134;134;135;141;144;147;153;158;160;159;160;159;158;158;154;151;151;147;148;151;153;161;169;178;184;192;198;203;208;210;211;210;214;217;228;234;239;232;229;228;223;225;225;222;221;216;204;191;182;172;160;143;123;107;100;93;90;89;85;80;78;75;75;76;77;73;67;61;53;44;35;28;23;19;16;16;17;18;18;17;16;16;15;15;14;14;13;13;13;14;14;15;16;15;15;14;13;13;13;0;0;0;13;13;13;13;0;0;0;0;13;0;0;0;0;0;0;13;0;0;0;0;13;0;0;0
0;0;0;0;0;0;0;13;0;0;13;13;13;13;0;0;0;0;0;0;0;0;0;0;0;13;14;13;13;13;13;13;13;13;14;14;16;18;19;20;25;27;27;28;29;31;32;37;44;49;56;63;73;80;89;93;95;97;101;106;110;104;99;96;95;97;100;105;108;104;97;93;91;93;97;109;118;126;133;138;143;148;157;169;181;192;202;209;215;209;204;197;192;180;173;173;173;172;174;173;170;163;153;145;138;131;130;131;134;139;143;148;154;157;158;159;159;158;158;153;149;146;145;145;149;154;161;170;178;185;192;198;206;209;210;208;212;219;225;228;233;234;228;229;232;227;224;224;219;219;215;203;189;181;171;156;141;125;108;100;94;92;87;83;80;77;77;76;75;75;73;68;62;53;42;35;29;24;19;16;15;17;18;18;17;17;16;15;15;15;14;14;0;13;14;13;14;14;15;15;14;0;13;0;0;0;0;13;13;14;14;13;13;0;0;0;13;13;13;0;0;0;13;13;13;0;0;0;0;13;0
0;0;0;0;0;0;13;13;0;0;13;13;13;13;0;0;0;0;13;0;0;0;0;0;0;0;13;13;14;13;13;0;0;0;14;15;16;17;19;21;24;26;27;28;30;32;34;37;44;48;54;62;74;82;89;92;93;96;96;103;105;102;97;94;92;96;100;102;103;98;95;91;88;92;96;104;114;121;127;136;141;145;153;165;177;189;197;203;205;200;198;193;187;181;174;171;173;172;172;171;166;158;149;139;134;128;125;126;129;131;140;145;151;155;157;158;156;156;153;151;150;145;144;145;149;154;163;171;179;186;196;201;207;207;208;208;211;219;224;228;231;233;232;234;229;228;227;222;220;218;213;201;190;181;172;158;141;121;108;101;97;90;88;85;81;79;77;77;76;75;72;67;62;54;45;34;28;23;20;17;15;17;19;18;17;19;17;16;15;15;14;13;13;13;14;14;14;13;14;13;14;13;0;13;0;0;13;13;13;14;14;13;13;13;0;0;0;0;0;0;0;13;14;13;13;13;0;0;0;0;0
13;0;0;0;0;0;0;13;0;0;0;13;0;0;0;0;0;13;13;0;0;0;0;0;0;0;13;13;14;13;13;13;0;0;13;15;16;17;19;21;25;27;28;28;31;32;35;38;41;46;53;62;71;79;85;88;88;90;93;99;102;101;97;93;91;92;96;98;99;97;94;91;88;90;93;99;107;116;124;133;139;143;151;161;173;185;191;196;195;192;190;187;181;176;172;168;169;171;170;167;159;151;139;133;130;123;121;122;126;132;137;141;146;152;155;157;157;152;148;148;145;142;140;143;148;152;161;169;180;186;195;204;209;208;207;209;208;214;220;225;228;231;233;235;234;228;225;221;218;215;211;203;192;182;171;159;142;122;109;102;97;91;88;86;82;78;76;78;78;73;71;68;64;57;46;36;27;24;20;18;16;16;17;16;17;18;17;15;15;15;15;14;13;13;14;15;15;14;13;13;0;13;13;13;0;13;13;13;13;14;15;13;0;13;0;0;0;0;0;0;0;0;13;13;0;0;0;0;0;0;13
0;0;0;0;0;13;0;0;0;0;0;0;0;0;0;0;0;13;13;0;0;0;0;0;0;13;14;13;13;13;13;13;13;14;14;15;16;17;19;21;23;26;28;28;29;31;34;39;42;46;52;62;71;81;81;84;87;86;90;95;102;101;97;92;89;91;93;94;96;94;93;87;85;87;90;98;106;113;122;130;137;142;149;159;167;177;184;189;193;189;186;183;179;174;169;168;167;168;163;160;154;149;137;130;122;121;118;119;120;128;134;139;144;149;153;156;153;149;146;141;139;137;135;139;145;152;160;170;179;194;199;205;209;207;207;205;207;212;216;225;228;230;233;233;235;231;223;219;216;212;211;205;195;186;175;163;142;123;111;101;97;93;88;82;81;79;78;78;77;75;73;69;65;57;47;37;28;24;20;16;16;15;16;16;17;18;17;16;15;15;14;14;0;13;13;14;15;14;13;13;0;0;0;0;0;13;13;13;13;13;14;0;0;13;13;13;0;0;13;0;13;0;0;0;13;13;13;0;0;0;0
0;0;0;0;0;0;0;0;13;0;0;13;13;0;0;13;0;0;0;13;0;0;13;13;0;0;13;13;13;13;0;0;0;13;14;15;15;16;18;20;23;25;26;26;28;30;36;40;42;45;52;60;69;77;80;81;81;85;88;94;99;99;94;91;89;90;92;93;92;89;86;83;82;83;88;96;105;109;120;126;132;140;146;157;165;175;183;187;189;187;183;178;180;173;169;164;161;162;160;156;150;144;135;129;120;116;115;117;121;124;128;136;142;144;148;150;147;145;143;140;137;134;136;138;143;150;156;170;181;189;195;201;205;205;207;208;208;213;219;224;230;230;230;232;233;230;225;218;216;211;204;200;192;186;179;163;144;128;112;104;99;93;88;83;83;79;78;79;78;77;75;70;66;57;46;37;30;24;19;17;17;16;16;17;17;18;17;16;15;15;14;14;13;13;13;14;15;15;14;13;13;13;0;0;0;13;13;13;0;13;14;13;13;13;13;13;0;0;0;0;13;13;0;0;0;0;13;0;0;0;0
13;0;0;13;0;0;0;0;0;0;0;0;0;0;0;0;0;0;13;13;0;0;0;0;0;13;13;0;13;0;0;13;13;13;13;14;15;17;18;20;23;24;26;26;26;30;36;39;42;45;50;58;66;74;77;77;77;81;86;92;96;97;92;88;86;86;88;90;91;89;86;82;82;83;86;94;101;106;117;123;130;139;150;155;165;176;183;183;182;184;180;175;175;171;168;164;158;158;156;155;147;140;133;121;115;112;112;112;116;121;128;133;138;140;142;144;146;144;140;136;136;132;132;134;140;148;156;168;179;185;190;197;200;201;202;204;205;209;216;219;223;228;226;226;226;226;221;221;214;210;207;199;191;184;175;161;142;125;113;107;101;92;88;84;83;80;77;78;76;76;74;72;66;57;47;37;30;24;20;18;17;17;17;17;18;18;18;16;15;14;14;13;13;0;13;14;15;14;14;13;14;14;13;0;13;13;13;13;0;13;14;13;13;13;13;13;13;0;0;0;0;13;0;0;0;0;0;13;0;0;0
0;13;0;0;13;13;0;0;0;0;0;0;0;0;0;0;13;13;0;0;0;0;13;13;0;13;13;13;0;0;0;0;0;14;13;15;15;17;18;20;22;23;23;26;28;31;35;38;40;43;47;58;66;73;76;76;77;80;85;89;90;91;90;85;85;85;86;87;88;87;86;81;81;84;87;92;99;106;113;120;129;137;148;155;164;173;179;179;178;176;173;169;169;166;166;162;158;154;149;149;143;135;127;118;112;109;108;110;111;117;122;128;132;135;139;141;143;142;136;135;134;133;129;130;134;144;152;162;175;181;187;191;192;197;200;199;205;209;213;222;222;225;227;223;222;221;221;219;213;205;201;197;196;186;174;160;142;124;114;106;100;92;86;84;83;80;76;78;76;77;74;71;66;60;49;40;32;25;21;18;17;16;16;17;18;19;19;17;15;13;14;13;0;13;14;14;14;14;13;0;13;14;13;0;0;13;13;0;0;13;0;13;13;13;0;0;0;0;0;0;14;0;0;0;13;13;0;0;0;0;0
0;0;0;0;13;13;13;0;0;0;0;13;0;0;0;0;0;0;0;13;13;0;0;0;0;0;0;13;13;13;13;0;0;0;13;14;15;16;17;19;20;23;24;26;28;31;34;37;39;43;47;57;65;71;73;74;75;78;82;85;87;88;88;84;81;81;82;84;85;85;84;78;77;80;83;87;93;103;110;117;127;136;144;151;161;170;176;172;171;168;167;165;164;162;159;157;154;150;149;147;139;130;123;113;107;103;102;104;108;111;115;122;125;129;133;137;140;139;137;132;130;127;125;129;135;141;148;157;170;178;184;187;189;193;196;199;203;208;213;216;218;222;223;221;219;223;219;215;212;208;201;200;194;185;170;154;138;123;115;109;98;90;84;81;82;80;79;80;76;75;73;68;66;60;50;40;32;24;21;18;17;17;17;17;19;19;19;17;15;15;14;14;13;13;13;15;14;14;14;13;0;0;0;0;0;0;13;13;0;13;13;13;13;13;13;13;0;0;0;13;13;13;0;0;0;13;13;13;13;0;0
13;0;0;0;0;0;0;13;13;13;13;13;0;0;0;0;0;0;0;0;0;0;0;0;0;0;0;0;0;13;13;13;0;13;14;14;15;16;17;18;20;24;24;26;28;30;34;36;37;41;47;54;63;71;74;74;74;75;79;83;85;85;83;81;80;79;82;82;83;82;81;79;76;77;79;84;90;99;106;112;120;129;137;147;156;165;168;168;166;164;162;162;161;160;155;149;145;146;144;139;134;126;117;110;104;99;97;100;103;105;110;116;120;125;128;130;132;134;132;128;122;122;122;127;133;139;149;157;166;172;180;182;186;191;190;195;198;202;210;214;219;219;221;220;219;218;212;207;208;206;204;198;195;186;173;153;137;122;115;110;99;93;85;82;79;77;77;79;79;75;73;70;65;59;52;41;31;24;21;17;16;16;16;17;19;20;20;17;15;15;14;13;13;14;14;15;15;14;14;13;13;13;0;0;0;0;0;14;13;13;13;13;0;13;13;0;0;0;0;0;13;13;13;0;0;0;13;13;0;0;0
0;13;0;0;0;0;13;13;0;0;0;0;0;13;13;13;0;0;0;0;0;0;0;0;0;0;0;0;13;14;14;13;13;13;14;14;15;17;16;18;20;22;25;26;28;30;32;34;37;40;46;54;63;70;71;73;73;74;77;78;80;79;78;76;76;77;80;79;79;78;76;77;77;76;77;81;86;94;100;107;116;125;135;146;152;159;164;166;165;161;160;161;159;158;154;148;144;142;141;135;130;124;114;108;102;97;97;96;98;102;107;110;116;120;122;122;126;126;125;123;119;118;120;124;131;137;146;155;162;167;173;178;182;187;190;193;195;199;206;209;218;222;222;222;222;216;211;205;203;205;201;199;196;189;174;156;137;121;112;107;101;93;86;83;78;76;75;77;79;76;76;70;65;58;50;42;33;25;21;17;17;16;16;17;18;20;21;18;16;15;14;13;13;13;14;14;14;14;14;13;13;13;13;0;0;0;13;13;14;14;14;13;0;0;0;0;0;0;0;0;0;13;13;0;0;0;13;0;0;0;0
0;0;0;0;13;13;0;13;0;0;0;0;13;13;13;13;0;0;0;0;0;0;0;0;0;0;14;13;13;0;13;0;13;13;14;15;14;16;17;18;19;22;24;24;26;29;30;33;36;41;44;52;62;69;71;72;71;72;75;77;79;74;73;74;72;75;76;78;77;76;74;74;75;76;78;81;84;88;96;102;108;122;131;142;149;160;163;164;165;160;159;156;157;155;150;149;144;139;140;133;127;121;114;107;98;96;94;92;95;98;103;108;112;115;117;116;119;118;119;118;116;115;115;119;125;134;140;149;156;164;168;172;181;184;186;188;193;196;199;208;213;216;219;221;222;219;211;205;204;200;199;198;196;186;172;155;137;119;108;103;99;91;86;82;76;75;75;75;79;79;76;70;64;57;49;42;32;26;21;18;17;16;17;17;19;20;20;19;18;16;16;14;13;14;13;13;14;14;14;13;13;13;13;13;0;0;0;13;13;13;14;13;13;0;13;14;0;0;0;0;0;0;13;13;0;0;14;13;0;0;0
0;0;0;0;0;0;0;0;0;0;0;0;0;13;13;0;0;0;13;13;0;0;0;0;0;13;13;13;0;13;13;0;13;13;13;15;15;16;17;17;19;21;23;24;26;28;30;32;34;38;42;50;60;65;69;69;69;70;72;74;73;71;70;69;69;72;72;74;74;74;73;71;73;74;76;79;84;90;94;98;107;117;127;139;148;158;159;160;159;155;155;154;153;148;143;141;141;138;137;133;126;118;112;104;100;95;91;92;95;97;103;106;108;109;112;113;115;115;114;114;113;111;112;115;119;128;137;144;152;160;167;172;178;182;181;185;188;191;194;201;206;213;216;218;225;219;214;206;204;202;200;196;190;181;171;154;136;121;107;101;95;91;86;82;77;76;75;77;78;79;76;69;63;57;50;42;33;27;21;18;17;15;17;17;18;18;19;19;18;16;15;13;14;14;14;14;14;14;14;13;13;13;13;0;0;0;13;13;14;14;14;13;0;0;13;13;0;0;0;0;13;13;0;0;0;0;13;13;0;0;0
0;0;0;13;0;0;0;0;0;0;0;13;0;0;13;13;0;0;13;13;0;13;0;0;0;0;0;0;14;13;13;0;0;13;13;15;15;16;17;17;19;20;22;24;25;27;29;31;33;36;41;50;57;62;65;66;67;69;72;72;70;67;66;65;66;69;71;71;70;70;71;70;71;74;76;77;83;88;91;97;106;114;124;133;143;150;157;157;156;152;148;147;146;142;138;137;134;133;132;130;123;115;107;100;97;92;88;87;92;96;102;105;107;108;109;109;109;109;109;110;108;106;107;112;115;122;131;139;147;155;163;169;175;181;182;185;186;187;191;198;202;207;210;212;218;213;211;207;204;202;197;192;186;179;165;150;134;121;110;101;93;88;86;82;79;77;75;76;76;80;76;70;63;57;49;42;34;26;21;18;17;16;17;18;18;19;20;19;18;16;15;13;13;13;15;14;14;13;14;13;14;14;13;0;0;0;13;13;14;14;13;13;13;0;13;13;13;0;0;13;13;13;0;0;0;13;13;0;0;0;0
0;0;0;0;0;13;0;13;13;0;0;0;0;0;13;13;0;0;13;13;0;0;0;13;13;0;0;0;13;0;0;0;13;13;13;14;16;16;16;17;19;20;21;25;26;27;27;30;32;35;40;48;55;60;62;64;66;69;68;69;68;64;63;63;63;66;69;68;68;68;68;70;72;73;75;76;80;87;91;96;105;108;119;129;138;146;152;155;152;149;146;141;140;137;134;131;130;129;128;124;118;114;107;99;92;89;86;87;88;92;97;100;103;104;105;105;105;105;107;106;105;106;106;109;113;118;125;133;144;147;155;161;174;176;179;182;181;184;190;195;199;203;205;206;210;206;204;203;201;196;194;190;184;176;162;147;133;122;112;99;92;86;83;85;80;76;75;76;76;75;76;70;65;59;50;42;33;27;22;19;17;16;17;18;18;19;19;17;17;16;15;13;13;13;13;14;14;13;13;13;13;13;13;13;13;0;0;13;14;14;13;13;13;13;0;0;0;0;13;14;13;13;0;0;0;13;13;13;0;0;0
0;0;0;0;0;13;0;0;0;13;0;13;0;0;13;13;0;0;0;0;0;0;13;0;0;0;13;13;13;13;13;0;13;13;13;15;16;16;16;17;18;20;22;25;26;27;28;29;32;35;39;44;52;57;59;62;65;66;65;66;64;61;59;59;60;62;65;66;66;66;66;69;72;71;73;75;80;83;88;93;100;107;114;123;133;141;146;150;149;145;140;137;136;135;128;126;124;123;121;118;115;111;105;97;90;85;82;83;85;87;92;98;100;100;99;101;102;101;102;102;101;103;104;105;108;114;119;124;135;140;149;155;163;167;176;179;176;178;185;191;196;200;200;203;205;204;202;202;201;197;192;189;183;174;162;146;134;122;113;102;91;84;82;81;79;77;76;76;75;74;72;69;65;59;50;41;34;27;23;18;16;16;17;17;17;18;18;17;16;17;15;13;13;13;14;16;14;14;13;13;13;13;0;0;0;0;0;0;13;15;14;13;0;0;13;0;0;13;14;14;13;13;0;0;0;0;13;0;0;13;0
0;0;0;0;0;13;0;13;0;0;0;13;13;0;13;0;0;0;0;0;0;13;0;0;0;13;13;13;13;0;0;0;13;13;15;14;15;16;15;16;17;19;21;24;26;26;27;28;31;33;37;42;50;54;58;61;62;64;66;63;62;60;55;56;57;59;64;65;64;65;66;68;70;69;71;73;78;82;86;93;96;102;109;119;127;132;136;140;139;138;136;132;130;129;124;121;118;118;116;111;111;108;103;96;89;83;80;79;81;84;87;91;93;97;96;97;98;99;100;100;101;101;101;103;106;111;116;119;130;137;146;151;157;164;168;174;174;176;180;186;191;197;196;198;196;197;197;197;200;197;191;186;180;169;156;142;132;120;112;102;92;83;78;76;77;77;76;76;75;75;72;70;65;60;54;44;35;28;23;18;16;16;17;17;17;19;19;17;16;16;15;14;13;13;15;15;14;15;13;13;13;13;0;13;0;13;13;0;13;14;14;13;13;0;13;13;0;0;13;14;13;13;13;13;0;0;13;0;13;0;0
0;0;0;0;0;0;0;0;0;0;0;13;13;0;0;0;0;0;0;0;0;0;0;13;0;13;13;14;14;0;13;13;13;13;15;14;15;16;16;17;18;18;21;24;25;26;27;28;30;32;36;42;49;53;56;59;60;63;64;61;59;56;54;54;56;58;61;64;63;62;64;66;67;67;70;72;76;81;85;89;95;100;107;113;121;126;132;136;134;133;130;127;124;120;119;115;114;114;113;108;104;102;96;91;86;82;79;77;78;81;84;85;88;91;91;91;92;94;97;97;97;97;97;100;103;108;112;117;124;134;141;147;154;161;166;168;170;171;174;178;184;190;191;191;189;190;193;197;198;196;191;183;176;165;153;141;130;118;108;97;89;83;79;79;78;77;78;78;77;76;71;68;65;62;54;45;35;27;22;18;17;16;16;16;17;19;19;17;16;16;15;14;13;13;13;14;14;14;13;13;0;0;0;13;0;0;0;0;13;13;14;13;13;0;0;13;0;0;13;14;13;0;13;13;0;0;13;13;0;0;0
0;0;0;0;0;0;0;0;13;0;13;0;0;13;0;0;0;0;0;0;0;13;13;0;0;13;14;13;13;0;13;13;13;0;14;15;14;16;16;17;16;18;21;22;24;26;27;28;30;33;36;40;46;51;52;56;58;60;61;59;56;53;51;53;53;57;60;62;61;61;61;62;65;67;66;71;75;78;83;87;91;99;104;108;115;124;130;133;130;129;127;122;121;117;114;112;111;109;110;105;100;99;92;87;84;78;76;73;77;79;81;82;86;88;88;89;89;92;94;94;94;94;95;97;99;103;109;115;119;127;137;145;152;158;162;161;161;164;168;173;179;183;185;190;185;188;192;195;190;190;188;177;170;162;149;136;126;117;106;96;87;83;80;78;78;76;76;76;75;73;72;68;67;61;54;45;36;29;23;20;17;16;16;17;17;18;18;17;16;16;15;14;0;13;14;15;15;14;14;0;0;0;13;13;13;0;13;13;13;13;13;13;0;0;0;13;0;0;13;14;14;13;0;0;0;13;14;0;0;0;0
0;0;0;0;0;13;0;0;0;0;13;0;0;0;0;0;0;0;0;0;0;0;0;13;13;13;14;13;13;13;13;0;0;0;14;15;15;16;16;17;18;19;20;22;24;26;27;28;30;32;35;39;44;47;49;53;55;57;59;61;57;53;50;51;51;54;58;60;59;60;59;58;60;63;64;69;72;78;84;87;91;94;99;106;113;120;125;126;126;125;124;120;119;112;110;108;107;106;105;104;100;96;92;85;81;76;72;72;74;74;76;80;83;84;85;88;88;91;90;90;91;91;91;94;96;100;106;110;117;125;136;142;149;155;155;157;159;165;166;170;176;179;180;182;179;182;185;196;188;186;183;174;167;158;142;133;124;112;107;96;87;83;79;77;78;77;75;75;75;73;72;70;67;61;54;45;36;29;24;20;17;15;15;16;17;18;18;17;15;16;15;13;14;13;14;15;14;14;13;0;13;13;0;0;0;13;13;13;0;13;14;14;13;0;0;0;0;0;14;13;14;13;0;13;0;13;14;13;13;0;0
0;0;0;0;0;0;0;0;13;0;0;13;0;0;0;0;0;0;0;0;0;0;13;13;13;13;13;13;14;14;13;14;0;13;14;15;15;16;16;18;18;18;19;21;23;25;27;29;30;33;36;39;43;46;48;50;53;56;60;60;58;55;51;51;51;51;54;56;55;56;56;56;59;61;63;68;68;75;82;85;91;93;97;101;110;118;123;124;126;124;120;115;115;112;108;104;103;103;100;99;96;92;90;82;77;73;71;69;70;72;74;77;78;83;84;87;87;89;88;90;89;88;87;90;93;97;102;109;115;122;130;138;145;149;150;153;155;158;161;166;172;172;172;173;176;179;182;184;183;182;176;169;160;153;139;129;123;113;106;94;85;81;78;76;74;75;73;75;75;74;73;70;67;63;54;45;36;30;24;18;17;16;16;15;17;18;18;16;15;15;14;14;13;0;14;15;14;14;13;13;13;13;0;0;13;13;0;13;0;0;14;13;13;0;13;0;0;0;0;0;13;13;0;0;13;13;14;14;13;0;0
0;0;13;13;0;0;0;0;0;0;0;0;0;13;13;13;0;0;0;13;0;0;0;0;13;13;13;13;14;13;13;13;0;14;14;14;15;15;16;17;17;18;19;21;23;25;27;28;30;33;34;38;43;47;47;49;51;54;57;57;55;53;50;50;49;50;52;52;52;52;52;54;55;58;61;64;67;73;77;82;87;91;96;101;106;112;118;120;121;119;115;112;111;108;106;100;98;95;95;94;92;92;87;80;75;69;67;66;66;68;70;72;77;81;83;84;85;86;86;88;87;86;85;88;90;95;99;105;111;119;126;132;142;144;146;148;152;154;157;161;167;168;167;167;171;173;182;180;179;179;169;161;156;143;132;124;119;111;104;95;86;80;78;73;71;72;73;76;74;74;71;69;66;62;53;44;35;29;23;18;17;16;15;16;17;17;17;16;16;14;14;14;13;0;14;15;14;14;13;0;0;0;0;0;0;13;13;13;13;0;0;13;13;13;0;0;13;13;0;13;14;14;0;0;0;13;0;0;0;13;0
13;13;0;0;0;0;0;0;0;0;0;0;13;13;0;0;0;0;0;0;0;0;0;13;13;0;13;13;14;14;14;13;0;13;13;14;16;15;16;17;18;17;18;21;24;25;26;28;30;32;35;37;42;44;46;47;48;51;55;55;54;52;49;46;47;49;49;50;51;51;50;52;52;55;59;59;63;69;75;80;86;89;93;99;106;109;113;117;117;115;110;109;106;104;102;98;96;94;93;91;91;87;84;79;74;68;64;63;62;66;67;70;74;76;78;80;82;84;85;86;84;84;84;89;90;94;98;102;110;116;122;128;134;137;140;144;147;150;152;157;162;163;163;162;168;169;175;176;177;170;160;153;148;140;128;122;115;107;100;93;85;76;76;72;74;70;71;73;70;70;69;70;66;62;55;43;35;27;21;18;17;17;16;15;15;17;17;17;16;15;14;14;0;13;13;14;14;14;13;13;0;0;0;0;0;13;13;13;13;13;13;13;13;13;0;0;0;13;13;14;14;13;13;0;0;13;14;13;13;0;13
13;0;0;0;0;0;0;13;0;0;0;13;0;0;0;0;13;13;0;0;0;0;0;0;13;13;13;13;14;14;13;0;0;13;14;14;15;15;15;17;18;17;18;21;24;25;27;27;29;31;34;38;42;43;45;45;48;50;52;53;52;50;47;46;47;45;47;48;49;49;48;48;51;51;54;57;61;66;72;79;83;87;91;98;103;105;107;111;111;112;109;106;103;98;97;94;93;91;90;89;88;84;79;77;70;64;62;57;57;60;63;66;69;74;77;79;83;83;83;83;83;84;84;87;91;94;99;102;109;114;119;124;128;130;136;140;144;144;147;153;159;161;160;160;161;162;169;171;169;162;154;149;143;137;128;117;111;105;97;91;83;78;75;71;70;70;70;74;73;69;68;66;66;61;53;43;34;26;21;18;17;17;16;15;15;16;17;17;16;15;14;14;14;13;13;14;15;13;13;13;0;13;0;0;13;13;13;13;0;13;13;0;0;13;0;13;13;13;13;13;14;0;0;0;0;0;13;13;14;13;0
0;13;0;0;0;0;0;0;0;0;13;0;0;13;0;0;0;0;13;0;0;13;0;0;13;14;14;13;13;14;13;0;13;13;13;14;14;15;17;17;18;17;18;20;23;26;28;27;28;30;33;38;43;44;45;46;47;49;50;50;50;48;47;45;45;45;46;46;47;47;47;48;49;49;52;54;59;63;69;74;80;87;89;94;97;100;104;107;108;109;106;102;99;97;95;92;90;90;87;87;85;81;80;74;67;64;59;55;55;56;59;62;66;71;76;79;80;80;82;79;80;80;82;83;86;92;97;102;107;113;117;121;124;127;130;132;138;142;145;150;153;154;156;156;157;158;166;166;163;156;149;145;143;134;126;119;107;101;96;90;85;78;72;71;69;69;67;70;71;70;68;65;64;59;52;43;35;27;21;17;18;17;16;15;15;16;16;15;15;14;14;14;14;0;13;14;14;14;13;13;13;0;0;0;0;13;14;0;13;13;0;0;0;0;0;13;13;0;0;0;13;0;13;0;0;13;13;13;13;13;0
0;0;0;0;0;0;0;0;0;0;0;0;13;13;0;0;13;0;0;13;13;0;0;13;13;13;14;13;13;13;13;0;13;13;14;14;15;15;17;17;17;18;19;20;23;26;27;28;28;30;34;38;43;46;45;46;47;46;48;49;48;46;46;45;42;43;44;45;47;47;46;46;47;47;48;51;56;62;68;73;79;83;86;90;94;99;104;106;106;107;103;102;98;97;92;92;89;89;85;86;85;82;78;72;68;62;57;53;52;53;55;59;62;66;70;76;77;76;78;78;79;78;80;81;85;91;95;101;106;106;112;115;119;125;126;128;134;139;142;148;149;148;151;150;153;159;161;160;157;149;144;142;138;133;125;114;105;98;94;90;83;76;73;69;67;67;66;69;71;71;69;65;61;57;49;43;35;28;22;18;17;17;16;14;14;16;16;16;16;14;14;14;13;13;14;13;13;13;14;13;0;0;0;13;13;13;13;13;14;13;13;13;13;0;0;0;0;13;13;13;13;0;13;13;0;0;13;13;13;13;0
0;0;0;13;0;0;0;0;0;0;13;0;0;0;0;0;13;14;0;0;13;0;0;13;13;14;14;13;0;0;13;13;13;14;14;13;14;14;16;17;18;17;18;20;23;25;27;27;28;29;33;38;41;44;45;46;44;44;44;47;46;46;46;44;43;43;44;45;46;47;46;46;47;46;46;48;53;59;66;72;76;79;82;87;92;97;102;104;105;106;104;101;98;96;92;90;87;88;85;85;81;80;76;70;67;61;55;53;51;51;55;57;60;65;69;73;77;74;75;76;74;76;78;80;80;87;94;99;102;105;111;111;115;120;120;124;129;132;137;142;142;147;148;147;153;156;157;155;150;145;142;139;135;129;120;113;105;97;91;88;83;74;72;68;65;65;65;69;71;71;70;66;60;55;49;43;36;28;20;17;17;16;16;15;15;17;16;16;15;15;15;14;13;13;0;0;13;13;13;13;13;13;0;13;0;13;13;14;14;13;13;0;0;13;0;13;0;13;13;0;13;13;13;0;13;13;13;13;0;0;0
0;0;0;0;0;0;0;0;0;0;0;0;0;0;0;13;0;0;0;0;0;0;0;13;13;13;13;13;13;0;13;0;0;13;13;13;13;14;15;16;18;17;18;20;22;24;26;27;28;30;33;38;40;43;45;46;44;44;45;45;45;46;44;43;42;42;44;45;46;45;45;44;46;45;44;46;50;56;64;70;74;76;80;84;91;97;101;104;105;104;105;101;100;95;90;88;87;86;84;84;81;81;76;70;66;60;55;53;52;53;54;57;60;63;67;70;71;72;72;72;73;73;75;77;79;83;89;93;98;104;107;110;112;115;118;121;123;129;134;139;141;145;145;149;150;152;151;151;147;144;138;136;132;125;118;110;105;97;91;85;79;73;69;66;62;61;64;69;70;72;72;67;61;53;47;42;35;28;21;17;17;17;16;17;15;16;16;16;16;15;15;14;14;14;13;13;14;14;14;14;13;13;13;13;0;13;13;14;13;13;0;0;0;13;13;13;0;13;0;0;13;13;13;0;13;13;13;0;0;0;0
0;0;0;0;0;0;0;0;0;13;0;0;13;0;13;14;0;13;13;0;0;0;0;13;0;0;0;13;13;13;13;0;0;0;14;14;13;14;14;15;17;17;19;21;23;25;26;27;29;32;33;37;41;45;47;46;43;42;43;44;44;44;43;43;41;41;42;45;46;44;43;42;43;43;44;47;52;56;63;68;72;75;78;82;86;95;99;102;104;103;102;99;97;93;89;87;86;84;83;83;80;76;74;69;67;62;56;53;52;53;53;55;59;62;66;68;68;69;69;67;69;69;70;75;78;80;85;90;96;102;104;107;111;112;115;119;118;125;128;138;140;144;144;147;148;150;149;148;144;142;137;135;131;125;117;109;102;96;90;85;77;71;66;64;62;62;64;68;69;71;69;66;60;53;45;41;33;26;20;17;18;17;16;15;15;15;16;16;16;14;14;13;13;14;14;14;14;14;14;14;14;13;0;13;0;13;13;13;0;13;13;0;0;0;13;13;0;0;0;13;13;0;0;0;0;0;13;0;0;0;0
0;13;13;13;0;0;0;0;0;0;0;0;0;13;14;13;13;13;13;13;0;0;0;0;0;13;14;13;13;0;0;0;0;14;14;14;14;14;15;17;18;18;19;20;21;24;26;27;29;32;33;36;41;43;45;45;43;43;43;43;43;43;42;42;40;40;41;43;44;42;43;42;42;43;45;48;51;54;60;66;70;73;76;80;86;95;99;101;99;99;97;96;93;92;88;86;86;83;83;80;79;76;71;68;65;61;57;53;52;52;54;57;58;61;64;67;66;67;67;66;67;67;68;69;74;78;85;90;94;98;99;105;109;113;114;116;117;122;126;132;136;144;144;146;150;146;146;145;141;139;136;136;130;122;113;107;100;96;90;83;75;66;66;64;60;61;63;66;70;70;68;66;59;52;45;40;33;27;20;18;17;17;16;15;14;14;16;17;16;15;14;13;0;13;13;13;13;13;14;0;13;0;13;0;0;0;0;13;0;14;13;13;0;0;0;0;0;0;0;13;13;0;0;0;0;0;13;13;0;13;0
0;0;0;0;0;0;0;13;0;0;13;0;0;0;13;13;13;13;13;0;0;0;0;0;13;13;13;13;0;13;13;0;13;14;14;14;14;14;15;16;17;19;19;20;21;24;26;27;30;31;32;35;39;43;45;46;44;43;41;42;44;46;44;42;39;40;41;42;44;45;44;42;43;43;44;48;51;54;60;64;69;72;76;80;84;89;94;97;96;95;93;93;91;87;87;86;86;82;82;80;79;76;72;69;65;61;59;55;53;52;54;56;57;58;62;65;65;65;65;64;65;65;66;68;72;76;80;86;89;93;99;104;107;110;111;114;115;119;125;130;133;137;139;140;141;141;142;142;139;138;138;133;128;121;113;105;98;94;89;81;73;67;62;60;61;60;61;64;68;68;66;63;56;51;45;39;32;27;21;17;16;16;16;16;15;15;15;16;16;15;14;13;13;13;13;13;13;13;13;13;13;0;13;0;0;0;0;0;13;13;0;0;0;13;0;0;0;0;13;13;13;0;0;0;0;0;13;13;0;0;13
13;0;0;0;0;0;13;0;0;0;0;13;0;0;13;13;0;0;0;13;0;0;0;0;13;13;13;13;13;13;13;0;13;13;14;14;14;14;14;16;17;18;19;19;22;23;25;27;30;31;32;35;39;44;46;47;45;42;42;43;43;45;44;44;39;39;40;41;44;45;44;42;42;44;43;47;51;55;61;65;68;70;73;78;83;86;90;93;96;94;93;92;89;87;85;83;83;82;81;79;77;74;72;69;66;61;57;52;52;52;52;54;56;58;60;64;63;64;65;65;64;64;64;67;71;76;79;82;82;88;94;100;107;109;111;110;116;118;124;129;131;136;140;141;141;141;139;140;138;137;134;129;128;121;113;104;96;92;86;78;69;64;60;62;60;58;59;64;69;68;64;61;55;50;43;37;34;26;20;17;18;17;16;15;15;15;14;16;15;15;14;14;13;13;0;13;13;13;13;13;0;0;0;0;13;0;0;13;13;13;0;0;0;13;13;0;0;0;0;13;13;13;13;0;0;0;0;0;0;0;0
13;0;0;0;0;0;0;0;0;0;13;13;0;13;13;0;0;13;0;0;0;0;0;0;13;13;0;13;13;13;13;13;13;13;14;15;15;14;15;16;17;18;19;20;22;23;26;27;30;32;32;36;40;45;46;47;45;44;41;42;44;46;43;41;40;39;40;43;44;44;43;43;41;43;43;46;51;55;60;64;67;71;73;78;84;85;88;92;91;91;92;89;86;85;82;81;81;82;78;78;76;73;72;67;64;60;56;53;51;52;52;54;55;56;57;59;61;62;62;62;61;63;64;65;68;72;78;80;84;87;90;97;102;105;107;110;113;115;121;126;127;137;140;142;140;140;141;141;138;137;136;129;124;119;113;104;95;90;80;73;65;62;60;61;59;56;59;64;68;66;63;59;53;49;43;38;32;25;19;17;17;15;15;15;15;15;15;16;15;15;14;14;13;13;13;13;13;13;14;14;13;0;0;0;13;0;0;13;0;0;0;0;0;0;13;14;14;0;0;0;13;0;0;0;13;0;0;0;13;13;0
13;0;0;0;13;0;0;13;0;0;0;0;13;13;13;13;0;13;0;0;0;0;0;0;13;13;13;13;13;13;13;14;13;13;15;16;15;15;17;16;17;17;20;20;21;22;25;27;28;30;32;36;40;44;47;47;44;42;41;41;42;43;43;42;40;38;41;42;42;44;43;42;41;42;43;47;49;55;60;65;66;70;72;77;82;83;85;87;87;87;88;86;86;85;82;79;79;79;77;75;73;71;69;66;64;60;58;55;52;52;51;53;54;55;57;58;61;61;61;60;62;62;63;64;67;69;72;76;82;86;91;96;100;103;106;107;110;112;119;124;126;133;137;138;139;137;139;139;137;136;135;129;122;117;108;100;91;85;79;71;65;60;60;60;57;57;59;62;65;65;62;57;52;48;43;36;31;25;19;17;17;17;16;16;15;15;15;15;15;15;14;0;13;13;13;13;13;13;13;13;13;13;13;0;0;13;13;13;0;13;13;13;0;13;13;13;0;0;0;13;13;0;0;0;13;0;0;0;0;0;0
0;0;0;13;0;0;0;0;0;0;0;0;13;0;0;0;13;13;0;0;0;0;13;13;13;13;13;14;14;0;0;13;13;13;14;15;15;16;15;17;18;18;20;20;20;21;24;26;29;31;32;37;41;45;49;47;44;41;40;41;42;43;44;42;40;40;42;43;45;42;42;42;41;41;42;46;50;54;60;63;66;70;73;75;80;82;83;83;85;85;86;84;83;84;82;79;79;78;77;75;72;71;70;65;64;60;57;55;53;52;53;52;55;57;59;57;59;61;62;61;61;61;62;63;66;69;71;76;80;85;91;96;99;103;106;103;107;109;114;121;127;132;136;136;137;136;137;139;138;133;130;124;120;113;106;98;90;83;76;69;64;61;59;59;57;56;59;61;63;66;61;57;52;48;41;35;30;26;20;17;17;17;16;16;14;14;14;15;15;14;0;13;13;13;13;13;0;13;13;0;0;0;13;13;13;0;0;13;0;13;0;13;0;13;0;0;0;0;13;13;0;0;0;0;13;0;0;0;0;0;0
0;0;0;0;0;13;0;0;0;0;0;0;0;0;0;0;13;0;0;0;0;0;13;0;13;13;13;13;13;0;0;0;13;14;15;15;16;16;16;16;17;18;20;20;20;21;23;25;29;31;33;37;41;46;47;47;45;41;40;41;42;44;44;43;42;41;42;44;44;43;42;42;40;40;42;46;50;54;59;62;65;68;72;75;77;80;81;83;82;83;84;84;83;83;80;81;80;80;79;77;74;71;70;65;64;59;57;56;54;55;55;54;57;57;57;60;60;61;61;61;61;62;60;61;64;67;69;75;79;84;90;96;101;102;105;105;105;107;113;121;125;129;135;136;138;138;137;138;137;135;128;121;117;109;104;96;89;81;74;67;63;61;58;57;56;56;58;60;62;61;58;55;51;46;40;34;30;25;20;18;16;17;16;16;15;14;15;16;16;15;14;14;13;13;13;13;13;14;15;13;13;13;0;13;0;0;0;13;13;0;0;13;0;13;13;13;13;0;13;0;0;13;0;0;13;0;13;13;0;0;0
0;0;0;0;0;13;0;0;13;13;0;13;0;0;0;0;0;0;0;0;0;0;0;13;13;13;13;0;13;0;0;0;0;14;15;14;16;17;16;16;18;19;19;20;21;20;24;25;29;32;34;37;41;46;48;49;46;42;40;41;42;43;44;43;42;41;42;42;42;44;43;42;41;40;41;45;49;54;59;62;66;69;73;76;79;80;80;82;84;84;82;81;80;82;83;81;81;83;80;78;75;72;70;65;65;61;57;59;56;55;54;54;55;58;58;59;59;60;60;60;58;59;59;60;63;65;69;72;77;83;88;95;101;103;102;104;103;108;111;116;120;125;130;131;135;137;138;140;137;132;125;120;114;107;103;97;90;80;72;65;60;57;56;55;55;54;56;58;58;60;58;55;52;46;39;33;29;25;22;18;16;16;16;15;15;15;15;16;16;15;14;14;13;13;13;14;14;15;14;13;13;0;13;0;0;13;0;0;0;0;0;0;0;0;13;0;0;0;13;13;0;13;0;0;0;0;0;13;13;13;0
13;13;0;0;13;13;0;0;0;13;0;0;0;0;0;0;0;13;0;0;0;13;13;13;14;13;13;13;13;0;0;0;0;13;13;14;16;16;17;17;18;20;20;20;20;21;23;25;28;32;35;39;42;47;49;47;45;43;41;39;42;44;42;43;41;43;42;42;42;43;43;42;40;41;42;45;48;53;58;62;66;69;71;74;78;77;78;79;81;80;82;80;79;80;82;81;82;85;82;80;76;72;68;66;64;60;58;57;54;54;55;54;54;56;59;59;60;60;60;60;60;59;59;58;59;62;67;70;75;80;88;95;99;102;103;105;105;107;107;112;117;121;126;129;134;138;138;138;136;128;120;113;108;103;99;93;88;79;70;63;58;57;57;57;56;54;54;55;56;59;57;55;52;45;39;33;27;23;21;20;17;16;14;14;15;15;15;15;16;15;14;14;13;13;13;13;14;14;14;13;0;0;13;0;0;0;0;0;0;0;0;13;13;0;13;13;0;0;0;13;13;13;0;0;0;0;0;13;0;0;0
13;0;0;13;0;0;13;0;13;13;0;0;13;13;0;0;13;0;0;0;0;0;14;0;13;13;14;14;14;0;0;0;0;13;13;15;16;16;18;18;18;19;20;19;20;21;23;25;29;32;34;39;43;47;50;50;46;43;41;40;40;43;43;43;42;41;41;44;43;43;43;41;41;42;42;44;48;53;57;61;64;69;74;77;79;78;78;79;80;81;82;78;79;80;79;81;83;83;82;81;77;74;68;66;66;59;57;56;53;53;54;54;54;56;59;60;61;62;63;59;59;60;60;57;57;60;65;70;75;80;88;95;99;100;102;105;104;106;107;110;114;117;122;128;132;134;137;139;135;125;116;110;105;101;95;89;85;78;71;64;59;56;56;58;56;53;54;54;55;57;55;54;51;47;39;33;27;23;21;19;17;16;15;15;15;15;15;15;15;15;14;14;13;0;0;13;14;14;14;13;13;13;13;0;0;13;13;13;0;0;0;0;13;0;0;13;13;0;13;13;0;13;0;13;0;0;0;13;13;0;0
13;0;13;0;0;0;13;0;0;0;0;0;0;13;0;0;0;0;0;0;0;0;0;0;13;14;14;14;14;0;0;13;13;13;13;15;16;16;18;18;19;19;20;20;20;21;23;25;29;33;35;39;42;45;50;51;47;42;41;41;42;44;44;43;41;40;40;41;42;43;43;43;42;42;42;45;49;51;56;62;65;69;75;78;80;79;79;79;81;81;82;80;78;78;78;78;82;82;82;81;77;73;68;66;64;62;58;55;54;54;54;54;55;57;60;60;61;63;62;61;58;58;58;56;58;59;62;68;73;79;84;91;95;102;101;104;105;106;108;110;112;117;119;123;129;131;134;138;129;123;115;111;106;99;92;87;83;77;71;65;60;56;55;55;55;52;52;53;55;56;55;56;51;46;38;33;28;25;21;19;17;15;15;16;16;15;15;14;14;15;15;14;0;0;0;0;14;14;13;13;13;0;0;0;0;13;0;13;0;0;0;13;0;0;0;0;13;0;13;0;0;0;0;0;0;0;0;0;0;0;0
0;0;0;0;13;0;0;0;0;0;0;13;0;0;0;0;13;0;13;0;0;13;13;13;13;14;14;14;13;13;13;13;13;13;13;15;16;16;16;18;18;20;21;20;20;21;22;25;30;33;35;39;43;47;51;51;49;45;42;40;42;43;41;43;41;39;40;41;42;44;44;43;44;42;43;46;48;53;58;61;66;70;75;78;80;80;81;80;80;81;78;78;78;76;77;78;80;80;81;80;77;75;71;64;62;61;59;57;55;54;57;56;57;58;61;62;65;63;63;62;60;59;59;57;58;60;64;67;72;78;82;87;92;98;103;104;104;104;106;108;111;115;117;120;123;128;130;133;126;123;117;110;105;97;91;85;82;76;71;65;59;55;55;54;54;53;52;51;53;55;54;54;52;46;39;31;27;25;21;18;16;15;15;16;15;15;15;14;15;15;15;15;13;0;0;0;13;13;14;13;13;13;0;0;0;0;0;13;0;0;0;13;13;13;13;13;13;0;13;0;0;0;0;0;0;0;13;13;13;0;0
0;0;0;0;0;13;13;0;0;0;0;0;0;0;0;0;13;0;0;0;0;0;0;0;13;13;14;14;13;13;13;0;13;13;0;14;15;16;17;17;17;19;20;20;20;22;23;25;30;33;34;39;43;48;52;53;51;46;42;40;41;43;43;43;41;40;41;43;41;44;46;44;43;43;44;45;48;52;55;60;65;68;73;76;78;82;81;81;80;79;78;78;76;74;73;77;78;80;78;77;77;75;71;65;61;60;58;57;55;55;55;54;55;57;60;61;64;64;63;63;62;61;61;60;61;61;65;68;71;75;81;88;93;96;101;105;105;106;107;107;111;113;114;117;120;123;126;127;122;120;116;110;104;97;91;86;81;77;71;67;59;54;52;52;53;53;51;51;52;51;53;53;52;46;39;32;27;24;22;19;18;16;15;15;16;16;15;16;16;16;14;14;13;0;0;0;13;14;14;13;13;0;0;13;0;0;0;13;13;13;0;0;13;13;13;0;0;0;13;0;13;13;0;0;13;0;13;0;0;0;0
0;0;0;13;13;13;0;0;0;0;0;13;13;0;0;0;13;0;0;0;0;0;0;0;13;13;14;13;13;0;13;0;0;14;13;14;15;17;17;17;18;18;19;20;21;22;23;26;30;33;33;38;43;49;51;53;51;49;43;42;42;42;42;42;41;40;40;42;42;44;45;46;44;45;43;46;49;51;54;59;63;71;74;76;78;81;81;80;81;79;79;77;75;73;73;72;75;77;77;75;76;75;72;67;65;62;58;56;53;52;51;52;52;54;59;60;62;63;64;63;63;61;61;61;61;62;65;68;71;76;81;87;91;95;100;105;107;109;112;112;112;112;114;117;118;121;124;124;119;115;115;110;105;97;92;88;84;79;71;67;61;55;52;52;53;52;52;54;52;51;52;51;51;46;39;32;27;24;22;19;17;15;13;14;16;16;16;15;15;14;14;13;13;0;0;13;13;14;13;13;13;13;0;0;0;0;0;0;13;13;0;0;0;0;13;0;0;0;0;0;13;13;0;13;13;13;0;0;0;0;0
0;0;0;0;0;0;0;0;0;0;0;0;0;0;0;0;0;0;0;0;13;0;0;0;0;13;14;14;13;0;0;13;0;13;14;13;16;16;17;17;17;18;19;19;21;21;23;26;29;33;35;39;44;47;50;52;50;47;44;44;43;42;41;41;42;42;38;42;42;44;45;45;44;46;45;47;50;52;56;60;63;69;74;79;79;80;81;80;80;80;78;78;76;74;73;73;75;75;75;75;75;74;71;68;66;63;59;56;53;50;49;51;52;54;55;57;61;59;62;63;61;61;61;62;61;61;62;66;72;76;81;85;90;97;102;105;107;106;109;111;112;112;113;115;118;120;122;122;119;115;114;112;103;95;90;88;84;78;74;68;62;56;52;51;50;51;50;51;52;52;52;51;51;47;40;32;26;23;22;19;17;15;14;15;16;17;16;15;14;15;14;13;0;0;13;13;13;14;13;13;13;13;0;0;0;0;13;0;0;0;0;0;0;0;13;13;13;13;13;0;0;13;0;0;0;0;0;13;13;13;0
13;13;13;13;13;13;13;13;13;13;0;0;0;0;0;0;0;0;0;0;0;13;13;0;0;13;14;13;0;0;0;13;0;13;13;15;16;15;17;17;17;18;19;19;21;22;23;26;30;33;35;39;40;45;49;52;51;48;46;44;43;43;43;42;43;43;40;43;42;44;46;45;46;45;44;45;48;52;55;59;63;69;73;78;79;79;81;80;80;81;79;79;77;72;72;72;73;73;73;74;75;74;71;68;66;64;60;57;53;50;51;50;51;53;54;56;58;61;60;60;61;61;61;62;62;63;64;66;71;73;79;85;88;95;99;102;107;108;107;110;109;110;113;116;119;120;121;120;118;116;113;110;104;95;89;83;81;77;72;67;61;55;51;53;49;49;48;50;52;51;50;51;49;45;40;32;25;23;21;19;17;15;14;15;15;16;16;16;15;15;15;14;13;0;14;13;13;14;13;13;13;0;13;0;0;0;13;13;0;13;13;0;0;0;13;0;0;0;0;0;13;0;0;0;0;0;13;14;0;0;0
0;0;0;0;0;0;13;0;0;0;0;0;0;0;0;13;0;0;0;0;0;0;0;0;0;0;14;13;13;13;0;13;13;13;14;14;16;16;16;16;15;18;18;19;20;21;23;27;32;34;35;38;40;45;51;52;51;49;46;45;45;44;44;45;43;42;41;41;43;44;44;47;46;45;45;46;49;52;56;60;64;69;72;76;78;79;78;77;80;82;81;77;77;74;74;72;72;72;70;71;73;74;70;68;66;64;59;56;52;49;50;51;50;52;54;55;57;60;59;62;61;60;61;62;61;63;65;67;71;75;79;85;88;94;97;101;106;109;108;108;108;109;109;115;118;120;121;120;119;115;113;109;101;94;89;83;79;76;70;66;59;55;52;52;49;49;48;49;52;51;53;51;49;46;39;31;26;23;20;18;17;16;14;14;15;16;15;15;14;15;15;14;13;13;13;13;13;14;0;13;13;13;13;0;0;0;0;13;0;0;0;0;0;13;13;0;0;0;0;0;0;0;0;0;0;13;13;0;0;0;13
0;0;13;13;0;13;13;0;0;13;0;0;13;13;13;0;13;0;0;13;0;0;0;0;0;0;13;14;13;0;13;13;13;13;14;14;15;16;16;16;17;18;19;19;20;21;24;28;33;35;36;38;41;46;48;51;51;49;44;43;42;44;43;46;44;40;40;40;41;42;44;45;45;44;46;48;49;54;58;61;66;70;72;76;77;76;74;77;80;81;81;79;78;76;73;72;70;70;70;68;70;72;72;69;68;64;58;55;51;49;49;50;50;51;54;55;57;59;61;63;62;62;62;62;62;64;66;69;71;74;75;81;86;92;96;100;105;109;109;109;109;110;111;114;116;119;120;120;120;116;113;109;102;95;87;84;80;76;72;65;58;53;51;51;51;48;49;49;47;49;49;47;47;44;39;31;26;22;20;18;17;15;15;14;16;17;15;15;15;14;14;15;14;13;0;0;0;13;14;13;13;13;13;13;13;13;0;13;13;0;0;0;0;0;0;0;0;13;13;13;0;0;0;0;0;13;13;0;0;0;0
13;0;0;0;0;0;0;0;0;0;0;0;0;0;0;0;13;13;13;0;0;13;0;0;0;13;13;13;13;13;13;14;14;13;14;16;16;17;17;16;16;17;19;19;19;21;25;28;34;37;39;41;40;44;47;51;50;47;44;42;42;43;45;45;43;41;40;39;39;42;43;44;42;42;44;46;49;54;59;64;68;72;74;75;76;75;75;76;79;82;82;79;77;78;74;74;71;69;70;68;68;70;69;68;68;65;59;56;52;49;49;49;50;52;53;54;57;61;59;60;61;61;60;61;63;64;67;69;72;74;77;81;86;91;93;98;103;107;109;110;111;111;112;115;120;119;119;119;119;115;114;107;104;97;88;82;79;76;72;65;58;52;52;50;49;49;49;48;48;49;48;47;47;45;40;32;27;23;20;17;17;15;14;14;16;17;16;16;16;14;13;14;14;13;0;13;13;14;14;13;13;0;0;13;13;13;13;14;13;0;0;0;0;0;0;0;13;14;0;0;0;13;0;0;13;0;13;13;0;0;0
0;0;0;0;0;0;0;0;0;0;0;0;0;13;0;13;13;13;13;0;0;13;0;13;0;0;0;0;0;0;13;13;13;13;14;14;15;16;16;16;15;17;18;19;20;22;25;29;33;37;39;40;40;43;48;49;48;45;43;42;42;44;44;44;43;42;39;36;38;40;42;43;43;44;44;45;50;56;60;64;66;72;76;78;76;76;75;77;79;81;82;79;80;78;73;73;71;68;69;68;69;71;69;67;66;64;60;57;53;49;48;47;48;50;51;54;55;58;57;61;61;61;62;62;64;67;66;69;71;74;77;80;83;87;91;95;103;107;110;110;112;113;114;117;118;118;118;119;119;116;113;108;102;93;89;83;79;75;71;66;57;52;50;48;48;48;47;46;46;46;48;49;49;44;40;33;27;23;20;17;17;15;14;15;15;16;16;15;15;14;15;14;13;0;0;13;13;0;13;13;13;13;13;13;0;0;13;14;13;0;13;0;0;0;0;0;13;13;0;0;0;0;13;13;0;0;13;0;0;0;0
13;13;13;0;0;0;0;0;0;0;0;0;0;13;0;13;0;13;13;13;0;13;0;13;0;0;13;0;0;13;13;13;13;14;14;14;16;16;16;16;17;17;18;20;20;21;25;29;34;38;39;39;40;43;46;48;47;45;43;42;42;44;44;44;44;42;39;39;39;39;40;42;43;43;43;46;50;55;60;65;69;75;77;78;78;76;75;78;79;80;82;83;81;78;74;73;71;69;69;68;68;68;67;67;65;65;62;58;54;50;48;46;46;47;48;52;53;56;59;60;60;60;63;63;65;65;68;69;72;73;75;77;80;81;87;94;102;106;109;111;112;113;115;116;115;117;119;119;117;114;110;109;102;94;91;84;77;74;70;64;57;53;49;47;46;47;48;46;46;48;48;48;47;43;38;32;27;23;19;17;17;15;14;16;16;15;16;16;15;15;14;14;13;13;0;13;0;0;14;14;14;14;13;13;0;0;0;13;0;0;0;0;0;0;0;0;13;14;13;13;0;13;13;0;0;0;0;13;0;0;0
13;0;0;0;0;0;0;0;13;0;0;0;0;0;13;0;0;13;0;0;0;13;13;0;0;0;13;13;13;13;13;0;14;14;14;15;16;16;15;16;16;17;19;19;20;21;24;28;33;38;39;40;42;45;47;46;47;45;43;40;41;42;43;43;43;41;39;39;39;39;41;42;42;40;42;45;50;53;59;66;72;76;78;78;77;76;78;78;79;79;81;83;81;78;75;73;70;69;69;69;67;67;67;67;65;64;63;57;53;51;47;46;45;47;48;50;51;57;58;59;61;61;63;64;66;66;68;69;70;72;74;75;78;81;85;93;100;103;108;111;113;114;114;113;111;113;115;115;115;112;109;106;102;95;89;82;75;72;68;64;58;52;47;45;43;46;47;46;45;47;48;48;46;42;37;30;26;23;20;17;17;16;15;16;15;15;15;16;15;15;14;13;13;13;0;0;13;0;0;0;13;13;0;0;0;0;0;13;0;0;0;0;0;13;0;0;13;13;0;13;13;13;0;0;13;13;13;13;0;0;0
13;0;0;0;0;0;0;0;13;0;0;0;0;0;13;0;0;13;0;0;0;0;13;0;13;13;13;13;0;0;0;13;13;13;13;15;15;16;17;16;16;17;18;19;20;21;25;28;33;36;38;40;42;45;47;48;47;44;42;40;41;40;42;43;43;41;38;38;37;39;40;40;40;40;41;43;47;51;59;65;72;74;77;78;78;76;77;77;79;81;83;84;83;80;76;73;72;71;69;68;67;66;66;66;65;63;60;57;53;51;49;47;44;46;49;49;53;56;57;60;62;63;62;65;66;67;68;70;71;74;75;76;77;78;83;94;99;102;107;113;114;114;113;112;111;113;113;113;112;111;109;106;104;95;87;81;75;70;65;63;57;51;46;44;43;43;43;45;46;48;50;47;44;41;36;30;25;23;21;19;18;16;14;14;16;15;15;15;14;14;15;13;13;0;13;0;0;0;13;13;13;13;0;0;0;0;13;13;0;0;0;13;0;0;13;0;0;13;0;0;0;0;0;0;13;13;13;13;0;0;13
13;0;0;0;0;0;0;0;13;0;0;0;0;0;0;0;0;0;0;13;0;0;13;0;0;13;13;13;0;0;13;13;13;13;13;14;15;16;17;17;18;17;18;18;20;21;24;28;32;36;39;41;43;45;46;47;46;44;42;40;39;39;41;42;42;41;39;37;38;39;39;42;40;40;41;42;46;50;56;64;72;75;80;80;79;80;78;77;84;84;85;84;84;80;76;74;73;72;72;69;68;68;66;66;66;64;60;57;54;52;50;47;44;45;47;47;52;55;57;59;62;63;64;66;66;68;67;70;73;72;73;73;76;77;80;86;94;100;107;111;116;116;113;113;111;111;111;110;109;110;108;105;102;96;88;83;74;69;64;61;57;52;46;41;41;42;44;44;45;48;48;46;43;41;36;30;26;23;20;18;17;16;14;14;15;15;15;15;15;15;14;14;13;13;13;0;13;13;14;13;13;13;0;13;0;0;0;0;13;0;0;0;0;0;13;13;0;0;13;13;0;0;0;0;0;13;13;0;0;0;0
13;0;0;0;0;0;0;0;13;13;13;0;0;0;0;0;0;0;13;0;0;0;0;0;0;13;0;0;0;13;0;13;14;13;14;14;15;16;17;17;16;18;18;19;19;20;24;27;31;35;39;42;45;47;47;49;46;44;41;38;39;38;40;40;40;41;38;37;38;40;39;40;41;40;41;42;45;51;56;62;70;76;81;81;80;79;79;81;82;85;84;83;80;80;79;79;76;76;75;74;70;69;68;66;63;60;60;55;54;52;48;48;45;43;45;46;49;53;55;59;61;65;66;67;67;67;67;68;73;73;74;72;74;76;78;83;89;95;103;108;113;115;113;113;111;107;107;107;106;107;105;102;100;95;87;81;73;66;62;59;56;52;48;43;41;40;42;43;45;48;49;48;43;40;36;31;27;23;18;17;16;16;14;15;16;14;14;14;13;15;14;13;13;13;13;13;0;13;13;0;0;13;0;13;13;13;0;0;0;0;0;0;0;0;13;13;13;0;13;14;0;0;13;0;0;13;13;0;0;0;0
13;13;0;0;13;0;0;0;13;13;0;0;0;0;0;0;0;0;0;0;0;0;0;0;13;13;13;14;13;0;0;13;14;13;13;14;15;16;16;17;17;17;18;19;19;20;24;27;32;36;39;41;44;48;48;48;47;45;41;39;39;38;39;40;39;40;39;37;38;40;40;40;40;40;40;40;44;49;55;61;69;75;80;81;81;82;81;84;84;83;83;84;82;79;77;77;78;76;76;75;72;69;67;66;65;61;58;57;55;52;48;49;47;44;45;46;49;54;54;59;61;64;65;65;66;67;68;70;71;70;73;74;74;75;77;83;88;92;99;106;115;115;113;110;109;106;105;103;103;105;103;101;100;96;88;80;71;63;60;57;54;51;45;41;39;38;41;43;45;49;50;47;44;39;35;31;27;22;19;17;15;16;16;15;16;15;14;15;14;14;14;14;13;13;13;13;0;13;13;13;13;0;0;14;0;13;0;0;13;0;13;0;0;0;13;0;0;0;0;13;0;0;0;0;0;13;13;0;0;0;0
0;0;0;0;0;0;0;0;0;0;0;0;0;0;0;0;0;0;0;13;0;0;13;0;0;13;0;13;13;0;0;0;13;14;13;14;14;15;16;17;17;17;18;19;20;21;23;26;30;33;39;43;47;49;49;48;46;44;41;39;39;38;38;39;38;38;37;37;38;39;41;40;40;39;40;40;42;44;54;61;68;73;76;80;84;84;84;85;84;86;86;82;81;79;78;76;77;77;77;75;73;71;68;67;65;60;58;55;55;53;49;46;46;45;45;47;48;52;55;57;60;63;66;66;66;69;70;71;71;69;72;73;74;77;78;81;86;89;95;103;111;113;113;114;111;106;107;102;101;101;103;101;99;96;88;79;71;62;57;55;53;49;45;41;39;38;38;42;45;48;50;46;42;38;33;29;27;23;20;17;17;16;16;15;15;15;14;14;14;14;14;14;13;13;13;13;13;13;13;13;13;13;0;0;0;0;0;0;13;0;0;0;0;0;0;0;0;13;0;13;13;0;0;0;13;13;0;0;0;0;13
0;0;0;0;0;0;0;0;0;13;13;0;0;0;0;13;0;0;0;0;0;0;13;0;0;13;0;13;13;0;0;0;13;13;13;14;14;15;16;17;17;18;19;20;19;21;23;24;29;32;36;42;46;48;49;48;46;44;40;39;38;37;37;37;37;38;37;36;37;38;40;41;42;40;40;40;41;46;52;61;68;71;74;80;81;85;86;85;85;87;85;82;80;78;77;76;76;77;76;73;72;71;70;67;65;62;58;54;55;53;49;49;47;47;46;49;49;51;54;57;61;63;66;66;67;68;69;70;71;70;71;72;75;78;78;78;82;88;97;103;109;112;112;113;109;103;102;102;101;101;100;98;97;94;89;79;70;62;54;53;52;47;45;41;38;36;37;39;45;47;49;46;42;37;33;29;26;23;19;18;17;15;16;16;16;15;14;14;15;15;14;14;13;13;13;0;13;13;14;13;13;13;0;0;0;0;13;0;0;0;13;0;0;0;0;13;0;13;0;13;13;0;0;0;0;13;0;13;13;13;0
0;13;0;0;0;0;0;0;0;0;0;0;0;0;0;0;0;0;0;13;13;0;13;0;0;0;13;13;13;0;0;0;13;13;13;13;14;15;16;17;18;19;19;20;20;20;23;24;28;31;36;41;45;48;49;49;47;44;42;40;38;37;38;37;36;37;38;37;38;39;40;40;41;38;39;40;42;46;53;61;66;70;74;79;81;86;87;86;86;86;86;83;79;78;75;75;75;75;76;76;73;72;70;66;66;63;58;55;54;53;50;49;48;48;48;50;49;50;53;56;59;62;64;64;68;66;66;68;70;71;72;73;74;76;77;78;82;88;95;100;105;111;111;111;106;104;102;102;101;99;95;98;97;94;88;79;68;60;55;50;49;48;45;41;38;36;37;39;41;45;48;45;42;37;32;29;26;22;20;18;17;16;15;16;15;15;14;14;15;15;14;13;13;13;13;0;0;13;13;13;0;0;0;0;0;0;13;0;0;0;0;0;0;0;13;13;13;13;13;13;0;13;13;0;0;13;13;13;0;13;0
0;0;0;0;0;0;0;13;0;0;0;0;0;0;0;0;0;0;0;13;13;0;13;0;0;0;13;13;0;0;13;13;0;0;0;13;15;15;16;17;18;19;21;21;22;20;21;22;26;31;37;41;44;47;48;49;47;45;43;40;37;37;36;35;35;36;37;37;38;38;39;39;41;40;41;41;41;44;50;57;63;69;75;79;82;87;87;89;88;88;86;85;80;77;75;75;75;75;75;75;74;72;68;66;65;60;58;55;51;52;51;51;51;50;50;49;48;49;51;55;57;60;61;63;65;66;66;68;69;72;71;72;73;76;78;81;82;86;92;96;106;110;110;108;105;102;103;102;101;100;97;95;93;91;85;78;68;61;55;51;49;46;42;40;38;35;37;40;42;45;46;44;41;36;32;28;24;22;19;18;15;15;15;16;14;14;14;13;14;15;14;13;13;0;13;13;13;0;0;13;0;0;0;13;13;0;0;0;0;0;0;0;0;0;0;0;13;13;0;13;13;0;0;0;0;0;0;0;0;13;13
0;0;0;0;0;0;0;13;0;13;0;0;0;0;13;0;13;13;0;0;13;13;13;13;0;13;0;0;0;13;13;13;13;13;13;13;13;15;17;17;18;20;21;20;20;21;22;23;26;31;37;41;44;45;47;48;47;45;42;39;38;36;36;36;36;36;37;37;38;38;39;39;41;42;40;40;41;44;49;55;61;66;73;77;81;85;87;89;89;89;87;84;79;77;77;72;73;74;72;72;71;70;70;66;63;60;58;55;53;51;51;52;50;50;49;49;48;48;50;53;55;57;61;62;64;67;66;67;68;70;71;73;73;76;77;80;83;86;92;101;107;109;109;106;104;100;101;100;98;99;96;92;89;88;83;76;66;58;52;50;48;46;43;40;38;35;36;39;41;44;44;42;40;35;31;27;24;22;19;18;16;15;15;15;14;14;14;13;14;15;14;14;0;13;13;0;13;13;13;13;13;0;0;13;0;0;0;0;13;0;0;0;0;0;0;0;13;0;0;0;13;0;0;0;0;0;0;0;0;0;0
0;0;0;0;0;0;0;0;0;0;0;0;0;0;13;0;0;0;0;0;13;0;0;0;0;13;0;0;0;13;13;0;0;13;13;0;14;14;17;18;19;19;20;20;21;21;22;23;27;31;36;40;43;46;46;47;47;45;43;41;39;38;37;35;36;37;37;36;38;39;38;39;40;41;40;40;42;46;50;55;61;66;73;74;78;82;86;89;89;87;86;83;80;79;75;72;69;69;69;69;68;69;68;65;63;60;56;55;54;53;49;52;51;51;50;49;48;48;51;53;54;58;60;62;65;65;64;66;67;68;70;73;74;74;76;77;80;84;90;98;106;109;108;106;100;100;100;99;96;94;92;89;87;86;84;77;67;58;52;48;47;47;44;41;37;36;37;39;41;43;43;42;38;33;28;26;23;22;21;18;16;15;15;15;15;15;14;13;13;14;13;13;0;13;13;0;13;13;13;13;13;0;0;13;0;13;0;0;0;0;0;0;0;0;0;13;0;0;0;13;13;0;13;13;0;0;13;13;0;0;0
13;0;0;0;0;0;0;13;0;0;0;0;0;0;0;13;0;0;0;0;13;0;0;0;0;13;0;0;13;13;13;0;13;13;13;0;14;14;16;17;18;19;19;20;22;21;22;22;25;30;35;39;44;45;45;46;44;44;44;43;40;38;36;35;36;38;37;36;39;39;38;40;41;41;41;41;42;47;51;57;63;66;70;73;77;81;84;90;89;89;86;83;80;76;72;70;68;67;69;69;68;69;68;65;63;59;57;54;53;53;52;51;51;50;50;50;49;51;50;51;53;56;58;60;63;63;64;66;67;67;70;75;77;77;78;78;79;84;90;98;105;108;108;108;103;101;101;99;96;91;90;89;89;86;82;77;67;59;51;46;46;45;44;41;36;34;36;38;41;43;44;42;36;32;28;25;24;22;19;17;15;15;16;15;14;15;15;13;14;15;13;14;13;0;0;0;13;14;13;13;13;0;0;13;0;13;13;0;0;0;0;0;0;13;0;0;0;0;0;0;0;0;0;0;0;13;13;13;13;0;0
13;0;0;13;0;0;13;0;0;0;0;0;0;0;0;13;13;13;13;0;0;13;0;13;13;13;13;13;13;13;0;0;0;13;13;13;13;14;15;17;18;19;19;21;22;22;23;21;24;29;35;39;43;43;45;44;43;45;43;41;40;39;38;36;35;36;36;38;37;37;38;40;40;41;44;43;44;48;52;58;64;67;70;73;75;79;83;85;89;88;86;83;82;78;73;69;69;69;65;67;66;67;67;65;63;60;58;55;54;54;54;54;52;51;50;50;50;51;48;51;53;55;56;57;60;62;64;66;66;68;72;77;80;80;80;78;79;84;88;96;102;105;108;108;105;103;103;99;95;90;89;87;87;85;81;76;67;59;51;45;45;44;43;40;36;33;34;36;40;42;43;41;35;33;28;25;24;22;19;17;16;16;16;15;14;14;13;13;14;15;15;13;0;0;0;0;0;0;13;13;0;14;0;0;0;13;0;0;0;0;0;0;0;13;13;0;0;0;0;13;0;0;0;0;0;0;0;0;0;0;13
13;0;13;0;0;0;0;0;0;0;0;0;0;0;0;0;0;0;13;0;0;0;0;0;13;13;0;0;0;13;0;0;0;13;13;13;13;14;15;16;17;18;19;20;22;22;23;23;23;28;34;38;42;44;44;43;44;44;43;41;39;38;38;36;35;36;37;38;38;38;38;40;41;43;44;44;46;50;53;59;64;66;70;74;77;79;83;84;87;87;85;83;81;77;74;72;69;65;65;66;64;66;64;63;62;61;59;55;55;56;56;54;54;54;54;53;51;51;51;51;53;53;55;56;57;61;63;67;67;69;73;75;80;80;80;80;80;85;87;92;98;101;104;104;106;102;100;97;93;89;88;85;83;82;81;75;66;58;52;46;44;43;42;39;35;33;33;35;40;41;42;40;36;31;26;24;23;21;20;17;16;16;15;15;14;14;13;13;15;15;15;13;0;0;0;13;0;0;14;14;13;14;0;0;0;0;0;0;0;13;0;0;0;13;13;0;13;0;0;13;13;0;0;0;0;0;0;0;0;0;13
13;0;0;0;0;0;0;0;0;0;0;0;0;0;0;0;0;0;0;0;0;0;0;0;0;0;0;0;13;13;0;0;0;0;0;13;13;14;15;17;17;18;20;21;22;22;21;22;23;28;35;40;44;44;44;44;44;44;43;41;39;39;39;37;36;37;38;38;39;39;39;40;42;44;43;43;47;51;55;61;64;66;69;73;75;77;80;82;84;83;84;82;79;78;74;72;67;63;62;62;64;65;63;61;62;62;59;59;56;56;56;56;56;55;54;54;52;51;51;50;52;51;53;55;57;61;62;63;66;68;72;76;81;83;84;83;82;84;87;90;98;102;103;104;103;100;97;98;92;88;86;83;82;83;81;76;67;59;50;46;44;43;42;39;36;34;33;36;38;40;41;40;36;30;26;25;23;21;18;16;15;16;16;16;14;14;13;0;14;15;14;14;13;13;0;13;13;0;13;13;13;13;0;0;0;13;0;0;0;0;13;0;0;13;0;0;13;0;0;0;0;0;0;0;13;0;0;0;0;0;0
13;13;0;0;0;0;0;0;0;0;0;0;0;0;0;0;13;0;0;0;0;0;13;13;0;13;13;0;13;13;0;0;0;0;0;13;13;14;16;16;17;19;20;21;22;21;21;22;24;29;35;40;42;42;44;44;45;45;44;41;40;40;39;36;36;38;39;39;40;38;40;40;42;43;43;43;46;51;55;59;63;67;68;70;71;75;77;82;82;83;82;83;79;75;72;70;66;63;61;59;61;61;62;62;62;62;58;58;56;55;55;55;55;55;55;54;54;53;54;51;50;51;51;54;56;57;59;60;63;65;71;76;81;83;85;85;86;85;85;89;93;98;101;104;102;100;101;96;91;87;84;82;82;81;79;75;67;58;50;43;42;42;42;39;36;33;31;35;37;40;41;39;35;31;26;24;23;21;18;17;15;16;16;15;14;14;14;13;14;14;14;13;13;0;13;13;0;0;0;13;15;13;0;0;0;0;0;0;0;0;13;0;0;13;0;13;13;13;0;0;0;0;0;0;0;0;0;0;0;0;0
0;0;0;0;0;0;13;0;0;0;0;0;0;13;0;0;13;0;0;0;0;0;13;0;0;13;13;13;13;0;0;0;0;0;13;14;14;15;16;16;17;19;20;21;22;22;22;22;25;30;36;40;42;44;45;45;46;45;44;41;41;39;39;38;37;38;39;39;39;38;39;40;41;41;43;44;47;48;55;59;63;65;68;69;72;73;74;79;80;82;80;78;78;74;71;69;65;61;60;58;60;60;63;63;60;61;57;57;55;54;53;54;54;54;55;57;56;54;52;52;49;51;52;54;55;56;56;58;62;65;70;76;81;84;85;86;86;87;86;89;92;97;101;104;100;101;99;93;92;91;87;82;79;78;78;75;68;59;51;45;42;41;41;40;36;31;31;33;37;39;40;37;34;30;27;23;22;21;18;16;15;15;15;15;15;14;13;13;13;15;14;13;13;0;13;13;0;0;13;0;13;13;0;0;0;0;0;0;13;0;0;0;0;0;13;13;0;0;0;0;13;0;0;0;0;0;13;0;0;13;0
13;0;0;0;0;0;0;0;0;0;0;0;0;0;0;0;13;13;13;0;0;0;0;0;0;0;13;0;13;13;0;13;0;0;14;14;15;15;15;16;17;18;18;20;22;22;22;22;26;31;37;40;43;44;46;46;47;45;42;39;39;38;37;38;38;38;40;40;38;39;40;41;42;41;41;43;46;49;54;58;63;65;69;68;70;72;73;75;77;79;79;77;75;74;71;68;63;60;58;58;60;60;61;64;61;60;58;55;54;54;52;55;55;57;56;57;56;55;52;51;51;51;51;52;53;55;55;59;62;65;68;77;81;84;84;87;88;88;86;88;91;95;98;100;98;97;97;97;91;89;84;80;77;76;75;73;67;57;50;44;41;40;40;39;35;31;31;32;35;38;39;38;34;30;27;24;23;21;19;16;15;15;16;16;15;13;0;13;14;14;14;14;13;13;13;0;0;0;13;14;13;13;13;13;0;0;0;0;0;0;0;0;0;0;0;0;13;0;0;13;13;13;0;0;0;0;0;0;0;13;13
0;13;13;0;0;0;0;0;0;0;0;0;0;13;13;0;0;0;0;0;0;0;0;0;13;14;13;13;13;0;0;0;0;13;14;14;14;15;16;17;16;16;18;20;22;23;22;23;26;32;37;40;45;45;47;46;47;45;42;40;40;39;39;38;38;40;41;41;40;40;41;41;41;42;40;41;44;48;53;59;63;65;70;72;69;70;72;74;77;76;78;76;73;72;68;67;63;59;57;57;59;59;59;60;60;58;56;56;56;57;55;58;56;57;58;59;56;56;53;52;51;50;52;51;53;55;55;58;61;66;70;78;80;85;86;86;85;86;87;88;90;93;96;96;97;98;97;97;94;90;85;80;76;73;72;69;64;58;50;43;41;39;39;38;36;33;32;33;35;37;40;37;34;30;26;23;22;22;19;17;16;16;16;15;16;13;0;15;15;15;14;14;13;0;13;0;0;13;13;13;0;13;13;0;0;0;13;0;0;0;0;0;0;0;0;13;13;0;0;0;0;0;0;0;13;13;13;0;0;13;13
0;13;13;0;0;0;0;0;0;0;0;0;0;13;0;0;0;0;0;0;0;0;0;13;13;13;13;0;13;13;0;0;0;13;14;14;15;16;16;17;15;16;17;18;22;22;22;23;26;32;37;41;45;45;47;46;47;44;43;41;41;39;41;40;39;41;42;40;40;41;41;42;41;41;40;41;44;49;53;59;63;68;70;72;73;71;73;75;74;73;73;73;72;70;66;63;61;58;56;56;57;55;57;57;56;58;57;58;58;59;57;57;56;57;58;58;57;57;54;53;53;53;52;52;55;56;55;58;62;65;69;78;81;86;86;86;87;87;89;88;90;92;95;93;95;99;97;97;94;90;87;79;72;71;70;69;65;59;52;45;43;40;40;40;37;33;32;33;35;36;36;36;34;29;26;23;23;22;19;17;16;16;15;16;15;13;13;14;14;16;15;14;13;0;0;0;13;13;0;0;13;0;13;0;0;0;13;0;0;0;0;0;0;0;0;13;13;13;0;0;0;0;13;0;0;0;0;0;0;0;0
0;0;0;0;0;0;0;0;0;13;0;0;0;0;0;0;0;0;0;0;0;0;13;14;13;13;13;13;13;0;0;0;0;0;13;14;14;15;16;16;16;17;18;19;21;22;22;23;27;33;38;41;45;47;46;45;46;45;42;40;39;41;42;42;41;42;42;41;42;43;42;40;41;41;41;41;42;47;52;57;62;67;69;70;71;73;73;74;73;69;71;71;68;65;64;61;60;58;56;55;58;56;56;58;58;57;57;59;58;58;60;58;57;56;57;57;56;57;56;55;56;54;54;56;55;55;56;56;61;65;71;78;82;87;87;87;89;91;87;87;88;90;94;96;95;96;96;97;96;92;87;77;72;70;68;69;66;60;53;46;43;41;40;40;37;33;32;31;33;35;35;37;34;30;26;23;21;20;20;16;16;16;15;15;14;14;13;13;14;15;14;13;13;13;13;13;13;13;13;13;13;13;13;0;0;0;13;0;0;13;0;0;0;0;0;0;0;13;13;0;0;0;0;0;0;0;0;0;0;0;0
0;13;0;0;0;13;0;0;0;0;0;0;0;0;0;0;0;0;0;0;0;13;13;14;13;0;0;0;13;0;0;0;0;0;13;13;14;15;16;17;17;17;18;20;21;20;22;23;28;32;38;42;45;47;46;45;46;45;43;40;39;41;43;42;41;43;43;42;42;42;41;41;41;40;40;40;42;47;53;58;64;68;72;72;72;73;73;72;72;71;69;70;68;66;65;62;59;60;58;57;57;57;56;55;56;56;56;57;57;58;59;59;58;58;57;58;58;57;55;54;55;54;54;54;55;53;55;57;61;66;72;79;81;85;86;86;88;88;86;86;87;90;91;94;94;94;95;95;96;93;87;79;72;70;70;68;67;60;53;47;43;41;40;39;37;35;33;33;33;34;35;36;34;31;27;24;21;20;19;18;15;16;15;15;14;14;15;13;15;16;14;14;13;0;0;13;13;0;13;0;0;13;0;0;13;13;13;0;0;0;0;0;0;0;13;0;0;0;13;13;0;13;0;0;0;0;0;0;0;0;0
0;0;0;0;0;0;0;0;0;0;0;0;0;0;0;0;0;0;0;0;0;0;0;13;13;0;0;0;13;0;0;0;0;13;13;14;16;15;16;16;17;17;19;20;20;21;22;23;27;32;37;42;44;45;46;45;45;45;41;41;41;41;41;41;40;41;42;44;41;41;42;42;41;41;40;39;42;46;53;58;63;69;72;73;73;73;74;74;73;71;70;70;67;64;62;62;61;61;58;58;58;57;56;55;55;54;54;55;56;57;59;59;59;59;59;60;59;58;56;54;55;55;55;54;54;55;55;57;60;67;71;76;81;84;86;89;90;88;86;84;86;89;90;94;95;96;95;96;96;94;88;80;73;71;70;69;67;63;55;49;42;40;39;38;36;34;31;33;34;35;36;37;35;31;26;24;22;20;18;17;17;15;15;14;15;14;14;14;14;15;15;14;13;0;0;13;13;14;13;13;14;14;13;0;0;0;13;13;0;0;0;0;0;0;0;13;0;0;0;0;0;13;0;0;0;0;0;0;0;0;0
0;0;0;0;0;0;13;13;0;0;0;0;0;0;0;0;0;0;0;0;0;13;13;0;13;13;0;13;13;0;0;0;0;0;13;14;15;15;17;17;17;17;20;21;20;21;22;23;26;31;37;41;43;43;45;46;46;44;42;41;41;41;41;42;40;39;40;42;44;43;43;43;42;42;40;42;44;45;53;59;65;69;73;73;72;72;73;73;71;72;71;69;67;64;63;62;60;60;59;58;58;56;55;54;52;51;51;52;54;56;60;60;61;60;61;61;59;58;55;56;57;57;55;55;54;55;54;57;60;64;70;76;81;87;87;88;88;86;86;85;85;88;90;93;96;99;97;98;99;95;87;79;71;68;68;70;68;65;55;48;42;41;39;37;35;34;33;33;33;34;36;36;35;32;27;24;21;19;19;17;17;15;15;15;15;15;14;14;14;14;14;14;0;0;0;13;13;13;0;14;13;14;14;0;0;13;0;13;0;0;0;0;0;0;0;13;0;0;0;0;0;0;0;0;0;0;0;0;0;0;0
13;0;0;0;0;0;0;0;13;0;0;0;0;13;0;0;0;0;0;0;0;13;0;13;13;13;13;13;13;0;0;0;13;13;0;14;15;15;17;16;17;18;20;20;21;22;22;24;27;30;36;40;42;44;45;47;45;44;43;42;41;40;41;41;40;40;41;42;43;44;43;43;44;41;41;42;43;47;54;60;65;68;70;69;71;71;72;71;71;71;72;68;66;64;63;62;61;57;57;56;55;56;55;51;51;50;50;50;52;55;58;61;61;61;62;61;60;61;56;56;57;58;56;56;56;54;54;57;59;63;69;74;80;86;88;90;90;89;85;85;87;88;90;92;95;99;99;100;101;95;88;81;73;69;70;70;69;66;57;50;44;41;40;38;36;34;33;32;33;33;35;35;34;33;28;24;22;20;19;17;16;15;15;15;15;15;14;13;14;13;13;14;13;0;13;13;13;0;0;13;13;14;13;0;13;0;0;0;0;0;0;0;0;13;13;13;0;0;14;14;13;13;0;0;0;0;0;0;13;13;0
0;0;13;0;0;0;0;13;0;0;0;0;0;0;0;0;0;0;13;0;0;13;0;13;13;13;13;13;13;13;0;0;0;13;0;15;16;16;16;16;17;18;19;20;22;22;21;24;27;31;35;37;43;44;45;47;46;45;44;44;42;42;42;41;41;41;41;41;43;43;43;43;42;41;41;43;45;50;55;59;64;68;69;70;73;72;71;73;73;73;71;67;65;63;62;62;61;57;56;56;55;55;53;53;53;51;48;50;50;56;59;59;60;62;63;64;61;59;56;58;57;57;56;57;56;53;55;56;58;62;67;73;78;84;89;93;91;89;87;86;84;86;86;90;94;96;103;99;98;95;91;82;73;70;71;72;69;66;58;49;43;40;39;39;37;35;31;33;33;34;34;36;35;33;28;24;21;21;19;17;14;15;15;14;15;14;14;14;15;14;14;13;0;13;13;0;0;0;13;13;14;13;13;0;13;0;0;0;0;0;0;0;0;13;14;13;13;13;0;13;0;0;0;0;0;0;0;0;0;13;13
0;0;13;13;0;0;0;0;0;0;0;0;0;0;0;0;0;0;13;13;13;13;13;13;13;13;14;14;13;0;0;0;0;0;13;14;16;16;16;16;17;17;19;20;22;22;22;24;25;30;36;39;42;44;48;47;47;48;46;45;43;42;43;43;42;41;42;41;41;42;44;42;41;41;44;45;46;48;53;58;64;67;69;71;71;74;73;73;73;74;72;69;64;63;62;60;59;56;55;55;55;54;55;54;53;52;50;52;51;55;59;60;62;64;64;63;62;60;58;58;57;57;57;58;57;55;56;55;59;61;65;72;77;84;90;93;93;91;88;86;84;86;86;87;93;94;98;99;100;96;88;81;73;71;71;72;71;66;58;50;44;40;39;36;36;36;35;33;33;33;35;37;34;31;28;24;22;20;19;17;15;14;14;14;14;14;14;14;14;14;14;13;0;13;13;0;13;13;13;13;13;13;13;0;0;0;13;0;0;0;0;0;0;0;0;0;13;13;0;13;0;0;0;0;0;13;0;0;0;0;0
0;0;0;0;0;0;0;0;0;13;0;0;0;0;0;0;13;14;13;0;13;13;13;14;13;13;13;13;13;0;0;0;0;0;13;14;15;16;16;16;16;17;19;21;22;22;23;23;24;30;34;38;41;44;46;45;47;47;46;45;46;45;45;43;40;38;40;42;42;41;43;42;41;42;43;44;45;48;53;57;63;67;69;71;73;73;76;75;74;74;72;69;65;63;62;60;58;55;55;55;57;55;54;54;52;51;50;52;53;56;58;61;62;64;62;62;61;62;59;58;61;59;58;58;60;58;57;56;58;60;65;71;78;85;92;91;92;90;87;86;84;84;86;88;94;96;99;98;99;96;90;83;74;70;71;71;71;69;59;51;44;40;37;36;34;36;35;33;35;34;35;37;35;31;26;24;21;20;18;17;15;14;15;15;14;15;14;14;13;14;14;13;13;13;13;13;14;13;0;0;13;14;0;13;0;0;13;0;0;13;0;0;0;13;0;0;0;13;0;13;0;0;13;0;0;0;13;0;0;0;0
0;0;0;0;0;0;0;0;0;0;0;0;0;0;0;0;0;0;13;0;0;0;13;13;0;13;13;13;0;0;0;0;13;0;13;14;15;16;17;17;17;18;20;22;22;21;22;22;24;31;34;37;39;42;44;46;45;46;45;45;45;45;45;42;39;38;39;41;42;43;42;42;41;41;43;44;46;49;53;57;62;66;69;70;73;73;75;75;74;74;72;70;67;63;61;60;57;56;55;54;54;54;53;53;51;49;49;51;51;54;55;58;60;61;62;62;61;59;58;58;59;59;59;59;58;57;57;58;58;59;65;72;78;84;91;92;94;92;88;87;86;85;87;90;93;97;101;100;99;97;90;84;76;70;70;69;70;68;61;51;45;40;36;37;36;36;36;33;33;32;35;36;35;33;28;24;21;21;19;17;14;14;15;15;15;15;14;15;14;14;13;13;13;0;13;13;14;13;13;13;0;13;0;0;0;0;0;0;0;0;0;0;0;0;0;13;13;13;13;0;0;0;0;0;0;0;0;13;0;0;0
0;0;0;0;13;13;0;0;0;0;0;0;13;0;13;13;0;0;0;13;0;0;14;13;13;13;0;13;13;0;0;0;0;0;13;13;14;16;16;16;17;18;20;23;22;22;21;22;26;30;35;36;38;41;44;46;47;46;45;45;45;45;44;42;37;38;38;40;42;42;41;40;40;42;45;44;46;49;53;59;63;66;68;70;74;73;75;76;74;73;71;71;69;65;61;58;57;56;54;54;54;53;53;53;52;50;49;49;48;50;52;56;59;59;60;62;59;58;59;61;59;58;59;59;58;56;57;57;57;58;63;69;78;83;90;94;95;93;89;84;85;86;88;92;94;99;102;102;101;95;89;83;77;72;70;69;70;66;60;52;43;40;37;34;35;36;35;35;34;33;35;37;36;33;28;24;21;20;18;16;16;15;15;13;14;15;14;14;14;13;13;13;13;0;0;0;13;13;0;13;0;13;13;0;0;0;0;0;0;13;0;13;0;0;0;0;13;13;0;0;0;0;0;0;0;0;0;0;13;0;0
0;0;0;0;0;0;0;0;0;0;0;0;0;0;0;0;0;0;0;0;13;0;13;13;14;13;14;0;0;0;0;0;0;13;13;13;14;15;15;15;16;18;21;23;22;22;21;23;26;29;33;35;38;42;47;47;48;47;46;46;48;48;44;40;39;39;39;41;41;41;41;40;38;40;42;45;47;51;53;59;62;64;67;69;71;73;75;75;76;75;72;72;70;66;63;60;57;55;54;54;53;54;53;53;51;49;49;48;48;50;51;54;57;57;59;58;58;57;59;60;59;59;61;63;60;59;59;57;57;58;62;68;74;82;87;92;93;92;92;89;88;90;90;92;92;97;100;101;103;99;92;82;78;73;73;72;69;64;56;49;43;41;36;34;34;34;34;34;35;35;36;36;35;32;28;24;21;19;17;15;15;14;15;15;15;15;15;15;14;14;13;13;0;0;0;14;13;13;13;0;13;13;0;13;0;0;0;0;0;13;13;13;13;0;0;0;0;13;13;0;13;0;0;13;0;0;0;0;0;0;13
0;0;0;0;0;0;0;0;0;0;0;0;0;0;0;0;0;13;13;0;0;0;13;13;14;14;13;0;0;0;13;0;13;13;13;13;14;15;14;16;17;19;21;22;23;22;22;23;24;29;32;35;38;41;45;47;48;48;45;45;47;48;47;43;41;39;40;41;41;41;39;39;37;40;42;45;49;50;53;57;62;63;66;69;71;73;74;74;76;77;74;73;71;67;64;61;58;56;54;53;54;53;52;52;50;48;47;49;49;51;54;55;57;56;57;58;59;59;59;60;59;59;61;62;62;59;59;57;58;59;62;67;72;80;85;90;92;94;93;91;91;89;91;93;94;93;97;99;101;99;92;85;80;75;74;72;68;64;55;48;43;38;37;34;34;34;35;35;35;35;36;36;34;33;29;23;20;19;17;15;15;14;14;15;15;14;14;15;13;13;14;13;13;0;13;14;13;13;13;0;13;13;13;0;13;0;13;0;0;0;0;0;0;0;0;0;0;13;13;13;0;0;0;0;0;0;0;0;0;0;13
0;0;0;0;0;13;0;0;13;0;0;0;0;13;0;0;0;0;13;0;0;0;13;0;13;13;13;0;13;0;13;0;0;13;13;13;13;14;15;16;17;18;21;22;23;22;22;23;26;29;31;35;37;41;44;47;47;48;47;47;49;48;46;44;42;41;40;40;42;41;39;40;37;38;41;45;49;52;55;57;60;62;66;70;72;73;74;76;75;77;78;76;72;70;68;63;59;57;54;53;53;55;53;50;48;47;47;48;51;52;54;54;56;57;58;59;59;59;61;62;61;60;60;60;59;60;59;59;60;62;63;67;72;80;86;90;94;93;92;89;90;90;91;89;93;95;97;100;102;101;94;86;79;76;72;70;69;64;55;46;42;38;36;35;33;34;34;35;36;37;36;37;36;34;29;24;20;18;17;16;14;14;15;15;14;14;15;14;14;13;14;13;13;0;13;13;13;13;0;0;0;0;13;13;0;0;0;0;0;0;0;13;0;0;0;0;0;0;13;13;0;13;0;0;0;0;0;13;0;0;0
0;0;0;0;0;13;13;0;13;0;0;0;0;0;0;0;13;13;13;0;0;0;13;0;13;14;14;13;13;13;0;0;0;13;13;13;14;14;15;16;17;18;21;21;24;23;22;23;27;29;29;34;37;40;44;46;47;49;50;49;51;49;47;45;41;40;40;42;42;41;39;37;37;39;42;45;50;54;54;56;59;60;64;69;72;76;76;77;76;77;78;75;74;72;68;65;61;58;56;54;54;53;51;49;47;47;48;48;49;52;53;54;58;58;58;57;59;59;62;61;62;61;60;61;59;58;58;59;60;60;62;67;72;77;86;91;93;90;91;89;90;89;87;88;92;95;97;100;101;98;95;88;80;75;71;72;67;62;55;49;43;38;36;33;33;34;36;36;38;36;36;37;36;34;30;24;21;18;16;15;15;14;14;15;14;15;15;14;14;13;13;13;13;0;0;0;13;0;0;0;0;13;13;0;13;13;0;0;0;0;0;13;0;0;13;13;0;0;0;0;0;0;0;13;0;0;0;0;0;0;0
0;0;0;0;0;0;13;0;0;0;0;0;0;0;13;0;0;0;0;0;13;13;0;0;0;13;13;13;13;13;0;0;0;13;13;14;14;15;15;14;16;18;20;21;23;24;23;24;26;28;31;34;37;40;43;46;47;48;49;48;50;49;48;43;42;41;41;41;41;39;37;36;36;40;41;45;49;51;53;54;58;60;64;67;70;73;73;76;77;78;78;78;76;74;69;66;62;57;57;55;55;53;51;50;49;48;47;51;49;51;52;53;56;57;58;57;59;60;60;60;59;62;62;62;59;59;58;55;57;59;62;67;73;78;85;90;93;91;93;90;89;89;88;89;89;92;95;99;99;97;93;87;80;76;75;70;66;60;52;48;42;37;35;33;34;35;36;37;36;36;36;37;36;33;29;26;21;18;17;17;16;14;14;15;14;15;15;14;13;13;13;0;0;0;0;0;13;13;13;13;0;0;0;13;13;13;13;0;0;0;0;13;0;13;0;0;0;0;0;13;13;13;0;0;0;13;0;0;0;0;0
13;0;0;0;0;0;13;13;13;0;0;13;13;0;0;0;0;0;0;0;13;13;0;0;13;13;0;13;0;13;0;0;0;13;13;13;14;15;15;15;16;17;19;20;23;23;24;25;26;29;31;33;36;41;45;47;47;48;48;51;52;50;48;44;43;42;41;41;41;38;35;35;37;37;39;43;48;52;55;57;58;60;63;65;69;72;74;76;77;78;77;79;75;72;69;66;62;59;58;55;55;53;51;49;50;49;50;50;49;50;50;52;55;56;57;57;58;60;60;60;60;60;61;60;59;59;58;55;56;57;61;66;73;79;87;90;94;93;93;92;91;90;90;90;92;94;95;99;101;99;94;87;80;77;73;69;64;57;52;46;43;40;37;35;33;34;36;38;37;37;38;36;34;32;28;25;21;18;16;16;16;15;15;15;15;14;14;14;13;13;13;0;0;0;0;0;0;13;13;13;13;0;0;0;0;0;13;0;0;0;0;13;0;0;0;0;0;13;13;13;0;0;0;0;0;13;0;0;0;0;0
0;0;0;0;13;13;0;13;0;0;0;0;13;0;0;13;13;0;0;13;0;13;13;0;13;13;0;13;0;13;0;0;0;13;13;14;14;14;14;15;16;18;19;19;22;23;25;25;26;28;28;32;37;42;46;46;48;48;48;51;52;50;48;45;44;41;40;40;40;39;36;34;36;37;40;45;50;56;56;59;60;60;63;67;72;72;74;76;78;77;76;76;74;72;69;67;64;61;60;57;55;53;52;50;51;50;50;49;48;51;51;53;55;55;55;55;58;60;61;61;60;60;60;60;59;58;57;55;56;57;60;65;73;81;87;90;93;93;92;94;93;91;90;92;93;94;98;98;100;98;95;87;81;76;72;67;64;58;52;46;43;40;37;34;32;34;36;37;37;38;37;36;35;30;27;24;21;18;16;16;16;15;15;15;15;14;15;14;14;13;0;0;0;13;13;0;0;13;0;13;13;13;0;13;0;0;14;0;0;0;0;13;13;13;13;0;0;13;13;13;0;0;0;0;0;0;0;0;0;0;13
0;0;0;0;0;0;13;0;0;0;0;0;0;0;0;0;0;0;0;0;0;13;13;14;13;13;13;0;0;13;13;13;0;0;13;14;15;14;14;16;17;18;19;19;22;22;24;26;28;28;29;32;37;41;45;46;49;48;49;51;51;52;50;47;43;41;39;39;40;40;38;34;34;37;40;45;50;55;57;60;61;62;65;69;74;75;76;78;78;78;77;76;74;72;70;67;64;61;58;56;54;52;51;49;50;50;51;49;50;50;52;52;53;53;54;57;57;58;61;62;61;62;62;62;60;59;57;55;55;57;60;64;70;78;86;91;94;94;92;92;91;90;92;92;94;93;97;101;100;100;96;88;81;75;70;68;63;58;52;46;41;38;36;33;32;32;35;37;37;36;37;37;33;29;25;23;21;19;16;15;15;14;16;15;15;14;14;14;13;14;13;0;14;13;13;13;13;14;13;14;14;13;0;0;0;13;0;0;0;0;0;13;13;13;13;13;0;13;13;13;0;0;13;0;0;0;0;0;0;0;0
13;0;0;0;0;13;13;0;13;0;0;13;13;0;13;0;0;0;0;0;0;0;0;13;14;14;13;0;13;13;13;0;0;13;13;13;15;15;14;16;17;18;20;20;21;22;23;25;26;28;29;32;35;41;44;46;47;47;49;49;52;53;50;47;44;41;40;40;40;39;38;35;34;36;39;44;49;54;57;61;61;64;66;72;74;75;76;77;77;78;79;78;76;72;68;65;64;61;57;55;54;52;52;50;49;47;47;47;49;49;50;52;53;54;55;56;56;57;60;61;62;64;63;62;61;60;58;56;55;57;58;63;69;78;85;90;92;93;93;92;91;91;93;93;94;97;99;102;101;100;96;88;80;74;70;66;62;55;52;48;42;38;34;31;31;33;35;37;37;37;38;35;34;31;27;23;20;19;17;16;15;15;15;14;14;14;14;14;13;14;15;14;13;13;0;0;0;14;0;13;13;13;0;0;14;0;0;0;0;0;0;0;13;13;13;13;0;0;0;0;13;13;0;0;0;0;0;0;0;0;0
0;0;0;0;0;13;0;13;0;0;13;0;13;0;0;0;0;0;0;0;0;0;0;13;13;14;13;13;0;13;13;0;13;14;0;13;14;15;14;15;17;18;20;20;20;21;22;24;27;30;30;33;37;42;44;46;46;47;48;51;53;52;50;48;46;42;41;40;41;39;36;37;34;36;39;44;49;52;57;60;62;66;67;71;73;73;76;77;78;79;81;77;75;72;69;66;63;60;57;56;54;53;52;50;49;48;48;47;50;48;49;50;52;53;53;52;56;58;60;60;61;62;63;64;63;63;61;57;55;56;58;63;69;77;85;89;92;93;93;93;90;90;91;94;93;94;97;101;101;101;96;89;82;74;69;65;61;56;52;46;43;38;35;31;31;33;34;37;37;36;33;34;33;32;28;23;20;17;16;15;15;15;15;14;14;14;14;0;13;14;14;13;0;0;0;13;13;0;13;13;13;13;13;13;0;0;0;0;0;0;0;0;0;13;13;13;0;13;0;0;0;0;0;0;0;14;0;0;0;0;0
0;0;0;0;0;0;0;0;0;0;0;0;0;13;13;0;0;0;0;13;0;13;13;0;13;13;13;13;0;0;0;0;13;13;14;14;14;15;14;15;17;19;21;21;21;21;22;23;27;29;30;33;36;40;45;46;46;48;49;51;53;54;51;49;46;42;41;39;38;37;34;34;34;36;38;41;48;55;58;62;64;64;67;71;73;75;78;80;80;80;81;79;75;73;70;68;64;62;59;57;55;52;51;50;49;47;49;48;49;49;49;49;50;52;52;53;55;58;60;63;62;61;64;66;64;63;61;57;55;56;57;63;70;78;85;87;90;94;96;96;96;94;92;91;93;95;95;99;100;99;94;88;81;74;68;65;60;54;50;46;44;39;37;32;31;32;36;38;37;36;35;34;32;31;28;24;22;18;16;16;15;16;16;14;14;13;14;14;14;14;13;0;0;0;0;13;13;13;13;13;13;13;0;0;0;0;0;0;13;13;13;0;0;13;0;0;0;0;0;0;0;0;0;0;0;13;0;0;0;13;0
0;0;0;0;13;0;0;0;0;0;0;13;0;0;0;0;0;0;0;0;0;13;0;0;13;13;13;13;13;0;0;0;13;13;14;15;14;15;14;16;17;19;20;21;22;22;21;23;27;30;31;33;35;40;44;45;48;49;50;51;51;52;50;48;45;42;41;40;39;35;35;34;34;34;37;42;47;54;58;62;66;66;68;72;75;77;77;80;81;83;83;79;76;74;71;68;65;64;61;58;56;54;53;51;50;48;49;49;48;49;48;49;50;50;54;54;55;58;59;62;64;62;63;64;64;63;61;59;57;57;58;63;72;81;85;87;91;95;96;96;96;94;96;95;95;95;95;101;102;101;96;88;80;73;68;64;59;54;48;46;44;41;37;32;30;33;36;38;36;36;35;35;34;31;28;23;20;17;16;14;15;16;15;14;14;15;15;14;14;13;0;0;0;13;13;13;14;13;13;0;13;0;0;13;13;13;0;0;13;0;0;0;0;13;0;13;0;13;0;13;0;0;0;13;0;0;0;0;0;0;13
0;0;0;0;0;13;0;0;0;0;0;13;0;0;0;0;0;0;0;0;0;0;0;0;13;14;0;0;0;0;0;0;14;13;13;14;14;14;15;17;17;19;20;20;21;21;22;23;26;28;31;34;37;41;45;48;50;50;51;51;52;53;50;48;45;42;39;39;39;38;36;34;33;34;38;43;48;53;58;63;65;67;70;73;75;77;78;80;82;82;80;79;78;74;70;68;66;65;62;59;56;55;52;52;51;48;47;47;47;48;48;49;49;51;53;53;55;58;60;62;64;64;64;62;63;63;62;60;57;59;61;65;72;80;84;88;94;96;97;99;100;99;99;98;95;95;97;101;104;104;99;90;81;73;68;64;60;54;49;45;44;41;37;33;31;32;35;38;38;37;36;35;33;31;27;23;19;16;16;15;16;15;15;14;15;15;15;14;13;13;0;0;0;0;13;13;13;13;13;13;13;0;13;13;13;0;0;0;13;0;0;0;0;0;13;0;0;0;0;0;0;0;0;0;0;0;0;0;13;0;0
0;0;0;13;0;0;0;0;0;0;0;13;0;0;0;0;13;13;13;0;0;0;0;0;13;13;13;0;0;0;0;0;0;0;14;14;14;15;15;17;18;19;20;21;20;21;21;22;25;28;31;34;37;40;45;49;50;50;51;51;50;53;49;46;46;41;39;37;38;37;35;35;33;34;38;42;47;53;58;61;63;65;70;73;76;80;80;81;82;83;82;83;80;77;73;67;67;66;63;59;56;54;53;51;49;47;46;46;48;47;48;50;51;52;53;52;53;56;56;60;62;63;64;63;63;64;66;63;60;60;61;66;73;80;84;90;93;97;100;101;102;102;102;100;96;96;98;101;104;104;101;92;82;73;68;63;59;54;49;46;43;40;35;31;31;32;36;39;39;38;37;35;33;29;26;22;19;17;15;16;15;15;14;15;15;15;14;14;13;13;0;0;0;0;13;13;13;13;13;14;13;13;13;0;0;0;0;13;0;0;0;0;0;0;0;0;0;0;13;0;0;0;0;13;13;0;13;0;0;0;0
0;0;0;0;0;13;13;0;13;13;0;0;0;0;13;0;0;0;0;0;0;0;0;13;13;0;0;0;13;13;13;0;0;13;14;13;15;16;15;17;18;18;19;20;21;21;21;22;23;28;30;33;37;41;44;48;49;52;52;53;52;51;48;45;44;42;40;39;38;37;36;34;34;35;38;43;48;54;59;61;65;66;70;72;76;79;83;84;84;87;87;85;81;78;74;69;65;64;62;60;58;56;53;52;48;48;46;47;47;47;49;51;51;53;52;53;54;56;57;59;59;62;64;65;64;65;65;63;61;61;62;69;73;78;84;89;91;93;98;100;102;104;106;105;100;97;99;101;103;104;102;96;85;75;69;63;59;53;50;46;43;41;36;32;31;32;37;39;38;38;37;35;31;28;26;23;20;17;16;14;15;16;14;14;14;14;13;14;13;13;13;13;13;0;0;13;13;0;13;13;13;13;0;0;0;0;0;13;13;0;0;0;13;0;0;0;0;13;13;13;0;13;13;0;0;0;0;0;0;0;0
0;0;0;0;0;0;13;13;14;0;0;14;0;0;0;0;0;0;0;0;0;13;13;13;0;0;0;0;13;0;0;0;13;13;13;14;14;15;17;17;18;18;20;20;22;21;20;22;24;28;31;34;37;41;44;49;51;53;53;54;53;51;49;46;46;44;40;39;38;39;37;35;34;36;38;44;51;54;58;61;65;67;70;75;78;81;83;87;87;91;91;86;81;78;73;69;68;65;62;60;58;57;54;51;49;48;46;46;48;47;49;51;51;52;53;54;53;54;55;57;59;62;63;64;66;66;65;65;64;64;64;68;72;77;85;87;89;95;97;98;103;105;108;108;104;100;100;100;102;103;100;94;87;76;70;65;60;55;49;48;44;40;37;33;32;34;38;38;39;39;36;34;31;28;26;23;19;16;15;15;16;15;14;14;14;14;14;15;14;13;13;13;13;0;0;0;0;0;0;0;0;0;0;13;0;0;0;0;13;0;0;0;13;0;0;0;13;14;0;0;0;0;13;0;0;0;0;0;0;0;0
0;0;0;0;0;0;13;13;13;0;0;13;0;0;0;0;0;0;0;0;0;13;13;13;14;13;0;13;13;0;13;0;13;13;13;14;14;15;16;17;17;18;20;21;22;21;21;22;25;29;30;34;37;41;44;49;51;54;53;54;56;53;52;49;46;43;41;39;38;39;37;35;36;36;38;45;51;56;61;64;67;68;72;75;77;79;84;90;92;92;91;85;80;78;75;71;68;64;60;59;58;56;54;52;50;49;48;47;48;49;49;50;52;52;53;54;54;55;56;57;59;61;62;65;66;67;67;66;65;63;65;69;74;79;85;89;93;96;97;100;103;106;110;111;108;105;102;99;100;101;100;94;87;79;72;66;60;55;49;46;43;40;38;34;33;35;37;38;39;38;36;34;30;27;25;22;19;17;16;16;15;15;14;13;15;14;14;14;14;13;14;0;13;13;13;0;13;13;13;13;13;0;0;0;0;0;0;0;0;0;0;0;0;0;0;13;13;13;0;13;0;0;13;0;0;13;0;0;0;0;0
0;0;0;0;0;0;0;0;13;0;0;0;0;0;0;0;13;0;0;13;0;0;0;0;13;13;13;13;13;0;0;0;13;13;13;13;14;14;15;16;17;19;20;21;21;21;22;22;24;28;32;33;37;41;46;50;52;51;54;54;55;55;53;49;46;43;41;39;38;39;38;36;35;35;38;43;51;58;62;66;70;70;72;76;80;84;88;92;93;92;91;85;81;77;72;68;66;62;60;58;59;57;56;54;53;52;49;48;47;49;50;52;53;54;55;56;56;58;59;60;62;65;65;67;67;67;66;65;64;63;66;69;75;81;86;93;96;98;101;104;105;109;112;113;108;106;103;100;100;101;100;95;85;79;76;69;62;55;47;45;42;41;37;36;34;36;37;38;38;37;36;33;29;28;26;22;18;16;15;16;16;15;14;14;15;16;14;13;13;13;13;0;0;0;0;0;13;13;13;13;13;13;13;0;0;0;13;0;0;0;0;0;0;13;13;13;14;0;0;0;13;0;13;0;0;0;0;0;0;13;0
13;0;0;0;13;13;0;0;13;13;0;0;0;0;0;0;0;0;0;0;0;13;0;0;13;13;13;0;0;0;0;13;14;13;13;14;14;15;14;16;18;20;21;21;21;21;21;22;25;28;32;35;37;42;46;50;53;53;54;55;55;54;52;47;44;42;39;38;37;38;37;37;37;36;39;44;50;56;61;66;70;71;73;76;80;86;90;96;96;93;92;87;83;79;71;66;63;61;60;59;58;58;57;55;53;53;50;48;47;48;50;53;54;53;55;57;58;60;63;64;65;66;67;69;70;68;67;65;64;64;66;72;78;83;89;95;98;101;105;108;108;112;112;112;108;106;103;102;102;101;100;95;86;80;74;68;61;54;48;45;43;40;37;36;36;35;36;38;38;38;37;35;32;28;25;22;19;16;16;16;16;15;16;14;14;15;15;14;13;14;14;13;0;0;0;13;14;13;13;13;13;13;0;0;0;0;0;13;13;0;0;0;0;0;0;0;13;13;13;0;13;0;0;0;0;0;0;0;0;0;0
13;0;0;0;0;0;0;0;13;0;0;0;0;0;0;0;0;0;0;0;0;0;0;13;0;0;13;13;13;13;0;0;0;0;14;13;13;15;15;17;17;19;20;21;21;22;21;22;27;29;31;33;36;41;46;49;52;53;53;55;53;52;51;47;43;41;39;38;39;38;37;38;37;36;39;45;50;55;61;64;68;69;73;77;81;86;91;95;98;97;95;88;83;77;73;68;64;62;62;61;61;59;58;55;53;53;49;48;50;49;50;51;53;55;55;58;61;62;64;67;67;66;69;68;69;68;68;64;64;65;69;74;79;86;90;94;98;102;107;110;113;115;112;108;107;105;102;103;105;105;101;95;88;81;73;66;60;54;50;46;44;41;38;34;34;35;35;36;38;38;36;35;32;29;25;22;18;16;15;15;15;15;15;14;14;15;15;14;13;13;0;13;0;0;0;13;13;0;13;13;0;0;0;13;13;0;0;0;0;0;0;0;0;0;0;13;13;13;13;0;0;13;0;13;13;0;0;0;0;0;0
0;0;0;0;13;0;0;13;0;0;0;0;0;0;0;0;13;0;0;0;0;0;13;13;0;0;0;13;13;13;0;0;0;0;13;13;14;13;15;16;17;18;20;21;22;22;21;23;26;29;32;33;36;41;47;49;52;55;54;55;53;52;50;47;43;41;39;39;38;38;37;37;36;36;39;46;50;54;61;64;68;70;71;75;81;86;92;97;100;101;99;93;86;79;74;70;65;63;63;62;62;61;58;55;52;51;49;49;48;48;49;50;54;57;56;57;60;62;64;68;67;66;69;68;69;69;67;65;68;68;72;77;82;85;89;92;98;104;109;112;113;115;110;108;106;106;106;106;109;108;104;97;89;82;76;67;59;53;50;47;45;41;38;35;34;36;37;38;38;38;37;35;32;28;25;21;18;17;15;15;15;15;15;14;14;14;15;14;14;14;14;13;13;0;0;13;0;13;13;13;13;0;0;13;0;0;0;0;0;13;13;0;13;14;0;0;13;0;0;0;0;0;0;0;0;0;0;0;0;0;0
0;0;0;0;13;0;0;13;0;0;0;0;0;0;0;0;0;0;0;0;0;0;13;13;0;0;0;0;13;13;0;0;0;0;0;0;13;14;15;16;17;18;21;22;22;23;22;24;27;29;32;33;35;41;46;49;51;54;54;53;53;52;50;49;45;42;40;38;37;37;38;36;35;35;40;46;51;55;60;65;66;69;72;74;79;85;90;97;100;103;101;94;87;82;75;70;66;65;63;62;62;60;59;57;53;51;49;48;49;49;50;50;52;54;56;58;60;62;62;65;67;68;68;67;68;67;67;66;69;69;72;80;84;88;89;94;99;103;109;113;116;115;111;108;103;105;106;108;111;110;105;100;93;85;78;69;61;55;51;48;45;42;38;35;34;34;37;38;40;38;38;35;32;27;23;22;19;17;16;15;15;15;14;15;14;15;14;14;13;14;13;0;0;0;0;13;13;13;0;0;13;0;0;0;0;0;0;0;0;0;0;0;0;0;0;0;13;13;0;0;0;0;13;0;0;0;0;0;0;0;13
0;0;0;0;13;13;0;13;13;0;0;0;0;0;0;0;0;0;0;0;0;13;0;0;0;0;0;0;0;0;0;13;13;13;13;0;13;14;15;16;17;18;19;22;23;23;22;24;27;29;31;33;36;41;46;50;51;54;55;52;52;51;52;49;46;44;39;38;37;36;37;35;35;37;41;45;51;55;60;65;67;69;71;74;78;84;91;97;100;103;100;94;87;84;77;70;67;62;63;63;61;60;60;55;53;52;51;51;49;49;51;51;52;53;55;57;58;60;62;64;65;66;66;65;66;66;68;68;69;69;72;78;84;90;91;95;99;107;111;114;116;116;114;111;107;106;107;111;112;111;108;100;92;84;76;68;63;55;51;48;46;43;41;37;35;36;37;36;39;40;38;34;30;27;24;22;19;17;16;15;15;15;15;15;13;14;14;13;13;14;14;13;0;13;0;0;13;0;0;13;13;0;0;0;13;13;0;0;0;0;0;13;0;0;0;0;0;13;0;0;0;13;13;13;13;0;0;0;13;0;0
0;0;0;0;13;13;0;13;13;0;0;0;0;0;0;0;0;0;0;0;0;0;0;0;13;13;0;0;0;0;0;13;13;14;0;0;13;15;15;17;18;19;21;21;23;23;23;23;25;28;32;35;37;40;45;49;51;55;54;53;52;51;51;50;47;45;41;39;36;36;36;35;35;38;41;45;50;55;61;66;68;71;72;75;80;84;91;96;100;101;99;97;89;84;76;71;66;62;60;59;59;57;57;55;53;52;52;52;50;53;53;53;53;53;54;55;57;60;63;66;66;66;67;66;67;68;67;68;70;70;75;80;85;91;93;97;101;108;112;114;117;117;114;111;108;107;107;112;112;112;108;102;95;90;80;71;62;54;51;48;45;42;41;38;36;37;36;38;40;41;40;36;32;28;24;22;19;17;15;14;14;15;15;15;15;14;14;13;13;14;13;13;0;0;0;0;13;0;0;13;0;13;0;13;13;13;0;0;0;13;0;0;13;13;13;0;0;0;0;0;0;0;0;13;13;0;0;0;0;0;13
0;0;0;0;13;0;0;13;13;0;0;0;0;0;0;13;13;13;0;0;0;0;0;0;13;13;13;13;0;0;0;13;13;13;0;13;14;15;15;17;19;19;21;21;21;22;22;23;24;28;32;37;38;41;44;48;51;52;53;54;53;52;50;49;48;46;42;38;36;36;35;34;35;38;41;47;52;56;60;65;67;69;70;74;78;84;92;96;98;100;97;94;91;84;78;72;66;62;59;56;57;56;55;55;53;52;52;53;52;53;54;54;54;54;54;55;57;58;64;64;65;68;68;66;67;68;68;68;73;74;78;80;87;91;94;98;101;106;113;115;118;118;115;112;109;107;108;113;113;113;109;104;95;87;77;72;64;57;51;48;45;41;39;37;36;38;37;38;39;40;40;37;33;29;25;21;18;16;14;14;14;14;15;14;14;14;15;14;13;14;13;13;0;0;0;0;13;13;13;13;0;0;0;0;0;0;0;0;0;0;0;0;0;0;0;13;0;0;0;0;0;0;13;0;0;0;13;13;0;0;0
0;0;0;0;13;13;13;0;13;13;0;0;0;0;13;13;13;13;0;0;0;0;0;0;0;13;13;0;0;0;0;0;13;13;13;13;13;14;14;17;18;19;21;21;22;22;23;24;25;28;32;37;41;44;47;50;51;53;55;57;54;52;49;47;46;44;43;39;38;36;35;35;36;38;40;45;50;56;60;61;65;68;70;74;79;85;91;94;96;96;95;93;90;87;80;74;66;63;60;57;56;55;54;53;53;52;51;52;52;54;53;54;54;53;52;54;56;58;61;62;67;67;68;67;67;69;69;70;72;74;80;84;87;91;93;94;98;106;113;116;120;119;118;114;111;110;109;113;116;114;110;104;94;84;77;69;62;57;53;50;48;44;39;36;37;39;38;40;40;41;39;36;33;30;26;22;18;16;15;15;15;15;15;14;14;14;15;13;13;13;14;0;13;13;0;0;0;13;0;0;13;0;0;0;0;0;0;0;0;0;0;0;13;0;0;0;0;0;13;0;13;0;13;0;13;0;0;0;0;0;13
0;13;0;0;13;0;13;13;0;0;0;0;0;0;0;13;0;0;0;13;13;0;0;0;0;0;13;13;0;0;13;13;14;13;13;13;13;13;15;16;17;19;20;21;22;22;22;25;26;29;31;35;41;45;47;50;51;52;55;56;55;53;50;47;44;44;43;39;38;36;35;36;37;39;40;45;51;55;59;62;64;67;71;76;81;84;90;94;98;97;94;91;89;84;78;73;69;65;60;57;55;56;54;54;54;52;52;52;52;53;54;55;55;54;53;54;54;57;60;63;67;68;71;69;70;70;69;69;71;74;79;83;87;92;92;93;97;102;110;116;120;120;117;110;110;111;111;113;116;117;107;102;95;85;77;68;62;57;55;52;51;47;42;34;37;38;38;40;39;40;38;35;32;29;27;23;19;16;15;15;15;15;15;15;15;15;15;14;14;13;13;13;13;0;0;0;0;13;13;0;13;13;0;0;13;0;0;0;0;0;0;13;13;0;0;13;13;0;0;0;13;0;0;0;13;0;0;0;0;0;0
0;13;0;0;0;0;14;0;0;0;0;0;0;0;0;0;0;0;0;0;0;0;0;0;0;0;13;0;0;0;0;0;13;13;13;13;13;14;15;16;17;20;20;21;22;22;23;25;26;30;32;35;40;44;47;49;51;54;54;56;58;54;50;47;42;43;42;40;37;36;36;36;38;40;42;44;51;55;60;64;66;68;70;75;80;85;89;92;94;96;94;92;89;85;79;75;71;66;62;59;56;56;55;53;53;54;53;52;53;54;54;56;55;54;54;53;54;56;60;61;65;67;68;67;69;67;68;68;71;76;79;82;86;89;92;95;98;101;109;116;120;120;117;113;109;108;109;111;113;111;109;103;96;86;77;67;60;55;55;52;52;49;42;38;37;37;39;40;40;40;38;35;33;28;27;23;20;16;16;14;15;15;14;14;15;16;15;14;14;13;13;13;0;13;0;0;14;13;13;0;0;0;0;13;0;0;0;0;0;0;0;0;0;0;0;0;13;13;13;13;13;0;0;13;13;0;0;0;0;0;0
0;0;0;0;0;0;0;0;13;0;0;0;0;0;13;0;0;0;13;0;0;13;0;0;0;0;0;0;0;0;0;0;14;13;0;0;13;14;15;17;18;20;21;21;21;22;24;26;29;30;32;35;39;43;47;51;53;53;54;55;57;56;52;48;44;41;40;39;37;35;35;36;36;37;41;45;51;58;63;65;66;69;71;75;81;85;90;93;93;94;92;91;87;83;76;72;70;66;63;60;60;57;56;55;52;52;52;52;52;53;53;54;55;55;55;56;57;56;59;60;61;65;66;66;65;66;67;65;70;75;78;83;86;88;91;95;99;104;110;116;120;118;114;111;109;108;109;112;112;112;111;105;99;88;76;68;61;56;55;55;54;50;43;39;37;39;39;41;43;42;40;37;32;28;27;23;20;16;16;15;15;14;14;15;15;15;14;14;14;14;13;13;0;0;0;13;0;0;0;13;13;13;0;0;0;13;0;13;0;13;13;0;0;0;0;13;13;13;13;13;0;0;0;0;13;0;13;0;0;0;0
0;0;0;0;0;0;0;0;0;0;13;0;0;0;0;13;0;0;0;0;0;0;0;0;0;0;13;0;13;0;0;13;0;13;13;0;14;15;16;16;17;19;19;20;21;21;23;26;28;30;32;36;38;43;47;50;53;53;54;55;56;57;54;50;44;40;39;39;36;37;34;35;37;38;42;47;53;59;62;65;68;71;73;79;83;86;92;94;92;92;91;90;85;81;77;71;67;65;64;62;61;58;56;54;52;51;53;53;53;54;56;55;55;55;56;57;57;57;58;61;63;64;63;65;66;66;67;68;72;75;77;82;88;89;91;93;98;102;110;117;118;117;113;111;111;110;112;115;115;113;111;107;100;88;79;69;60;58;56;56;54;49;42;38;36;38;39;42;42;42;41;37;33;30;27;23;19;16;16;15;15;14;14;15;13;14;14;14;14;13;13;13;13;0;0;13;13;0;0;0;0;0;13;0;0;13;0;0;0;0;0;0;0;0;13;0;13;13;0;0;0;0;13;13;13;13;13;0;0;0;0
0;0;0;0;0;0;0;0;0;0;0;0;0;0;0;0;0;0;0;0;0;0;0;0;0;0;13;13;13;0;13;14;13;13;14;13;14;15;15;16;18;19;20;21;21;22;23;24;27;30;33;37;38;42;46;49;52;54;52;54;55;57;55;50;45;42;40;39;36;38;37;37;37;39;43;48;53;58;62;66;71;72;74;79;82;83;88;91;93;90;89;87;85;79;74;70;67;65;63;61;60;58;56;55;54;54;54;54;55;55;58;57;58;59;59;58;57;58;59;61;64;64;65;65;66;67;68;68;71;73;77;81;85;89;91;92;96;100;107;111;115;116;113;114;113;113;114;115;115;114;109;106;99;90;80;70;63;59;57;56;53;48;42;38;38;39;41;41;41;41;41;38;33;30;27;24;20;17;16;15;15;15;14;15;15;14;14;15;15;15;14;13;13;0;0;0;13;13;13;13;13;13;13;0;0;13;0;0;0;0;0;0;0;13;13;13;13;0;0;0;0;0;0;0;0;13;13;13;0;0;13
0;0;0;0;13;0;0;13;0;0;13;0;0;0;0;0;0;0;0;0;0;0;0;0;0;0;0;0;13;0;13;13;13;13;13;13;14;15;15;16;18;19;20;20;22;22;22;25;26;30;34;37;38;40;45;48;50;50;52;54;54;55;54;51;47;45;41;39;38;38;38;36;37;39;43;47;52;57;61;67;73;74;76;80;82;83;85;89;91;91;88;87;83;78;72;69;66;62;61;61;58;58;57;56;55;55;54;54;54;56;59;58;59;59;59;60;59;62;61;62;63;65;66;65;64;65;67;68;70;75;78;81;86;90;93;94;96;99;104;109;113;115;113;114;114;110;112;112;114;112;107;104;98;90;81;72;65;59;58;55;52;47;42;40;41;40;40;40;41;41;41;37;33;29;27;28;20;16;14;14;15;15;14;14;15;15;14;14;13;14;14;13;0;0;0;0;0;13;13;13;13;13;0;0;0;13;0;0;0;0;0;0;0;0;13;13;13;0;0;13;13;0;0;0;0;0;13;0;0;0;13
0;0;0;0;0;0;0;13;13;0;13;0;0;0;0;0;0;0;0;0;0;0;13;0;0;0;0;0;0;0;13;13;13;13;13;13;14;16;17;16;18;19;19;20;22;23;24;25;25;29;34;37;40;41;44;47;49;49;51;53;54;54;53;52;48;45;41;39;38;36;37;37;38;41;43;46;50;56;61;66;73;74;76;78;81;82;87;87;89;90;88;85;81;78;73;69;64;63;61;59;58;57;56;54;56;55;54;54;54;57;58;58;60;60;60;61;59;61;62;64;63;66;66;64;64;65;67;67;69;75;78;84;87;90;90;94;96;98;103;108;113;115;114;114;115;112;113;112;111;108;105;101;96;89;82;72;66;61;58;55;53;48;43;40;40;41;40;39;41;41;41;37;33;30;29;26;22;16;15;15;16;15;14;15;14;15;14;14;14;13;0;0;0;0;0;0;0;0;13;0;0;13;13;0;0;13;0;0;13;0;0;0;0;0;0;13;0;0;0;0;13;0;0;0;0;0;0;0;0;0;0
0;0;0;0;0;0;0;13;0;0;13;0;0;0;0;0;13;13;0;0;13;0;0;0;0;0;13;0;0;0;13;13;13;13;13;13;14;16;16;17;18;20;20;19;22;22;24;25;26;29;33;35;39;41;43;45;49;50;52;55;55;54;52;51;49;44;41;39;37;36;37;36;38;40;43;45;50;55;60;67;71;73;78;80;81;82;84;85;87;88;86;84;82;77;73;69;64;62;60;59;57;56;55;54;54;52;54;54;55;56;58;59;61;60;60;60;60;61;61;64;65;67;65;64;64;64;64;66;68;71;77;83;88;90;92;95;100;103;107;108;110;112;111;112;114;112;112;113;111;107;103;100;96;90;82;73;66;62;60;58;53;49;44;39;40;40;39;41;42;41;41;38;33;29;28;26;22;18;16;16;14;14;14;14;13;14;14;15;14;13;13;0;0;0;0;13;13;0;0;0;13;13;13;0;0;13;13;13;0;0;0;0;0;13;0;13;0;0;0;0;0;0;13;13;0;0;0;0;0;0;13
0;0;0;0;13;13;0;13;13;0;13;0;0;0;0;0;0;0;0;0;0;0;0;13;0;0;0;0;0;13;0;0;0;13;0;13;14;16;16;17;18;19;20;20;22;23;24;25;28;30;32;34;38;40;43;45;48;49;53;55;54;55;52;50;46;45;42;39;38;37;37;37;40;41;42;46;51;55;61;66;69;74;77;81;84;83;85;86;88;87;85;82;79;74;72;68;63;61;58;57;54;55;55;56;55;55;56;53;53;54;56;57;60;60;61;62;61;63;63;66;67;69;65;64;64;63;62;65;68;73;77;82;86;89;93;98;103;107;108;110;110;111;111;113;116;116;116;113;110;108;104;100;94;89;81;73;65;60;59;56;53;51;45;42;40;40;39;40;41;43;43;39;33;30;28;25;22;18;16;16;15;14;14;14;14;15;14;15;14;13;0;0;0;0;0;0;13;13;13;13;14;14;13;0;0;0;0;0;0;0;0;0;0;0;0;0;0;0;0;0;0;0;13;14;0;0;0;0;0;0;0
0;0;0;0;13;0;13;13;13;13;13;13;0;0;0;0;0;0;0;0;0;0;13;0;0;0;13;0;0;0;0;13;13;13;0;14;15;15;16;17;18;19;20;20;21;23;24;25;27;31;33;35;38;38;41;44;48;51;55;58;56;56;53;51;47;45;45;41;40;38;37;39;41;42;44;47;49;56;61;65;66;72;76;78;83;84;85;85;86;85;82;79;76;73;70;67;63;59;56;55;55;53;53;54;54;54;53;54;53;53;54;56;59;58;60;63;62;65;65;67;67;68;66;66;63;62;62;65;69;74;78;81;85;89;94;101;106;110;113;111;109;107;108;111;114;118;117;114;111;107;103;100;95;90;82;71;65;60;58;56;53;49;45;42;40;40;41;41;41;44;45;41;35;30;28;25;22;18;16;15;15;15;13;14;14;14;14;15;15;13;0;0;0;0;0;13;13;13;13;13;14;13;13;13;13;0;0;0;13;0;0;13;0;0;13;13;0;0;0;0;0;0;0;0;0;0;0;0;13;0;0
0;13;0;0;0;0;0;0;0;0;13;0;0;0;0;0;0;0;0;0;0;0;0;0;0;13;13;0;0;0;0;0;0;0;13;14;14;14;15;17;17;18;19;20;21;23;24;25;27;31;34;35;37;39;41;43;46;51;54;56;56;57;54;52;48;46;45;42;41;39;38;40;41;42;45;49;52;56;59;64;68;72;76;79;82;84;84;84;84;83;80;76;74;71;68;65;62;58;56;54;53;52;52;53;54;53;53;53;54;54;54;56;59;58;60;61;62;64;64;67;69;69;68;64;63;62;64;66;69;72;76;79;85;90;96;102;109;112;112;111;109;108;109;110;112;114;112;112;111;107;104;100;95;91;82;73;66;60;58;57;53;49;43;41;42;42;41;41;42;45;45;41;36;31;28;26;23;19;16;15;15;15;14;13;15;14;14;14;14;14;14;13;13;0;13;13;0;13;13;13;14;13;13;13;0;0;0;13;0;0;13;13;13;13;0;0;0;0;0;0;13;13;0;0;13;0;0;0;0;0;0
0;0;0;13;13;0;14;13;13;13;0;0;0;0;0;0;13;13;0;0;0;0;0;0;0;0;0;0;0;0;0;0;0;0;14;15;15;15;16;16;18;18;19;19;21;23;24;26;27;31;34;35;36;38;38;44;47;51;53;55;56;55;53;52;52;47;46;44;43;41;40;40;42;44;48;49;52;56;58;62;66;73;77;80;81;84;84;84;80;79;77;75;73;71;68;62;60;56;54;54;52;52;52;54;55;54;54;54;54;55;53;54;56;56;59;61;64;65;66;68;70;70;67;67;65;64;66;67;69;73;75;79;83;89;97;103;108;114;114;113;109;109;110;110;111;112;112;112;112;111;105;101;96;88;82;74;66;62;57;57;53;50;43;41;42;42;42;42;43;45;44;40;36;31;28;26;23;19;17;14;14;14;14;15;15;13;14;14;14;15;13;13;13;0;13;13;0;13;13;14;13;13;13;0;0;0;0;0;0;13;0;0;0;13;13;0;13;0;0;0;0;0;0;0;0;0;13;0;0;0;0
0;0;0;0;0;0;13;13;0;0;0;0;0;0;13;0;0;0;0;0;0;13;13;0;0;0;0;0;0;13;0;0;0;0;13;15;16;17;17;16;17;18;19;21;22;24;24;25;27;30;35;37;36;38;40;42;46;49;51;53;55;56;55;52;51;48;48;46;44;42;40;40;41;42;45;47;50;54;58;62;66;70;73;77;79;81;81;82;80;78;76;76;74;69;67;63;60;57;53;51;53;51;51;53;55;56;55;57;55;55;54;55;56;55;58;60;62;66;67;69;71;69;68;67;66;66;67;68;68;71;74;79;83;90;98;102;107;112;113;113;110;110;110;110;112;108;110;112;111;112;108;103;96;89;82;76;68;64;59;57;53;51;45;43;43;42;41;41;42;44;43;40;36;32;29;26;22;18;16;16;15;14;14;15;15;15;14;14;14;14;13;0;0;0;13;0;0;13;13;14;13;13;14;0;0;13;0;0;0;0;13;0;0;0;13;0;0;0;0;0;0;0;0;0;0;0;13;0;0;0;13
0;0;0;0;13;0;0;0;0;0;0;0;13;0;0;0;0;0;0;0;0;13;0;0;0;0;0;0;0;13;0;0;13;13;13;15;15;17;16;16;16;17;19;21;23;24;24;26;28;32;35;37;36;36;38;39;43;48;51;53;54;56;54;53;51;50;50;46;44;43;41;40;40;41;44;47;50;52;58;63;66;70;72;73;75;77;77;81;80;78;76;75;74;71;67;63;60;57;54;52;51;52;52;52;54;55;55;54;55;54;52;54;55;56;57;59;61;64;67;69;71;70;69;68;66;66;66;69;70;70;74;80;84;91;98;101;106;109;114;116;115;114;112;110;110;110;111;111;112;114;110;101;94;90;81;75;69;64;59;56;52;49;47;44;43;41;40;41;44;46;45;41;37;34;30;25;22;18;16;15;15;14;15;15;14;14;14;14;14;14;13;0;0;13;13;0;13;0;0;13;0;0;0;0;13;13;0;0;0;0;0;0;0;13;13;0;0;13;0;0;0;0;0;0;0;0;0;0;0;0;0
0;0;0;0;0;0;0;0;0;0;0;0;0;0;0;0;0;0;0;0;13;13;0;0;0;0;0;0;0;13;13;13;13;0;14;15;15;18;17;16;17;17;18;20;22;24;25;27;31;33;35;37;37;36;36;38;42;46;50;53;54;53;54;53;52;52;50;50;46;44;42;42;42;42;42;46;49;53;57;61;65;67;69;70;72;73;75;78;79;77;77;77;75;73;70;66;61;58;57;53;52;52;51;52;53;53;53;53;53;50;51;53;54;55;55;58;60;62;63;69;68;67;66;66;66;66;67;69;70;73;76;80;85;91;97;102;109;112;117;117;118;116;112;115;112;111;113;113;113;114;110;101;94;88;81;75;70;64;58;55;52;48;46;45;41;39;38;41;43;44;45;42;38;34;29;24;21;19;17;16;15;14;15;14;15;14;14;14;14;14;14;0;0;0;0;0;13;13;13;14;13;13;0;13;13;13;0;0;13;0;0;0;0;0;0;0;0;13;0;13;0;13;13;13;0;0;0;0;0;0;0
0;0;0;13;0;0;13;13;13;13;0;0;0;0;0;0;0;0;0;0;13;0;0;0;0;0;0;0;0;0;0;13;13;13;15;15;16;16;16;17;16;17;18;20;20;22;25;27;32;33;35;35;35;35;36;37;41;46;50;53;55;53;54;53;52;53;50;51;47;44;41;41;41;42;43;45;47;53;57;61;66;66;67;70;71;75;74;77;77;76;78;76;76;75;71;65;63;60;57;55;54;53;52;52;53;52;52;52;51;50;51;51;54;54;55;57;58;59;61;64;65;65;64;65;65;68;69;70;71;75;78;80;84;90;94;103;108;111;118;117;117;118;114;114;112;110;111;113;114;112;109;102;96;88;80;73;68;63;58;55;52;48;45;43;39;39;41;42;43;43;45;44;39;34;28;24;22;19;17;16;16;15;15;14;15;15;14;14;14;13;13;0;0;0;0;0;0;13;13;0;13;0;0;13;0;0;0;0;13;13;0;0;0;13;0;0;0;0;0;0;0;13;13;13;13;0;0;0;0;0;13
0;0;0;0;13;13;13;0;0;0;0;13;0;0;0;0;0;0;13;0;0;0;0;13;13;0;0;0;0;0;0;13;13;13;14;15;15;15;15;18;16;16;17;19;20;22;24;29;33;33;35;35;34;35;36;37;39;46;51;52;54;54;56;54;52;51;52;50;46;42;42;41;40;43;43;45;48;53;57;61;65;66;68;72;72;74;75;76;77;76;77;76;74;72;69;65;63;59;57;55;52;53;52;51;52;51;50;49;49;48;49;51;54;53;54;54;55;59;59;60;61;62;62;63;65;68;68;70;72;74;75;78;84;90;96;104;109;113;114;115;116;117;114;113;110;109;108;110;110;109;108;105;100;90;82;73;67;63;58;56;52;48;45;42;39;38;41;42;43;45;45;43;40;36;29;24;21;17;16;15;15;15;14;14;15;15;14;14;14;14;14;0;0;0;0;0;0;13;13;13;13;0;0;13;13;13;0;0;0;0;0;0;0;0;0;0;0;0;0;0;0;13;13;0;0;0;0;0;0;0;0
0;0;0;0;0;13;13;13;13;13;0;0;13;13;13;0;0;13;0;0;0;0;0;0;0;13;0;0;0;0;0;13;13;13;14;15;15;16;15;17;17;17;18;20;20;22;24;30;33;34;36;36;35;36;36;37;40;45;50;54;54;56;55;53;51;51;49;47;45;43;42;40;41;42;43;44;49;54;59;62;65;68;69;73;74;74;75;77;77;77;77;76;71;70;67;66;62;59;58;55;53;54;52;51;51;51;49;47;48;48;49;52;53;52;53;53;53;55;55;57;58;60;61;63;64;64;66;68;69;73;74;77;82;88;95;102;108;112;113;112;114;115;115;113;110;106;102;106;107;109;107;104;97;87;78;71;65;63;58;55;51;47;44;40;39;39;42;44;44;45;45;43;40;36;30;25;22;20;16;15;15;14;14;14;15;15;15;15;15;14;13;13;13;0;0;0;13;0;0;13;0;13;0;13;13;13;0;0;0;0;0;0;0;13;0;0;0;0;0;0;0;0;0;0;0;0;0;0;13;13;13
0;0;0;13;0;0;13;0;0;0;0;0;0;13;13;13;13;0;0;0;0;0;0;0;0;0;0;13;0;0;13;13;13;14;15;16;16;16;15;16;16;17;18;20;22;23;25;30;32;33;35;36;35;36;35;38;41;45;49;53;54;55;55;54;51;50;48;48;47;46;44;41;40;42;43;47;51;55;59;62;65;67;70;74;73;74;75;76;79;78;77;75;72;71;68;65;62;59;56;55;53;52;52;51;51;50;50;47;49;49;49;52;52;52;53;53;52;53;54;57;59;60;61;62;63;63;65;69;68;69;73;76;80;86;92;97;104;107;109;111;112;114;114;112;108;104;101;100;103;107;108;105;99;86;76;70;64;59;56;55;51;48;45;41;39;38;43;46;46;46;44;42;38;34;30;26;22;19;17;14;15;14;14;14;15;15;15;15;15;15;13;13;13;13;0;0;13;13;13;14;13;13;13;0;0;0;0;0;0;0;13;0;0;13;0;0;0;0;0;0;0;0;0;0;0;0;0;13;13;0;14
0;0;0;0;0;0;0;0;0;0;0;0;0;13;13;0;0;0;0;0;0;0;0;0;13;13;0;13;13;13;13;13;14;14;15;16;17;16;16;16;16;17;17;19;22;25;27;28;30;33;34;35;34;35;36;39;42;45;48;51;52;53;53;51;50;49;49;47;46;47;44;42;41;45;46;49;52;54;59;62;65;68;72;74;75;76;76;80;79;80;79;77;75;72;70;67;63;61;58;56;57;55;54;51;51;50;49;51;49;49;52;52;52;53;52;52;53;54;55;56;57;59;60;61;61;63;66;68;68;69;72;76;80;85;89;97;100;102;105;109;111;115;115;112;103;102;98;98;102;106;107;105;98;86;77;69;64;60;57;53;51;48;45;41;39;39;43;47;50;47;43;40;38;34;30;26;21;17;15;14;15;15;14;15;16;15;15;15;14;14;13;13;13;0;0;13;13;13;13;14;13;0;0;0;0;13;13;0;0;0;0;0;0;14;13;0;0;0;13;13;0;0;0;0;0;0;13;0;13;0;13
0;0;13;13;0;0;0;0;0;0;0;0;0;13;13;13;13;0;0;13;0;0;13;13;13;0;13;13;14;14;0;0;13;13;14;16;16;17;17;16;16;16;18;20;22;25;27;28;30;33;35;37;36;36;37;39;41;43;45;50;52;52;53;51;50;49;47;46;45;45;44;43;42;43;46;48;52;55;59;63;67;69;72;74;76;78;79;82;80;81;81;79;78;76;73;70;65;64;62;59;57;55;54;54;53;52;50;50;51;49;51;51;52;53;52;51;53;53;54;55;57;57;58;59;59;62;64;68;69;72;75;77;81;86;91;93;95;100;105;108;111;112;112;112;105;100;96;98;101;105;104;101;95;84;78;71;63;58;55;52;53;49;46;41;41;40;44;49;50;47;42;39;37;34;31;26;21;17;16;14;13;15;15;15;14;15;15;15;14;14;13;13;13;13;0;0;13;13;13;13;13;0;0;0;0;13;13;0;0;13;0;0;13;13;13;13;0;0;0;0;0;0;0;0;0;0;13;0;13;0;0
0;0;13;13;13;13;0;0;0;0;0;13;0;0;0;0;0;0;0;13;0;0;0;13;13;13;13;13;13;13;0;13;13;13;14;15;15;18;16;17;16;16;18;20;23;23;26;29;31;33;34;37;37;37;37;37;39;42;46;49;51;50;50;49;49;48;46;45;46;45;44;45;43;43;47;48;51;55;60;65;70;73;72;75;76;78;80;82;84;82;81;79;76;74;72;71;68;66;61;60;58;56;54;55;55;54;51;51;52;52;52;52;53;53;52;50;51;52;53;56;55;55;56;56;58;64;67;70;72;73;76;80;84;90;93;93;97;100;105;107;107;110;111;109;105;101;98;97;101;104;105;101;94;85;80;73;65;58;56;55;52;50;48;44;40;39;44;47;49;46;42;39;37;34;29;24;21;18;15;14;14;15;15;16;15;14;15;14;14;13;13;13;13;13;13;13;13;0;13;13;13;0;13;0;13;0;0;0;13;13;0;0;13;13;13;0;0;0;0;0;13;0;0;13;13;0;0;13;0;0;0
0;0;0;0;0;13;0;0;0;0;13;13;0;0;0;0;0;13;0;0;0;0;13;13;14;14;13;13;0;13;13;13;13;13;14;15;16;16;16;17;16;16;17;19;22;24;27;28;30;32;35;36;38;39;39;39;40;43;46;47;48;48;49;49;48;47;46;45;45;44;43;44;45;44;47;50;52;57;61;64;72;75;76;80;81;80;81;84;84;83;83;80;78;74;74;71;68;65;62;60;57;56;55;54;53;54;53;52;53;54;56;54;54;53;52;51;51;50;49;50;51;54;54;56;60;62;65;69;72;74;77;82;86;91;94;95;96;97;103;105;107;112;111;110;107;104;101;100;104;102;102;100;94;87;82;72;65;59;55;56;53;51;47;43;39;37;42;45;47;46;43;40;38;34;28;23;22;18;15;14;14;14;15;15;15;15;14;14;14;14;13;13;0;0;0;0;14;13;13;14;13;0;13;13;13;0;0;0;13;13;0;0;0;13;13;0;0;0;0;0;0;0;0;13;13;0;0;13;13;0;0
0;0;0;13;13;13;13;13;0;0;0;0;0;0;0;13;0;0;0;0;0;13;0;13;13;14;13;13;0;0;13;13;0;13;14;14;16;16;15;15;17;17;18;20;22;23;25;28;30;32;35;38;42;40;40;41;41;43;45;47;47;47;47;46;46;46;45;44;44;43;44;45;47;48;50;52;52;59;63;65;72;76;79;82;86;84;85;85;86;86;83;81;79;77;73;70;68;65;62;60;59;56;55;54;53;54;54;55;55;55;54;56;55;53;52;50;50;48;47;48;51;52;53;56;58;63;65;70;71;75;78;81;86;89;91;95;95;98;99;103;109;110;111;110;107;104;101;101;100;100;100;97;92;88;82;73;65;60;59;56;53;50;45;41;38;38;41;44;46;46;44;40;38;35;29;25;21;18;15;14;14;15;15;14;15;15;15;13;13;13;13;13;0;0;0;13;0;13;14;14;13;13;13;0;13;0;0;0;13;13;0;13;0;13;13;13;0;13;0;13;13;13;0;0;13;0;0;13;13;0;0
0;0;0;0;13;0;0;0;0;13;0;0;0;0;0;13;13;13;0;0;0;0;13;13;13;14;14;14;0;13;13;0;13;14;13;15;15;16;16;17;17;17;18;19;21;24;25;28;29;31;34;38;41;41;40;41;41;44;46;47;46;45;45;45;43;44;43;43;43;43;43;44;48;51;53;55;57;61;62;66;70;75;81;84;88;88;87;88;88;87;84;82;77;75;72;69;67;63;60;59;58;56;56;56;57;56;56;56;56;58;58;58;56;55;52;49;50;48;48;48;49;50;51;55;57;59;62;66;69;72;77;80;84;88;90;91;96;95;95;98;105;108;110;110;107;104;101;101;100;101;98;95;91;87;81;73;67;60;59;57;53;49;45;42;39;40;42;44;47;47;45;38;36;33;29;25;21;17;16;14;14;15;15;14;15;15;15;15;14;13;13;13;0;0;0;0;0;0;13;13;13;13;13;0;13;0;0;0;0;0;0;0;0;13;13;0;0;0;0;13;0;0;0;0;0;0;0;13;0;0;0
13;0;13;0;13;0;0;0;0;0;0;0;0;0;0;13;0;13;13;14;13;0;0;0;13;14;15;14;13;13;13;0;13;13;14;16;16;16;16;16;16;17;18;20;23;24;25;27;27;31;34;38;41;43;42;41;42;42;46;46;45;44;43;43;42;41;42;44;45;45;46;45;48;52;56;60;62;64;67;68;71;73;79;83;87;86;87;89;88;85;82;80;78;74;69;67;67;63;62;61;59;56;58;57;57;57;57;57;57;57;58;57;58;59;56;53;51;49;49;49;48;50;52;51;55;56;60;63;67;70;74;79;84;87;91;92;92;93;94;96;99;104;108;107;105;105;102;102;101;99;96;92;89;86;81;73;65;60;56;55;54;50;45;43;40;41;41;44;47;46;42;38;34;33;30;25;21;17;15;14;14;14;14;14;14;15;15;15;14;14;13;13;0;0;0;0;13;13;13;13;14;13;0;13;0;0;0;13;0;0;0;0;0;0;0;0;13;0;0;13;0;0;0;13;0;0;13;0;0;0;0
0;0;0;13;13;0;0;0;0;0;0;0;13;0;0;13;0;0;13;13;13;0;0;13;13;14;14;14;13;13;0;0;13;13;15;16;15;16;16;16;16;16;18;20;22;23;26;27;28;30;34;38;42;44;44;44;43;42;44;45;44;42;40;39;39;40;42;45;46;45;46;47;48;53;58;62;66;65;67;69;73;74;78;85;87;87;88;89;88;85;83;79;77;74;68;66;65;63;62;62;61;59;59;58;58;58;59;56;57;57;56;58;60;60;57;56;54;54;51;51;50;49;52;52;50;55;59;62;63;67;73;76;82;85;88;90;88;89;92;95;98;103;106;105;104;105;103;103;103;99;95;90;87;84;79;73;65;60;57;54;53;48;43;42;40;41;41;44;47;46;41;38;34;33;30;24;21;17;15;14;13;13;13;13;14;15;16;15;14;14;13;13;0;0;0;13;13;14;0;0;13;0;13;0;0;13;0;0;0;0;0;0;0;13;13;0;0;0;0;0;0;0;0;0;0;0;0;13;13;0;0
0;0;0;0;0;13;0;0;0;0;0;13;13;0;0;13;0;13;13;13;13;13;13;13;13;13;14;14;13;13;0;0;13;14;15;15;14;16;16;17;16;17;18;19;21;22;25;27;29;31;34;38;42;44;47;48;46;44;46;45;43;40;38;37;37;39;41;45;45;45;46;48;48;52;57;63;65;66;69;71;74;76;79;82;84;87;89;90;89;86;84;82;78;73;70;65;63;64;62;61;60;58;59;59;59;57;59;56;56;57;57;58;61;60;58;59;57;56;54;52;52;52;52;52;51;53;55;57;60;64;72;77;80;84;88;90;87;90;91;96;98;101;103;102;102;105;104;106;105;101;95;91;87;82;78;72;65;62;58;56;51;47;44;40;39;40;41;44;44;43;40;37;34;31;29;25;21;18;16;14;13;13;13;13;14;15;15;15;15;14;13;0;0;0;0;13;13;14;13;0;0;13;0;0;0;13;0;13;0;0;0;0;13;0;0;0;0;0;0;0;0;0;0;0;13;13;0;0;13;0;0
0;0;0;13;0;0;13;0;0;0;0;0;0;0;0;13;0;0;13;0;13;13;13;13;13;13;13;13;0;0;14;0;13;14;15;15;15;16;16;16;15;17;18;19;20;21;24;27;29;32;36;39;43;46;50;48;47;47;47;45;41;40;37;37;38;39;40;43;45;45;47;49;50;53;58;61;65;67;70;71;75;78;81;82;83;85;89;89;87;86;84;80;77;73;70;67;63;62;61;58;58;57;56;57;57;57;58;55;55;56;56;57;58;59;58;59;59;57;55;55;54;52;52;51;50;51;52;56;60;66;71;78;81;83;87;89;91;92;92;95;96;98;99;101;102;106;106;106;105;103;97;91;86;84;79;73;67;61;57;56;51;47;44;40;39;40;42;42;43;42;40;40;36;30;27;24;20;17;16;14;14;13;13;14;14;15;16;15;14;13;13;0;13;0;0;13;13;13;0;0;0;0;0;0;0;13;0;0;0;0;13;0;13;0;0;0;0;0;0;0;0;0;0;0;13;13;13;13;0;0;0
13;0;0;13;0;0;0;0;0;13;0;0;0;0;0;13;13;13;13;13;13;13;0;13;13;0;0;13;0;0;0;0;13;14;14;14;15;16;15;16;16;17;18;19;19;20;22;25;28;33;38;41;46;48;50;50;49;48;45;45;39;37;37;39;39;40;42;44;45;46;48;50;52;55;58;62;67;67;70;73;79;80;83;83;83;84;87;87;87;87;84;79;76;72;69;66;62;59;57;56;56;55;55;55;58;56;55;53;53;54;54;55;56;56;58;58;58;57;57;57;57;52;52;52;53;52;52;55;59;67;73;78;83;86;88;89;90;91;93;92;94;100;97;101;107;104;105;105;105;99;95;91;88;84;79;73;67;62;59;56;51;46;43;40;40;39;41;42;42;41;40;39;37;32;28;22;20;17;16;13;14;14;15;15;15;14;15;15;14;0;13;0;0;0;0;13;13;13;0;13;13;0;0;0;0;13;0;0;0;0;0;0;0;0;0;0;0;0;0;0;0;0;0;13;0;13;13;0;0;13;13
13;13;13;13;0;0;0;0;0;0;0;0;0;13;0;0;0;0;0;13;13;0;13;13;13;13;13;13;0;0;0;0;13;14;14;15;16;16;15;16;17;18;18;19;18;20;22;25;29;33;38;42;47;48;49;50;49;47;44;42;40;38;37;38;40;41;42;45;47;49;50;53;55;57;60;63;64;67;71;74;76;80;83;84;83;83;85;84;85;85;83;81;77;71;67;64;59;57;54;53;53;52;53;54;55;54;54;53;53;53;54;56;56;56;56;56;57;57;57;56;55;54;53;52;52;51;52;56;60;67;72;77;83;88;87;88;91;94;92;90;93;94;97;102;105;106;105;103;103;102;98;91;87;84;79;74;67;63;59;55;49;45;43;39;39;41;41;41;42;42;41;39;37;32;28;23;20;17;15;13;14;15;15;14;15;15;16;16;15;14;13;0;13;13;0;0;13;13;13;13;13;0;0;0;13;0;0;0;0;0;0;0;0;0;0;14;13;0;0;0;0;0;0;0;0;13;13;13;0;13;13
0;13;13;13;0;0;0;0;0;0;13;0;0;0;0;0;0;13;13;13;13;0;13;13;13;13;14;0;0;0;0;0;13;0;14;16;16;15;16;17;17;18;18;18;17;18;21;25;29;33;37;42;46;50;50;51;49;48;45;42;38;36;36;37;40;43;44;46;49;48;50;51;56;60;63;65;67;68;70;74;76;82;82;85;87;87;84;82;80;80;79;79;76;72;67;64;59;56;53;50;50;49;50;53;54;52;54;53;53;53;53;54;54;56;55;56;56;56;55;56;55;55;54;53;52;53;53;57;61;68;72;76;82;85;88;91;91;91;91;92;93;95;98;100;102;103;103;103;103;101;98;92;88;84;81;75;67;63;58;53;50;44;43;42;41;41;40;40;41;41;40;38;36;33;27;22;19;17;15;14;13;15;15;14;14;15;15;14;14;13;0;13;13;0;13;13;13;13;13;0;0;13;0;0;13;13;0;0;0;0;0;13;0;0;0;13;13;13;0;0;0;0;0;0;0;13;0;13;0;0;0
13;13;0;13;0;0;0;0;0;0;0;0;0;0;13;13;13;0;0;0;0;0;0;0;13;13;0;0;0;0;13;0;13;0;14;15;15;15;16;17;19;19;19;19;18;18;20;23;28;32;37;43;48;53;53;52;50;47;44;42;37;36;36;36;38;43;45;48;50;48;51;53;55;60;64;65;68;68;71;73;74;77;81;84;85;85;81;79;78;77;76;75;74;73;67;64;59;56;52;49;49;48;50;52;52;52;52;52;52;52;52;53;54;55;54;55;56;57;56;55;56;57;55;54;53;53;54;56;61;66;72;75;80;84;90;93;94;92;94;96;97;98;97;99;101;101;102;104;103;102;97;91;87;83;80;73;67;62;56;53;49;44;44;44;43;41;41;40;41;42;40;38;35;33;27;22;19;17;15;14;14;14;15;14;14;15;15;15;14;0;0;13;0;0;0;0;13;13;13;0;0;0;0;0;13;13;0;0;0;0;0;13;13;13;13;13;13;0;0;0;0;13;0;0;0;0;13;0;0;0;0
13;0;0;13;0;0;0;0;0;13;0;0;0;0;13;13;13;0;0;13;0;0;0;0;13;13;13;13;14;0;13;13;13;13;13;14;14;15;16;17;19;19;20;19;19;19;20;23;27;33;38;43;50;54;55;54;49;47;44;40;39;37;35;36;39;43;47;48;50;50;50;53;56;60;62;64;67;68;69;70;73;76;79;81;82;83;81;78;76;76;73;71;71;70;67;63;59;56;53;50;50;48;49;49;49;51;50;51;52;52;53;52;53;54;56;57;57;59;58;57;56;56;54;53;55;55;56;57;61;64;69;74;79;83;89;93;96;98;95;96;96;98;98;100;100;100;101;105;106;104;98;92;87;83;78;70;67;62;59;53;49;46;43;43;42;41;41;41;42;42;39;37;35;32;27;22;18;17;15;14;14;14;15;15;15;14;15;15;13;13;0;13;0;0;0;13;13;13;14;13;0;0;0;0;0;13;0;13;0;13;13;0;0;0;0;0;13;0;0;0;0;13;0;13;0;13;13;0;0;0;0
0;13;13;13;13;0;0;0;13;13;0;0;13;0;0;13;14;13;13;13;0;0;0;0;0;0;13;13;13;13;0;13;13;13;13;13;15;15;16;18;20;20;20;19;19;18;18;21;26;33;38;43;52;56;56;55;52;47;44;41;39;37;36;37;39;44;48;50;51;50;52;54;56;59;62;65;67;67;69;71;71;76;77;79;81;84;80;78;76;77;74;73;72;68;65;62;59;56;55;51;49;47;47;48;49;49;49;50;51;50;52;52;52;54;56;58;58;58;58;59;59;57;53;55;55;55;58;59;61;65;67;72;77;83;88;92;98;97;98;98;98;98;99;102;101;102;102;107;109;107;99;93;87;83;79;72;67;63;58;53;51;47;43;42;42;40;41;41;43;42;40;37;34;31;27;22;18;16;14;14;15;14;14;14;16;15;15;15;13;13;0;13;0;0;0;13;13;14;13;13;0;0;0;0;0;0;0;0;13;0;0;0;0;0;0;0;0;0;0;0;0;13;13;13;0;0;0;0;0;0;0
0;0;13;13;13;0;0;0;0;0;0;0;0;13;13;13;13;13;0;0;0;0;0;13;0;0;13;0;0;0;0;13;13;14;14;14;15;16;17;19;20;21;20;19;18;17;18;21;26;33;39;46;53;56;58;56;52;46;41;40;38;38;38;40;42;45;49;51;54;53;53;53;54;58;63;64;65;65;66;70;71;75;77;79;82;82;80;80;81;78;75;74;70;67;64;62;59;56;54;53;49;48;47;46;46;47;48;49;49;50;52;53;52;55;55;54;57;58;57;60;60;58;58;57;56;56;57;60;61;63;67;72;75;81;87;91;96;99;101;99;99;98;100;102;101;102;105;109;110;107;103;98;90;84;78;71;69;67;59;56;51;47;43;42;42;40;41;42;42;40;40;37;34;32;27;21;18;16;15;14;14;14;14;13;14;14;15;15;13;13;0;0;0;0;0;0;0;13;13;13;0;0;0;0;0;13;0;0;0;0;0;13;13;0;0;0;0;0;0;0;0;13;0;13;13;13;0;0;0;0;0
0;13;14;13;14;13;0;0;0;0;0;0;0;0;13;13;13;13;13;0;0;0;0;13;13;13;13;0;0;0;0;13;13;13;13;15;15;16;17;19;20;21;22;19;17;17;17;21;27;34;39;46;53;55;56;56;52;46;43;40;39;38;40;41;44;47;51;53;54;54;54;53;54;57;59;61;63;63;66;70;72;74;77;78;80;81;82;83;80;79;76;73;69;66;64;63;60;57;55;53;48;48;46;45;46;46;48;49;48;50;52;52;53;55;56;54;55;55;57;58;57;58;58;57;58;59;59;59;63;65;69;71;76;82;87;95;98;101;101;101;101;103;101;103;104;104;105;108;106;107;104;98;91;84;78;75;70;67;60;56;52;48;44;42;42;40;40;41;41;41;40;37;34;31;27;21;16;15;15;14;13;13;14;13;14;14;15;15;14;13;13;13;0;0;0;13;0;13;13;0;0;0;0;13;0;0;0;0;13;0;0;13;13;0;0;0;13;0;0;0;0;0;0;0;0;13;0;13;0;0;0
0;14;13;13;0;0;0;0;0;0;13;0;0;0;0;0;13;13;0;0;0;0;0;0;13;0;13;0;0;13;13;14;0;13;13;13;14;15;17;20;21;22;22;21;18;17;18;20;25;32;40;48;54;57;57;55;50;45;42;40;39;38;41;42;47;50;55;55;55;54;54;54;53;55;57;59;59;62;64;66;70;72;75;76;77;78;79;79;77;78;75;74;69;67;64;64;61;59;55;53;50;48;45;46;46;46;47;49;49;51;52;54;54;54;52;53;54;55;56;57;59;59;61;60;59;60;60;60;62;65;69;73;77;83;88;93;96;101;102;103;101;103;103;105;104;103;103;107;109;110;108;101;94;87;78;75;72;66;60;56;52;50;45;42;40;40;40;42;43;42;42;39;35;31;28;22;19;16;15;14;14;13;13;13;14;14;14;15;14;13;14;13;13;13;0;13;13;13;14;0;0;0;13;13;0;0;0;0;0;0;0;13;13;0;0;0;0;0;0;0;0;0;13;13;13;0;0;13;13;0;0
0;13;13;14;13;13;13;0;0;0;13;13;0;0;0;0;0;0;0;0;0;0;0;0;13;0;13;0;0;13;13;14;13;13;0;13;14;16;18;20;20;22;23;22;18;18;18;18;24;32;41;47;54;57;57;55;50;47;41;40;39;38;40;42;48;52;55;56;55;55;54;54;54;54;55;56;57;59;62;65;68;70;73;75;76;78;77;77;75;75;74;74;70;68;65;64;60;58;56;52;51;49;46;45;45;45;46;47;47;50;52;54;53;52;51;51;53;55;56;59;61;61;62;63;61;62;61;61;63;64;68;72;77;83;88;93;98;102;102;104;103;105;105;103;103;103;103;107;109;112;111;105;97;88;80;76;72;65;61;56;52;50;45;43;40;40;40;43;43;42;41;38;35;31;27;22;19;16;15;14;13;13;13;14;14;14;14;15;13;13;14;0;0;0;13;13;13;13;14;0;0;13;0;0;0;0;0;0;0;0;0;13;0;0;0;0;13;13;0;0;0;0;13;13;0;0;0;13;0;13;0
0;13;13;13;0;0;13;0;0;0;0;13;0;13;13;0;0;13;13;0;0;0;13;0;13;0;0;13;0;13;13;0;0;0;0;0;14;16;18;20;21;22;22;21;20;18;18;20;25;33;41;47;53;56;57;56;49;43;41;40;39;40;41;44;48;52;54;56;55;56;55;54;54;51;52;53;55;57;60;61;65;69;71;75;76;77;77;77;77;75;72;70;68;66;63;63;61;58;55;53;50;48;45;43;43;44;45;45;46;48;51;54;53;52;52;52;52;55;56;59;62;62;63;65;64;62;62;63;64;66;69;72;76;82;87;91;97;101;102;104;105;107;105;104;103;102;103;107;110;115;113;106;98;89;80;75;71;65;62;56;52;47;44;42;41;41;42;43;43;43;41;38;35;31;26;22;18;16;15;14;14;13;14;14;14;15;16;15;14;0;13;13;0;0;0;13;0;13;13;0;0;0;0;0;0;0;0;0;0;13;13;13;0;0;0;0;0;0;0;0;13;13;0;0;0;0;13;0;0;0;0
0;13;13;13;0;0;0;0;0;0;0;0;13;0;0;0;0;0;0;0;0;0;13;13;0;0;0;0;0;13;13;13;13;13;13;14;14;16;19;19;21;22;22;20;20;19;18;20;25;32;40;48;53;56;56;53;50;44;42;41;40;42;44;46;48;50;52;54;54;53;53;52;51;50;49;50;52;54;58;59;65;69;71;75;77;79;80;77;77;76;73;71;69;64;62;61;59;60;56;55;52;49;47;45;44;43;43;43;45;47;49;52;52;50;51;51;50;52;56;59;63;64;65;67;68;66;65;64;66;68;72;73;75;80;87;94;98;102;104;104;105;107;107;106;104;102;103;106;112;113;113;109;98;90;82;76;72;64;59;55;51;48;43;41;43;44;43;42;43;43;41;39;35;31;26;23;19;17;15;14;13;0;13;15;15;15;15;14;14;13;13;13;0;0;0;0;0;13;14;13;0;0;13;13;0;0;0;0;13;0;0;0;0;0;0;0;0;0;0;0;0;0;0;0;13;13;13;0;0;0;0
0;0;13;0;0;0;13;13;13;0;0;0;0;0;0;13;0;0;0;0;13;13;0;13;13;13;14;13;13;13;13;14;13;13;13;13;13;15;18;21;21;21;21;20;19;18;18;20;26;33;41;48;52;55;56;53;49;46;42;41;41;43;46;48;50;52;54;55;54;52;51;49;49;49;48;48;51;53;55;57;62;67;72;74;76;80;82;82;79;78;75;72;69;65;63;61;59;59;57;55;52;50;48;44;43;42;43;43;45;49;49;50;51;50;50;49;50;52;55;58;63;66;69;69;69;68;66;65;67;68;71;74;76;80;85;90;94;100;103;103;107;108;110;108;106;104;102;106;111;113;113;107;96;89;81;76;71;65;59;55;50;49;44;41;42;42;41;43;43;43;41;40;35;31;27;23;19;16;15;14;14;13;13;14;15;15;15;14;14;13;13;0;0;0;0;0;0;13;13;0;0;13;13;0;0;0;0;0;0;0;0;13;13;0;0;0;13;0;13;13;13;14;0;0;0;13;13;0;0;0;0
13;0;0;13;0;0;0;0;0;0;0;0;0;0;0;0;0;13;0;0;0;13;0;13;13;13;13;0;13;13;14;14;13;13;13;0;0;16;18;20;22;22;21;21;20;19;19;22;27;33;41;45;51;53;53;51;47;45;44;43;43;45;46;50;53;54;56;57;55;53;51;49;47;47;45;48;49;50;52;55;61;67;71;73;75;79;82;83;82;80;76;74;69;64;61;61;60;59;58;56;53;51;48;45;44;44;44;43;43;47;49;50;51;51;51;50;50;52;56;59;63;67;69;69;70;69;68;66;67;68;71;75;77;80;83;87;93;98;104;105;107;108;111;108;106;102;101;104;110;113;112;108;99;90;83;77;71;64;59;56;55;51;46;43;42;42;41;42;43;42;42;39;34;31;26;22;19;16;15;14;13;13;14;14;14;14;15;14;13;13;14;13;0;0;0;0;13;13;13;0;13;13;13;13;0;0;0;0;0;0;0;13;13;0;0;0;0;0;0;13;13;13;0;0;0;13;0;0;0;13;0
13;0;13;13;13;0;0;0;0;0;0;0;0;0;0;0;0;13;13;0;0;13;13;13;0;13;13;13;0;0;14;14;13;13;13;13;13;15;17;19;21;21;20;20;19;19;19;23;27;36;42;46;49;50;50;49;47;45;43;44;44;45;49;52;55;56;57;57;55;53;49;48;46;46;45;45;46;49;51;55;58;64;69;72;75;79;84;84;83;80;77;75;70;66;63;60;58;57;57;56;52;52;49;47;44;43;42;44;43;47;49;48;50;50;49;49;50;52;57;60;64;69;71;72;72;71;70;69;68;71;73;75;76;79;82;86;92;97;104;109;111;113;111;107;104;100;99;102;106;111;111;107;98;90;84;77;72;64;61;58;56;52;46;43;42;42;42;41;42;42;42;39;34;30;26;23;19;16;15;14;14;13;13;15;14;14;14;14;14;14;14;13;0;13;0;0;14;0;13;13;13;0;13;13;0;0;0;0;0;0;0;13;0;0;0;0;0;0;0;13;13;13;0;0;0;13;0;0;0;0;0
0;0;0;0;0;0;0;0;0;0;0;0;0;0;0;0;0;13;0;13;13;0;0;14;0;0;13;0;0;0;14;14;14;14;0;0;14;15;16;19;20;20;21;20;19;19;20;23;26;35;42;46;49;51;48;47;45;43;42;43;44;45;49;53;55;57;58;59;56;53;50;48;46;45;46;44;45;46;50;54;56;62;69;73;75;76;80;84;84;80;78;76;71;68;64;61;59;60;57;56;54;51;49;47;45;43;43;42;43;46;45;46;48;48;48;49;51;53;57;61;66;71;75;75;76;75;72;74;72;73;76;77;78;82;85;89;93;100;107;112;116;114;110;106;102;99;96;101;106;110;111;108;100;92;86;79;72;62;61;60;58;54;48;43;41;42;43;41;40;42;42;40;34;30;28;24;20;16;15;14;13;13;13;14;13;14;14;15;14;14;14;0;0;0;0;13;13;0;13;13;13;13;13;0;0;0;0;0;0;0;0;0;0;0;0;14;13;0;0;0;13;13;0;0;0;14;13;0;0;0;0
0;0;0;0;0;0;0;0;0;0;0;0;0;13;0;0;0;13;13;0;13;13;13;14;0;0;0;13;13;0;15;14;14;14;13;13;14;14;16;17;18;20;20;19;19;19;21;24;29;35;41;45;47;49;47;45;43;41;43;43;43;49;51;54;55;58;58;57;56;54;51;48;46;44;44;44;46;47;49;53;56;62;66;71;73;76;80;83;81;80;77;74;71;67;63;62;59;59;56;55;55;52;49;47;45;44;43;41;42;43;44;46;47;47;48;50;50;53;56;60;66;71;75;77;77;77;75;77;75;78;79;79;80;81;86;91;98;105;111;115;116;114;108;103;101;99;99;100;106;111;113;112;105;96;87;79;69;63;62;62;61;53;47;44;42;42;43;40;40;42;43;40;34;31;27;23;20;18;15;13;13;14;13;14;14;14;15;14;14;13;13;0;0;0;0;0;13;13;13;14;0;0;13;0;0;0;13;13;13;0;0;0;13;0;0;0;0;0;0;0;14;13;0;0;0;13;0;0;0;0;0
13;13;13;0;0;0;0;0;0;0;13;0;0;0;0;0;0;13;13;0;13;13;13;13;0;0;0;0;13;0;13;14;13;13;0;13;13;14;16;17;19;19;19;18;19;19;21;25;30;34;40;45;46;48;46;44;42;41;42;44;45;49;52;56;57;58;58;58;56;55;50;47;44;43;44;44;44;44;48;51;54;60;66;70;74;79;82;81;82;80;76;73;70;65;63;60;59;56;54;55;56;53;51;47;45;43;43;41;41;41;42;45;47;48;48;49;50;53;53;59;64;68;72;74;73;76;77;79;79;79;79;78;81;82;86;92;100;107;113;119;119;114;111;107;105;101;100;100;106;109;112;111;105;96;85;77;68;62;61;61;59;52;43;41;41;44;43;42;41;42;42;39;32;29;26;24;20;17;14;14;14;14;14;15;15;14;15;14;14;13;13;0;13;0;0;0;0;13;13;14;13;0;0;0;0;0;0;0;13;0;0;0;13;0;0;0;13;13;0;0;0;13;0;0;0;13;13;0;0;0;0
13;13;0;0;0;13;0;0;0;0;0;0;0;13;13;0;13;13;13;13;13;13;14;14;13;0;0;0;0;0;13;13;13;14;13;13;14;15;15;18;19;19;19;18;19;19;21;25;30;35;40;44;45;46;45;43;40;40;41;43;45;49;53;55;58;59;59;59;56;53;49;46;42;41;42;43;45;45;48;51;55;59;64;70;71;77;80;82;82;79;77;73;70;64;62;58;57;56;53;55;54;52;51;49;46;44;44;43;41;41;42;43;45;46;46;48;50;52;53;58;63;67;72;75;76;78;80;80;83;81;81;81;80;81;85;92;101;109;116;120;121;120;114;109;104;102;100;98;103;109;113;110;104;96;84;76;67;60;60;60;57;50;43;39;41;42;41;42;42;42;40;37;34;29;26;23;20;16;14;14;14;14;14;14;14;14;15;15;14;13;13;0;0;0;0;13;13;13;13;0;0;13;0;0;0;0;0;0;13;0;0;0;0;0;13;0;0;0;0;0;0;13;13;13;13;0;0;0;0;0;0
0;0;0;0;0;0;13;13;13;0;0;0;0;0;13;13;14;14;14;14;14;14;14;14;0;0;0;0;0;13;14;13;13;13;0;13;15;16;16;17;19;19;18;18;18;18;21;27;31;36;40;43;44;45;43;41;39;39;40;43;45;50;54;56;59;59;59;58;56;53;48;43;40;40;39;41;43;44;44;49;53;59;62;67;70;74;80;82;81;80;77;73;72;64;61;58;57;56;56;56;54;53;49;49;46;42;42;41;40;42;43;44;43;44;45;47;49;52;54;57;63;67;72;77;78;80;83;82;85;84;82;82;80;82;84;91;103;110;117;122;121;119;114;111;104;102;100;100;104;112;116;111;105;97;85;77;68;61;58;58;54;48;42;38;39;41;41;43;41;41;41;36;34;30;26;22;19;16;14;14;15;15;14;14;15;14;15;15;14;14;13;0;0;0;0;0;13;13;13;13;13;0;0;13;0;0;0;0;0;0;0;13;0;0;0;0;0;0;0;0;0;0;13;0;0;0;13;0;0;0;0
13;0;0;0;0;0;0;0;13;13;0;0;0;14;13;13;13;14;13;13;13;13;13;14;13;13;13;0;0;13;13;13;13;0;13;13;15;15;16;17;18;18;17;17;17;18;22;26;32;38;42;43;44;43;42;38;37;37;39;42;45;50;53;56;59;58;58;57;54;52;47;42;39;38;38;41;43;44;45;49;52;56;60;65;69;74;77;80;81;81;79;77;72;66;63;58;60;58;57;55;53;53;51;48;46;44;41;41;41;40;40;42;43;45;45;47;49;51;54;58;63;66;70;75;78;82;83;85;86;86;84;83;82;83;85;92;100;110;116;120;119;116;113;109;105;102;99;98;101;111;113;112;105;96;85;76;68;61;57;57;55;50;44;39;38;41;43;43;41;40;40;37;32;29;26;23;19;16;14;13;14;14;14;15;14;13;15;15;14;14;13;0;0;0;0;13;0;13;13;13;13;0;0;0;0;0;0;0;0;0;0;0;13;13;0;0;13;13;0;0;13;0;13;0;0;0;0;13;0;0;0
0;0;0;0;0;0;0;0;0;0;0;0;0;13;13;14;13;0;13;13;13;13;13;14;14;14;0;0;0;13;13;13;14;13;13;13;15;15;16;17;18;18;17;17;17;18;22;27;32;39;43;45;45;43;40;37;34;35;38;41;48;52;56;57;59;59;57;56;53;49;45;41;38;36;37;39;41;43;45;50;52;56;60;64;66;71;75;75;79;80;82;77;73;70;63;60;60;59;56;55;53;53;51;50;46;44;42;40;39;39;39;41;43;45;44;48;50;51;54;58;63;67;70;75;81;82;85;88;88;88;86;82;82;82;81;90;100;110;117;120;120;117;113;109;105;99;99;99;105;113;115;114;104;96;85;75;67;61;60;58;56;52;44;39;38;41;41;42;40;41;39;36;33;29;26;23;19;16;14;14;14;14;14;14;14;15;16;16;15;13;13;0;13;13;0;13;13;13;14;0;0;0;0;0;13;13;0;0;0;0;0;0;0;0;0;0;13;13;0;0;0;13;0;0;0;0;0;13;0;0;0
0;0;0;0;0;0;0;0;0;0;0;0;0;0;13;13;14;13;0;13;13;13;13;14;13;13;0;13;0;0;13;13;13;0;14;15;15;15;15;17;18;18;18;17;17;18;22;27;33;39;44;46;45;44;41;38;34;33;37;40;47;52;56;57;58;58;57;53;50;47;43;40;37;37;36;36;38;41;45;48;51;55;59;63;66;69;72;75;76;77;77;75;73;70;67;63;61;59;56;57;54;52;50;49;47;44;43;41;40;39;38;39;43;45;44;46;48;50;53;56;60;65;71;76;79;82;87;89;88;89;86;82;82;81;84;92;100;106;114;120;121;118;117;114;106;102;101;101;107;115;114;115;107;98;85;74;64;58;58;58;58;50;44;39;39;42;42;46;43;42;38;35;31;28;25;22;19;15;14;14;14;14;14;14;14;15;16;15;14;13;13;0;0;13;13;13;13;13;13;13;13;0;0;0;13;14;0;0;13;0;0;0;0;0;0;0;0;0;0;0;0;0;0;0;0;13;13;13;0;0;0
0;0;0;14;0;0;0;0;0;13;13;0;0;0;13;13;14;14;13;13;0;13;13;13;13;0;13;13;0;13;13;13;13;0;0;14;13;15;16;17;18;17;18;17;16;18;22;27;34;41;47;49;48;46;41;37;34;33;33;38;44;48;54;56;57;58;56;52;48;47;43;39;37;36;35;34;37;40;45;47;50;55;61;64;66;71;70;73;73;74;74;73;72;68;66;64;63;60;58;55;52;50;48;46;45;44;44;43;42;41;40;39;43;43;44;45;47;50;52;56;59;64;69;73;78;82;85;88;86;85;84;82;81;82;85;92;99;108;114;118;121;118;118;112;105;101;98;99;106;115;117;117;108;95;83;71;62;57;56;57;55;50;44;38;38;42;43;43;43;41;37;33;30;28;24;20;17;15;14;14;13;13;15;15;14;15;16;15;14;13;13;13;0;0;0;0;13;14;13;14;13;0;0;13;13;13;0;0;0;0;0;0;13;0;0;0;0;0;0;0;0;0;13;0;0;0;0;13;0;0;0
0;0;0;0;13;13;0;0;13;0;0;13;0;0;0;0;14;13;13;0;0;13;0;13;0;0;13;13;0;13;13;13;13;13;13;14;14;15;17;17;17;17;17;16;16;17;21;27;34;41;46;48;47;45;41;39;35;34;34;37;42;47;52;56;57;57;53;51;48;44;41;38;37;34;33;34;36;37;43;46;50;54;60;63;65;67;69;74;74;74;73;72;69;66;65;63;60;57;57;55;53;49;48;45;46;44;43;45;43;43;43;41;42;42;44;46;48;50;52;56;59;63;68;73;79;81;83;85;84;84;84;84;80;81;82;90;99;107;116;120;123;121;119;113;104;100;97;98;105;112;116;114;107;95;82;68;61;57;56;56;53;49;41;38;37;38;42;44;42;39;36;33;29;28;25;21;18;15;14;14;14;14;14;16;14;15;15;14;14;13;13;0;0;0;0;0;0;13;13;13;13;0;13;0;0;0;0;13;13;0;0;0;13;0;0;0;0;0;0;0;0;0;0;13;0;0;0;0;0;0;0
0;0;0;0;0;0;0;0;13;13;13;0;0;0;0;13;13;13;0;0;0;0;0;0;0;0;13;13;13;13;0;13;0;0;13;13;15;16;17;19;17;17;16;16;16;18;21;27;34;40;45;47;47;45;42;39;33;32;33;35;41;46;52;55;55;56;53;51;48;45;40;36;35;33;34;34;34;37;43;45;49;54;60;63;65;67;70;73;74;73;72;71;68;67;63;62;61;59;58;55;52;49;48;45;44;44;44;43;43;43;44;44;43;43;44;45;46;48;51;55;59;63;66;70;76;77;81;83;83;83;85;83;82;82;83;89;100;109;114;119;121;120;116;112;104;99;95;98;105;111;115;112;102;91;78;68;60;57;55;54;51;47;41;38;35;37;42;46;43;38;34;32;31;28;27;22;19;15;14;14;15;14;15;15;13;15;15;15;14;13;13;13;0;0;0;13;13;15;14;13;13;0;0;0;0;0;0;13;13;13;0;0;13;0;0;0;0;0;0;0;0;0;0;0;0;13;13;13;0;0;0
0;0;0;0;0;0;0;0;13;13;13;13;0;13;0;0;0;0;13;13;13;0;0;13;0;0;13;13;13;13;0;0;0;0;0;14;15;17;18;19;18;17;16;15;15;18;21;27;34;40;46;49;48;46;43;38;34;32;32;35;40;45;50;53;54;55;52;49;46;44;40;36;33;31;32;32;33;36;40;45;49;52;58;62;65;68;71;73;72;72;71;70;70;68;66;65;62;60;59;56;52;49;48;45;44;42;42;42;42;47;45;44;43;44;44;44;45;48;52;56;58;62;64;69;74;77;78;81;83;85;84;83;82;81;83;88;98;108;113;119;119;119;115;109;103;98;94;98;104;110;112;107;97;86;77;67;59;55;53;53;51;46;40;35;34;38;43;45;43;37;34;32;31;29;27;22;18;15;14;13;14;15;15;14;14;15;15;14;14;0;0;0;13;13;0;13;13;15;13;13;0;13;13;0;0;0;0;0;0;13;0;0;13;0;0;0;0;13;0;0;0;0;0;0;13;0;0;13;0;0;0
0;0;0;0;0;0;0;0;0;0;13;13;0;0;0;0;0;0;13;0;0;0;0;0;14;0;0;13;13;13;13;0;0;0;0;14;15;17;18;19;18;18;15;15;16;17;20;25;31;39;45;48;49;46;44;39;35;31;31;34;39;44;50;53;53;52;51;50;46;43;39;35;33;30;29;30;33;36;41;45;50;54;60;62;66;70;72;75;73;73;70;70;69;68;67;65;61;60;58;54;51;49;46;43;43;43;43;44;46;46;46;45;45;44;42;44;45;47;50;54;59;61;65;68;73;77;78;81;85;84;84;82;80;79;83;86;95;103;109;114;116;114;112;108;102;96;95;96;102;108;108;104;96;86;76;66;59;54;52;53;52;47;40;35;35;40;42;43;43;38;34;33;30;29;26;22;18;15;13;13;15;15;15;14;14;14;17;14;13;13;0;0;13;0;0;13;14;14;14;14;13;0;0;0;0;0;0;0;0;13;0;13;13;0;0;13;13;0;0;0;13;13;13;13;13;0;0;0;0;0;0
0;0;0;13;0;0;0;0;0;13;13;13;0;0;0;13;0;0;13;13;0;0;0;13;13;0;13;13;0;13;13;0;0;0;13;14;16;17;17;19;18;18;16;14;15;17;20;25;31;39;45;47;48;48;45;40;34;31;31;34;39;42;47;50;51;50;50;47;44;41;38;35;33;30;29;29;31;35;40;44;49;55;61;68;70;73;75;74;74;74;69;69;67;64;65;64;61;59;56;53;51;48;46;43;44;44;45;45;47;46;46;45;45;44;43;44;45;47;50;53;58;63;66;70;73;76;77;81;85;83;83;80;79;77;80;85;92;98;103;110;113;115;110;106;98;94;93;93;97;101;101;101;95;86;75;66;59;54;52;51;50;44;40;36;35;38;43;42;41;37;33;31;29;28;26;21;17;14;13;14;15;15;16;15;14;14;15;15;13;13;0;13;0;0;0;0;0;13;14;0;0;0;0;0;0;0;0;0;0;13;0;0;13;0;0;13;0;0;13;0;0;13;0;0;0;0;13;0;0;0;0
0;0;0;13;0;0;0;0;13;13;13;0;0;0;0;0;0;0;0;0;0;0;0;0;0;13;13;13;13;14;13;13;13;0;0;14;15;16;17;18;18;17;16;15;16;16;20;25;31;39;44;47;49;47;44;39;36;33;31;33;37;41;45;47;49;48;47;47;44;39;38;35;33;30;29;30;31;35;39;43;49;54;58;66;70;74;75;76;76;75;70;68;65;62;62;61;60;58;57;53;50;48;46;45;43;43;45;45;46;46;47;45;42;43;42;43;46;46;49;52;57;62;66;69;72;75;76;80;82;82;79;77;77;77;79;83;90;96;103;110;115;114;109;104;98;94;90;93;97;100;101;99;93;84;74;65;57;53;51;50;49;44;39;33;36;37;40;42;41;37;33;31;29;29;26;22;17;14;14;14;15;15;15;15;14;14;14;15;13;13;13;0;0;0;13;13;13;14;14;0;0;0;0;0;0;0;0;0;0;0;0;13;0;0;0;0;0;13;13;13;0;13;13;13;0;0;13;0;13;0;0
0;0;0;0;0;0;0;0;0;0;13;0;0;13;0;0;0;0;0;0;0;0;0;0;13;13;0;0;0;13;13;13;13;13;0;13;15;17;18;19;19;18;17;16;14;16;18;23;30;38;43;47;47;44;43;40;36;34;34;33;35;41;43;46;48;47;46;45;41;38;36;35;32;30;29;31;30;33;37;42;48;55;61;66;69;72;77;78;77;73;69;67;64;60;61;58;58;57;57;55;52;51;47;47;44;44;44;44;45;46;47;45;45;43;42;42;44;46;49;54;57;61;64;68;70;73;77;79;81;82;79;77;77;75;78;81;88;96;103;108;111;113;107;102;96;92;89;89;96;99;99;97;90;81;71;63;55;51;51;50;47;43;37;33;34;36;41;42;40;36;33;31;28;28;25;22;16;15;14;14;16;16;15;14;14;15;15;15;13;13;13;0;0;0;0;13;13;14;13;0;0;0;0;13;0;0;0;13;0;0;0;13;0;0;0;0;0;13;13;0;13;0;0;0;0;0;13;13;13;0;0
0;0;0;13;0;0;0;0;0;0;0;0;0;0;0;0;0;0;0;0;0;0;0;0;0;0;13;0;13;14;13;13;13;13;13;13;15;16;18;19;19;18;17;16;15;16;18;23;29;36;42;46;47;44;43;39;35;35;34;33;36;39;43;48;46;45;46;43;40;37;34;34;32;29;29;31;32;34;38;44;49;55;59;63;68;72;76;77;77;74;69;65;62;59;58;58;58;57;57;56;55;52;49;46;44;44;44;44;44;45;46;47;45;43;39;42;44;45;49;54;57;62;64;67;71;71;76;79;82;82;80;77;75;74;76;81;87;93;102;106;109;112;108;103;96;89;88;87;95;99;98;94;87;78;68;58;53;49;49;49;47;43;37;33;34;36;40;42;40;37;32;30;28;28;26;20;16;15;15;15;15;15;14;13;14;15;15;14;13;13;0;0;0;13;0;13;13;14;0;0;0;13;13;0;0;0;13;0;0;0;13;13;0;0;0;13;13;13;13;0;0;0;13;0;0;0;0;0;13;0;13
0;0;0;13;0;13;0;0;0;0;0;13;0;0;0;0;0;0;0;0;0;0;13;0;0;0;0;0;0;0;0;0;0;13;13;13;15;16;18;19;19;19;17;15;15;16;18;22;28;33;40;44;45;44;44;39;36;34;33;34;35;39;45;46;47;46;43;41;39;36;35;34;32;29;28;30;31;34;38;43;49;53;57;62;67;71;75;76;78;75;71;67;62;61;58;58;58;58;56;56;55;53;50;48;45;43;43;43;43;45;46;45;43;43;42;42;43;44;48;53;55;60;64;67;70;72;78;80;81;82;80;77;73;73;75;80;85;90;98;106;107;108;105;102;95;91;88;88;91;95;95;91;84;76;66;58;52;47;47;47;47;42;37;32;33;37;39;41;39;35;31;29;29;29;26;21;16;13;14;15;15;13;14;14;15;15;14;13;13;0;0;0;0;0;0;14;13;14;0;0;0;13;0;0;0;0;0;0;0;0;13;13;0;0;0;0;13;13;0;13;13;13;0;13;13;13;0;0;13;0;0
0;0;0;13;0;0;0;0;0;0;13;0;0;0;0;13;13;0;0;0;0;0;0;0;0;0;0;0;0;13;13;13;0;0;0;13;14;16;17;18;17;18;17;16;16;15;17;22;26;32;37;40;41;42;43;40;36;34;33;35;38;41;45;45;44;44;43;41;39;38;36;32;31;29;29;28;31;34;38;42;49;55;59;63;67;67;72;74;75;72;70;66;64;62;59;59;58;58;57;56;54;52;51;48;45;42;43;43;43;44;45;45;46;44;43;42;43;45;49;52;55;59;65;69;71;74;79;82;84;84;78;75;71;70;74;79;84;91;96;101;105;106;104;103;95;91;89;87;89;92;96;92;85;74;66;56;50;47;47;47;45;41;36;31;32;37;38;39;38;35;32;31;30;27;24;20;16;14;14;14;14;13;13;14;14;15;14;13;13;0;0;13;0;13;13;14;13;14;13;13;13;0;0;13;0;13;13;13;13;0;13;0;0;13;0;13;13;13;13;0;0;0;0;13;13;0;0;0;0;0;0
13;13;0;0;0;0;0;0;0;13;13;0;0;13;0;14;14;13;0;0;0;0;0;13;13;0;0;0;0;13;0;13;0;0;13;13;14;15;17;18;18;17;17;16;16;16;17;20;25;30;35;38;40;42;41;37;34;34;34;35;39;42;43;43;43;42;42;41;41;38;34;33;32;29;29;29;31;34;38;44;48;53;57;61;66;68;70;72;72;71;69;68;65;61;58;59;58;56;55;53;52;50;48;46;45;44;44;45;44;44;45;44;44;44;44;43;43;45;47;52;55;57;64;69;73;78;81;83;84;82;78;73;70;71;73;77;85;92;93;99;104;107;106;102;96;88;85;84;88;91;94;91;84;74;64;50;48;46;45;45;43;38;34;31;32;36;38;39;40;37;34;32;31;27;24;18;16;14;14;15;15;14;14;15;15;15;14;13;13;0;0;0;0;0;13;13;14;13;13;0;0;0;0;0;0;0;0;13;13;0;0;0;0;13;0;13;0;13;13;13;0;13;0;0;13;0;0;0;0;0;13
0;0;0;13;13;0;0;0;0;0;0;0;0;0;0;14;13;13;0;0;0;0;13;0;0;0;0;0;13;0;13;13;0;0;13;0;14;15;16;17;18;18;18;17;16;16;18;20;24;28;33;37;40;41;40;37;33;32;33;35;37;40;42;42;43;42;44;41;39;36;34;32;31;32;29;29;31;34;37;42;46;52;56;60;63;66;69;70;71;71;69;68;65;61;58;59;58;56;54;53;52;49;48;46;43;42;42;43;43;42;42;44;43;43;43;43;43;45;46;51;54;59;65;71;75;79;81;85;84;81;77;73;70;70;72;77;84;91;99;102;108;110;108;103;96;88;83;84;87;89;93;90;82;71;61;54;47;44;43;42;42;37;34;31;31;34;37;39;39;37;33;31;30;27;25;19;15;13;13;14;15;15;14;14;16;15;14;14;13;0;0;0;0;0;13;14;13;0;13;0;0;13;13;0;0;0;13;13;14;13;13;13;0;0;0;0;0;13;13;0;13;13;0;0;0;0;13;13;0;0;0
0;0;0;13;0;0;0;13;0;0;13;13;0;0;0;0;0;14;13;0;0;13;0;0;13;0;13;0;0;13;13;14;13;0;13;0;13;14;16;17;17;18;18;17;17;17;18;21;24;30;33;36;38;39;38;36;34;32;33;35;38;39;42;43;42;42;41;39;37;35;34;30;30;29;29;29;32;33;38;41;46;50;54;58;62;64;68;70;71;72;68;66;64;61;59;60;57;56;54;54;52;50;47;45;42;40;40;40;40;40;42;43;43;43;43;43;44;47;49;50;56;61;65;71;75;78;81;83;82;79;74;71;70;69;70;76;82;88;98;102;109;111;108;104;95;88;83;82;85;89;94;87;78;68;60;53;46;42;41;40;41;36;34;32;33;35;38;40;39;36;33;30;29;27;23;19;15;14;13;13;15;13;14;14;15;15;14;13;13;0;13;0;0;0;0;14;13;0;0;0;0;13;0;0;0;0;13;13;0;13;0;0;0;0;0;13;13;13;13;13;13;13;0;0;0;0;13;13;0;0;0
0;0;0;0;0;0;13;0;0;13;0;13;13;13;13;0;13;0;0;0;13;13;13;13;13;0;0;0;0;13;0;0;13;13;13;13;14;15;16;17;18;19;18;17;17;18;19;21;25;30;33;36;36;38;37;36;34;33;33;35;37;39;43;44;42;42;41;39;37;34;32;30;30;28;30;30;31;32;38;41;45;49;52;56;60;63;66;70;71;71;68;67;63;61;58;58;56;54;53;52;52;49;46;44;41;40;38;38;39;39;40;42;43;44;44;44;44;47;50;52;55;61;66;70;75;78;79;80;78;75;73;69;67;67;69;75;82;89;99;104;110;112;108;100;93;86;85;82;83;88;88;84;73;66;58;51;43;41;41;41;39;35;32;32;34;35;39;40;40;36;33;31;30;27;23;18;16;14;13;13;14;14;14;14;15;15;13;13;0;0;0;0;0;14;13;13;13;13;0;0;0;13;0;0;0;0;0;13;0;0;0;0;0;0;0;13;13;0;0;0;13;13;0;0;13;13;0;0;0;0;0
0;0;0;0;0;0;0;0;0;13;13;0;0;0;0;0;13;13;0;0;0;0;13;0;0;0;0;0;0;13;13;13;13;13;13;0;14;14;15;16;17;17;17;18;17;18;19;21;25;30;33;36;36;38;37;36;34;32;32;33;36;38;42;44;43;42;41;40;37;34;31;31;30;28;29;29;31;33;37;40;44;49;51;54;57;60;62;67;69;69;67;67;64;63;58;56;54;51;52;51;49;48;44;41;41;39;37;39;38;39;41;42;42;43;42;45;45;45;49;55;59;62;67;71;75;76;78;79;75;72;70;67;67;67;70;75;83;92;101;107;112;111;107;99;92;85;84;82;84;87;86;82;74;65;55;47;42;41;40;41;40;37;34;31;32;35;37;39;38;34;33;31;29;27;23;19;16;14;13;14;14;14;14;14;14;14;14;13;0;0;0;0;13;13;13;14;14;13;0;0;0;13;0;0;0;0;13;0;0;0;0;0;0;0;0;0;0;0;0;13;13;0;0;0;0;13;13;13;13;0;0
0;0;0;0;13;13;0;0;0;0;13;0;0;0;13;13;0;13;13;13;0;0;0;0;0;0;0;0;13;0;0;0;0;0;0;0;14;14;15;16;17;17;16;17;17;18;19;22;27;30;34;37;38;39;38;35;32;31;32;34;36;38;42;43;43;42;41;38;36;34;32;31;30;29;29;28;30;33;35;40;44;47;49;52;55;59;61;65;65;67;66;65;63;59;56;54;53;52;50;49;48;45;43;41;40;39;37;37;38;39;40;41;41;42;43;45;48;49;53;57;61;63;66;73;75;76;78;77;76;72;68;67;66;65;70;75;85;93;101;107;114;111;105;98;89;82;80;82;85;87;87;81;72;63;54;47;41;40;41;42;38;36;34;31;31;34;37;41;38;35;33;31;28;26;23;19;15;13;14;14;15;15;14;14;14;13;13;13;13;0;0;0;0;13;13;14;14;13;0;13;0;0;0;0;0;13;13;0;0;0;0;0;0;0;13;13;0;0;13;0;0;0;13;0;0;0;13;13;0;0;0
0;0;0;0;0;0;0;0;0;0;0;0;0;0;0;0;0;0;0;0;0;0;0;0;0;0;0;0;13;13;13;0;0;0;0;13;14;15;14;15;17;16;17;17;18;18;19;22;26;30;34;37;38;38;37;35;32;31;33;34;36;42;42;44;44;42;42;40;36;34;32;32;31;30;30;29;30;32;34;39;42;44;49;51;55;56;60;63;62;63;63;62;60;57;55;53;52;50;47;45;45;43;43;41;39;37;36;37;38;37;37;38;39;41;42;44;46;50;54;58;60;63;66;69;74;76;77;76;75;72;68;66;64;66;70;76;86;95;103;110;112;109;104;97;88;81;80;81;85;87;85;80;70;61;54;46;42;41;40;41;39;34;32;30;31;34;38;40;39;36;31;29;27;26;23;19;15;13;14;15;14;14;15;14;14;13;14;13;13;0;0;0;0;13;13;13;14;13;13;13;0;0;0;0;0;13;0;13;0;13;0;0;0;0;13;13;0;0;0;0;13;0;0;0;0;0;13;0;0;0;0
0;0;0;0;0;0;13;0;0;0;0;0;0;0;0;0;0;0;0;0;0;0;0;0;0;0;0;0;0;13;0;0;13;0;13;13;14;15;16;15;16;16;17;17;17;17;19;22;26;31;34;36;39;39;37;34;32;31;32;35;36;40;42;43;43;42;42;41;39;36;34;32;31;29;30;29;30;31;34;38;40;44;48;48;53;56;59;61;62;62;59;61;59;56;54;52;51;48;46;44;42;40;40;39;39;37;36;37;37;37;37;37;38;38;40;44;46;50;54;57;60;62;66;70;73;77;78;77;73;71;68;66;64;66;71;79;88;95;103;107;109;106;102;96;88;82;81;82;85;87;85;81;70;62;54;45;41;40;40;41;38;34;30;30;31;33;37;39;38;35;31;29;28;26;23;18;15;14;14;14;14;14;14;15;14;14;13;0;0;13;0;0;0;0;0;13;14;14;13;13;13;0;0;0;0;13;13;13;0;0;0;0;13;13;13;13;13;0;0;0;0;0;0;0;13;0;0;0;0;0;0
0;0;0;0;0;0;0;0;0;0;0;0;0;0;0;13;13;0;0;0;0;0;0;0;0;14;13;0;0;13;13;0;0;13;13;13;14;15;16;15;16;17;17;17;16;16;19;22;26;30;35;36;38;38;37;34;33;30;31;32;37;40;42;43;44;43;41;40;39;36;34;33;32;32;31;30;32;33;34;37;41;44;49;50;54;56;58;58;58;58;59;59;58;55;53;50;48;46;43;41;41;39;38;37;37;36;35;37;36;37;37;37;38;37;39;43;46;51;54;56;60;63;66;71;73;75;76;73;72;67;64;63;61;65;71;80;89;98;103;106;110;104;98;95;88;84;80;81;84;87;85;80;71;62;52;44;41;39;40;41;39;36;31;31;32;34;36;39;37;34;31;29;28;25;21;18;15;15;14;14;14;14;14;14;13;14;14;13;13;13;0;0;0;0;13;14;14;13;13;13;13;0;0;0;0;0;0;0;0;0;0;0;13;0;0;14;0;0;0;0;0;0;0;0;0;13;0;0;0;0;0
0;0;0;0;13;0;0;0;13;13;0;0;0;0;0;0;0;0;0;0;13;0;0;0;0;13;13;0;0;0;0;0;0;13;13;13;14;15;15;16;16;16;17;17;17;17;18;21;26;30;33;36;37;38;37;34;33;32;32;33;36;39;42;43;45;44;42;41;41;38;35;35;32;31;30;32;31;33;34;38;41;44;48;51;53;54;57;57;56;57;57;56;57;52;50;48;47;45;42;40;40;38;37;35;35;34;35;35;36;36;37;38;38;40;42;44;47;52;55;58;61;64;66;71;70;72;73;71;70;67;62;61;61;66;70;78;85;94;100;105;107;103;97;90;87;84;80;81;83;86;86;80;70;60;50;43;40;41;40;40;36;34;30;30;32;35;37;38;36;34;31;28;27;25;21;18;16;13;14;14;14;15;15;14;14;13;13;13;0;0;0;0;0;13;13;14;14;13;13;13;13;13;0;0;13;13;0;0;13;13;0;13;0;0;0;14;0;0;13;13;13;13;0;13;0;0;0;13;0;0;0
0;13;0;0;0;0;0;0;0;13;14;0;0;0;0;0;0;0;0;0;0;0;0;0;13;0;0;0;0;0;0;0;0;0;13;14;14;14;15;16;17;18;16;16;16;17;18;22;24;29;34;36;37;38;36;33;33;32;32;33;37;38;42;44;46;44;42;41;40;38;35;33;31;30;30;31;31;34;35;37;40;44;47;50;52;54;57;57;55;56;55;54;54;50;48;47;47;46;44;42;39;37;36;36;36;35;34;33;35;36;37;39;39;40;43;44;47;52;55;58;61;65;66;67;66;69;70;71;68;65;61;61;61;65;71;77;86;95;100;102;103;98;92;87;83;77;79;81;84;87;87;82;70;59;50;42;41;42;41;40;37;34;31;30;32;36;36;37;36;34;31;29;25;25;22;17;15;14;14;14;13;14;14;13;14;0;13;13;0;13;13;0;0;0;13;14;14;13;13;0;13;13;0;13;13;0;13;0;0;13;0;0;0;0;0;13;0;13;13;0;0;13;13;14;0;0;13;0;13;0;0
0;0;0;0;0;13;0;0;0;13;0;0;0;0;0;0;0;13;13;13;0;0;0;13;13;0;0;0;0;0;0;0;0;0;13;13;15;15;16;16;16;16;16;16;15;15;18;21;24;28;33;36;37;38;37;34;33;33;32;33;35;37;40;43;43;42;42;42;40;38;37;33;31;30;29;31;32;34;36;37;40;44;47;48;52;55;56;56;56;56;54;50;50;48;46;46;46;46;43;42;40;37;36;35;34;33;33;34;35;36;37;40;39;40;42;44;47;53;54;58;61;61;63;65;66;65;67;66;64;64;61;59;61;65;70;78;86;92;98;100;100;98;92;85;80;79;80;83;86;86;86;78;68;58;48;43;41;42;44;40;37;33;31;30;33;35;36;36;35;33;30;28;26;25;21;18;14;14;14;15;13;14;13;14;15;14;0;13;13;0;0;0;0;13;13;13;13;13;13;13;13;0;0;13;13;0;0;0;0;0;0;13;0;0;0;0;0;13;13;0;0;0;0;0;0;0;0;0;13;0;0
13;0;0;0;0;0;0;0;0;13;0;0;0;0;0;0;0;0;0;0;0;0;0;13;0;13;13;0;0;0;0;13;0;0;0;13;14;14;16;16;16;16;15;16;16;16;18;20;25;28;32;35;36;37;39;36;32;31;31;33;35;37;39;40;41;41;41;41;40;38;37;34;32;32;30;32;34;36;36;38;39;41;45;47;51;56;55;57;56;55;53;50;48;48;46;44;45;44;42;42;40;38;37;34;32;31;32;33;35;35;37;40;39;40;43;46;48;52;55;58;59;61;64;65;65;65;66;64;62;59;59;60;63;66;71;78;86;93;96;97;100;95;90;82;78;77;80;82;87;89;83;75;65;57;48;43;42;42;44;41;38;32;30;29;32;35;37;36;35;33;29;29;27;25;20;18;15;14;14;15;14;14;13;14;14;14;13;13;13;13;0;0;0;0;13;13;0;0;13;0;13;0;0;13;0;0;0;13;13;13;13;0;0;0;0;0;0;0;13;14;13;0;0;0;0;0;0;0;0;13;0
0;0;0;0;0;0;0;0;0;0;0;0;0;0;0;0;0;0;0;0;0;0;0;0;13;0;0;0;0;13;13;0;0;0;13;14;14;14;16;16;16;17;17;17;16;16;18;20;23;28;32;35;37;38;39;37;33;32;32;33;34;36;37;39;40;40;40;41;40;39;38;35;33;33;32;33;34;36;37;38;39;42;46;49;52;53;55;57;55;55;53;50;48;47;44;43;43;42;40;39;37;36;35;34;32;31;32;33;35;38;38;40;40;39;41;43;47;52;55;57;59;61;64;66;66;65;65;63;62;60;58;61;64;67;73;79;86;92;96;98;95;92;87;80;77;76;79;83;87;87;84;76;64;54;48;44;44;45;43;41;37;31;28;30;33;36;38;36;34;32;29;28;27;26;22;17;15;14;14;15;14;13;0;13;13;13;14;0;0;13;0;0;0;0;0;13;14;0;0;0;0;0;0;13;0;0;0;13;0;0;13;0;0;0;0;0;0;13;13;13;13;0;0;13;0;0;13;0;0;0;0
0;0;0;0;0;0;0;0;0;0;0;0;0;0;0;0;0;0;0;0;0;0;0;0;0;13;0;0;13;0;13;0;0;0;0;14;13;15;15;16;16;17;17;17;16;16;18;19;22;26;31;34;38;39;38;36;35;32;32;32;34;36;37;39;38;38;37;40;39;39;36;37;35;33;33;33;33;35;37;38;40;42;48;52;55;56;59;59;56;56;55;51;49;46;45;44;44;40;39;38;37;36;35;33;33;32;32;33;34;36;37;39;39;39;42;45;48;52;54;57;60;61;63;64;65;65;63;61;61;61;60;61;62;67;74;78;84;90;92;95;92;90;81;77;75;77;80;84;87;87;82;73;61;52;47;44;47;46;43;39;35;30;29;30;33;36;37;36;34;31;28;28;27;25;22;17;15;14;15;15;15;13;14;14;14;14;14;13;0;0;0;0;13;0;13;13;13;13;0;0;0;0;0;13;0;0;13;0;0;0;0;0;0;0;0;13;13;0;13;13;0;0;13;0;0;0;13;0;0;0;0
0;13;0;0;0;13;0;0;0;0;0;0;0;0;0;0;0;0;0;0;0;0;0;13;13;0;0;0;13;0;13;0;0;0;0;13;14;15;15;16;16;17;16;17;17;17;18;20;23;26;31;33;37;38;37;36;34;33;33;31;33;35;35;37;38;39;38;39;39;39;39;37;36;36;34;34;35;36;38;40;41;43;49;52;54;56;58;58;57;56;55;51;49;45;43;43;42;40;40;38;37;36;35;34;33;32;31;32;34;36;36;38;39;41;42;45;47;51;53;56;58;61;63;63;63;62;61;60;61;60;59;60;63;68;71;78;83;89;91;92;90;87;81;76;74;76;78;82;86;85;81;70;61;53;47;45;44;44;42;38;35;31;30;32;34;36;35;35;32;30;27;28;27;24;20;17;15;15;15;15;15;13;14;15;15;14;13;13;0;0;0;0;0;0;0;13;0;0;0;13;0;0;0;0;0;0;13;13;13;13;0;0;0;0;0;13;0;0;0;13;13;0;0;0;0;0;0;0;0;0;0
0;0;0;0;0;0;0;0;13;0;0;0;0;13;13;0;0;0;0;0;0;0;0;0;14;0;0;13;13;13;14;13;13;0;0;13;14;14;15;16;16;17;17;17;18;17;18;20;23;27;31;34;37;38;38;37;34;33;32;32;33;36;35;36;37;37;37;39;38;39;38;38;36;36;35;36;36;37;38;42;43;45;48;52;54;55;57;58;58;57;55;51;46;45;43;42;41;40;40;38;36;35;35;34;33;32;31;32;33;34;37;38;39;41;42;44;49;50;52;54;57;60;61;61;61;61;60;59;59;57;58;59;62;68;72;78;82;87;88;89;88;83;78;73;73;76;80;82;86;84;80;69;60;53;47;46;45;44;42;37;34;32;30;31;37;37;35;32;31;30;29;29;27;25;21;17;15;15;14;15;15;14;13;15;14;14;14;13;0;0;13;0;0;0;0;13;0;13;13;0;0;0;0;0;0;13;13;0;0;13;0;0;0;0;0;13;0;0;0;0;14;13;0;0;0;0;0;0;0;0;0
0;0;0;0;0;0;0;0;0;0;0;0;0;14;0;0;0;0;0;0;0;13;13;13;0;0;13;0;0;13;13;13;13;13;0;13;14;15;15;16;16;16;17;17;17;17;18;19;23;27;31;34;36;38;38;37;34;34;33;34;33;33;33;33;35;36;35;36;37;39;37;37;36;35;35;36;36;38;39;43;44;47;49;52;53;56;57;58;57;56;56;51;47;45;43;41;40;38;39;38;37;35;33;33;33;31;31;32;33;36;38;38;40;41;43;46;47;49;51;53;56;59;60;59;56;58;57;55;56;55;56;57;61;66;72;77;80;83;85;86;85;80;77;73;73;78;81;84;89;86;78;67;61;53;48;46;46;45;41;38;33;30;29;33;36;36;35;33;31;29;30;30;28;24;20;17;15;16;15;15;15;14;0;14;14;14;14;13;13;13;0;0;0;13;0;13;13;13;13;13;13;13;0;13;0;0;0;13;0;0;0;0;0;13;13;13;13;13;13;0;0;13;13;0;0;0;0;0;0;0;0
0;13;0;0;0;13;0;0;0;13;0;0;0;13;0;0;0;0;0;0;0;0;13;13;13;0;0;0;0;0;0;0;0;13;0;0;13;14;15;16;16;17;18;17;17;17;19;20;23;26;31;34;37;38;38;38;38;34;33;32;33;33;34;35;35;35;36;36;37;38;38;37;35;35;35;36;37;40;41;44;46;47;50;52;55;56;55;57;56;55;53;50;47;46;42;41;41;40;39;39;38;35;33;32;31;31;31;33;33;36;38;39;40;42;43;45;46;50;50;52;56;58;58;56;54;54;55;54;52;53;54;56;61;65;72;75;79;81;83;85;83;79;77;74;75;77;80;84;87;84;76;69;62;53;48;47;46;46;42;37;32;29;30;33;37;36;34;32;31;30;30;31;28;23;19;17;15;15;15;15;13;14;13;15;15;15;13;13;13;0;13;0;0;0;0;13;13;13;0;0;0;0;0;0;13;0;0;0;0;0;0;0;0;0;0;0;0;13;14;0;0;13;0;0;0;0;0;0;0;13;13
0;0;0;0;0;0;0;0;0;0;0;0;0;0;0;0;0;13;0;0;0;13;0;0;13;0;0;13;13;13;13;0;0;0;0;13;13;13;15;16;18;18;18;18;17;17;18;20;23;26;30;33;36;37;38;38;38;34;33;32;32;33;35;35;34;35;35;35;35;37;38;37;36;35;35;37;37;40;40;44;46;48;51;52;55;58;58;58;58;55;53;50;47;45;44;41;41;40;40;38;37;35;33;33;32;30;31;33;34;36;38;39;40;43;44;46;45;49;50;51;53;55;55;55;54;54;52;52;51;50;53;56;60;62;69;74;78;80;81;80;78;76;74;73;77;78;83;84;85;82;76;69;61;52;50;48;47;47;43;37;32;29;31;35;35;34;32;31;30;30;31;30;27;24;20;17;16;16;14;14;14;0;14;15;14;15;13;0;0;0;0;0;0;0;13;13;14;13;0;0;0;0;0;13;13;0;0;13;0;0;0;0;0;0;13;13;0;13;13;13;0;0;0;0;0;0;0;13;13;0;0
0;0;0;0;0;0;13;0;0;0;0;0;0;0;0;13;0;0;0;0;13;13;13;13;14;0;0;13;0;0;0;0;0;0;14;13;13;15;15;16;18;18;18;18;18;18;19;21;22;26;30;32;34;36;38;36;37;34;33;32;32;33;34;35;34;32;34;34;35;35;36;36;37;36;35;37;38;40;42;42;45;47;50;52;55;57;56;56;56;57;54;51;49;46;45;42;41;39;39;38;36;35;35;33;33;33;33;34;34;36;37;39;41;43;44;44;46;48;49;49;52;54;55;54;52;51;53;51;51;50;51;53;58;63;68;74;77;78;78;77;75;74;69;73;76;77;82;85;86;83;75;67;59;55;51;48;48;46;43;37;32;30;31;35;36;33;31;29;29;29;32;30;26;23;20;17;17;15;14;13;0;13;14;15;15;14;14;13;13;13;0;0;0;0;13;13;14;13;0;0;13;0;0;13;0;0;0;13;13;13;14;13;0;0;0;0;0;0;0;0;13;0;0;0;13;0;0;0;0;0;0
0;13;13;0;0;0;0;0;0;0;0;0;0;0;0;13;13;0;0;0;0;0;13;13;13;0;0;0;0;0;0;0;13;0;13;13;14;15;15;15;17;17;17;18;17;18;20;21;22;25;29;32;34;36;38;37;37;34;33;32;32;33;35;34;35;34;34;34;34;35;37;36;36;34;35;37;39;40;42;43;44;46;49;52;55;55;55;56;56;56;57;53;50;48;44;41;39;40;38;37;38;35;35;33;34;33;33;34;35;37;38;41;41;42;43;44;47;49;49;50;52;51;52;52;53;50;51;50;49;49;49;53;56;63;69;74;76;76;73;73;72;70;71;73;75;79;83;85;86;81;74;65;58;55;52;50;49;46;42;36;32;31;31;34;35;34;31;29;29;31;33;31;28;22;19;17;16;15;14;13;0;13;14;15;15;13;13;13;13;0;13;0;0;0;13;13;13;13;13;13;0;0;0;13;0;0;0;13;13;0;0;13;0;0;0;13;13;13;13;0;0;0;0;0;0;0;0;0;0;0;0
0;0;13;0;0;0;0;0;0;0;13;0;13;0;0;13;0;0;0;0;0;13;0;13;13;13;0;0;0;13;0;0;13;0;13;14;13;14;15;15;16;16;17;18;16;18;20;20;21;25;29;31;34;36;37;36;36;33;33;30;30;32;33;33;34;34;33;33;33;34;35;35;35;34;36;37;38;40;41;43;44;46;48;52;54;54;56;57;57;55;54;52;48;46;44;41;37;38;38;36;37;37;35;34;34;34;34;35;36;36;39;41;43;44;45;46;48;47;48;49;48;49;50;48;50;50;49;46;47;49;47;52;56;61;69;72;74;74;73;71;70;70;72;75;75;79;84;85;82;77;70;63;58;54;53;52;50;45;42;36;33;31;33;35;35;33;30;30;31;34;35;30;26;22;19;17;16;15;15;13;0;14;15;15;14;14;14;13;13;0;0;0;0;0;13;13;13;13;0;0;0;13;0;0;0;14;0;0;13;0;0;13;0;0;0;0;13;13;13;0;0;0;14;0;0;0;0;0;0;0;0
0;0;0;13;0;0;0;0;13;13;13;0;0;0;0;0;0;0;0;0;0;0;0;13;13;0;0;13;13;13;0;0;0;13;0;13;14;14;15;15;16;17;17;17;19;19;20;20;22;25;27;31;32;34;36;35;35;33;32;30;29;30;32;32;33;33;33;33;33;33;33;33;34;34;36;36;37;40;42;41;43;46;51;52;53;54;56;56;56;54;53;51;47;46;43;40;39;38;38;36;36;36;37;35;34;33;35;35;35;37;39;40;42;45;46;47;47;47;48;48;48;49;49;46;48;47;47;46;46;47;48;52;57;62;68;70;73;71;70;68;67;68;70;72;75;77;80;80;78;74;69;64;59;56;53;52;49;46;41;35;31;32;34;35;36;32;29;30;32;34;33;29;25;22;19;18;17;16;15;13;0;14;14;14;14;14;14;13;13;13;0;0;0;0;0;13;0;0;0;13;0;0;0;0;13;0;0;0;0;13;13;0;0;13;13;0;13;0;13;13;0;13;13;0;0;0;0;0;0;0;0
0;0;0;0;13;0;0;13;0;0;0;0;0;13;0;0;13;0;0;0;13;0;0;13;0;0;0;13;13;0;13;0;0;0;13;0;15;15;15;15;17;17;17;17;17;19;19;21;23;26;27;30;31;33;33;34;36;34;33;31;29;30;32;32;32;32;31;30;31;32;32;32;33;34;34;36;37;40;40;41;44;48;51;54;55;55;56;58;55;54;52;50;48;46;44;43;40;36;38;37;37;36;35;34;33;32;34;36;37;38;40;40;42;43;44;46;47;48;47;47;47;48;46;45;46;46;45;43;46;46;48;51;58;62;66;69;70;68;68;68;68;67;68;72;75;77;79;79;77;73;69;63;58;56;54;53;49;45;40;36;32;32;34;34;35;32;30;30;31;35;33;30;26;22;19;18;16;15;14;0;13;14;14;15;14;13;13;13;0;13;0;0;0;13;13;13;0;13;13;13;13;0;0;0;0;0;13;0;0;13;0;13;0;0;0;0;13;13;13;13;13;13;0;0;0;0;0;0;0;0;0
0;13;0;0;13;0;0;0;0;0;0;0;13;0;0;13;0;13;13;0;0;0;0;0;0;0;13;13;0;0;0;0;0;13;13;13;13;14;14;15;17;17;17;17;18;19;19;21;23;26;29;31;31;31;33;34;35;34;33;30;27;29;31;30;32;32;31;32;31;31;33;33;33;34;35;38;38;41;42;45;47;49;52;56;56;57;58;59;56;54;51;49;48;46;45;43;41;39;38;38;36;36;35;35;34;33;34;36;38;39;41;42;43;43;44;45;46;47;48;47;45;45;44;43;43;43;43;42;44;45;48;52;59;63;66;70;70;68;66;66;67;66;68;71;72;77;79;81;77;73;69;62;60;59;57;56;51;45;40;35;32;33;34;33;34;32;31;32;33;34;32;30;25;22;20;18;17;17;14;14;13;14;14;14;14;13;13;13;0;13;0;0;0;13;15;0;0;14;13;13;0;13;13;0;0;13;0;0;13;0;0;13;0;13;13;13;13;13;13;13;13;13;0;0;0;0;0;0;0;0;0
0;0;0;0;0;0;0;0;0;0;0;0;0;0;0;0;0;13;0;0;13;0;0;0;13;0;0;13;0;0;13;0;0;0;14;14;14;13;15;16;16;17;16;17;19;18;19;22;23;26;29;32;31;33;34;34;35;34;32;30;28;29;31;31;30;31;31;31;33;32;34;34;35;36;36;38;40;43;42;45;47;50;53;55;56;58;58;57;56;52;51;51;49;48;46;43;43;42;40;41;38;37;37;36;34;33;36;37;39;42;41;42;43;43;45;46;45;46;46;45;43;43;42;40;39;40;39;42;44;46;51;53;57;63;64;68;69;69;65;64;64;65;67;70;73;76;76;78;75;72;69;64;61;60;57;55;50;44;41;36;34;33;33;34;33;32;31;30;33;33;32;29;25;23;21;19;18;17;14;14;13;14;13;14;13;13;13;13;13;13;0;0;0;0;13;0;0;0;13;13;0;0;0;0;0;0;0;13;0;0;0;0;13;13;13;14;13;0;0;0;0;0;0;0;0;0;0;0;0;0;0
0;0;0;0;0;0;0;0;0;0;0;0;0;0;0;0;0;0;0;0;0;0;0;13;0;13;13;13;0;0;13;14;13;13;13;13;14;14;15;16;16;16;17;17;18;18;20;22;24;26;29;31;33;35;34;35;35;35;33;30;29;29;31;31;29;30;31;31;32;33;35;34;36;37;37;38;40;43;46;47;50;54;55;57;59;58;56;55;56;55;52;51;50;49;46;44;42;42;41;41;40;38;37;36;36;35;36;37;39;41;40;43;44;44;45;46;47;48;46;43;41;40;39;39;38;38;40;43;46;48;51;53;55;60;64;67;66;64;64;64;62;65;66;69;72;75;76;76;74;70;66;64;62;61;59;55;50;46;42;37;35;33;31;33;33;30;31;32;33;34;31;27;24;22;20;19;17;16;14;14;14;14;0;14;14;13;13;13;13;0;0;0;0;0;13;13;13;13;13;0;13;0;0;0;0;0;0;0;0;0;0;0;0;0;0;13;13;13;0;0;0;0;0;0;0;0;0;0;0;0;0
0;13;0;0;0;0;0;13;0;0;0;0;0;0;0;0;0;13;13;0;0;0;0;0;0;0;0;0;0;0;0;0;0;13;13;13;14;15;16;16;16;16;17;17;18;19;21;21;23;25;28;31;34;36;35;36;34;35;33;30;30;29;30;29;29;30;32;32;33;34;35;35;36;37;40;40;41;43;47;49;52;56;57;58;58;58;58;57;57;55;54;51;49;48;45;43;42;42;41;42;42;40;39;37;36;36;36;38;39;41;42;44;44;44;45;45;47;46;45;42;41;39;38;38;38;40;41;43;46;47;50;53;57;60;63;64;65;64;65;64;62;65;67;68;71;73;76;77;76;70;65;63;62;60;57;52;50;46;42;39;36;33;33;35;34;31;31;32;33;33;30;27;24;22;21;19;17;16;14;13;13;14;14;13;14;13;13;13;14;13;0;13;0;13;0;13;13;14;14;14;13;13;0;0;0;13;13;13;0;0;0;0;0;0;0;13;13;0;13;0;0;0;0;0;0;0;0;0;0;0;0
0;0;13;0;0;0;0;13;13;0;0;0;0;0;0;0;0;0;0;0;0;0;0;0;13;13;0;0;0;0;13;0;13;0;13;13;15;16;16;15;16;16;17;17;18;20;20;20;22;25;28;31;32;34;35;37;35;34;33;31;30;28;29;29;29;28;30;32;33;35;35;36;35;38;40;41;43;45;49;50;53;54;57;57;57;58;56;55;55;54;53;52;49;49;47;46;44;44;43;43;42;40;39;37;36;36;35;38;40;41;43;45;44;44;44;44;45;44;42;41;41;39;37;36;37;41;42;44;46;48;51;54;56;59;63;65;65;64;61;60;61;64;66;70;74;75;77;77;75;70;67;62;61;60;57;53;50;45;43;40;37;34;33;34;34;31;31;32;33;33;31;28;25;23;21;19;17;15;13;13;13;13;15;14;14;13;13;14;13;0;0;13;0;0;0;13;13;13;14;14;13;0;0;0;13;0;0;0;0;0;0;0;0;0;0;13;13;0;13;13;13;13;0;0;0;13;13;0;0;0;0
0;0;0;0;13;13;0;0;0;0;0;0;0;0;13;0;0;0;0;0;0;0;0;0;0;0;0;0;13;13;13;0;0;0;0;14;15;15;16;16;16;16;17;18;19;20;21;20;22;25;28;32;32;34;36;36;36;35;33;32;30;29;28;28;28;30;30;31;32;34;35;36;37;39;40;41;43;46;49;51;55;56;57;58;58;59;59;57;56;56;54;53;51;50;47;44;44;45;44;42;41;40;39;38;37;36;36;38;41;42;41;43;43;45;44;43;44;44;42;40;39;37;36;38;39;43;43;46;47;50;51;53;55;59;61;63;62;61;59;59;61;64;66;71;76;77;77;75;74;69;65;62;60;59;58;54;50;47;43;40;37;35;33;33;32;31;31;33;35;35;32;28;25;23;21;19;17;14;13;13;14;14;14;15;14;0;13;13;13;0;0;13;0;13;13;13;13;13;14;13;0;13;13;13;0;0;0;13;0;0;0;0;0;0;13;13;13;13;0;0;0;0;0;0;0;0;0;0;0;0;0
0;0;0;0;0;13;0;0;0;0;0;0;0;0;0;0;0;0;0;13;0;0;0;0;0;0;0;0;0;0;13;0;0;0;13;14;15;15;16;17;17;17;18;19;18;20;21;22;22;24;28;30;32;35;36;35;36;35;34;32;30;29;29;28;28;29;31;30;32;34;34;36;37;38;39;39;42;46;48;51;54;54;56;59;58;60;62;60;58;57;55;55;53;51;49;47;46;45;45;43;40;40;40;38;37;37;37;38;40;42;42;44;45;45;45;45;44;43;41;39;38;38;37;38;40;43;44;47;48;50;51;53;58;61;62;63;62;60;59;60;63;68;72;75;77;81;79;77;73;69;65;64;62;60;58;54;51;47;43;39;36;34;34;33;33;31;33;34;35;34;32;29;24;24;21;19;17;15;14;13;14;14;13;14;14;14;14;13;13;13;0;0;0;13;13;0;0;13;13;13;0;13;0;0;13;0;0;13;0;0;0;0;0;0;13;0;0;13;13;0;0;13;0;0;0;0;0;0;0;0;0
13;0;0;0;0;0;0;0;0;0;0;0;0;0;0;0;0;0;0;0;0;0;0;0;13;13;13;13;13;0;13;13;0;13;13;14;14;15;17;18;18;17;17;18;18;20;22;22;23;25;25;28;31;33;34;34;34;35;34;32;30;29;28;29;28;28;29;29;31;34;34;36;37;37;38;38;41;44;48;52;54;55;57;58;58;60;62;62;60;58;58;56;54;52;50;49;48;47;46;45;43;42;43;40;39;39;39;40;42;42;42;42;43;43;43;44;43;40;39;37;37;38;38;39;41;43;45;47;49;51;53;56;59;62;63;64;63;59;59;61;65;71;74;78;80;80;79;76;74;68;64;64;63;63;61;57;52;46;41;39;36;35;35;35;32;31;34;35;34;34;31;29;26;23;20;19;17;15;15;14;15;14;14;14;14;14;14;14;0;0;0;0;0;0;0;13;0;13;0;0;0;13;0;0;13;13;0;13;13;13;0;13;0;0;0;13;13;13;13;0;0;0;0;0;13;13;0;0;0;0;0
14;0;0;0;0;0;0;0;0;0;13;0;0;13;0;0;0;0;0;0;0;0;0;0;14;0;13;13;0;0;0;0;13;13;13;14;14;15;16;18;18;18;18;19;20;21;22;22;24;25;26;28;30;33;35;36;35;36;33;33;32;31;29;29;29;28;28;28;29;31;33;34;36;37;38;40;42;46;51;53;55;57;59;59;60;60;63;63;60;61;60;58;56;54;52;50;49;48;46;43;43;43;44;42;41;40;38;41;42;41;41;41;41;42;41;41;42;40;39;38;37;38;39;39;42;45;47;48;50;53;55;58;60;63;62;62;60;58;59;62;65;71;75;80;80;79;76;75;71;67;66;64;64;63;63;57;50;46;40;38;37;36;35;34;31;30;33;34;37;36;34;29;27;23;20;19;17;16;15;14;15;15;15;14;13;15;14;13;13;13;0;0;0;13;13;13;13;14;13;0;0;0;0;0;0;13;0;14;13;14;13;0;0;0;0;13;0;13;0;0;0;0;13;13;0;0;0;0;0;0;0
0;0;0;0;0;0;13;0;0;0;0;0;0;0;0;0;0;0;0;0;0;13;0;0;0;0;0;0;0;13;13;0;13;0;14;14;15;16;15;17;18;18;18;18;20;23;24;24;23;24;26;28;30;33;35;35;35;36;35;34;33;31;30;29;29;27;28;28;28;29;32;33;34;36;38;40;42;45;50;52;55;56;58;58;60;61;63;63;62;62;61;59;56;55;52;49;46;47;45;45;45;44;44;44;43;41;41;41;41;42;43;42;42;42;42;43;41;39;38;39;38;38;39;41;43;46;47;49;52;53;55;57;61;62;59;61;60;59;59;63;67;74;75;77;78;78;75;73;68;67;66;65;66;62;60;55;49;45;40;39;37;36;34;32;31;30;33;34;36;38;35;30;27;22;20;17;17;15;14;16;15;15;15;15;14;14;13;13;13;13;0;0;13;13;0;13;14;14;13;0;0;0;0;0;0;0;0;0;0;0;0;0;0;0;13;13;0;0;0;0;0;0;0;0;0;0;0;0;0;0;13
0;0;0;0;0;0;0;0;0;0;0;0;0;0;0;13;0;0;0;0;0;0;0;0;0;0;0;0;0;0;13;13;14;14;14;14;15;16;16;16;17;17;17;18;20;22;25;25;25;25;26;28;30;34;34;35;36;36;35;34;34;33;32;32;30;28;28;28;28;30;32;33;34;35;37;40;43;46;49;52;56;56;58;59;59;61;63;63;62;62;62;61;58;55;53;51;48;46;45;45;45;44;44;44;44;41;40;38;39;40;41;42;42;43;43;43;41;38;38;39;37;39;39;41;43;47;48;52;54;56;58;58;61;62;61;58;59;59;63;66;69;73;76;77;78;78;76;73;67;65;66;68;67;63;60;54;48;44;41;38;37;36;33;32;32;32;35;35;36;36;33;29;25;22;21;19;17;15;14;14;15;15;15;15;14;13;13;13;13;0;0;0;0;13;0;13;13;14;13;0;0;13;13;0;0;0;0;13;0;0;0;0;0;0;13;13;13;13;0;0;0;0;0;0;0;0;0;0;0;0;0
0;0;13;0;0;0;13;0;0;0;0;0;0;13;0;0;0;0;0;0;0;13;13;0;13;13;0;13;13;0;13;13;13;14;14;14;15;16;16;16;17;17;17;19;21;23;25;26;26;27;28;28;29;32;33;34;34;35;35;35;34;34;33;33;31;30;29;29;28;29;31;32;34;36;38;39;44;47;52;54;57;58;60;61;61;62;65;64;62;62;63;61;57;55;53;51;49;47;46;43;43;43;45;43;43;41;39;38;39;39;41;42;42;42;43;42;41;39;39;36;38;39;39;44;46;48;49;52;54;54;57;58;59;59;61;59;59;63;64;67;72;75;77;78;78;77;76;71;67;64;64;68;67;65;58;52;45;41;41;38;37;36;33;33;33;33;36;37;38;36;32;29;25;21;22;20;17;15;14;15;14;13;13;14;14;14;13;13;14;0;0;0;0;13;13;13;13;14;14;13;13;0;0;0;0;0;0;13;0;0;0;0;13;0;13;13;0;0;0;0;0;0;0;0;0;0;0;0;0;0;0
0;0;0;0;0;0;0;0;0;0;0;0;0;0;0;0;0;0;0;0;0;0;0;13;13;0;0;0;13;0;0;0;13;14;14;15;16;17;17;17;17;17;18;19;21;23;25;26;27;28;29;30;30;31;32;34;34;35;37;35;34;34;35;35;34;31;29;30;30;30;31;32;33;36;39;40;44;47;51;56;57;58;61;62;62;63;62;63;64;62;62;60;58;54;53;51;49;46;46;45;44;44;44;43;43;40;40;40;41;41;42;42;43;43;45;44;41;38;38;37;40;40;41;44;46;48;51;52;54;53;58;58;58;60;60;60;62;64;66;69;74;77;78;76;76;74;73;69;68;64;69;70;68;63;56;50;44;42;41;39;36;35;33;32;32;33;37;38;37;35;33;29;26;22;21;19;16;15;15;15;13;13;13;13;14;14;0;0;13;0;0;0;0;13;13;14;13;13;13;0;13;13;0;0;13;0;13;0;0;0;0;0;0;0;13;13;13;0;0;0;0;0;0;0;0;0;13;13;13;0;0
0;0;0;0;0;0;0;0;13;0;0;0;0;0;0;13;0;0;0;0;0;0;0;0;0;0;0;13;13;13;0;13;13;14;14;15;16;17;17;17;16;17;18;17;20;22;25;27;28;30;32;31;32;33;32;33;33;34;35;34;33;35;37;36;34;32;30;30;30;31;31;32;33;35;37;40;44;47;51;53;55;57;60;61;63;62;61;60;63;62;61;60;58;55;55;52;50;47;45;45;45;45;45;43;44;41;40;40;42;42;43;43;43;44;44;44;42;40;40;37;39;41;43;46;48;50;51;52;52;54;57;56;59;60;61;61;63;66;70;71;74;74;74;74;74;72;70;67;66;66;68;67;65;62;56;49;44;41;39;38;37;35;33;32;32;33;36;38;36;35;32;29;26;22;21;19;16;15;15;14;13;14;14;14;14;14;0;13;13;14;0;0;0;0;0;14;13;13;0;13;13;0;0;0;13;0;0;0;0;0;0;0;0;0;13;13;0;0;0;0;0;0;0;0;0;0;13;13;0;0;0
0;0;0;0;0;0;0;0;13;0;0;0;0;0;0;0;0;0;0;0;0;0;13;0;0;13;13;13;13;0;0;13;13;14;14;15;15;17;17;18;17;17;17;18;20;23;24;27;28;31;32;32;32;31;31;32;32;34;34;33;33;35;37;36;34;32;32;31;30;31;33;32;33;34;37;40;44;46;51;54;57;59;60;63;63;63;62;62;63;63;62;61;60;56;54;52;50;47;45;44;44;44;46;43;42;42;41;41;41;41;42;43;43;45;44;42;41;40;40;38;40;42;44;46;47;48;49;51;51;55;56;56;57;58;61;62;64;68;70;71;73;75;74;72;73;70;68;66;67;67;66;66;63;58;54;49;45;42;39;39;41;37;34;32;32;33;36;36;35;34;31;28;27;24;21;19;17;16;15;15;14;13;13;14;14;15;14;13;13;13;0;13;0;0;13;14;13;13;13;0;0;0;0;0;0;0;0;0;0;0;0;0;0;0;13;13;0;0;13;0;0;0;0;0;0;0;0;0;0;0;0
0;0;0;0;0;0;0;0;13;0;0;0;0;0;0;0;0;0;0;0;0;0;0;0;13;0;0;0;0;0;0;13;13;14;14;15;16;17;16;17;17;18;18;18;21;23;24;27;28;32;33;34;32;31;32;31;32;33;32;32;33;34;36;36;34;34;31;30;31;32;33;32;34;35;38;42;44;46;50;52;55;58;61;62;63;64;63;63;63;64;63;61;59;57;54;52;50;48;46;47;45;44;45;42;42;43;41;41;42;42;43;43;45;45;45;43;43;40;40;40;42;43;44;46;48;48;49;51;50;52;56;57;57;60;62;63;65;66;69;70;73;74;74;73;70;70;70;67;67;67;67;64;61;56;51;47;45;42;40;40;38;36;33;31;33;34;37;37;34;33;31;30;29;26;21;19;17;16;14;15;14;14;13;14;15;14;14;13;13;13;0;0;0;0;13;13;0;13;0;0;0;13;13;13;0;13;13;0;0;13;0;0;0;0;13;13;13;0;13;13;13;0;0;0;0;0;0;0;0;0;0
0;0;0;0;0;0;0;0;0;0;0;0;0;0;0;0;0;13;0;0;0;0;0;0;0;0;13;13;0;0;13;13;13;14;14;15;16;16;16;18;17;16;18;18;21;24;25;29;32;35;36;35;33;32;32;31;32;32;32;32;33;35;36;36;34;33;31;30;30;30;31;32;34;35;39;41;43;47;49;52;54;58;59;60;63;62;62;60;62;63;62;60;58;55;53;51;49;49;47;47;46;45;44;42;42;42;42;41;42;43;45;43;42;43;44;41;42;42;41;41;42;41;45;46;47;47;49;50;51;52;55;58;60;61;62;61;65;67;70;71;73;75;75;73;72;69;68;67;67;66;65;62;59;54;49;44;44;42;40;38;37;35;30;31;33;36;39;37;34;32;32;31;29;26;22;19;16;15;14;14;14;14;13;14;14;13;14;13;13;0;0;0;13;0;13;13;0;0;0;13;0;13;13;0;13;13;0;0;0;0;0;0;0;13;13;0;13;0;13;13;0;0;0;0;0;0;0;0;0;0;0
0;0;0;0;0;0;0;0;0;0;0;0;0;0;0;0;0;0;0;0;0;0;0;13;13;13;13;13;13;0;13;13;0;13;14;15;16;17;18;19;17;17;17;18;20;22;26;29;33;35;37;36;34;34;32;32;31;33;33;32;33;35;36;34;34;33;32;29;30;30;28;31;34;36;37;39;43;45;48;51;54;58;60;64;64;63;63;63;63;63;61;59;57;56;52;50;49;49;47;47;46;44;44;43;43;42;41;41;40;42;43;44;42;43;43;43;43;42;43;42;43;42;45;45;45;47;48;48;52;54;56;58;59;60;61;62;65;68;68;71;73;73;74;72;71;71;69;67;68;67;63;60;57;52;48;45;43;42;40;38;36;33;32;31;34;37;38;36;34;33;32;31;28;24;22;19;16;14;13;14;14;14;14;14;15;13;13;13;13;0;0;13;0;0;13;0;0;0;0;13;13;0;0;0;0;13;13;0;0;0;0;0;0;0;0;0;0;0;0;13;0;0;0;0;0;0;0;0;0;0;0
0;0;0;0;13;0;0;0;0;0;13;0;0;0;0;13;13;0;0;0;0;0;0;0;13;13;13;0;13;13;0;0;0;13;15;15;17;17;18;18;18;18;17;19;20;23;26;30;33;35;37;36;35;34;31;32;31;31;33;33;34;34;36;36;37;35;32;31;30;29;29;29;32;35;36;38;41;45;47;53;55;58;61;64;65;67;65;65;65;63;62;60;59;56;52;50;50;49;48;49;47;46;46;42;42;40;40;39;40;41;41;43;43;43;44;45;44;43;43;44;45;43;44;46;46;47;48;51;54;55;56;57;58;58;61;62;65;66;67;70;71;72;72;68;72;72;71;67;66;64;64;59;56;52;48;45;43;41;41;39;36;31;31;32;36;37;36;34;33;32;32;30;28;25;21;18;15;14;14;13;13;14;14;14;14;14;13;13;13;0;0;0;0;0;13;0;0;0;13;13;13;13;13;0;0;0;0;0;0;0;0;0;0;0;0;0;0;13;0;13;0;13;0;0;0;0;0;0;0;0;13
0;0;0;0;0;0;0;0;0;0;0;0;0;13;0;0;0;13;0;0;0;0;0;0;13;13;13;13;0;13;13;0;13;14;15;15;17;18;18;18;19;19;18;19;20;24;26;30;31;35;37;37;36;34;32;32;31;31;32;32;34;34;34;35;36;37;34;32;30;29;30;30;31;34;35;39;42;46;50;52;55;58;61;63;65;66;66;66;65;65;63;61;58;56;53;50;49;48;46;46;47;47;44;42;42;40;39;39;41;42;42;45;44;45;46;47;47;45;45;45;45;44;45;45;46;47;50;52;54;55;57;57;58;59;62;62;65;65;67;69;70;70;70;71;72;71;70;68;65;64;60;57;54;51;48;45;43;42;40;37;35;33;32;33;36;35;34;32;32;31;32;30;27;24;21;17;15;15;14;13;13;13;13;14;14;14;13;13;13;13;0;0;0;0;0;0;0;0;13;13;13;13;13;0;0;0;0;0;0;0;0;0;0;0;0;0;0;0;0;0;0;13;0;0;0;0;0;0;0;0;0
0;0;0;0;0;0;0;0;0;0;0;0;0;0;0;0;0;0;0;0;0;0;0;0;13;0;0;0;0;13;13;13;13;0;15;16;18;18;18;18;20;20;19;18;20;22;24;28;32;35;36;36;35;35;34;33;31;33;32;32;35;36;36;35;35;35;34;31;31;30;32;32;33;33;36;38;41;44;49;53;57;58;61;63;63;64;64;63;63;63;61;58;55;52;51;48;47;46;48;48;47;46;44;43;41;39;38;39;41;42;43;46;45;46;45;45;46;46;46;46;46;46;45;45;47;50;52;53;54;55;57;59;58;60;62;65;65;66;70;72;73;72;71;72;73;73;71;68;68;62;59;59;55;50;45;44;44;43;40;37;35;33;31;31;34;33;32;32;32;33;32;30;27;24;21;19;17;16;15;14;0;0;13;14;14;13;13;13;0;0;13;13;0;0;0;13;13;13;13;0;0;0;0;13;13;0;0;0;13;13;0;0;0;0;0;0;13;0;0;13;0;0;0;0;0;0;0;0;0;0;0
0;0;0;0;0;0;0;0;0;0;0;0;0;13;0;0;0;0;0;0;0;0;0;0;13;13;13;0;0;13;13;13;0;14;15;15;17;17;19;19;20;20;19;20;20;21;24;27;32;35;37;36;35;34;35;33;31;32;32;33;33;35;37;37;36;34;33;32;32;31;33;35;35;36;38;39;42;45;47;53;55;56;60;61;61;64;63;63;64;62;60;57;54;51;50;48;48;48;49;50;49;48;45;44;41;39;39;40;40;42;43;44;44;44;44;44;45;45;46;46;46;46;47;46;50;52;51;53;54;54;57;59;61;64;64;65;67;68;70;71;73;73;72;71;72;72;71;67;66;64;63;55;52;50;46;46;45;44;41;36;34;31;31;31;33;33;33;34;33;33;31;29;27;23;21;19;17;15;14;13;0;14;14;13;13;13;13;14;13;0;0;0;13;0;0;13;13;13;0;0;0;0;0;0;13;0;0;0;13;0;0;0;0;0;0;0;13;13;13;0;0;0;0;0;0;0;13;0;0;0;0
0;0;0;0;0;0;0;0;0;0;0;0;0;13;0;0;0;13;0;0;13;13;0;0;13;0;0;0;0;13;0;14;13;14;13;15;17;17;17;18;19;19;19;20;21;22;25;29;32;35;37;35;35;35;35;33;32;33;33;33;33;34;34;36;37;35;32;31;31;32;34;35;35;36;38;41;43;47;51;52;55;56;58;59;60;63;62;61;61;62;59;57;52;50;49;46;46;46;47;47;46;44;42;42;40;39;40;39;40;42;43;43;42;43;45;46;46;45;45;44;46;46;46;48;50;52;52;54;55;54;56;58;61;63;63;63;63;68;70;73;75;74;73;74;72;71;70;67;65;63;60;55;51;48;47;47;46;43;39;34;33;32;31;32;32;34;34;33;34;33;31;29;27;21;20;18;16;16;14;14;14;14;15;14;14;13;0;13;0;0;0;0;0;0;0;0;0;14;13;0;0;0;13;0;13;0;0;0;0;0;0;0;0;0;0;0;0;13;0;0;0;13;0;0;0;0;0;0;0;0;0
13;0;0;0;0;0;0;0;0;0;0;0;0;13;0;0;0;0;0;13;13;0;0;13;13;13;0;13;13;13;13;13;14;15;14;15;17;18;18;18;18;19;19;19;22;25;27;30;33;34;36;36;36;36;35;33;32;32;32;33;35;33;34;35;36;35;35;32;33;33;36;36;37;37;39;41;44;48;49;52;55;57;58;62;62;64;64;64;62;61;59;56;53;50;48;48;47;46;45;45;44;42;41;39;40;37;39;40;44;43;43;42;43;44;43;47;46;46;47;47;48;48;49;49;50;53;53;54;54;55;56;59;60;59;60;61;64;68;71;74;75;75;74;73;72;72;69;67;65;63;58;54;50;49;48;46;43;42;40;36;33;33;34;33;33;33;33;33;33;33;32;30;27;23;20;17;17;16;14;13;14;14;14;14;14;14;13;13;0;0;13;0;0;0;13;0;0;0;13;0;13;0;0;0;0;0;13;0;0;0;0;0;0;0;0;13;13;13;13;0;0;0;0;0;0;0;0;0;0;0;0
0;0;0;0;0;0;0;0;0;13;0;0;0;0;0;13;0;0;0;0;0;0;13;13;0;0;0;13;13;13;13;13;13;14;14;15;17;18;18;19;19;20;19;21;23;25;28;32;34;35;36;37;37;38;35;33;32;33;33;35;36;34;35;35;36;35;35;34;34;34;35;36;38;39;40;42;45;48;50;54;54;56;57;59;60;63;63;64;63;62;59;56;53;51;49;48;47;47;47;46;44;43;42;40;39;38;40;41;41;42;43;43;43;45;45;47;47;49;50;51;52;53;53;51;53;52;51;52;53;54;54;57;59;58;61;63;64;68;71;73;73;75;73;70;70;68;66;66;65;61;56;54;50;48;48;45;43;42;39;36;34;33;33;32;31;32;32;32;33;33;31;30;25;22;19;17;17;15;14;13;14;14;14;13;0;14;14;14;0;0;13;13;0;0;0;13;0;0;13;13;13;13;0;0;0;0;0;0;13;0;0;0;0;0;13;13;13;13;13;0;0;13;13;0;0;13;13;0;0;0;0
0;0;0;0;0;0;0;13;0;0;0;0;0;0;0;0;0;0;0;0;0;0;0;13;13;0;0;13;0;0;0;14;14;14;14;15;17;18;19;19;19;21;20;21;24;27;29;32;35;37;38;39;38;37;36;34;33;33;34;35;35;34;35;37;37;34;33;33;33;34;35;37;37;39;40;44;45;48;51;54;55;56;57;59;61;63;63;64;63;64;61;58;56;51;50;49;48;47;47;46;44;45;43;41;40;40;40;42;42;43;43;44;44;45;48;50;51;51;52;53;53;53;53;53;53;52;53;53;54;54;55;58;59;61;62;64;66;70;73;75;76;73;71;68;68;68;68;67;66;62;57;55;51;49;47;44;42;42;39;37;35;34;33;31;31;31;32;32;34;34;31;29;25;22;20;18;17;16;14;13;14;13;13;14;14;13;14;13;0;0;0;0;0;0;0;0;0;13;13;13;13;0;0;0;0;13;0;0;0;13;0;0;0;0;13;0;13;13;0;0;0;0;13;0;0;0;13;0;0;0;0
13;0;0;0;0;0;0;13;0;0;0;0;0;0;0;0;0;0;0;0;13;0;0;0;0;13;13;13;13;13;13;13;14;15;16;16;18;18;19;19;19;20;21;22;25;29;30;33;36;39;39;41;40;38;36;35;35;35;35;36;35;34;35;38;38;36;34;34;35;35;37;38;39;40;41;44;48;50;51;55;56;58;60;60;62;64;65;66;67;64;61;58;56;53;51;49;47;45;45;44;42;45;41;41;42;43;43;43;44;46;46;46;47;47;49;51;52;52;52;53;53;51;54;53;52;53;55;56;56;56;57;60;60;62;63;66;68;71;74;75;74;72;70;70;71;69;68;68;67;63;59;58;55;49;46;44;43;42;40;37;35;34;35;31;31;30;31;33;33;32;31;28;26;23;21;19;16;16;14;14;14;14;13;14;13;13;13;14;13;0;0;0;13;0;0;0;13;13;13;0;0;0;0;13;13;13;13;0;0;0;0;0;0;0;14;13;14;0;0;0;0;0;0;0;0;0;0;0;0;13;13
0;0;0;0;0;13;0;0;0;0;0;0;0;0;0;0;13;0;0;0;13;13;0;13;0;0;13;0;0;13;13;0;13;14;16;16;18;18;19;21;20;20;21;23;25;27;31;33;36;39;41;42;43;41;38;37;35;36;36;36;36;35;34;36;36;36;34;35;36;37;39;39;40;42;43;46;48;52;55;58;58;60;62;64;67;67;68;66;67;65;62;59;57;56;52;50;48;45;44;43;44;43;42;42;44;44;45;45;44;47;47;48;49;49;52;52;53;53;52;52;52;52;52;52;53;53;56;57;56;58;58;58;62;64;67;68;69;72;72;73;73;71;69;69;70;71;69;69;66;64;60;59;54;49;46;44;42;41;40;38;35;32;31;30;30;31;34;34;33;32;30;28;25;23;20;20;16;14;13;13;13;14;13;14;13;0;14;14;13;0;0;0;13;0;0;0;0;0;0;0;0;0;0;0;0;0;13;13;13;0;0;0;13;0;13;13;14;13;13;0;0;0;0;0;0;0;13;0;0;13;0
0;0;0;0;0;13;0;0;0;0;0;0;0;0;0;0;0;0;0;13;13;13;13;0;0;0;13;0;0;13;13;13;14;15;16;17;17;18;19;20;21;20;21;23;25;27;30;32;36;40;41;41;42;41;40;38;38;38;38;37;37;37;35;36;36;37;34;34;36;36;38;39;39;43;45;49;51;54;57;57;60;62;63;65;67;70;70;69;68;67;64;61;58;57;53;51;49;47;45;44;44;45;44;44;44;44;48;46;45;46;47;48;50;51;52;53;54;53;51;50;51;52;51;54;54;54;56;56;57;58;56;60;64;66;67;69;69;74;75;75;75;73;72;71;70;70;69;68;67;64;60;56;52;48;45;43;41;41;39;37;35;32;31;30;31;32;33;34;33;32;30;26;25;23;20;19;16;14;13;14;14;14;13;13;0;14;14;14;13;0;0;0;0;0;13;0;0;13;0;13;13;13;13;0;0;13;0;0;0;0;0;13;14;0;0;0;13;0;13;13;13;0;0;0;0;0;0;0;0;0;0
0;0;0;0;0;0;13;0;0;0;0;0;0;0;0;0;0;0;0;0;13;0;0;0;13;0;0;0;0;13;13;13;13;14;16;17;18;18;19;20;21;21;22;23;25;28;30;32;36;40;42;42;41;41;41;39;40;40;39;37;36;36;38;38;38;35;34;35;36;36;38;39;40;43;45;50;54;57;58;62;62;62;65;67;68;69;69;70;70;68;67;64;60;58;54;51;50;47;45;46;47;48;46;44;45;45;45;45;45;45;48;49;52;54;54;54;54;52;51;52;51;52;52;51;54;54;55;55;57;57;61;63;66;67;67;70;72;74;76;75;76;73;72;71;72;71;70;70;69;65;61;56;51;47;45;42;41;41;38;36;33;33;32;31;31;33;33;35;34;32;29;26;26;23;21;19;15;14;14;14;14;14;14;13;14;14;13;13;13;0;0;13;13;0;0;0;13;0;0;0;0;13;13;13;0;0;0;0;0;0;0;0;13;0;13;0;0;0;13;13;13;0;0;0;0;0;0;0;0;0;0
0;0;0;0;0;0;0;0;0;0;0;0;0;0;0;0;0;0;0;0;0;0;0;0;13;13;0;0;0;13;13;13;13;14;15;17;18;20;21;21;21;22;22;23;26;28;31;34;37;41;44;43;40;41;41;41;41;40;39;38;37;37;39;38;39;36;33;35;36;37;38;38;41;44;47;50;54;59;62;64;66;67;66;67;70;71;72;73;71;70;68;65;63;60;55;53;50;48;46;47;47;48;48;48;47;46;46;47;47;47;49;49;53;54;54;54;53;51;52;50;50;50;51;51;52;53;56;55;57;59;62;64;68;69;69;69;73;75;74;76;77;75;72;72;72;71;70;70;68;64;60;55;52;49;47;44;42;40;37;35;33;33;32;32;32;33;34;34;33;30;29;27;26;22;20;18;16;14;14;13;14;13;13;13;14;14;14;13;13;13;0;13;13;0;0;0;13;13;0;0;0;0;13;0;0;0;0;0;0;0;0;0;13;0;13;0;13;0;13;0;0;0;0;0;0;0;0;0;0;0;0
0;0;0;0;0;0;0;0;0;0;0;0;0;13;0;0;0;0;0;0;0;0;0;0;0;0;13;13;13;0;13;14;13;14;15;17;18;20;21;22;22;23;23;26;27;29;32;33;37;42;44;44;41;40;42;42;43;42;40;39;37;37;39;41;39;36;35;34;35;36;36;40;43;47;50;53;57;61;63;65;67;69;67;69;71;70;71;70;71;71;68;67;64;61;57;55;51;49;50;48;48;49;49;49;48;48;48;49;49;49;52;52;55;55;55;55;53;53;52;49;50;50;50;52;52;54;59;56;59;61;62;65;67;70;71;71;72;76;76;78;78;77;75;74;73;72;70;72;70;67;61;58;54;50;45;44;42;40;36;35;34;33;32;31;30;31;32;33;32;31;29;28;26;23;21;18;17;16;14;13;13;13;14;14;13;14;14;14;14;0;0;13;0;0;0;13;13;13;13;13;0;0;0;0;0;0;0;0;13;0;0;0;13;13;13;13;0;0;13;0;0;0;0;0;0;13;0;0;0;0;0
0;0;0;0;0;0;0;13;0;0;0;0;0;0;0;0;0;13;0;0;0;0;13;13;13;0;13;13;0;13;13;0;14;15;16;17;18;21;20;21;22;23;24;26;28;31;33;34;40;43;44;44;43;42;42;43;44;44;42;40;39;39;39;39;39;38;36;35;35;36;37;41;42;47;51;56;59;63;65;66;69;71;70;71;72;72;70;70;70;70;69;67;65;62;57;53;53;52;53;51;49;50;51;49;49;49;49;49;50;52;52;53;55;57;56;56;54;53;51;48;46;47;48;50;51;53;56;60;62;63;67;68;70;69;71;72;73;77;78;80;81;80;78;74;74;74;72;73;71;67;62;57;53;48;46;44;43;39;36;35;33;32;31;29;31;31;32;33;33;32;30;27;26;24;20;18;16;15;14;13;13;14;14;14;13;14;14;14;13;0;13;0;0;0;0;13;0;0;0;13;0;0;0;13;0;13;0;0;0;0;0;0;13;13;13;0;0;0;0;13;0;0;0;0;0;0;0;13;0;0;0
0;0;0;0;13;0;0;0;0;0;0;0;0;0;0;0;0;0;0;0;13;0;13;0;13;13;13;13;13;13;0;0;13;15;16;17;18;19;20;20;22;23;24;26;28;30;34;36;39;42;43;43;43;41;41;44;45;45;44;40;39;40;41;39;39;37;35;35;35;36;38;39;43;47;52;56;59;63;67;68;69;72;72;74;74;75;74;73;72;71;69;64;63;60;56;52;52;51;52;51;50;50;48;48;47;47;47;47;52;53;52;52;55;56;54;55;54;51;51;49;47;47;48;50;52;54;57;60;63;65;68;69;71;71;72;72;73;78;79;82;82;82;80;77;75;75;75;73;69;63;58;54;49;47;45;45;42;40;38;34;32;30;29;30;31;31;34;34;34;34;31;28;27;25;20;17;14;14;14;13;14;14;13;14;13;13;13;13;13;13;0;0;0;0;13;13;13;0;0;0;0;0;0;13;13;13;0;0;0;0;0;0;13;0;0;0;13;0;0;13;0;0;0;0;0;0;0;0;0;0;0
0;0;0;0;13;0;0;13;0;0;0;0;0;0;0;13;13;13;0;0;0;0;0;0;0;13;0;13;13;13;0;0;13;15;17;18;19;20;20;22;22;22;22;25;28;31;35;39;42;45;45;43;42;40;41;44;44;44;43;41;42;41;42;43;41;39;37;36;35;36;36;40;43;48;54;58;62;64;68;69;71;73;74;76;77;78;78;77;74;72;70;67;64;62;57;53;53;51;51;52;52;48;48;48;47;48;49;50;51;53;54;54;55;57;57;56;54;51;48;49;48;48;51;53;54;54;57;59;60;62;65;68;68;71;72;73;73;78;79;81;82;83;81;78;76;74;74;71;68;64;58;54;50;46;45;44;42;40;36;33;31;31;30;30;32;32;33;33;34;34;32;29;27;23;19;18;16;13;14;13;13;14;14;14;14;14;13;0;0;13;0;0;0;0;13;0;0;0;0;0;0;0;0;13;0;0;0;0;0;0;0;0;13;13;0;0;13;0;13;0;0;0;0;0;0;0;0;0;0;0;0
0;0;0;0;13;0;0;13;0;13;0;0;0;0;0;0;0;13;0;0;0;0;0;0;0;0;13;13;13;0;13;13;14;15;16;17;19;20;20;22;22;22;24;26;27;30;35;38;43;46;46;44;43;42;43;43;45;44;44;43;44;43;42;42;42;41;38;38;37;37;39;41;42;48;53;55;60;63;67;69;71;73;76;76;77;79;80;77;73;73;71;68;64;62;58;57;55;55;55;54;51;50;50;50;49;49;50;50;51;53;53;54;55;58;56;55;55;53;51;50;50;50;51;54;56;57;59;60;62;63;66;67;68;70;72;74;75;77;78;81;86;82;80;78;77;74;73;72;68;64;60;57;53;49;46;44;42;39;36;33;32;33;31;31;32;32;33;33;33;33;31;28;25;22;19;17;16;15;13;13;13;13;14;14;13;13;14;14;13;13;13;13;0;0;0;13;0;0;0;0;0;13;0;0;13;0;0;0;0;0;0;0;0;0;0;0;0;0;0;0;0;0;13;0;0;0;0;0;0;0;0
0;0;0;0;0;0;0;0;0;0;0;0;0;0;0;0;0;13;13;13;13;0;13;0;13;0;13;13;0;0;13;13;15;15;16;18;19;20;21;22;22;23;22;25;27;30;35;37;42;46;46;44;42;43;44;45;44;44;43;42;43;44;44;43;42;41;39;40;39;39;41;43;45;48;52;55;58;63;67;71;72;73;74;77;78;78;80;78;75;73;70;67;65;60;57;55;56;56;55;54;52;51;51;50;49;49;49;50;51;52;54;55;55;55;55;55;53;52;52;51;52;53;54;55;58;58;59;62;64;64;66;68;71;72;74;77;78;78;79;83;84;83;80;78;76;72;72;72;71;67;63;58;53;50;47;45;43;40;37;34;33;33;31;31;32;31;33;33;34;33;29;27;25;23;20;17;15;15;14;14;13;14;14;15;13;13;13;13;13;0;0;13;13;13;0;0;0;0;13;0;0;0;0;0;0;0;0;0;0;0;0;0;0;0;13;0;0;13;0;0;0;0;0;0;0;0;0;0;0;0;0
0;0;0;0;0;0;0;0;0;0;0;0;0;0;0;0;0;0;0;0;0;0;13;0;13;0;13;0;0;0;13;13;15;15;17;19;20;20;22;23;23;23;23;25;29;32;36;38;42;45;46;44;43;45;46;46;45;44;44;43;43;45;45;45;42;42;43;41;41;40;42;44;47;50;55;57;59;62;67;70;74;75;77;79;82;80;80;78;76;73;72;68;64;61;59;57;56;54;56;55;53;53;50;49;49;48;49;50;52;53;54;56;56;56;55;55;54;52;52;52;53;53;55;55;56;62;61;63;66;65;67;69;70;73;76;77;79;80;80;83;84;83;83;80;77;76;75;73;72;68;64;59;57;52;48;47;43;41;39;35;33;33;31;31;31;31;32;33;33;33;30;28;27;23;20;17;17;14;14;13;14;14;13;14;13;13;14;14;13;0;0;13;13;13;0;0;0;0;13;0;13;0;0;13;13;13;0;0;0;0;0;0;0;0;13;0;0;13;0;13;0;0;0;0;0;0;0;0;0;0;0
0;0;0;0;0;13;0;0;0;0;0;0;0;0;0;0;0;0;13;0;0;0;0;13;14;14;14;13;13;0;13;13;14;15;18;19;19;21;22;22;22;23;24;25;29;31;35;39;41;45;47;46;45;46;47;48;48;47;45;46;46;45;45;45;43;43;44;44;43;42;44;44;49;53;54;58;62;65;67;70;73;74;79;79;80;80;80;77;75;71;71;68;63;61;59;59;56;55;54;53;53;51;49;50;49;49;49;50;51;54;55;57;57;59;57;56;54;52;52;51;52;53;54;55;57;60;62;62;63;65;68;68;70;72;74;75;77;79;80;82;84;83;83;83;77;76;75;74;72;69;66;59;55;51;48;46;44;41;39;35;33;31;30;29;29;30;32;33;33;32;30;28;26;23;19;17;16;14;14;13;13;14;14;14;13;0;13;13;0;0;0;14;0;0;0;0;0;0;13;13;0;0;0;0;0;0;0;0;13;0;0;0;0;0;0;13;0;13;13;0;0;0;0;0;0;0;0;0;0;0;0
0;0;0;0;0;0;0;0;0;0;0;13;0;0;0;0;0;0;0;0;0;0;0;13;13;13;13;14;13;13;13;13;14;16;17;20;20;21;22;23;23;22;24;25;28;30;33;36;40;43;46;47;46;47;47;48;47;46;47;46;47;47;43;43;42;44;44;43;43;44;46;46;50;54;57;60;61;66;71;72;74;74;76;77;78;80;76;76;74;71;70;66;62;59;58;56;54;56;55;52;53;52;51;50;49;48;50;51;52;56;55;58;60;59;57;56;53;52;52;53;51;53;54;56;57;60;61;62;63;67;67;69;70;73;74;74;75;78;81;83;83;83;83;80;78;75;72;74;72;69;65;59;54;51;49;46;44;40;38;35;33;29;30;29;31;33;35;33;33;32;30;28;25;22;19;17;16;14;13;0;13;14;15;14;14;13;13;13;13;13;0;0;13;0;0;0;0;0;0;13;0;0;0;0;0;0;0;0;0;0;0;0;0;0;0;0;13;13;13;0;0;0;0;0;0;0;0;0;0;0;0
13;0;0;0;0;0;0;13;0;0;0;13;0;0;0;0;0;0;0;13;0;0;0;13;0;13;0;13;13;13;13;13;13;15;18;20;19;21;22;23;24;23;24;26;28;31;33;36;41;43;46;46;46;49;49;48;45;46;46;47;47;46;45;43;44;43;43;43;45;46;48;49;52;54;59;61;63;69;72;74;79;78;76;75;76;78;77;79;78;74;71;65;60;57;58;56;55;54;55;55;53;53;51;51;49;49;51;51;53;55;56;57;60;59;57;56;54;54;54;54;55;55;56;57;60;62;62;64;66;68;69;69;69;71;73;75;77;78;81;84;84;82;82;80;77;75;74;75;74;70;65;59;53;51;48;47;44;41;37;33;32;29;30;30;33;34;34;32;32;30;30;27;25;23;20;17;14;15;14;13;13;13;14;0;13;13;14;14;13;0;13;0;0;13;13;0;0;0;0;0;0;0;0;0;0;0;13;0;0;0;0;0;0;13;0;0;13;0;0;0;0;0;0;0;13;0;0;13;0;0;0
0;0;0;0;0;0;0;0;0;0;0;0;0;0;0;0;0;0;0;0;0;0;0;13;13;14;0;0;0;0;0;13;14;15;17;19;22;22;23;23;24;25;27;26;28;31;35;37;42;45;47;48;49;49;50;49;48;46;47;48;46;45;45;44;45;44;44;45;45;46;50;52;55;58;58;62;65;69;71;74;78;79;77;75;77;76;76;76;77;74;72;68;62;59;57;56;56;54;54;55;53;53;54;54;52;52;53;53;56;56;58;58;58;57;58;55;54;55;54;55;57;57;58;58;60;61;62;65;65;67;68;69;70;71;75;76;80;80;83;84;84;81;81;80;77;76;75;75;73;68;65;60;55;52;48;46;43;41;38;35;31;30;30;31;33;33;32;31;31;30;30;27;25;23;20;18;16;14;14;13;13;13;13;13;14;13;13;13;0;0;0;0;0;0;13;13;13;0;13;0;0;0;0;0;13;0;0;0;0;0;0;13;13;0;0;13;0;0;0;13;13;13;0;0;0;0;0;0;0;0;0
0;0;0;0;0;0;0;0;0;0;0;13;0;0;0;0;0;0;0;0;0;0;0;13;14;13;13;13;13;13;13;13;13;15;17;18;20;22;23;24;25;26;27;27;30;29;34;38;43;46;48;48;48;48;48;47;49;48;50;49;46;45;44;44;47;46;47;46;44;46;49;52;57;59;59;63;64;66;69;69;73;74;74;75;77;75;76;75;75;70;71;68;65;61;59;58;56;56;55;54;55;54;53;53;52;52;53;53;56;57;57;58;59;58;58;56;54;54;54;54;56;56;57;60;60;60;63;63;65;66;68;69;70;72;73;75;78;80;82;82;81;80;81;80;78;76;75;73;74;70;70;62;57;53;50;47;44;43;40;37;33;30;30;31;32;33;33;32;31;31;31;29;25;23;21;18;16;14;14;14;14;13;14;14;13;14;13;14;0;0;0;0;0;0;0;0;13;13;13;0;0;0;13;13;13;13;0;0;0;0;0;13;0;0;0;0;13;0;0;0;0;13;0;0;0;0;0;0;0;0;0
0;0;0;0;0;0;0;0;13;13;13;0;0;0;0;0;0;0;0;0;0;13;13;13;0;13;13;13;14;13;13;14;14;15;17;18;19;21;22;23;23;25;26;26;30;32;35;39;44;45;47;49;49;48;48;48;50;50;51;50;46;44;42;43;45;45;48;46;46;46;48;53;57;59;59;63;65;66;69;70;71;71;70;71;75;76;75;73;72;69;67;65;62;61;59;58;57;56;55;55;53;52;51;51;52;53;51;54;56;56;57;57;59;60;57;55;55;55;55;55;57;57;59;59;61;61;63;64;65;66;67;69;70;72;72;74;78;80;81;80;78;78;79;79;79;78;76;76;76;72;68;62;57;54;51;48;44;44;40;37;34;30;28;30;32;33;32;32;30;32;29;27;24;23;20;17;15;14;13;0;13;13;14;14;15;15;15;14;13;13;0;0;0;0;0;13;0;0;13;0;0;0;13;0;13;13;0;0;0;0;0;0;0;13;13;13;13;0;0;0;13;13;0;0;0;0;0;0;0;0;0
0;0;0;0;0;0;0;0;13;0;0;0;0;0;0;0;0;0;13;13;13;13;14;13;13;13;13;13;13;14;13;14;15;15;18;18;18;20;22;22;23;24;25;27;29;32;34;38;43;46;47;49;49;51;51;51;49;49;50;50;46;44;42;41;44;46;48;47;46;47;51;53;56;57;60;64;66;71;72;72;72;71;71;71;74;76;76;77;72;70;67;66;63;60;59;59;57;55;53;54;52;51;51;51;50;50;50;53;55;56;57;57;58;59;57;58;58;57;56;56;57;57;58;59;62;61;63;64;65;66;67;70;71;72;72;75;79;81;82;81;80;81;81;78;78;78;78;77;74;72;68;63;59;54;51;48;46;45;42;37;34;30;30;31;33;33;33;33;31;29;28;27;25;22;19;17;15;14;14;0;13;0;13;13;14;13;14;13;0;13;0;0;0;0;0;13;13;13;13;0;0;13;0;0;13;0;0;0;0;0;0;0;0;0;0;13;13;0;0;0;0;0;0;0;0;0;0;0;0;0;0
0;0;0;0;0;0;13;0;0;13;0;0;0;0;0;0;0;0;0;0;0;0;0;13;14;0;0;0;13;13;13;14;14;14;17;17;19;19;21;23;24;25;26;27;28;30;35;39;42;45;47;48;48;48;51;52;52;50;49;50;48;45;43;44;45;47;47;47;46;46;50;53;56;59;61;64;66;71;74;74;74;73;72;73;75;78;78;76;74;72;70;67;66;62;60;59;56;54;53;53;51;51;52;51;51;51;52;52;54;56;56;56;56;60;59;59;60;59;58;57;56;57;58;57;60;61;62;63;65;66;70;70;71;76;75;76;79;81;83;83;81;79;78;78;78;79;78;78;75;72;71;65;59;53;51;47;45;45;42;37;34;32;30;30;33;34;34;31;32;30;30;26;24;21;18;17;15;14;14;13;13;14;13;13;13;14;13;0;13;0;0;0;0;0;0;13;13;0;13;0;0;0;0;0;0;0;0;0;0;0;0;0;13;0;13;13;0;0;0;0;0;0;0;0;0;13;0;0;0;0;0
0;0;0;0;0;0;0;0;0;0;0;0;0;0;0;0;0;0;0;0;0;0;13;13;13;13;13;13;0;0;13;14;14;15;17;17;20;21;23;23;23;26;27;28;29;30;35;39;43;46;47;48;47;48;49;50;51;50;49;47;45;43;45;45;45;46;45;46;46;49;51;53;55;60;62;64;67;71;72;73;72;71;69;72;75;80;78;77;76;72;69;67;64;65;61;60;56;54;53;53;52;51;51;53;52;52;55;55;56;55;54;56;57;58;58;58;59;58;57;57;58;57;57;58;60;62;62;64;65;65;67;69;71;73;74;75;78;80;81;82;82;80;78;80;79;79;79;76;74;72;70;64;59;55;49;46;45;43;42;37;35;33;30;30;32;34;34;33;33;29;29;28;25;21;19;17;15;14;13;14;0;0;13;13;14;13;13;13;13;13;0;0;0;13;0;13;14;0;0;0;13;13;0;0;0;0;0;13;0;0;0;0;0;0;13;13;13;0;0;0;0;0;0;0;0;0;0;0;0;0;13
0;0;0;0;0;0;0;0;0;0;0;0;0;0;0;0;0;0;0;13;13;0;13;0;13;0;13;13;13;0;13;14;14;15;16;17;20;22;22;22;22;25;27;28;29;31;35;39;44;47;48;48;48;47;49;50;51;50;49;46;44;44;45;44;46;46;44;46;45;46;52;54;56;60;61;65;69;72;74;73;72;71;70;70;73;76;76;75;74;70;67;67;64;61;59;59;57;55;51;53;52;50;50;51;51;50;52;54;54;55;55;57;58;59;59;59;60;59;57;56;57;57;56;58;60;63;62;63;62;64;66;68;70;73;75;77;79;80;83;81;82;81;81;78;77;77;78;77;76;74;70;62;57;54;50;48;45;42;41;39;35;33;32;31;32;34;34;34;33;32;29;27;24;22;19;17;16;14;13;13;13;13;13;0;14;13;0;13;0;0;0;0;13;13;13;13;0;13;0;0;13;13;0;13;0;0;0;0;0;0;0;0;0;0;0;13;13;0;0;0;0;0;0;0;0;0;0;0;0;0;0
0;0;0;0;0;0;0;0;0;0;0;13;0;0;0;0;0;0;13;0;0;0;0;0;13;13;0;13;13;0;14;14;15;16;16;17;19;20;22;24;24;25;25;26;29;32;37;41;45;48;49;49;48;47;47;49;51;51;50;47;43;43;44;44;46;46;45;45;45;46;49;54;56;60;62;63;66;70;72;71;70;71;70;69;74;76;77;75;74;70;68;69;65;61;60;60;57;55;54;54;52;53;51;51;51;50;51;54;56;55;55;55;57;59;59;60;61;60;57;57;59;57;57;60;61;62;64;65;66;67;67;69;72;73;76;78;81;81;83;82;82;83;81;79;79;80;80;79;78;75;70;61;58;53;49;47;44;43;42;39;35;33;31;31;32;34;34;35;33;31;28;26;25;22;19;16;15;13;14;13;13;13;14;14;13;14;0;0;13;0;0;0;0;13;13;13;0;0;13;0;0;0;0;0;0;0;0;0;0;0;0;0;0;13;13;13;13;13;0;0;13;13;0;0;0;0;13;0;0;0;0
0;0;0;0;0;0;0;0;0;0;0;0;0;0;0;0;13;13;0;0;0;0;0;13;13;13;13;0;14;13;13;13;14;15;16;17;19;21;23;24;25;25;25;26;28;32;37;42;43;46;48;47;48;48;47;48;49;50;51;49;45;44;43;43;44;47;46;45;46;45;48;52;53;58;61;61;66;69;69;70;69;69;69;72;76;78;75;75;74;71;68;67;64;64;62;59;58;55;54;52;53;53;51;50;51;51;54;54;55;54;55;55;57;57;58;60;60;59;57;57;54;55;56;58;60;61;63;65;66;66;68;68;71;73;76;77;77;80;80;80;83;83;81;81;80;81;81;80;79;76;70;62;59;53;48;47;45;45;42;39;37;33;30;30;32;35;35;35;35;32;29;27;24;21;19;16;15;13;0;0;13;13;13;14;14;13;13;13;0;0;0;0;13;13;13;13;13;0;0;0;0;0;0;0;13;0;0;0;0;0;0;0;0;13;0;0;0;13;13;0;13;13;0;0;0;0;0;0;0;0;0
0;0;0;13;0;0;0;0;0;0;0;0;0;0;0;0;13;0;0;13;13;13;0;0;0;0;0;13;14;13;13;14;14;15;16;17;19;21;22;23;23;26;26;26;28;31;37;43;46;47;48;47;49;49;48;48;47;48;50;49;46;46;45;44;44;45;45;44;44;46;47;50;52;55;59;61;65;70;70;69;68;69;69;72;75;77;77;77;73;70;66;64;66;65;64;60;58;56;54;54;53;52;52;50;51;50;52;52;54;55;55;55;56;57;57;58;58;57;57;56;55;54;55;57;60;61;64;66;66;65;67;68;70;71;73;75;77;78;78;79;82;81;81;81;80;79;80;79;78;80;72;65;61;55;51;48;46;44;41;36;34;31;29;30;32;34;35;35;34;32;29;27;23;21;19;16;15;14;13;13;13;13;13;13;13;13;13;13;0;13;13;0;0;0;0;0;0;0;13;13;0;0;0;0;0;0;0;0;0;0;0;0;13;0;0;0;0;0;0;0;0;0;0;13;0;0;0;0;0;0;0
0;0;0;0;0;0;0;0;0;0;0;0;0;0;0;0;0;0;0;13;0;0;0;13;0;0;0;13;14;14;13;14;15;15;16;18;19;20;22;24;24;25;26;27;29;33;38;41;45;49;46;47;48;50;48;49;48;48;48;47;46;46;46;46;43;44;44;44;44;46;46;50;52;54;57;60;64;69;71;70;69;70;70;72;74;77;77;75;72;69;69;65;66;66;63;60;56;54;53;53;52;51;51;50;50;50;52;52;53;55;55;55;56;57;57;59;59;59;59;57;56;56;58;59;62;64;65;66;69;67;68;69;70;73;74;77;78;79;81;82;84;84;83;82;81;79;76;78;79;75;71;65;61;55;52;48;44;41;39;38;34;31;31;32;33;34;36;35;34;32;30;28;25;21;19;16;15;14;13;13;14;14;14;13;13;14;14;13;13;13;13;0;0;0;0;0;0;0;0;0;0;13;13;0;0;0;0;13;13;0;0;13;13;13;0;0;0;0;0;13;0;13;0;0;0;0;0;0;0;0;0
0;13;0;0;0;0;0;0;0;0;0;13;0;0;13;0;0;0;0;13;0;0;0;0;0;0;13;13;13;13;0;14;15;15;16;18;20;21;22;22;23;24;25;26;29;35;38;42;45;47;49;48;47;48;50;52;50;49;47;46;46;46;48;48;46;45;43;43;45;46;48;52;52;53;56;60;63;67;69;71;72;72;72;72;76;77;77;76;74;69;69;67;65;64;63;59;54;53;52;51;52;52;53;51;52;52;51;51;52;54;54;54;57;58;59;61;61;60;59;58;55;57;57;60;61;63;64;66;67;66;67;68;71;75;75;78;81;82;83;84;86;86;84;82;82;80;77;78;79;75;70;65;60;54;50;47;43;40;39;37;34;31;31;31;32;33;34;34;32;32;30;27;25;21;19;17;14;13;14;13;13;13;13;13;13;14;14;0;13;13;13;0;13;0;13;0;0;0;13;0;0;13;13;0;0;0;13;13;0;0;0;13;0;0;0;13;0;0;0;0;0;0;0;0;0;0;0;0;0;0;0
0;0;0;0;0;0;0;0;0;0;0;0;0;0;0;0;0;0;13;13;0;0;0;0;0;0;13;13;13;13;14;14;15;15;15;17;19;21;22;22;22;23;24;25;29;33;38;42;43;47;49;50;47;48;48;50;50;50;48;47;46;46;46;47;46;44;44;44;44;44;47;51;51;52;54;56;61;65;67;69;70;70;73;75;79;81;78;76;75;73;68;67;67;64;63;59;56;54;53;52;53;52;52;52;53;52;51;50;50;51;53;53;57;56;58;59;60;60;58;57;56;56;55;56;57;60;64;65;67;66;67;68;72;73;76;77;81;82;83;85;85;85;84;83;81;80;78;78;78;77;72;68;62;55;51;48;43;41;39;37;34;31;29;30;32;33;33;34;35;34;30;27;24;21;19;17;15;13;13;13;14;14;14;14;14;14;13;13;13;0;13;0;0;0;0;13;13;0;0;0;13;0;0;0;0;0;13;13;0;13;13;0;0;0;0;13;13;13;0;0;0;0;0;0;13;13;0;13;0;0;0
0;0;0;0;0;0;0;0;0;0;0;0;0;0;0;0;0;0;0;13;0;0;0;0;0;0;13;13;13;13;14;14;14;15;16;17;20;21;21;22;23;23;23;26;29;32;37;41;45;48;47;48;48;47;48;48;46;49;48;48;45;45;46;43;46;44;44;43;43;44;48;48;49;50;54;57;61;65;69;71;71;70;73;76;75;79;79;76;75;72;69;68;67;64;59;59;56;54;53;52;52;51;52;52;50;50;49;47;51;50;52;54;56;56;58;58;59;58;56;56;54;54;54;56;58;62;65;65;66;66;67;68;70;73;76;80;81;83;86;86;86;85;85;83;82;79;79;78;79;78;73;69;64;56;51;47;43;41;39;38;34;31;31;31;32;33;34;36;37;33;30;27;24;20;19;16;15;14;14;13;13;14;14;14;13;13;13;13;13;0;0;0;13;13;0;13;13;0;0;13;13;0;0;0;0;0;0;0;0;0;0;0;0;0;0;0;0;0;13;0;0;0;0;0;13;0;0;0;0;0;0
0;0;0;0;0;0;0;0;0;0;0;0;13;0;0;0;0;0;0;0;0;0;13;0;0;0;13;0;13;0;13;15;15;15;17;18;19;22;21;21;21;22;24;27;30;32;37;42;46;49;48;45;45;46;48;48;48;47;48;48;46;46;47;46;45;43;42;42;44;46;47;45;48;50;52;56;63;65;70;71;71;71;72;76;78;80;81;78;77;72;69;68;67;64;60;59;57;54;53;52;52;52;52;52;49;48;47;48;49;50;52;54;56;57;59;60;60;58;56;55;52;54;54;56;60;62;64;65;65;64;67;68;70;73;76;79;81;80;85;87;86;86;84;79;81;78;78;77;76;76;72;67;62;57;52;46;43;39;39;37;35;32;31;30;31;32;34;36;36;34;31;27;24;21;18;16;15;14;15;13;13;13;14;14;13;13;13;13;0;0;0;13;13;13;0;0;0;0;13;13;0;0;0;0;0;13;0;0;13;13;0;0;13;0;0;13;13;0;0;0;0;0;0;0;13;13;0;0;0;0;0
0;0;0;0;0;0;0;0;0;0;0;0;0;0;0;0;0;13;0;0;0;0;0;0;13;0;0;13;13;13;13;14;15;16;17;19;20;21;22;21;21;22;24;26;29;32;36;40;45;48;48;47;46;46;48;50;49;48;47;45;45;46;46;46;45;43;41;42;43;45;46;46;48;50;51;53;59;63;68;69;71;72;72;76;77;78;81;77;75;76;72;71;69;65;62;60;57;55;54;53;53;53;53;52;48;47;47;48;49;52;55;56;57;57;61;61;58;58;56;54;55;55;54;57;58;60;60;63;63;63;66;67;70;72;76;80;84;85;86;87;88;84;83;80;78;77;77;76;75;75;74;68;62;58;51;45;43;40;39;38;36;33;31;29;30;31;34;37;37;34;31;28;24;20;18;16;15;14;14;13;14;14;14;14;14;13;13;13;13;13;0;0;0;13;13;0;0;13;0;0;0;0;0;0;0;0;0;0;0;13;0;0;0;0;0;13;13;13;0;0;13;13;0;0;0;0;0;0;0;0;0
13;0;0;0;0;0;13;0;0;0;0;0;0;0;0;0;0;13;0;13;0;0;0;0;0;0;0;13;13;14;14;13;14;16;16;18;20;21;20;21;22;23;24;27;29;33;36;39;44;47;48;47;46;45;47;49;47;47;45;45;44;44;44;45;44;43;41;42;42;43;43;44;47;50;51;56;60;62;65;68;69;70;74;76;79;79;78;79;75;75;73;74;70;67;65;60;57;56;54;53;53;53;52;51;48;47;47;47;50;51;53;55;57;59;59;59;57;56;57;54;54;54;53;55;55;58;58;61;66;65;67;70;76;76;78;79;84;85;84;86;86;85;87;81;80;81;78;78;78;77;72;67;61;54;49;46;45;41;38;38;35;32;31;29;31;34;34;36;37;35;31;28;24;21;18;16;15;13;13;13;14;14;14;13;14;13;13;0;13;13;0;0;0;0;0;0;13;0;13;0;0;0;0;0;0;0;13;0;0;0;0;0;0;0;0;13;13;0;0;0;0;0;0;0;0;0;0;0;0;0;0
0;0;13;0;0;0;13;13;13;0;0;0;0;0;0;0;13;13;13;0;0;13;13;0;0;0;13;13;13;14;13;13;14;16;17;18;19;19;19;20;21;23;24;24;28;33;36;41;46;48;47;46;46;45;48;49;47;47;45;45;46;45;44;42;42;42;43;44;42;42;41;43;46;48;52;58;61;64;68;70;69;72;75;76;78;79;78;77;76;76;76;75;70;67;64;59;56;54;53;52;51;53;52;50;49;47;48;48;51;53;55;56;57;60;59;58;57;55;54;53;53;52;53;54;55;57;59;62;63;67;69;70;73;77;79;82;82;84;84;85;86;83;82;80;80;81;81;81;77;73;69;66;60;54;50;46;43;41;39;38;36;33;32;30;32;33;35;36;37;34;32;29;24;20;17;15;14;13;13;14;13;14;14;13;13;13;13;0;13;13;0;0;0;0;0;13;13;13;13;0;0;0;13;0;0;0;0;0;0;0;0;0;0;0;0;13;0;0;0;13;0;0;13;0;0;13;0;0;0;0;0
0;13;0;0;0;0;0;0;0;0;0;0;0;0;0;0;0;0;13;0;0;13;13;0;13;13;13;13;13;14;14;15;14;15;16;18;18;19;19;20;22;23;24;26;28;31;36;41;46;47;47;44;45;47;48;50;47;46;47;44;45;46;45;44;43;41;42;42;42;42;42;43;46;48;52;59;63;65;66;70;69;72;74;77;78;79;79;78;76;74;75;73;69;67;64;59;55;53;53;52;50;51;51;50;49;48;50;50;51;52;55;57;58;61;59;58;57;56;55;53;54;53;53;54;56;58;60;61;64;68;69;71;74;76;78;82;84;86;87;87;87;84;83;83;80;81;81;78;76;73;67;64;59;54;49;47;44;42;39;37;34;35;34;34;34;33;34;35;36;34;33;28;24;20;17;16;14;13;13;14;13;13;14;14;13;0;13;0;13;0;0;0;13;0;0;13;0;0;13;0;0;0;0;0;0;13;0;0;0;0;0;13;0;0;0;0;0;13;13;0;0;0;0;0;0;0;0;0;0;0;0
13;13;0;0;0;0;0;0;0;0;0;0;0;13;0;0;0;13;0;0;0;0;13;13;0;13;13;0;13;14;14;15;15;15;15;18;19;20;18;20;21;23;24;26;28;31;35;39;45;46;46;45;43;46;48;48;46;45;46;43;43;43;42;43;42;42;41;40;42;40;41;42;45;48;52;58;62;65;65;67;68;73;77;79;79;79;79;77;75;75;74;71;68;65;63;60;56;53;52;51;50;50;50;49;48;48;49;50;51;51;52;55;55;56;56;56;57;55;55;52;52;52;53;54;56;59;62;63;66;67;70;74;77;80;84;84;86;88;88;89;88;88;86;84;81;80;79;77;75;74;70;65;57;54;50;49;46;43;42;39;36;35;32;33;32;32;33;35;35;34;33;28;25;20;17;16;14;13;13;15;14;13;13;14;14;13;13;0;0;0;0;0;0;0;13;13;13;14;13;0;13;0;0;13;0;0;0;0;0;0;0;0;0;13;0;0;0;0;0;0;0;0;0;0;0;0;0;0;0;0;0
0;0;0;0;0;13;0;0;0;13;0;0;0;0;0;13;13;0;0;13;13;0;0;13;0;13;0;0;13;13;13;14;14;16;16;18;19;19;19;20;22;23;24;24;28;31;35;39;43;45;45;45;46;47;46;46;46;45;45;44;44;42;41;40;41;41;42;42;41;40;39;41;45;50;54;59;63;67;66;67;67;72;75;78;81;78;77;77;77;75;72;70;70;68;62;60;56;52;52;51;50;51;49;49;48;48;49;49;52;51;53;55;54;56;56;56;57;56;52;51;50;51;53;55;58;60;62;64;66;66;70;74;76;79;82;83;86;88;88;87;87;87;84;83;82;81;82;79;77;74;70;65;58;55;51;50;46;43;41;38;35;34;33;33;33;33;34;35;35;35;32;27;24;20;17;16;13;13;13;13;0;13;13;14;14;13;13;13;13;0;0;0;0;0;13;13;14;13;13;0;0;13;13;0;0;13;13;0;0;0;0;0;13;0;0;0;0;0;13;0;0;0;0;0;0;0;0;0;0;0;0
0;0;0;0;0;0;0;0;0;0;0;0;13;0;0;0;0;0;0;0;0;0;13;0;0;0;13;0;13;14;14;14;15;15;16;18;18;18;19;20;21;22;24;25;29;32;36;40;43;45;44;44;46;45;46;46;44;44;44;45;44;43;42;42;40;40;41;41;41;41;39;41;45;49;53;59;62;64;64;67;71;73;75;77;78;78;76;76;74;74;72;71;69;67;63;59;56;54;53;51;51;51;51;51;49;48;50;49;51;53;55;57;57;59;58;56;55;55;54;51;50;52;54;55;59;61;64;65;66;67;72;74;75;77;80;82;85;89;88;87;87;86;84;84;84;82;81;80;77;73;69;63;60;56;51;48;45;42;40;38;36;35;34;35;35;36;36;36;36;35;32;26;23;19;17;16;14;13;13;13;13;13;13;14;13;13;13;0;0;0;0;0;0;0;13;13;13;0;0;0;0;0;0;0;0;0;0;0;0;0;0;13;0;13;0;0;0;13;13;0;0;0;0;0;0;13;0;0;0;0;0
0;0;0;0;0;0;0;0;0;0;13;0;0;0;13;0;0;0;0;0;0;13;13;13;13;13;13;13;13;14;14;13;15;15;16;18;17;18;19;21;22;23;23;25;28;31;35;39;43;44;44;44;45;45;46;45;44;44;43;41;42;42;43;42;40;40;38;38;40;40;39;42;44;47;52;57;61;64;64;68;72;74;75;77;77;79;76;74;72;71;71;70;67;63;61;57;54;52;51;51;52;52;52;50;50;48;46;49;51;53;53;56;56;56;56;55;55;53;53;52;52;53;55;57;60;62;64;67;67;68;72;75;77;79;80;83;86;86;86;86;87;85;85;83;83;81;80;80;76;71;68;63;60;55;51;48;45;43;40;38;37;36;35;36;35;35;36;36;36;35;31;28;23;19;18;16;14;13;13;0;13;13;13;15;14;13;13;0;0;13;13;0;0;13;0;0;0;0;0;0;13;0;0;0;0;0;0;0;0;0;0;0;0;0;0;13;13;13;0;0;13;0;13;13;0;0;0;13;0;0;13
0;0;0;0;0;0;0;0;0;13;0;0;0;0;0;0;0;0;0;0;0;0;0;13;13;13;0;0;13;13;14;14;15;15;17;17;17;18;20;21;23;23;24;26;29;32;34;38;41;44;44;45;45;45;44;44;45;44;44;43;42;41;42;42;41;40;38;37;37;37;37;41;44;48;53;58;61;65;67;69;70;73;74;75;76;76;74;72;71;69;69;67;66;62;59;57;53;51;51;50;50;48;49;48;50;49;47;49;50;52;53;53;56;56;54;54;54;53;51;52;52;55;57;59;62;64;65;66;66;70;72;74;76;78;80;82;87;87;87;86;87;86;85;80;79;79;79;80;78;71;67;63;60;54;51;47;45;43;41;39;38;37;36;35;34;33;35;36;36;34;30;27;23;20;17;16;15;13;13;13;13;13;13;13;14;13;13;13;0;0;0;0;0;0;13;13;0;13;13;0;0;0;0;0;0;0;0;0;0;0;0;13;0;0;13;13;0;0;0;0;0;0;0;0;0;0;0;0;0;0;0
0;0;13;0;0;0;13;0;0;13;0;0;0;0;0;0;0;13;13;13;0;0;0;0;0;13;0;13;13;13;14;14;14;15;16;16;17;18;19;21;22;23;25;27;29;31;35;37;40;43;45;45;43;43;44;44;44;43;44;43;43;42;42;42;42;40;38;38;37;37;39;40;43;48;54;58;60;65;66;69;71;74;75;75;77;75;73;70;70;68;68;68;66;62;60;57;53;51;49;50;50;49;50;49;48;48;48;49;51;52;53;55;55;56;55;53;54;55;54;55;54;56;57;59;61;64;68;68;69;71;72;73;77;78;81;83;86;87;88;89;88;86;83;83;79;80;80;79;79;74;69;65;60;56;52;47;44;43;40;38;38;35;35;34;33;33;35;36;35;33;31;28;23;20;17;16;14;14;13;13;13;13;0;13;15;13;13;0;13;0;13;13;13;0;13;13;0;0;13;0;0;0;0;0;0;0;0;0;0;0;0;0;0;13;13;13;13;0;0;0;0;0;13;0;0;13;0;0;0;0;0
0;0;0;0;0;0;0;0;0;0;0;0;0;13;0;0;0;13;0;0;13;14;0;0;0;0;0;13;13;14;14;13;14;16;16;17;17;18;20;20;22;22;25;28;30;31;33;35;40;43;43;45;43;44;46;47;46;44;43;42;43;42;41;41;39;41;37;38;40;38;39;40;44;49;54;58;60;64;66;68;72;73;75;75;76;75;72;70;70;69;68;67;65;63;59;56;52;51;50;53;51;51;51;48;48;49;50;50;52;52;56;56;56;55;56;55;58;57;56;55;54;55;56;58;61;64;66;69;70;72;74;75;79;84;84;85;87;89;88;89;89;85;82;82;81;81;81;79;79;74;70;66;60;55;50;46;44;42;40;39;38;36;36;36;34;34;35;38;37;34;29;27;23;20;18;16;14;14;13;0;0;13;0;13;14;14;13;13;0;0;13;0;0;0;0;0;0;0;0;0;0;0;0;0;0;13;0;0;0;0;0;13;0;13;13;0;0;0;0;0;0;0;0;0;0;0;0;0;0;0;0
0;0;0;0;0;0;0;0;0;0;0;0;0;0;0;0;0;13;13;0;0;0;0;0;14;13;0;13;13;13;14;14;14;16;16;17;18;18;20;21;23;22;24;27;30;32;34;36;40;45;44;45;43;43;45;46;47;45;44;41;42;42;42;42;39;39;37;37;38;38;39;42;44;48;52;56;62;64;68;70;74;72;74;75;75;73;71;71;69;69;68;65;64;60;57;54;51;51;50;51;52;51;51;49;48;48;48;49;51;52;53;55;55;55;56;54;57;54;55;55;55;56;57;60;62;65;66;69;72;72;74;76;78;82;83;84;87;87;88;86;87;86;83;83;83;80;80;81;80;74;68;64;61;55;51;47;44;42;41;38;39;38;37;37;35;35;36;37;37;34;30;27;24;19;18;16;14;13;13;0;0;13;13;13;13;13;13;13;0;0;0;13;13;13;13;0;13;13;0;0;13;13;0;0;0;13;0;0;0;0;0;13;0;0;13;0;0;0;0;0;0;0;0;0;0;0;0;0;0;0;0
0;0;0;0;0;0;0;0;0;0;13;0;0;0;0;0;0;13;13;0;0;0;0;0;13;13;0;0;0;14;14;14;14;14;16;17;17;18;19;20;21;22;25;28;29;32;35;36;40;45;45;46;45;44;45;45;45;46;44;42;43;42;42;42;41;40;38;37;37;37;39;41;43;47;52;55;60;64;68;70;72;73;74;74;77;75;73;72;70;69;65;62;61;58;54;53;51;50;49;51;52;50;50;49;48;48;48;49;53;52;53;54;54;54;54;54;57;55;53;54;55;56;58;62;63;67;67;70;72;73;75;76;79;81;82;84;86;86;88;86;87;87;88;85;84;82;83;82;79;74;69;66;60;55;51;47;45;42;41;41;38;37;37;35;35;36;37;36;35;32;29;26;23;20;18;15;14;14;14;13;0;13;0;13;0;13;13;13;0;0;0;0;0;0;13;0;0;13;0;13;0;0;0;0;0;13;0;0;0;0;13;13;0;13;0;0;13;0;0;0;13;13;13;0;0;0;0;0;0;0;0
0;0;0;0;0;13;0;0;0;0;13;0;0;0;0;0;0;0;0;13;0;13;0;0;0;0;0;0;0;13;13;14;15;16;16;16;18;18;19;19;21;23;25;27;31;34;36;38;40;44;45;45;44;45;44;44;43;42;42;41;41;42;42;41;40;39;40;38;37;37;39;41;42;46;51;55;59;62;66;69;70;71;75;74;75;74;72;71;69;69;67;64;62;58;54;53;52;51;51;50;51;51;50;47;46;47;50;50;52;55;55;54;54;54;53;53;56;54;53;55;55;57;60;64;66;69;68;71;72;74;79;80;81;83;83;85;86;86;87;87;89;87;88;87;82;83;83;79;81;77;72;66;60;54;50;47;45;42;40;40;37;35;36;35;36;36;37;37;34;33;30;25;22;19;17;15;14;14;13;13;0;0;0;13;14;13;13;13;0;13;13;13;0;0;0;13;13;0;0;0;0;0;0;0;0;0;0;0;0;0;0;0;0;13;13;0;0;0;0;0;13;13;0;0;0;0;0;0;0;0;0
0;0;0;0;13;0;0;0;0;0;0;0;0;0;0;0;0;0;0;13;13;0;0;0;0;13;13;13;13;13;13;14;14;16;16;18;19;19;20;20;21;22;24;26;30;33;36;38;41;45;45;43;45;45;44;44;43;42;41;41;41;42;41;42;42;41;39;38;37;38;39;41;43;48;52;55;59;62;66;69;70;71;73;74;76;76;74;72;69;69;66;64;62;57;55;54;53;52;53;53;54;52;50;48;46;47;48;50;53;56;55;54;55;54;52;52;52;52;50;52;54;56;59;62;65;69;71;72;74;76;78;81;81;82;84;86;86;87;88;88;88;88;88;83;82;82;81;81;80;76;72;65;61;54;51;47;45;42;40;39;38;36;36;37;38;38;37;36;35;33;31;27;22;18;17;16;14;14;13;13;13;13;13;13;13;14;13;0;13;13;0;0;0;0;0;13;13;0;0;0;0;0;0;0;13;0;0;0;13;0;0;0;13;13;13;0;0;0;0;0;0;0;13;13;0;0;0;0;13;0;0
0;0;0;0;0;0;0;0;0;0;0;0;0;13;0;0;13;13;0;13;0;0;0;0;0;0;13;13;13;13;14;15;15;16;17;17;18;19;21;21;22;22;22;25;29;32;35;40;43;46;45;45;45;45;44;44;44;41;40;39;41;40;40;40;40;40;38;36;38;39;41;41;43;46;52;55;59;63;64;68;70;73;74;75;75;74;72;70;69;66;65;62;60;56;54;53;52;51;52;52;52;51;48;47;47;47;47;49;52;55;55;56;55;55;54;53;50;51;48;51;54;56;60;63;66;69;72;74;74;75;77;80;82;81;83;85;85;86;87;89;88;88;88;85;84;84;81;81;79;73;71;66;62;57;53;49;46;42;40;38;39;37;36;36;37;36;38;36;35;32;30;26;23;19;17;16;15;14;13;14;14;13;13;0;13;14;13;13;13;13;0;0;0;0;0;0;13;13;0;0;0;0;0;0;0;0;0;0;0;0;0;13;13;13;13;0;0;0;0;0;0;0;13;0;0;13;0;0;0;0;0
0;0;0;0;0;0;0;0;0;0;0;0;0;0;0;0;0;13;13;13;13;13;0;0;0;0;0;0;14;14;14;15;15;15;18;17;19;19;20;20;21;22;23;24;28;30;35;40;43;44;45;44;44;45;44;44;42;42;41;40;40;41;41;41;40;40;39;38;38;39;40;41;44;46;49;53;59;62;66;70;70;74;75;76;74;72;70;70;68;64;64;62;59;56;54;52;53;52;52;52;50;50;49;48;46;46;47;50;53;56;56;56;54;55;53;51;48;50;51;52;54;57;60;63;67;69;71;76;74;75;76;79;81;80;83;84;84;85;86;87;87;88;87;84;85;83;81;81;78;75;72;66;62;57;51;48;44;41;41;39;37;36;35;35;38;36;37;37;35;32;30;25;23;19;17;14;14;13;0;14;14;13;13;0;13;13;13;0;0;13;0;0;0;0;0;0;13;13;0;0;0;13;0;0;0;0;0;13;13;13;13;13;13;13;0;0;0;0;0;0;0;13;14;0;0;0;0;0;0;0;0
0;0;0;0;0;0;0;0;0;0;0;0;0;13;0;0;0;13;0;13;13;13;0;0;0;0;0;0;13;14;14;13;15;16;18;18;19;21;20;21;22;21;22;24;27;30;36;40;42;44;44;43;45;45;45;43;41;41;40;39;41;42;41;41;41;39;38;39;40;38;39;41;45;47;49;53;57;61;64;65;68;72;72;76;74;70;69;70;68;68;64;62;58;55;54;52;51;54;54;54;52;50;48;46;46;46;48;51;53;56;56;57;56;54;53;52;51;49;50;50;51;55;59;64;67;70;72;73;74;77;77;79;81;82;83;85;85;87;87;88;91;87;86;83;84;84;83;79;78;76;73;68;63;57;52;48;44;42;39;39;37;37;36;37;37;37;37;38;35;32;30;27;24;20;16;14;14;14;14;14;13;14;14;13;13;13;13;0;13;0;0;0;0;0;13;0;0;13;0;0;0;0;0;0;0;0;0;13;0;0;14;13;13;13;0;0;0;0;0;0;0;0;0;0;0;0;0;0;0;0;0
0;0;0;0;0;0;0;0;0;0;13;0;0;0;0;0;0;0;0;13;13;0;0;0;0;0;0;0;0;13;14;13;14;16;17;18;18;20;22;21;21;22;23;25;27;30;35;38;42;44;44;45;45;46;45;44;42;42;42;41;42;41;41;41;41;38;39;40;39;38;40;42;44;47;49;53;57;61;62;64;66;69;70;71;73;71;69;68;67;66;64;61;59;55;54;52;52;53;53;53;50;50;48;47;46;47;49;52;54;55;56;57;56;54;53;52;50;49;49;50;51;54;58;63;67;70;73;74;74;77;78;81;81;82;82;84;85;86;87;87;88;87;88;85;85;85;82;79;78;78;72;66;62;56;51;48;46;43;41;40;37;37;36;37;37;37;36;35;33;31;29;26;22;20;17;15;15;14;14;13;14;14;14;13;14;13;13;0;13;13;0;0;0;0;0;0;13;13;0;0;0;0;0;0;0;0;0;0;0;0;13;0;0;0;0;13;0;0;0;0;0;0;0;13;0;0;0;0;0;0;0
0;0;0;0;0;0;13;0;0;0;0;0;0;0;0;0;13;0;0;0;13;13;13;0;0;0;0;0;13;13;13;13;14;16;16;17;18;19;21;20;22;22;23;25;27;31;35;38;40;42;46;46;46;46;46;45;43;41;42;41;39;40;41;41;40;39;39;39;39;39;41;41;43;45;50;53;56;59;64;66;69;71;71;72;70;71;69;68;67;65;63;61;58;54;50;51;51;52;50;53;50;49;49;48;49;51;50;51;54;55;55;56;55;53;52;53;50;50;49;50;51;54;58;63;69;73;74;76;77;76;78;82;81;81;82;82;82;84;87;89;90;91;89;85;86;85;84;80;78;75;71;65;60;56;51;48;46;43;43;39;37;37;35;35;37;36;36;34;33;32;28;25;22;19;17;15;14;13;14;14;14;14;14;13;13;13;13;0;0;0;0;0;0;0;0;0;13;13;13;13;0;0;0;0;0;0;0;0;0;0;0;0;13;13;0;13;0;0;0;0;0;0;0;13;0;0;0;0;0;0;0
0;0;0;0;13;0;0;0;0;0;0;0;0;0;0;0;13;0;0;13;13;13;0;0;0;13;13;13;13;13;13;13;14;16;17;16;17;18;21;22;22;22;23;25;27;30;33;38;40;43;45;46;47;45;44;42;44;44;42;42;41;41;41;40;39;38;38;38;39;39;40;41;43;44;47;51;54;59;63;66;68;70;71;72;71;71;69;69;68;69;64;61;56;55;52;52;50;51;52;52;53;51;50;50;50;51;51;52;54;53;55;56;55;55;53;52;52;50;49;50;52;54;59;64;69;73;73;74;76;76;77;80;81;82;82;81;81;83;85;87;90;91;89;85;85;84;84;84;78;75;70;65;60;57;50;47;45;45;41;38;37;35;36;37;37;37;37;35;33;31;27;23;21;18;16;14;14;15;15;15;15;13;13;13;13;13;13;13;0;0;0;0;0;0;0;13;13;13;13;0;0;14;0;0;0;0;0;0;0;0;0;0;13;0;0;0;13;0;0;0;0;0;0;0;0;0;13;0;0;0;0
0;0;0;0;0;0;0;0;0;0;0;0;0;13;0;0;0;0;0;0;13;0;0;13;14;0;0;13;13;13;13;16;15;16;16;16;18;20;20;21;22;23;25;25;27;30;32;37;41;43;44;44;45;45;45;45;44;43;42;42;40;40;41;39;38;40;38;37;38;37;39;41;42;46;48;54;56;61;64;68;70;73;75;74;74;73;70;71;70;67;64;60;57;54;53;52;51;53;54;54;52;51;50;49;48;50;50;51;54;54;55;55;55;55;54;53;51;50;49;51;52;54;59;64;69;73;70;72;75;75;78;80;82;82;82;81;80;82;85;87;88;88;88;87;86;84;83;81;77;73;69;65;59;54;50;46;45;42;40;39;37;37;36;39;38;38;37;35;32;29;27;23;21;19;16;14;14;14;15;15;13;13;14;13;13;13;13;0;0;13;0;0;0;0;0;0;0;0;0;0;0;0;0;0;0;0;0;0;0;0;0;13;13;0;0;0;0;0;0;0;0;0;0;0;0;0;0;0;0;0;0
13;0;0;0;0;0;0;0;0;0;0;0;0;0;0;0;0;0;0;0;0;0;0;0;0;0;13;0;13;13;14;14;15;15;16;17;18;19;19;20;22;23;24;26;28;30;32;35;38;41;42;44;45;44;44;44;43;43;41;40;39;40;39;38;38;39;38;37;37;37;39;41;42;45;51;54;57;61;66;67;67;71;73;73;74;73;71;72;68;66;63;58;55;52;53;52;52;54;54;54;52;50;52;51;49;50;51;52;52;54;55;52;54;53;52;51;50;49;48;50;51;56;60;64;69;71;72;74;73;74;77;79;81;82;82;80;81;81;83;87;89;89;88;87;87;86;83;80;76;70;68;65;57;53;50;47;43;41;40;39;37;38;39;38;38;38;37;34;31;29;26;23;21;18;16;14;14;14;15;14;13;13;13;13;13;0;0;13;0;0;0;13;0;13;13;0;13;13;0;0;0;0;0;0;0;0;0;0;0;0;13;13;0;13;13;0;0;0;0;0;0;0;0;13;0;0;0;0;0;0;0
0;0;0;0;0;0;0;0;0;0;0;0;13;0;0;0;0;0;0;0;0;0;0;13;13;13;13;13;13;14;13;13;15;16;17;18;17;18;19;20;21;21;23;25;27;29;32;36;38;41;43;43;43;43;45;44;45;42;40;40;41;41;39;39;39;38;37;36;37;37;40;41;43;44;49;53;58;61;66;66;68;69;71;72;71;72;72;72;69;68;65;61;57;53;52;53;50;52;53;55;53;53;53;51;51;51;50;52;52;53;55;54;55;55;55;54;51;50;50;51;53;57;61;65;69;72;72;75;74;74;77;77;79;80;82;80;79;78;83;87;91;89;88;87;88;84;82;80;76;71;68;65;59;55;49;45;43;42;39;38;37;39;39;38;40;39;37;34;32;29;25;23;20;18;17;14;14;13;13;13;13;13;13;13;13;14;13;13;0;0;0;0;0;0;0;0;13;13;0;0;0;0;0;0;0;0;0;0;13;13;13;0;0;13;13;0;0;0;0;0;13;13;13;0;0;0;0;0;0;0;0
0;0;0;0;0;0;0;0;0;0;13;0;0;0;13;0;0;0;0;0;0;13;0;0;0;0;0;0;13;14;13;14;15;15;16;17;18;18;21;21;21;21;22;24;27;30;31;35;39;39;41;43;42;43;44;44;43;42;44;42;42;41;39;39;39;39;38;37;36;38;40;42;43;45;49;52;59;61;64;68;71;72;72;73;72;72;74;75;73;70;67;63;61;57;54;54;54;53;53;54;52;52;52;51;50;49;49;52;52;52;55;55;55;55;55;55;52;52;52;53;54;57;61;65;68;72;72;74;74;74;73;75;78;79;80;80;81;82;84;87;86;90;90;89;89;85;83;79;76;70;65;62;57;52;48;44;41;40;38;37;38;38;38;37;37;38;37;34;32;29;24;22;20;18;15;14;14;14;14;14;15;13;13;13;13;13;0;0;0;13;0;0;0;0;0;0;0;0;0;0;0;0;0;13;13;0;0;0;0;0;0;0;0;13;0;0;0;0;0;0;13;0;13;13;13;0;0;0;0;0;0
0;0;0;13;0;0;0;0;0;0;13;0;0;13;0;0;0;0;0;13;0;0;13;0;0;0;0;0;13;14;13;13;14;15;16;16;18;19;20;20;20;21;23;24;27;29;31;34;37;38;39;41;43;44;43;42;42;41;42;43;42;42;40;39;38;37;37;36;36;37;37;38;41;45;49;53;58;62;64;66;68;70;70;70;73;74;75;74;72;69;66;63;60;57;55;56;54;54;54;52;52;52;52;53;51;50;51;53;53;53;54;56;55;55;55;54;52;51;52;53;53;54;62;64;66;71;71;73;72;72;73;74;79;80;80;80;83;84;87;85;87;89;90;88;86;83;79;77;74;68;64;60;54;49;46;43;40;40;39;35;37;37;38;38;38;39;39;36;33;29;26;23;20;17;16;14;13;14;14;15;14;13;13;0;13;13;13;0;0;13;0;0;0;0;13;13;14;13;0;0;0;13;0;0;0;0;0;0;0;0;0;0;0;0;0;0;0;0;0;0;0;13;13;0;0;0;0;0;0;0;0
0;0;0;13;0;0;0;0;0;0;0;0;0;13;0;0;0;0;0;0;13;0;13;13;0;0;0;0;13;15;14;14;16;15;16;16;18;18;19;21;20;22;23;25;26;28;30;34;37;39;43;42;43;45;43;41;41;39;40;42;42;42;41;40;38;37;36;36;35;36;38;39;40;43;46;51;56;61;65;67;69;71;70;69;70;72;74;73;72;70;67;62;60;57;57;55;53;54;52;52;53;53;52;53;51;51;52;53;53;54;54;54;56;55;55;54;52;51;51;52;53;56;59;62;67;69;72;74;75;73;75;77;78;80;81;82;85;85;86;88;91;91;91;88;84;80;79;77;74;70;64;61;55;49;45;42;41;39;38;36;36;36;39;38;39;39;37;35;34;29;26;23;19;17;17;14;13;14;14;14;14;14;14;13;13;13;13;0;0;0;13;13;0;0;13;13;13;13;0;0;0;13;0;0;13;0;0;0;0;0;0;13;13;0;0;0;0;0;0;0;0;0;13;0;0;0;0;0;0;0;0
0;0;0;0;0;0;0;0;0;0;0;0;0;0;13;0;0;0;0;0;0;0;0;0;0;0;13;0;14;13;14;13;15;16;16;17;18;19;18;19;19;21;22;24;25;28;31;35;37;40;42;42;42;43;43;41;40;38;38;40;40;41;39;39;40;37;37;36;35;35;38;39;41;44;46;50;55;59;64;69;68;69;71;71;71;71;73;74;73;70;66;63;60;60;57;55;56;53;53;53;53;53;52;51;52;52;51;53;53;54;56;54;54;57;57;55;53;52;52;53;54;55;58;61;67;69;72;74;75;75;77;77;78;79;83;83;84;84;86;88;90;92;92;91;87;82;81;78;75;71;64;60;55;50;46;43;41;40;36;35;35;35;37;36;37;39;38;37;33;29;25;23;20;18;15;14;13;13;14;14;14;14;13;13;13;13;13;0;0;0;0;0;0;0;0;0;0;0;0;0;0;0;0;13;13;0;0;0;0;0;0;0;0;0;0;0;0;0;0;0;0;0;0;0;0;0;0;0;0;0;0
13;13;13;13;0;0;0;13;0;0;0;0;0;13;0;0;0;13;13;0;0;0;0;0;0;0;13;13;13;0;13;14;15;16;17;18;18;18;19;19;19;20;21;23;25;27;31;35;37;39;42;42;43;43;43;41;39;37;38;39;39;41;38;38;39;37;37;36;35;35;37;39;42;47;49;51;55;58;62;67;68;69;71;71;70;70;73;72;71;68;64;62;59;57;56;55;54;53;54;53;52;52;50;50;51;52;53;54;53;54;55;55;53;54;54;53;51;51;52;52;54;56;58;61;65;68;72;73;75;74;74;76;78;80;81;85;83;84;87;87;90;91;90;90;85;83;79;76;74;71;65;58;54;49;45;42;38;37;36;35;35;35;36;37;39;40;38;35;33;29;25;22;21;17;15;14;13;14;15;15;15;14;13;14;13;13;13;0;0;0;13;0;0;0;0;0;0;13;13;0;0;0;0;0;0;0;0;0;0;13;13;13;0;0;0;0;0;13;0;0;0;0;0;0;13;0;0;0;0;0;0
13;0;0;0;0;0;0;0;0;0;0;0;0;0;0;0;0;0;0;13;0;0;0;0;0;13;13;13;13;13;14;15;15;15;16;17;17;18;19;19;20;20;22;24;25;28;31;35;37;40;44;43;43;44;42;41;39;36;38;40;40;40;39;40;39;37;37;35;35;35;36;38;41;45;49;52;55;59;62;66;68;70;70;69;69;69;71;72;71;67;62;58;57;56;57;57;56;57;55;53;51;52;51;50;51;52;52;52;53;53;54;55;51;53;53;53;52;52;54;54;55;56;59;62;65;68;71;72;74;74;73;75;79;81;83;86;84;84;86;89;92;93;91;90;85;81;79;77;75;70;65;58;54;49;44;42;38;37;36;37;37;36;37;37;39;39;38;35;32;28;25;21;19;18;14;13;13;14;15;15;15;14;0;13;13;14;0;13;13;0;13;0;13;0;0;0;0;0;0;0;0;0;0;0;0;13;13;0;0;13;13;0;0;0;0;0;0;0;0;0;0;0;0;0;0;0;0;0;13;13;13
0;0;0;0;0;0;0;0;13;0;0;0;0;0;0;13;13;0;0;13;0;0;0;0;13;0;0;13;13;14;14;15;15;16;16;17;17;18;19;20;20;20;22;25;26;28;30;32;35;39;42;44;44;44;43;41;38;38;37;38;39;39;40;39;38;36;35;35;34;34;37;40;41;45;48;51;55;59;62;65;67;69;70;70;71;69;71;71;69;68;61;57;57;55;55;57;55;57;56;55;53;52;50;50;50;48;50;50;52;53;52;53;52;53;52;53;53;53;54;55;55;57;60;63;65;68;68;72;73;73;72;74;77;78;84;84;84;85;87;90;93;93;92;90;86;82;78;75;74;69;63;58;53;48;46;41;38;38;36;36;36;37;36;36;37;37;37;35;33;28;25;22;19;17;15;13;13;15;15;14;14;14;0;13;13;13;0;0;0;0;13;13;0;0;0;0;0;13;0;0;0;13;13;0;0;0;0;0;0;0;13;13;13;0;0;0;0;0;0;0;0;0;13;0;0;0;0;0;0;13;0
0;0;0;0;13;0;0;0;0;0;13;0;0;0;0;0;0;0;0;0;0;13;0;0;0;0;0;13;13;14;14;14;15;16;16;16;17;18;19;19;20;19;21;24;26;28;30;33;36;38;41;41;41;42;43;41;39;38;36;38;39;40;38;38;38;38;36;35;34;33;37;40;44;46;49;52;55;59;61;65;68;69;68;68;72;71;71;70;68;66;61;57;58;55;54;55;55;55;54;52;52;51;50;48;49;48;50;52;52;52;53;52;52;52;51;51;51;53;54;56;57;57;59;60;64;67;69;73;74;74;74;73;76;78;82;83;86;86;89;91;92;93;92;90;87;83;78;76;74;68;63;58;51;48;43;41;39;37;37;36;36;36;37;35;36;37;38;37;32;27;25;21;19;16;14;13;0;14;14;14;14;13;13;13;13;13;13;0;0;13;0;0;0;13;13;0;13;13;0;0;13;13;0;0;0;0;0;0;0;13;13;13;13;0;0;0;0;0;0;0;0;0;0;0;0;0;0;0;0;0;0
0;0;0;0;0;0;0;0;0;0;0;0;0;13;0;0;0;0;0;0;0;0;0;0;0;13;0;13;13;14;14;15;15;16;17;17;17;18;18;19;20;20;21;23;25;28;30;32;36;38;40;42;41;42;44;40;38;36;38;39;41;40;39;38;38;38;38;35;34;35;39;40;42;46;48;52;56;60;63;67;70;70;71;71;72;71;71;71;69;66;61;58;56;54;54;54;55;56;55;54;53;50;49;47;47;50;50;51;52;51;51;52;51;51;50;49;53;54;52;54;56;58;59;60;62;63;68;71;72;73;73;74;73;76;80;81;86;86;88;88;91;91;90;88;86;82;77;76;74;70;65;58;51;46;41;39;38;36;35;36;35;36;37;37;37;38;37;35;31;28;24;20;19;17;14;13;13;13;13;14;14;13;13;0;13;13;0;0;0;0;13;13;0;13;0;0;13;13;0;0;0;0;0;13;0;0;13;13;0;0;0;0;13;0;0;0;13;0;0;0;13;13;0;0;0;0;0;0;0;0;0
0;0;0;0;0;0;0;0;0;0;0;0;0;13;0;0;0;0;0;0;13;13;14;0;0;0;13;13;0;0;14;15;15;16;17;18;17;17;18;20;19;19;21;24;25;27;30;33;37;39;41;41;40;42;43;40;38;37;37;38;39;39;39;39;36;36;35;35;33;35;38;41;41;45;48;52;55;57;61;66;68;71;74;72;72;72;70;67;66;64;60;56;53;52;52;54;54;53;52;54;54;51;49;47;46;48;48;49;49;49;50;51;52;52;50;52;52;52;53;54;56;57;58;60;62;64;68;69;70;69;69;71;71;73;78;81;85;85;88;88;89;89;89;88;85;81;78;78;75;72;66;56;51;47;43;39;37;36;33;35;35;37;37;36;37;37;36;35;30;27;24;20;18;17;15;14;14;13;15;14;14;14;13;13;0;13;0;0;13;0;13;0;0;0;0;0;13;13;13;0;0;13;0;0;0;0;0;0;0;0;0;0;13;0;0;0;0;0;0;13;0;0;13;0;0;0;0;0;0;0;13
0;13;0;0;13;0;0;0;0;0;0;0;0;0;0;0;0;0;0;0;0;0;0;0;0;13;13;13;0;13;13;13;16;16;16;18;18;18;19;19;19;19;21;23;25;27;30;33;37;39;40;40;40;42;43;42;39;38;37;38;40;40;38;39;37;36;34;34;33;36;38;41;43;46;48;51;53;56;61;67;69;71;75;71;73;72;70;68;66;63;58;54;50;51;52;54;53;54;54;55;52;51;49;46;45;46;48;48;49;50;50;51;52;51;51;51;49;52;53;54;56;57;59;60;62;63;67;69;69;69;70;70;71;73;78;80;83;84;86;87;87;89;89;88;85;81;78;78;76;72;65;58;51;46;42;38;35;35;34;35;35;35;36;36;37;37;36;34;30;27;23;20;18;16;15;14;14;14;14;14;13;13;13;13;13;13;0;13;0;0;13;0;0;0;13;0;0;13;0;13;0;0;13;0;0;0;0;0;13;13;13;0;13;13;0;13;0;0;0;13;13;0;0;0;0;0;0;0;0;0;0
0;0;0;0;0;0;0;0;0;0;0;0;0;0;0;0;0;0;0;13;13;0;0;0;0;13;0;13;0;13;13;14;16;16;16;18;17;19;19;19;19;20;21;24;25;28;30;33;37;39;38;39;41;42;42;41;38;38;37;38;40;40;40;40;38;36;34;34;35;36;38;42;44;45;47;49;53;56;60;65;67;70;73;73;75;73;73;70;66;61;57;53;49;50;50;53;53;55;54;53;52;50;48;45;44;44;45;48;48;49;50;51;52;51;49;49;49;51;53;53;55;56;59;60;61;62;66;68;69;69;69;69;72;72;76;79;81;84;86;88;87;87;90;87;85;83;78;79;77;70;62;56;50;44;40;37;36;34;34;35;36;36;36;36;37;37;36;33;30;27;24;20;18;15;14;14;13;13;14;14;13;13;13;13;13;0;0;0;0;13;0;0;13;13;0;0;13;13;0;0;0;0;13;13;0;0;0;0;13;13;0;0;0;0;0;0;0;0;0;0;0;0;0;0;0;0;0;0;13;0;0
0;0;13;0;0;0;0;0;0;0;0;0;0;0;0;0;0;0;0;13;13;13;0;0;0;0;0;0;0;13;14;14;15;17;17;18;18;18;20;21;18;20;21;23;25;27;30;33;37;39;39;40;41;41;43;42;41;38;37;39;40;40;39;39;37;36;34;35;36;37;38;41;44;45;46;49;52;56;60;64;65;67;70;72;72;72;72;71;68;61;57;54;51;51;52;51;53;56;55;53;51;48;47;44;43;45;44;47;48;49;50;51;52;51;50;50;48;50;51;52;55;57;58;60;60;60;63;64;66;66;68;68;71;72;76;80;83;86;88;88;89;88;87;84;83;81;79;79;76;70;63;57;50;44;39;37;34;34;34;35;35;35;36;37;37;37;37;34;30;27;23;20;17;15;14;13;13;13;14;14;14;13;0;13;14;0;0;0;0;14;13;0;0;0;0;0;13;0;13;0;0;0;0;0;0;0;0;0;0;0;0;0;0;0;0;0;0;0;0;0;0;0;0;0;0;0;0;0;0;0;0
0;0;13;0;0;0;0;0;0;0;13;0;0;0;0;0;0;0;0;13;0;13;0;0;13;0;0;13;0;13;13;14;15;17;17;19;20;20;21;20;20;20;20;22;24;25;30;34;38;39;40;42;43;44;44;43;40;38;36;37;39;41;38;38;37;36;36;36;38;39;39;41;44;45;46;49;52;55;59;63;65;67;69;70;69;69;68;67;66;61;56;53;50;49;51;51;53;53;52;51;50;48;46;44;43;43;41;45;47;49;49;49;50;51;50;49;47;48;50;52;55;57;58;59;58;59;61;64;65;66;70;67;69;70;77;81;84;88;87;87;89;86;86;86;86;83;81;81;75;70;65;58;50;43;41;36;33;33;32;34;35;33;34;35;35;36;36;33;30;26;22;18;17;15;14;14;13;13;13;13;14;13;13;13;13;14;13;0;0;0;13;13;13;0;0;0;13;0;13;0;0;13;0;0;0;0;0;0;0;0;0;0;0;0;0;0;0;0;0;0;0;13;0;0;0;0;0;0;13;13;0
0;13;13;0;0;13;0;0;13;0;0;0;0;0;0;0;0;0;0;0;0;13;13;0;0;0;0;13;13;0;0;15;15;17;19;17;19;20;21;20;20;20;20;23;24;27;29;33;36;40;40;40;43;44;44;44;41;40;38;37;39;40;39;38;37;35;34;36;38;40;40;42;43;45;47;49;52;54;58;61;65;67;70;70;69;70;70;67;65;59;56;53;49;48;49;49;50;50;50;49;48;47;45;43;42;43;43;44;44;46;48;48;49;48;48;48;47;46;49;52;53;53;56;58;58;58;60;61;63;64;65;65;67;68;73;81;85;87;89;90;87;85;85;86;84;82;81;79;75;71;64;56;48;42;38;36;32;31;32;33;34;33;34;35;35;36;37;33;30;27;22;19;17;15;14;13;0;14;14;13;13;13;0;0;13;13;13;0;0;0;0;0;0;13;13;13;0;0;13;0;0;13;0;0;0;0;0;13;0;0;0;0;13;13;0;0;0;0;13;0;0;13;0;0;0;0;0;0;0;0;0
0;0;0;0;0;0;0;0;0;0;0;0;0;0;0;0;0;0;0;0;0;0;0;0;0;13;14;13;13;0;13;14;15;17;18;18;18;19;20;20;21;20;20;23;24;27;28;32;36;38;41;41;43;45;42;42;41;38;37;38;39;40;39;38;36;36;36;37;38;39;39;40;43;44;48;49;52;55;58;61;64;67;70;70;72;69;68;65;63;58;54;52;50;49;47;47;48;49;50;48;46;45;44;42;41;41;41;42;44;45;47;48;48;48;49;46;46;46;48;48;50;51;54;56;57;58;60;60;61;64;65;67;68;71;75;79;84;87;91;89;85;84;83;83;83;83;79;78;75;69;62;54;46;41;37;35;33;32;32;33;34;33;33;34;35;36;35;33;30;27;23;19;17;15;14;13;0;13;14;14;13;13;13;0;13;0;0;0;0;0;0;0;0;0;13;13;13;0;13;0;0;0;0;0;0;0;0;13;13;0;0;0;13;0;0;0;13;0;0;0;0;13;13;0;0;0;0;0;0;0;0
0;0;0;0;0;0;0;0;0;0;13;0;0;0;0;0;13;0;0;0;0;0;0;0;0;0;13;13;13;13;13;14;15;17;17;18;18;19;19;20;20;20;22;22;24;28;28;31;35;36;38;40;43;43;43;43;42;39;37;38;39;39;38;36;35;35;35;37;38;38;40;41;44;45;48;50;53;55;59;61;65;67;69;69;68;67;66;64;62;57;54;51;50;49;48;47;49;49;49;48;47;46;45;42;40;40;40;41;42;44;46;47;48;49;49;48;46;46;46;46;50;51;54;55;57;58;59;60;61;62;62;67;69;72;76;80;84;84;87;86;83;86;85;84;86;82;81;79;75;69;61;53;47;43;39;35;34;34;31;32;33;32;33;33;34;36;35;32;29;26;23;18;16;15;14;14;0;13;14;14;14;14;13;0;0;0;0;0;0;0;0;13;0;0;13;13;0;0;13;0;0;0;0;0;0;13;0;0;0;0;13;13;13;0;0;0;0;0;0;0;0;0;0;0;0;0;0;0;0;0;13
13;0;0;13;13;0;0;0;0;0;0;13;0;0;0;0;0;0;13;13;0;0;0;13;13;0;13;13;0;13;14;16;16;17;17;16;17;19;19;20;20;19;22;22;23;27;29;32;35;34;37;40;41;43;44;45;43;41;40;39;40;40;39;36;35;35;34;35;36;37;39;40;42;46;49;51;53;56;59;63;63;65;67;69;68;66;67;64;63;61;56;52;50;49;48;48;49;48;48;47;47;45;44;44;42;41;40;41;41;42;45;45;46;46;47;46;44;44;44;46;48;50;53;54;57;57;58;59;60;61;63;65;68;70;73;78;82;83;85;86;86;85;84;83;85;81;80;77;74;69;62;54;46;41;38;35;33;33;31;32;32;33;33;33;35;35;36;32;29;26;23;20;18;15;13;0;13;14;14;13;13;14;13;0;0;0;0;0;0;0;0;0;0;0;13;0;0;0;0;0;0;0;0;0;0;0;0;0;0;13;13;13;0;0;0;0;0;0;0;0;0;0;0;13;13;0;0;0;0;0;0
0;0;0;0;0;0;0;0;0;13;13;0;0;0;0;0;0;0;13;13;0;0;0;0;0;0;0;13;0;0;13;14;15;16;17;18;17;19;19;20;21;20;22;23;25;27;30;33;35;36;36;39;41;44;44;44;41;41;40;40;40;40;38;37;36;36;36;35;36;38;38;40;44;47;49;52;52;56;59;60;63;66;66;67;68;67;66;63;63;60;56;52;52;51;48;47;47;47;47;45;44;44;43;43;43;42;42;42;44;44;45;45;46;46;46;43;42;43;43;45;47;50;53;54;55;55;56;58;60;64;66;69;68;70;74;78;82;84;86;86;85;85;82;84;84;84;80;77;74;68;62;54;46;39;36;34;32;32;31;32;32;32;32;33;35;35;35;32;29;26;23;20;17;14;13;0;0;13;14;14;14;13;13;14;13;13;0;0;0;0;0;0;0;0;0;0;13;0;0;0;0;0;0;0;0;0;0;0;0;0;0;0;0;0;13;0;0;13;0;0;0;0;0;13;0;0;0;0;0;0;0
0;0;0;0;0;0;0;0;0;13;0;0;0;0;0;0;0;0;13;13;13;0;0;0;0;0;0;0;13;13;13;14;15;16;17;18;19;19;20;21;19;21;22;24;26;28;30;33;35;37;37;38;41;42;44;44;42;41;41;40;40;41;40;38;36;35;35;36;36;38;39;41;44;47;52;54;54;54;57;59;62;65;67;68;66;66;65;64;63;60;57;55;53;52;50;49;48;48;47;44;43;42;42;43;43;43;43;43;44;44;45;46;46;45;45;44;42;43;42;45;46;51;51;52;52;54;56;59;60;63;66;70;71;72;75;78;84;85;86;85;83;83;83;83;82;84;80;75;74;67;60;53;46;41;37;34;33;33;32;32;32;31;31;32;35;35;35;32;28;26;24;19;17;15;13;13;13;13;14;15;15;13;13;14;13;13;0;0;0;0;0;13;0;0;0;0;13;0;0;13;0;0;0;0;0;0;0;0;13;0;0;0;0;0;0;0;13;13;13;13;0;0;0;13;0;13;13;0;0;0;0
0;0;0;0;0;0;0;0;0;0;0;0;0;13;13;0;0;0;13;0;0;0;0;0;0;0;13;13;13;13;13;14;15;16;18;19;19;19;20;20;20;20;22;24;25;28;30;33;35;37;37;38;39;42;43;42;43;43;43;41;39;39;41;39;37;35;37;36;36;37;38;41;44;49;52;53;55;55;57;61;63;66;67;68;66;65;63;63;63;62;59;55;51;51;50;49;49;45;45;44;44;42;42;42;41;41;42;43;43;42;42;44;44;42;42;42;41;40;41;43;45;48;49;49;53;56;58;59;60;62;65;67;68;69;74;78;83;87;86;84;83;81;81;81;83;82;79;72;71;66;59;51;46;40;38;36;34;32;31;30;30;31;31;32;35;36;35;31;29;26;24;19;16;15;13;13;13;13;14;13;14;14;14;14;13;0;0;0;0;0;0;0;0;0;0;0;0;0;0;13;0;0;0;0;0;0;0;0;0;0;0;13;13;0;0;13;0;0;0;0;0;0;0;0;0;0;0;0;0;0;0
13;13;0;0;0;0;0;0;0;0;0;0;0;0;0;0;0;0;13;0;0;0;0;0;0;13;13;0;13;0;13;14;15;16;16;18;19;18;19;20;20;21;22;24;27;27;30;34;36;37;37;38;39;42;43;43;41;42;42;40;40;40;40;38;36;36;36;36;36;36;37;40;43;47;51;53;55;56;58;61;63;66;66;67;65;64;62;62;63;60;58;56;54;52;51;50;48;47;46;44;43;41;43;43;42;43;42;42;42;42;43;43;43;42;42;42;41;40;41;43;44;46;48;51;54;57;58;60;61;62;63;65;66;69;75;78;82;84;83;82;81;81;78;79;80;81;80;74;70;68;60;52;45;40;38;36;33;32;30;30;29;31;31;32;34;36;37;32;29;26;22;19;16;14;13;13;13;13;13;13;14;14;14;14;0;0;0;0;0;0;0;0;0;0;0;0;0;0;0;0;0;0;0;0;0;0;0;0;13;0;0;0;0;0;13;13;0;0;0;0;0;0;0;0;0;13;0;0;0;0;0
13;0;0;0;0;0;0;0;0;0;0;0;13;0;0;0;0;0;0;0;13;0;13;0;0;13;0;13;13;13;14;14;15;16;17;17;17;19;20;20;20;21;22;23;28;29;31;34;36;37;37;38;40;43;44;44;43;41;41;40;39;39;39;38;37;36;35;34;35;37;38;40;44;48;50;53;55;56;59;61;63;64;67;67;62;63;61;60;62;60;59;55;55;53;53;50;48;46;43;42;42;43;42;42;42;42;42;42;42;43;43;41;45;43;42;40;40;39;40;41;42;44;48;52;55;56;57;59;61;63;63;66;67;69;74;77;80;84;84;81;80;80;82;80;80;82;78;74;71;66;59;53;47;41;38;36;35;33;30;30;29;31;29;32;33;35;35;32;29;26;23;20;16;14;13;13;13;13;13;14;14;14;13;14;13;13;0;0;13;0;0;0;0;13;13;0;0;0;0;0;0;13;0;0;0;0;0;0;0;0;13;13;0;0;13;13;0;0;0;0;0;0;13;0;0;0;0;0;0;0;0
0;0;13;0;0;13;0;0;0;0;0;0;0;0;0;0;0;0;0;13;0;0;0;0;0;0;0;0;13;0;14;14;15;16;17;17;17;19;20;20;19;20;21;23;27;28;31;33;36;37;38;39;41;43;45;44;44;43;39;39;39;38;38;38;37;36;35;34;35;38;38;41;44;47;50;51;52;55;59;61;64;67;69;67;64;62;60;60;59;59;58;57;56;54;53;51;50;45;43;43;43;42;42;43;43;42;42;43;41;41;43;42;43;43;42;42;42;40;39;40;42;44;47;50;52;54;56;57;59;60;62;65;67;71;74;78;80;83;81;79;79;79;80;80;81;79;76;73;69;62;57;51;46;41;37;36;35;32;30;29;29;29;30;31;33;36;34;31;27;25;23;21;16;14;0;13;13;14;13;13;13;13;13;13;0;0;0;0;0;0;0;13;13;13;13;0;0;0;13;0;0;0;0;0;0;0;0;0;0;13;0;0;0;0;13;13;0;0;0;0;0;0;0;0;0;0;0;0;0;0;0
0;0;0;0;0;0;0;13;13;0;0;0;0;0;0;0;0;0;13;0;0;0;0;0;13;0;0;0;14;14;14;15;15;16;17;18;18;19;19;19;20;19;21;23;26;30;31;34;36;37;39;40;42;44;45;45;44;43;41;39;38;37;39;37;36;36;35;35;37;37;39;42;45;47;50;52;54;55;60;65;67;69;69;65;64;61;62;59;59;59;57;57;56;56;53;52;49;46;44;44;42;42;42;42;42;42;44;44;42;43;41;41;43;43;42;42;40;41;40;40;42;43;46;48;52;53;54;56;60;62;65;64;66;70;73;76;77;79;79;79;76;76;76;76;78;76;75;71;68;60;56;52;45;40;38;36;34;32;31;30;29;29;31;32;34;36;34;32;28;24;22;19;16;14;0;13;13;14;13;14;14;13;14;15;13;13;0;0;0;0;0;0;0;13;0;0;0;13;0;0;0;0;0;13;0;0;0;0;0;13;0;0;13;13;0;0;0;0;0;0;0;0;0;0;0;0;0;0;0;0;0
0;0;0;0;0;0;0;0;0;0;0;0;0;0;0;0;0;0;0;0;0;0;0;0;0;13;13;13;14;14;14;14;15;16;17;17;18;18;19;18;20;20;22;24;26;29;31;32;35;38;40;41;42;43;46;45;44;43;40;39;39;39;39;39;36;35;35;35;36;38;40;43;45;47;51;52;53;54;58;63;66;70;69;65;63;62;61;59;60;58;58;60;57;55;53;52;49;46;45;42;42;42;42;42;43;45;44;44;44;41;41;42;43;42;42;40;40;40;39;40;41;43;45;47;49;50;53;56;60;63;64;64;64;69;71;74;76;77;78;79;75;74;73;75;77;76;75;71;67;62;58;52;45;41;38;36;34;33;32;29;28;29;30;33;34;35;33;30;27;23;22;19;16;13;13;13;13;14;13;14;13;13;13;14;13;13;0;0;0;0;13;0;0;0;13;0;0;14;0;0;0;0;0;0;0;0;0;0;0;0;13;0;0;0;0;0;0;0;13;13;0;0;0;0;0;0;0;0;0;0;0
0;0;0;0;0;13;0;0;0;0;0;0;0;0;0;0;0;13;0;0;0;0;0;0;13;13;13;13;13;13;14;14;15;16;17;17;18;18;19;19;19;20;22;24;27;30;31;34;36;39;40;40;42;43;45;44;44;43;39;38;40;39;39;38;38;36;35;35;37;38;38;40;44;47;50;52;54;57;58;63;67;68;70;66;64;62;60;60;61;58;58;58;56;54;52;51;49;47;44;42;42;41;41;43;45;45;44;42;42;42;42;42;41;40;40;39;39;39;40;40;40;42;45;47;48;52;53;56;58;60;62;63;65;68;70;74;77;77;76;75;73;71;72;73;76;73;74;69;65;61;59;50;45;41;39;36;35;34;32;28;27;29;31;33;33;33;32;29;26;24;22;19;15;14;13;13;0;13;13;13;13;14;13;13;13;0;0;0;0;0;13;0;13;0;0;13;0;0;0;0;0;0;13;0;0;0;0;0;0;0;0;13;0;0;0;0;13;0;0;0;0;0;0;0;0;0;0;0;0;13;0
0;0;0;0;0;13;0;0;0;0;0;0;0;0;0;0;0;0;0;0;0;13;0;13;13;14;13;13;14;13;14;14;16;17;18;18;18;19;18;19;19;21;22;25;28;31;32;34;36;39;40;40;42;43;44;44;43;42;40;39;39;38;39;38;37;36;35;36;38;39;37;39;41;45;49;51;55;57;60;65;67;69;68;67;65;63;61;60;60;61;59;59;57;56;52;50;50;47;44;42;43;41;41;43;44;44;44;45;44;43;41;40;39;39;39;39;39;40;39;39;40;41;44;47;50;53;54;55;57;59;61;61;64;67;69;71;74;73;73;72;72;71;72;74;73;72;73;69;65;60;57;49;44;40;39;38;36;34;31;29;29;29;31;33;33;32;32;29;26;24;21;18;15;14;13;0;0;13;13;13;13;13;14;13;13;0;0;0;0;0;0;0;0;0;13;0;0;0;0;0;0;0;0;0;0;0;0;0;0;0;0;13;0;13;0;0;0;0;0;0;13;0;0;0;0;0;0;0;0;0;0
0;0;0;0;0;0;0;0;0;0;0;0;0;13;0;0;0;13;0;0;0;13;13;13;13;13;13;13;13;13;14;14;16;17;18;19;18;19;18;19;18;20;22;25;28;32;33;34;37;40;41;40;41;43;44;45;43;41;39;38;38;38;39;39;36;35;36;37;38;40;38;40;40;43;47;50;53;56;60;63;63;69;69;67;65;63;62;61;60;61;61;59;54;54;54;52;48;45;44;43;43;41;42;42;44;44;42;42;43;42;41;40;40;40;40;40;40;40;39;40;40;42;44;46;48;51;53;53;55;57;60;61;64;66;67;69;73;74;75;72;72;73;72;72;72;73;72;69;64;60;56;49;45;41;38;37;36;33;31;29;29;30;31;32;32;32;33;29;26;22;21;18;16;14;13;0;13;13;13;13;13;13;13;0;13;0;0;0;0;0;0;0;0;0;13;0;0;0;0;0;0;0;0;0;0;0;0;13;0;0;13;0;0;0;0;0;0;0;0;0;0;14;0;0;0;0;0;0;0;0;0
0;0;13;0;0;0;0;0;0;0;0;0;0;0;13;13;0;0;0;0;0;13;0;13;0;0;0;13;13;14;14;14;16;17;18;18;18;20;19;19;19;19;22;23;27;30;32;35;36;39;40;41;41;44;44;45;44;39;38;37;38;39;40;40;37;37;37;37;40;41;41;39;41;45;45;50;53;57;59;64;67;67;69;68;66;64;63;63;60;60;59;60;56;54;51;50;48;45;44;44;43;41;42;41;43;43;43;43;42;42;40;40;40;41;40;38;38;39;38;39;40;41;42;45;47;49;51;51;53;56;59;61;64;65;66;66;71;72;73;75;73;75;72;73;72;71;72;69;63;59;53;47;44;40;37;37;37;35;33;30;29;30;31;32;33;32;30;28;26;22;20;18;16;14;13;0;0;13;13;14;13;13;14;13;13;0;0;0;0;0;0;0;0;0;0;0;0;0;0;0;0;0;0;0;0;0;0;0;0;0;0;0;0;0;0;0;0;0;0;13;0;0;0;0;0;0;0;0;0;0;0
0;0;0;0;0;0;0;0;0;0;0;0;0;0;0;13;13;0;0;0;0;0;0;0;0;13;0;13;13;14;13;14;15;16;18;18;19;19;19;19;19;19;23;25;27;29;32;34;36;40;41;41;41;43;44;44;44;41;39;37;38;39;41;39;37;38;37;38;39;41;40;40;41;45;48;51;53;57;60;63;66;67;67;66;66;65;63;62;61;61;59;59;58;53;52;50;48;46;45;44;41;41;41;41;40;41;42;42;42;42;40;40;39;39;38;38;38;37;39;39;39;41;42;44;47;48;48;51;52;55;59;61;62;64;65;65;68;71;71;73;71;71;69;69;72;72;71;68;61;57;53;49;45;41;39;37;37;36;33;30;29;30;31;32;30;32;31;28;25;22;20;18;16;14;14;0;0;13;0;14;14;13;13;13;13;13;13;0;0;0;0;0;13;0;0;0;0;0;13;0;0;0;0;0;0;0;13;0;0;0;0;13;0;13;0;13;0;0;0;0;0;0;0;13;0;0;0;0;0;13;13
0;0;0;0;13;0;0;0;0;0;0;0;0;0;0;0;0;13;13;0;0;0;0;0;13;13;0;13;13;14;13;14;16;17;18;18;19;19;20;19;19;20;23;25;28;31;33;35;37;40;41;42;41;43;44;44;43;41;39;39;38;39;40;38;36;37;37;39;39;42;41;42;43;45;48;50;54;56;58;61;64;66;66;66;66;65;64;63;62;61;58;57;55;54;52;48;48;46;44;44;42;41;40;40;40;40;40;41;41;41;40;40;39;39;38;38;38;38;39;38;38;42;42;44;46;49;51;53;53;55;57;61;62;64;67;66;67;70;71;73;74;72;72;72;74;74;69;67;63;59;57;51;47;41;38;38;38;37;33;31;30;29;30;32;31;31;31;28;25;22;20;17;15;14;13;13;13;13;13;13;14;13;13;13;14;13;0;0;0;0;0;0;13;13;13;0;0;0;13;0;13;0;0;0;0;0;0;13;0;0;0;0;0;0;0;0;0;0;13;0;0;0;0;0;0;0;0;0;0;0;0
0;0;0;0;0;0;0;13;0;0;0;0;0;0;13;13;13;13;13;0;0;0;0;0;0;13;0;13;13;14;13;14;16;18;18;19;20;18;19;19;19;21;23;26;29;31;33;35;37;39;40;41;41;43;44;44;43;43;41;39;37;39;39;37;37;36;37;40;41;41;40;40;43;45;49;51;54;56;58;62;65;65;67;68;68;67;65;63;62;62;60;59;54;53;51;48;47;45;42;44;42;39;39;40;40;39;40;40;41;40;39;40;39;38;37;38;37;37;37;36;37;39;42;44;46;46;50;52;53;55;58;60;60;64;66;67;69;70;71;72;73;72;74;75;74;72;71;67;63;59;55;49;45;40;37;37;38;37;33;30;28;28;29;31;31;31;29;27;24;22;20;17;15;14;0;13;13;13;13;14;14;13;14;14;0;0;0;0;0;0;0;0;0;0;13;13;0;0;0;0;0;0;0;0;0;0;0;0;0;13;0;13;13;0;0;0;0;0;0;0;0;0;0;0;0;0;0;0;0;0;0
0;13;0;0;0;0;13;13;0;0;0;0;0;0;0;0;13;13;13;0;0;0;0;0;0;0;13;13;13;14;14;14;15;17;18;19;20;20;19;18;19;21;23;26;29;31;33;35;36;38;40;42;42;42;42;44;44;42;42;41;40;40;40;39;37;37;38;40;41;41;41;40;43;45;47;52;55;57;59;63;64;66;67;68;68;68;67;66;64;62;60;56;53;52;50;48;47;45;44;44;43;41;40;39;40;40;39;38;39;40;39;39;39;37;37;35;35;37;36;36;38;38;40;42;45;46;49;51;52;54;58;59;61;64;65;66;67;69;71;72;72;73;72;73;70;71;68;63;60;57;52;46;43;39;37;36;36;35;33;31;30;30;31;32;33;31;29;27;25;21;18;17;15;13;0;13;13;13;13;14;14;13;14;13;0;0;0;0;0;13;0;0;0;0;0;0;0;0;0;0;0;0;0;0;0;0;0;0;0;0;0;0;0;0;0;0;0;0;0;0;0;0;0;0;0;0;0;0;0;0;13
0;0;0;0;0;0;0;0;0;0;0;0;0;0;0;0;13;13;0;0;0;0;13;0;0;13;13;13;13;13;14;15;16;17;19;19;19;19;19;19;19;20;23;25;28;33;33;35;36;37;39;40;42;42;43;45;44;43;42;40;39;40;40;38;36;36;38;39;40;42;42;43;45;47;49;52;54;56;58;60;63;65;64;66;67;68;68;67;65;61;59;57;55;53;49;47;48;46;44;43;43;41;40;40;39;40;39;40;39;39;40;38;38;37;36;35;36;35;35;36;39;38;39;42;45;47;49;50;53;55;58;59;61;62;66;67;68;68;72;73;75;74;72;72;72;72;68;64;61;57;51;46;43;39;38;39;38;35;33;31;30;31;31;31;30;31;29;26;24;21;19;17;14;13;14;0;0;13;13;14;13;13;13;0;13;0;0;13;0;13;0;0;0;0;0;0;0;0;0;0;0;0;0;0;0;0;0;0;0;0;0;0;0;0;0;0;0;0;0;0;0;0;0;0;0;0;0;0;0;0;0
0;13;0;0;0;0;0;0;0;0;0;0;0;0;0;13;13;0;0;0;0;13;13;0;13;13;13;14;13;14;15;15;17;17;19;20;20;18;18;20;20;21;23;25;29;32;34;36;38;39;40;41;40;41;44;45;44;43;41;40;38;39;38;36;36;35;37;38;41;41;42;43;46;49;50;52;54;56;58;59;60;63;64;66;67;68;68;65;65;62;60;57;55;53;48;48;48;46;46;44;42;42;40;41;39;38;38;38;36;38;38;38;38;37;36;35;35;34;36;37;38;39;42;43;44;47;48;49;52;55;57;59;62;63;64;67;65;68;72;72;73;73;71;72;73;74;70;67;63;58;52;47;44;41;38;37;38;35;33;30;31;31;30;30;29;30;30;26;24;21;19;17;15;14;13;13;0;13;14;14;13;13;13;0;0;0;0;13;0;0;0;0;0;13;0;0;0;0;0;13;0;0;0;0;0;0;0;0;0;0;0;13;0;0;0;0;13;0;0;0;0;0;0;0;0;0;0;0;0;0;0
0;0;0;0;0;0;0;0;0;0;0;0;13;0;0;0;0;0;0;0;0;0;0;0;13;13;0;14;13;0;14;15;16;17;18;19;21;19;19;20;19;22;24;26;28;32;34;36;38;38;40;41;41;42;43;44;45;41;41;40;38;40;39;37;35;36;37;41;40;40;41;42;45;48;49;52;53;56;57;58;60;61;63;66;65;67;67;66;62;61;59;58;54;51;50;48;47;45;44;43;42;41;40;40;39;37;37;37;37;37;37;37;35;35;35;34;34;34;36;36;37;39;41;42;43;46;48;49;52;54;57;60;62;63;63;64;66;69;70;71;72;72;72;72;74;74;71;67;61;56;53;48;44;40;38;38;38;35;32;30;30;29;30;30;29;28;28;26;25;21;20;17;15;13;13;13;0;0;14;14;14;14;13;13;13;0;0;0;0;13;13;13;0;13;13;13;13;0;0;0;0;0;0;0;0;13;0;0;0;13;0;0;13;0;0;13;13;0;0;0;0;0;0;0;0;0;0;0;0;0;0
0;0;13;0;0;13;13;0;13;0;0;0;13;0;0;0;0;0;0;0;13;0;13;13;13;13;0;13;13;13;14;15;15;17;17;19;20;19;18;20;20;21;23;27;31;33;34;36;39;39;40;40;41;41;43;42;44;41;41;41;39;39;39;37;35;35;35;38;40;41;42;43;45;47;49;52;51;53;55;56;60;61;62;66;65;65;64;65;63;60;58;57;55;49;49;48;46;44;43;40;41;41;40;40;38;37;38;37;37;38;37;36;35;36;36;35;34;33;35;36;38;38;40;41;43;46;49;49;52;56;61;62;63;63;64;65;66;69;72;73;73;73;72;73;73;73;69;64;60;55;51;48;42;39;39;35;36;35;31;29;29;29;30;29;29;30;29;28;23;21;19;16;15;13;0;0;0;0;0;13;13;14;14;13;13;0;0;0;0;0;0;13;0;0;0;0;0;0;0;0;0;0;0;0;0;0;13;0;0;0;0;0;13;0;0;0;0;0;0;0;0;0;0;0;0;0;0;0;0;13;0
0;0;0;0;0;0;13;13;0;0;0;13;0;0;0;0;0;0;13;13;13;0;13;13;13;13;0;0;13;14;14;14;15;17;17;19;20;20;19;19;21;23;23;26;30;33;35;36;38;39;41;42;41;40;42;44;43;41;42;40;39;40;40;38;35;34;34;37;40;42;43;44;47;45;48;50;52;54;56;58;58;59;63;62;65;65;66;64;63;62;55;54;52;49;48;48;44;43;42;41;40;39;38;39;37;36;36;36;36;35;35;35;34;34;35;34;33;33;34;35;36;37;40;41;44;46;48;51;53;56;59;61;61;63;64;66;66;69;72;72;72;71;70;71;72;73;69;65;61;56;51;47;41;39;38;37;35;33;30;28;29;30;30;27;29;30;29;27;23;19;18;16;15;14;0;13;13;13;13;13;13;13;13;13;0;0;0;0;0;0;13;14;13;0;0;0;0;13;0;0;0;0;0;0;0;0;0;0;0;0;0;0;0;0;13;13;0;0;0;0;0;0;0;0;0;13;0;0;0;0;0
0;0;0;13;0;0;13;0;0;0;0;0;0;0;13;0;13;0;0;13;0;0;0;13;0;0;0;0;13;14;14;15;16;16;17;18;19;19;18;19;23;22;23;25;29;32;36;38;38;39;39;43;42;41;40;42;42;41;41;39;38;39;39;38;37;35;34;35;39;40;42;45;46;47;49;51;52;54;57;57;56;59;63;62;63;63;64;64;62;59;55;53;50;48;47;45;44;43;42;40;39;38;39;39;38;36;36;36;37;34;34;35;34;34;34;34;32;33;35;34;36;37;39;42;45;47;48;50;53;55;58;60;59;61;63;65;67;68;69;70;71;71;71;71;71;71;71;66;62;56;50;46;41;39;37;36;35;33;30;28;28;29;30;28;29;30;29;26;22;19;17;16;15;0;0;13;13;13;13;14;13;13;13;13;0;0;0;0;0;0;0;13;0;0;0;0;0;0;0;0;0;0;0;0;0;0;0;0;0;13;0;0;13;0;0;0;0;0;0;0;0;0;0;0;0;0;0;0;0;0;0
0;0;0;0;0;0;0;0;0;0;13;0;0;0;13;0;0;0;0;0;0;0;13;13;0;0;0;0;14;14;14;15;16;17;18;18;19;19;18;19;21;21;23;26;29;32;36;38;39;39;42;44;44;42;42;41;41;41;39;39;38;38;38;38;36;35;34;36;37;39;41;44;45;46;48;51;52;54;57;57;57;60;63;62;61;63;61;61;58;56;55;51;49;48;46;45;44;41;40;39;37;39;37;37;38;36;36;35;35;34;34;35;35;35;33;34;33;34;35;35;38;38;41;44;45;46;48;50;52;54;57;60;60;61;62;63;65;67;69;70;71;73;72;70;70;70;69;65;62;55;50;46;43;40;38;37;35;32;29;28;28;28;29;30;30;29;28;25;21;19;18;17;14;13;13;0;13;13;13;13;13;14;13;13;13;0;0;0;0;0;0;13;0;0;0;0;0;0;0;0;0;0;0;0;0;0;0;0;0;0;0;0;13;0;0;0;0;0;0;0;0;0;0;0;0;0;0;0;0;0;0
0;0;0;0;0;0;0;0;0;0;0;0;0;0;0;0;0;0;0;0;0;0;13;14;13;0;0;0;15;15;15;15;17;17;18;18;18;18;19;20;21;21;23;26;29;32;37;38;40;40;41;43;45;43;43;42;42;42;40;38;38;38;38;37;35;32;34;35;37;40;41;44;46;48;49;51;52;55;58;60;60;61;62;62;61;62;61;60;57;56;54;51;50;48;47;46;42;42;40;38;35;38;38;38;38;37;36;35;35;35;36;35;34;35;34;35;35;34;34;35;36;38;42;43;44;46;48;50;52;56;59;59;61;63;64;63;64;67;67;68;70;70;72;70;69;71;69;66;61;53;50;46;43;39;37;36;35;32;29;27;27;28;30;32;29;28;27;25;21;20;18;16;14;0;13;13;13;13;13;0;0;13;13;13;0;13;13;0;0;13;13;13;0;0;0;0;0;0;0;0;0;0;0;0;0;0;0;0;0;0;0;0;0;0;13;0;0;13;0;0;0;0;0;0;0;0;0;0;0;0;0
0;0;0;0;0;0;0;0;0;0;0;0;0;0;0;0;0;0;0;0;0;13;0;13;13;13;13;0;13;14;14;15;17;17;18;19;19;19;20;20;20;21;23;26;29;34;37;37;40;41;41;42;43;42;42;42;42;42;40;39;37;37;38;37;36;34;34;35;36;39;42;44;45;48;49;51;52;56;59;59;60;61;62;62;62;61;60;58;56;55;53;52;50;48;45;46;42;41;37;38;37;35;36;37;37;37;37;37;37;36;36;35;36;35;35;34;34;35;35;36;37;38;41;43;45;47;49;51;54;57;58;59;59;60;63;63;64;66;67;68;68;68;67;71;71;71;69;64;59;53;49;45;41;38;37;36;33;31;29;26;27;29;31;30;30;29;28;25;21;19;18;16;14;13;0;13;14;13;14;13;13;13;13;14;13;13;0;0;0;13;13;0;0;13;0;0;0;0;0;0;0;0;0;0;0;0;0;0;0;0;13;0;0;0;13;0;0;0;0;13;13;13;13;0;0;0;0;0;0;0;0
0;0;0;0;0;0;0;0;0;0;0;0;0;0;0;13;0;0;13;0;0;13;0;0;13;13;0;0;13;14;15;16;16;18;17;18;19;19;19;19;20;22;23;26;29;33;36;38;39;40;42;43;44;43;43;43;42;41;40;38;38;36;37;35;34;34;33;35;37;39;42;44;44;46;48;49;52;57;59;59;60;63;64;63;60;61;60;60;57;55;52;51;49;48;46;44;43;42;40;39;38;36;36;37;38;37;39;39;38;36;35;36;35;35;34;33;34;34;34;36;37;39;42;44;46;49;50;51;53;56;57;58;61;59;63;63;63;64;66;67;69;69;68;68;70;69;68;64;59;54;49;44;41;40;37;36;34;30;29;26;27;29;30;31;30;27;27;25;21;20;18;16;14;13;13;13;13;13;13;13;13;13;13;13;13;13;0;0;0;13;13;13;13;13;13;0;13;0;13;0;0;0;0;0;0;0;0;0;0;13;0;0;0;0;0;0;13;0;0;0;0;0;0;0;0;0;0;0;0;0;0
0;0;0;0;0;0;0;0;0;0;13;0;0;0;0;0;0;0;14;13;13;13;13;13;0;13;13;13;0;13;14;16;16;18;18;17;18;19;18;20;21;22;23;26;29;33;36;38;38;41;42;43;45;43;43;41;43;42;41;37;37;38;36;36;35;34;34;36;37;38;41;43;43;46;48;49;53;56;58;61;63;65;65;64;62;61;59;58;56;55;53;51;49;47;46;45;44;42;39;37;36;36;36;38;38;39;38;41;39;37;35;35;34;34;34;33;34;32;34;36;37;39;42;44;46;49;50;51;55;57;56;58;61;61;61;62;62;62;66;67;69;67;69;69;69;70;69;65;58;53;48;44;42;40;39;36;34;32;28;27;27;28;29;30;28;27;26;23;21;20;18;16;15;13;0;13;14;14;13;13;13;13;14;13;14;13;13;0;0;0;13;13;0;0;0;0;0;0;0;0;0;0;0;0;0;0;0;0;0;0;0;0;0;0;0;0;13;0;0;0;0;0;0;0;0;0;0;0;0;0;0
0;0;0;0;0;0;0;0;0;0;0;0;0;0;0;0;0;13;13;0;0;0;0;13;13;13;0;13;0;13;14;15;17;18;18;17;18;19;19;20;21;22;24;26;29;32;36;38;40;39;42;44;44;43;43;42;42;42;41;38;37;37;36;35;36;36;36;36;36;38;40;43;44;46;48;48;53;57;58;60;62;65;65;64;65;63;60;56;55;53;51;50;49;47;45;46;43;41;38;36;36;36;36;36;36;39;39;38;37;37;36;36;35;34;35;34;34;34;35;37;38;39;41;44;48;49;51;52;54;55;57;58;60;59;61;63;64;64;64;64;68;68;70;70;68;68;67;63;57;51;47;44;42;39;37;35;35;30;28;27;26;28;29;28;29;27;25;23;21;19;17;16;14;13;0;13;13;14;14;14;13;13;13;13;14;13;0;0;0;0;13;14;13;13;0;0;0;0;0;0;0;0;0;0;0;0;0;0;0;0;0;0;0;0;0;0;13;0;0;0;0;0;0;0;14;0;0;0;0;0;0
0;0;13;0;0;0;0;0;0;0;13;0;0;0;0;0;0;0;0;0;0;0;0;0;13;13;0;0;0;14;14;16;18;18;17;17;19;20;19;20;20;22;24;25;29;32;34;36;38;40;44;44;43;42;43;42;42;43;40;38;38;37;35;35;35;36;36;37;37;38;38;43;45;47;49;52;55;58;59;62;65;67;64;63;63;61;59;56;52;52;50;48;47;45;42;44;42;40;39;36;36;34;35;36;37;38;38;37;39;37;36;36;35;34;36;35;36;36;35;36;39;40;42;44;48;50;51;52;52;55;57;58;59;60;62;64;64;66;66;67;67;67;67;69;68;68;67;63;57;51;47;43;40;38;35;34;33;30;28;27;28;29;29;29;28;26;24;23;22;19;17;15;14;13;0;13;14;14;14;13;13;14;13;13;13;13;0;0;0;0;13;13;13;13;0;0;0;0;0;0;0;0;0;0;0;0;0;0;0;0;0;0;0;0;0;0;13;0;0;0;0;0;0;0;0;0;0;0;0;0;0
13;0;0;0;0;0;0;0;0;0;13;0;0;0;0;13;0;0;0;0;0;13;13;13;13;13;13;13;13;13;14;16;17;17;18;17;19;19;18;20;20;21;23;26;29;32;32;35;37;40;42;43;43;43;43;42;43;43;41;39;38;37;35;37;37;35;35;36;39;39;40;43;47;48;51;54;57;59;61;64;66;66;65;65;64;63;59;57;54;53;50;48;46;43;43;43;43;40;38;37;35;35;36;35;36;37;38;36;38;38;37;36;35;35;37;36;36;38;37;37;39;41;43;46;49;51;52;52;54;56;57;58;60;61;64;64;64;67;66;67;67;68;67;68;69;68;66;62;57;52;47;43;41;39;36;34;32;31;28;27;27;28;29;29;28;26;23;22;21;19;17;15;14;13;0;13;13;13;13;0;13;14;13;13;13;13;0;0;13;13;13;13;13;13;13;0;13;0;0;0;0;0;0;0;0;0;0;0;0;0;0;0;0;0;0;0;0;0;0;13;0;0;0;0;0;0;0;0;0;0;0
13;0;0;0;0;0;0;0;0;0;13;0;0;0;0;0;0;13;13;13;0;0;13;13;13;0;13;0;14;13;14;16;16;17;18;16;18;19;20;20;20;22;24;26;29;31;33;35;38;39;40;41;43;43;43;43;42;42;41;38;37;36;36;36;36;35;37;37;39;41;42;44;46;49;51;54;57;59;63;67;68;67;68;65;65;64;60;58;56;54;52;49;47;45;43;42;42;42;39;38;37;35;36;36;37;39;40;39;40;40;39;37;36;37;37;36;38;37;38;38;39;41;45;47;50;52;53;54;55;56;57;58;60;61;63;64;64;66;68;69;69;67;67;69;68;67;65;62;57;52;47;44;41;39;36;33;31;30;29;27;27;29;29;29;28;26;24;22;21;18;16;15;13;13;13;13;13;13;13;13;13;14;13;0;0;0;0;0;0;0;0;0;13;0;0;0;0;0;0;0;0;0;0;0;0;0;0;0;0;0;0;13;0;0;0;0;0;0;0;0;0;0;0;0;0;0;0;13;0;0;0
0;0;0;0;0;0;0;0;0;0;0;0;0;0;0;0;0;0;0;14;13;0;0;13;13;13;13;0;13;14;14;15;16;17;18;18;18;20;20;21;20;22;25;27;29;31;34;36;37;39;39;40;42;42;41;42;42;41;42;40;38;36;35;34;35;35;35;35;36;38;40;43;46;50;51;54;56;60;65;67;68;67;69;68;65;65;62;61;57;54;51;49;46;44;44;43;42;41;40;39;37;36;37;38;38;40;41;40;39;40;39;39;37;38;38;36;38;38;39;40;40;41;45;49;51;50;53;54;55;56;58;60;62;62;64;66;66;66;67;68;68;68;68;69;69;68;66;62;57;51;46;43;40;38;36;33;31;31;29;27;29;29;28;30;28;26;24;22;21;18;16;15;13;0;13;14;13;0;13;14;13;13;13;14;0;0;0;0;0;0;0;0;13;13;0;0;0;0;0;0;0;0;0;13;0;0;0;0;0;0;0;0;0;0;0;0;0;0;0;0;0;13;0;0;0;0;0;0;0;0;0
0;0;0;0;0;0;13;0;0;0;0;0;13;13;0;0;13;0;0;13;13;13;13;13;0;0;13;13;13;13;14;15;16;18;18;19;19;18;19;20;20;21;24;27;29;31;32;35;35;38;39;40;41;42;43;43;43;43;42;41;39;36;35;35;35;35;35;35;36;37;41;42;46;50;54;56;58;61;65;67;70;69;71;71;69;66;62;60;59;56;53;51;48;45;44;42;43;43;41;42;39;38;38;39;39;41;42;42;41;41;40;40;39;39;39;38;39;39;40;42;43;44;47;52;52;53;56;56;56;57;60;62;63;64;66;66;65;64;64;66;65;68;67;68;72;66;64;59;56;51;47;44;40;38;36;33;32;32;28;28;28;29;31;29;27;25;23;22;19;18;16;14;0;0;13;15;13;13;13;13;13;0;0;13;0;0;0;0;0;0;0;0;0;13;0;0;0;0;0;0;0;0;0;0;0;0;0;0;0;13;13;0;0;0;0;0;13;0;0;13;0;0;13;0;0;0;0;0;0;0;0
13;0;0;0;0;13;0;0;0;0;0;0;0;0;0;0;13;13;0;13;0;13;13;13;0;13;0;0;13;13;14;15;17;17;18;19;19;18;19;20;20;22;25;28;30;32;34;34;35;37;38;39;43;41;42;42;44;43;42;40;38;36;35;35;35;35;35;36;37;38;40;43;46;50;54;57;60;62;65;67;69;70;72;73;70;67;66;62;60;57;54;51;48;47;45;45;45;43;42;42;40;38;39;40;40;42;41;41;41;41;40;39;39;41;38;38;38;39;39;40;43;46;48;50;53;54;57;58;58;58;59;62;64;65;66;66;65;66;66;67;68;67;67;68;69;67;64;60;55;52;47;44;41;39;35;32;32;31;30;28;28;28;29;28;28;26;23;21;18;17;16;14;13;13;13;14;13;13;13;0;13;13;13;13;0;0;0;0;0;0;0;13;13;0;0;13;0;0;0;0;0;0;0;0;0;0;0;13;13;0;13;0;0;0;0;0;0;0;0;0;0;0;0;0;0;0;0;0;0;0;0
0;0;0;0;0;0;0;0;0;0;0;0;0;0;0;0;0;0;0;13;0;13;13;13;0;13;0;0;13;13;13;15;17;17;19;19;19;18;19;20;20;22;24;28;30;32;34;34;36;39;38;38;40;42;44;44;43;42;42;41;38;37;36;36;35;35;36;37;37;38;40;44;46;49;54;57;60;62;63;68;70;71;71;73;73;67;65;62;60;58;53;52;49;48;44;46;44;44;43;41;40;39;40;40;40;41;41;42;42;41;40;39;40;40;38;38;39;40;40;42;44;47;49;51;54;56;58;59;60;60;62;63;68;66;67;67;66;66;66;67;69;69;71;70;70;70;64;62;56;52;46;44;42;38;35;33;31;30;29;28;29;29;29;28;28;27;24;21;19;17;16;15;14;13;13;13;14;13;13;13;13;13;13;0;0;0;0;0;0;0;0;13;13;13;0;0;0;0;0;0;0;0;0;0;0;0;0;0;0;0;0;0;0;0;13;0;0;0;0;0;0;0;0;0;0;0;0;0;0;0;0
0;0;0;0;0;0;0;0;0;0;0;0;0;0;0;0;0;0;13;0;0;13;0;13;0;0;0;0;13;0;15;15;16;17;19;19;18;20;20;21;20;21;24;27;30;32;33;33;37;39;39;39;40;41;42;44;44;43;43;42;40;37;37;35;36;36;36;36;37;39;42;43;46;50;55;57;60;63;67;69;70;73;71;72;70;69;66;63;60;59;54;50;47;47;45;45;43;43;43;42;41;40;39;40;40;42;41;42;42;43;41;41;41;41;39;41;41;42;43;43;45;47;48;51;54;58;58;60;60;61;64;65;66;66;66;65;67;67;68;69;68;70;71;69;69;68;64;61;54;50;46;43;40;37;34;32;31;30;29;28;29;30;29;28;27;27;25;21;19;18;16;14;13;13;13;13;13;13;0;0;13;0;13;13;0;0;0;0;0;0;0;0;0;0;0;0;0;0;0;0;0;0;0;0;0;0;0;0;0;0;0;0;0;0;13;0;0;0;0;0;0;0;0;0;0;0;0;0;0;0;0
0;0;0;0;13;0;0;0;0;0;0;0;0;0;0;0;0;0;0;0;0;13;0;13;0;13;0;13;13;13;14;14;16;17;18;18;19;19;19;20;20;21;24;29;32;33;32;35;39;39;40;40;40;41;43;44;44;44;42;41;40;38;38;36;35;35;35;36;39;41;41;43;46;51;55;60;63;65;68;70;71;72;73;72;71;69;67;63;60;58;56;52;49;47;44;44;45;44;43;42;42;42;41;41;40;41;42;42;42;43;42;42;42;42;42;42;41;44;44;44;43;48;50;52;59;59;59;59;62;63;63;64;66;66;67;66;67;67;68;70;70;70;70;69;70;69;66;61;55;51;46;41;39;37;35;32;31;31;27;28;28;29;29;28;28;28;25;22;20;18;15;14;13;13;13;13;14;13;13;13;14;13;0;13;0;0;0;0;0;0;0;0;0;0;0;0;0;0;0;0;0;0;0;0;0;0;0;0;0;0;0;13;0;0;13;0;0;13;0;13;0;0;0;0;0;0;0;0;0;0;0
0;0;0;0;0;0;0;13;0;0;0;0;0;0;0;13;0;13;13;0;0;13;13;13;13;0;0;0;13;13;14;15;17;17;18;19;19;19;19;20;20;22;25;29;31;33;33;35;38;37;38;39;41;43;45;45;45;44;42;42;39;37;38;36;35;35;35;36;39;40;41;43;47;50;54;59;62;65;68;69;70;71;73;72;73;70;67;65;62;58;57;54;51;48;45;46;45;44;43;43;44;43;43;41;40;41;42;43;42;41;41;41;41;42;44;43;43;44;44;45;47;49;51;55;58;59;61;61;60;62;63;64;66;68;69;69;68;68;70;72;72;70;71;71;70;69;67;62;57;50;45;41;36;35;34;33;31;31;30;30;30;29;30;28;27;27;25;22;19;17;15;13;13;0;13;13;14;13;0;13;0;13;13;13;13;0;0;0;0;0;13;13;0;0;0;0;0;0;0;0;0;0;0;0;0;0;0;0;0;0;0;0;0;0;0;0;0;0;0;0;0;0;0;0;0;0;0;0;0;0;0
0;0;0;0;0;0;0;0;0;0;0;0;0;0;0;0;0;0;0;0;13;13;13;13;13;0;13;0;13;13;13;14;16;17;18;19;18;20;20;20;19;23;26;28;31;33;34;34;37;37;38;39;40;41;45;45;45;42;41;40;40;39;37;36;34;33;34;36;37;39;42;43;48;51;56;59;64;67;68;69;72;74;74;74;73;70;69;66;62;60;56;52;50;49;48;46;46;45;46;45;45;44;42;41;42;41;42;42;40;42;42;42;42;43;45;45;44;45;46;46;48;49;51;55;58;61;62;63;62;63;65;65;66;67;68;68;67;68;70;72;74;72;73;72;71;69;67;60;55;48;44;41;37;35;33;33;33;31;31;31;30;30;30;27;26;26;24;22;19;18;16;14;13;13;13;13;13;0;13;14;13;13;13;0;13;13;0;0;0;13;0;0;0;0;0;0;0;0;0;0;0;0;0;0;0;0;0;0;0;0;0;0;0;0;0;0;0;0;0;0;0;0;0;0;0;0;0;0;0;0;0
0;0;0;0;0;0;0;0;0;13;0;0;0;0;0;0;13;0;0;0;0;13;13;0;0;0;0;0;0;13;13;14;16;17;18;19;19;20;19;20;22;23;26;29;32;33;34;35;38;39;39;39;40;43;44;45;44;44;40;39;39;38;37;37;34;34;35;37;38;39;41;42;45;49;55;60;65;67;69;69;71;74;75;74;73;71;70;66;64;61;56;53;51;48;47;47;47;46;47;47;45;44;43;43;42;44;41;42;42;43;44;43;44;45;46;44;45;46;46;47;48;50;52;55;59;61;61;63;65;65;65;66;67;68;68;67;69;69;69;73;73;71;72;71;70;69;67;61;55;48;42;40;38;35;32;32;31;30;30;31;33;32;31;29;28;25;25;22;18;17;15;15;13;13;13;14;0;0;13;14;14;13;13;13;13;0;0;0;0;13;0;0;0;0;0;0;0;0;0;0;0;0;0;0;0;0;0;0;0;0;0;0;0;0;0;0;0;0;0;0;13;0;0;0;0;0;0;0;0;0;0
0;0;0;0;0;0;0;0;0;0;0;0;0;0;0;13;0;0;13;13;0;0;13;0;0;0;0;0;0;13;13;14;16;17;18;19;19;20;19;20;21;23;26;28;30;33;34;35;38;40;39;38;39;41;43;47;46;45;42;40;41;40;39;38;36;35;33;35;37;39;42;43;47;49;54;59;63;66;67;70;71;73;75;76;72;70;68;64;63;60;58;54;52;48;47;47;47;48;48;47;44;44;43;41;42;44;43;42;42;43;43;42;42;44;44;45;46;47;47;48;49;50;52;54;59;60;60;61;64;64;63;65;66;67;68;67;70;71;70;74;73;73;73;73;73;73;68;62;54;48;43;41;38;34;32;32;31;31;30;30;32;30;30;28;27;27;25;22;19;16;14;14;13;13;14;13;0;13;14;13;13;0;0;13;13;0;0;0;0;0;13;0;0;0;0;0;0;0;0;0;0;0;0;0;0;0;0;0;0;0;0;0;0;0;0;0;0;0;0;0;13;0;0;0;0;0;0;0;0;0;0
0;0;0;0;0;0;0;13;13;0;0;0;0;0;0;0;0;0;0;0;0;13;13;0;0;0;0;0;0;13;13;15;17;17;18;19;19;20;20;20;21;22;25;29;31;32;34;37;39;39;39;39;40;42;45;46;45;44;41;40;39;39;40;38;36;36;35;35;39;42;43;44;47;51;53;58;63;66;67;69;69;71;71;72;71;70;66;64;61;58;55;53;50;49;49;48;47;48;47;46;45;43;43;44;44;44;43;43;42;41;42;43;44;45;46;48;47;47;48;49;49;50;54;54;56;59;59;60;62;62;63;66;66;68;69;69;71;72;73;77;76;77;79;74;73;72;68;62;56;49;44;39;35;33;33;32;32;31;30;30;30;30;30;27;28;28;25;22;18;16;15;14;14;13;13;13;13;13;14;13;0;0;13;13;0;0;0;0;13;13;13;0;0;0;0;0;0;0;0;0;0;0;0;0;0;0;0;0;0;0;0;0;0;0;0;0;0;0;0;0;0;0;0;0;0;0;0;0;0;0;0
0;0;0;0;0;0;0;0;0;13;0;0;0;0;0;0;0;0;0;13;0;13;13;0;0;13;0;0;13;14;14;14;16;17;17;18;19;20;20;20;21;23;26;28;30;32;34;36;39;39;39;39;41;44;46;46;46;43;40;40;40;41;40;38;37;36;34;37;39;42;44;45;48;52;54;59;65;67;67;69;69;70;70;70;71;71;65;62;61;57;53;52;49;48;46;48;47;47;46;45;44;41;43;44;43;44;43;43;43;42;43;43;44;46;47;46;48;49;50;49;50;51;52;54;56;58;60;60;62;61;61;65;68;68;69;70;73;74;75;77;78;79;76;73;74;71;67;62;55;48;41;36;34;32;33;32;32;31;29;30;30;31;29;28;27;28;25;21;17;16;15;14;14;13;14;0;13;0;14;13;0;0;0;13;0;0;0;0;0;0;0;0;0;0;0;0;0;0;0;0;0;0;0;0;0;0;0;0;0;0;0;0;13;0;0;0;0;0;0;0;0;0;0;0;0;0;0;0;0;0;0
13;0;0;0;0;0;0;0;0;0;0;0;0;0;0;0;0;13;0;0;13;14;13;13;0;0;0;0;13;14;14;15;17;16;17;17;18;19;20;20;22;24;25;28;30;33;34;37;40;38;39;41;42;44;45;46;46;44;43;41;41;41;40;39;38;35;35;38;40;40;43;45;49;51;54;59;63;67;69;70;70;70;69;70;70;68;65;62;59;55;53;51;48;47;46;47;47;47;46;45;44;43;44;42;44;45;45;43;43;43;43;43;44;47;47;48;51;51;51;50;51;53;53;55;54;57;59;60;61;61;61;63;68;69;70;72;74;74;76;77;77;77;76;74;76;71;67;62;54;47;41;36;33;32;32;33;31;29;29;30;30;32;30;29;29;27;24;20;16;15;14;14;13;13;13;13;13;13;13;14;13;0;0;13;13;13;0;0;13;0;0;0;13;13;0;0;0;0;0;0;0;0;0;0;0;0;0;0;0;0;0;0;0;0;0;0;13;0;0;0;0;0;0;0;0;0;0;0;0;13;0
14;0;0;0;0;0;0;0;0;0;0;0;0;0;0;0;0;0;13;0;13;14;13;13;13;0;0;0;13;14;14;15;15;16;17;18;18;18;20;20;22;24;26;28;30;32;34;37;38;40;40;41;41;43;45;47;46;44;44;42;41;40;41;39;38;36;35;37;38;41;43;44;47;51;54;59;65;68;70;69;71;71;71;70;68;66;63;60;58;53;51;50;48;48;46;47;46;46;45;45;44;43;44;44;44;45;45;45;43;41;41;42;44;47;48;49;49;50;49;50;51;51;52;54;54;57;55;58;59;63;64;66;68;70;72;73;75;74;75;78;76;77;77;77;75;72;67;61;53;45;40;36;34;33;31;31;30;29;29;29;30;31;30;29;27;25;22;20;17;15;15;13;13;13;0;13;13;14;13;13;0;13;13;0;0;0;0;0;0;0;0;13;13;13;13;0;0;0;0;0;0;0;0;0;0;0;0;13;0;0;0;0;0;13;0;0;0;0;0;0;0;0;0;0;0;0;0;13;0;0;0
13;0;0;0;0;0;13;0;0;0;0;0;0;0;0;0;13;0;13;13;0;13;13;14;13;0;0;0;13;13;13;14;15;16;17;18;19;17;19;20;20;23;25;27;30;32;34;38;38;40;39;41;42;46;47;47;47;45;44;43;42;42;41;39;37;37;36;36;39;41;43;44;47;50;54;59;65;67;69;69;70;69;68;67;67;66;62;60;55;53;51;49;48;48;48;49;48;47;45;45;44;42;42;44;44;46;44;45;44;42;42;43;44;46;46;46;47;48;48;48;50;51;50;52;53;54;56;58;60;61;66;68;69;68;70;73;73;75;77;77;75;77;78;77;75;72;67;59;51;47;40;36;33;32;30;30;29;27;29;30;32;31;30;27;27;24;22;18;16;15;13;13;13;0;13;13;14;13;0;13;13;13;13;0;0;0;0;13;0;0;13;0;0;0;0;0;0;0;0;0;0;0;0;0;0;0;0;0;0;0;0;0;0;0;0;13;0;0;0;0;0;0;0;0;0;0;0;13;0;0;0
0;0;0;0;0;0;0;0;0;0;0;0;0;0;0;13;0;0;0;0;0;13;13;13;13;0;0;0;13;13;13;14;16;17;16;18;18;18;19;20;21;24;25;27;29;32;34;36;37;40;39;41;42;45;46;47;47;44;43;43;42;42;41;41;39;38;37;37;39;41;44;45;47;49;53;59;64;67;67;67;67;67;65;65;65;64;61;59;56;53;50;48;47;46;45;48;46;46;46;46;44;43;43;44;43;45;44;43;43;42;41;43;44;45;45;47;48;48;48;49;50;50;51;50;52;55;56;58;60;61;63;65;67;69;72;71;73;75;75;76;78;78;77;75;70;70;64;57;51;46;41;37;32;31;31;30;29;28;29;30;31;31;29;27;26;24;21;19;17;15;13;13;13;13;14;13;13;13;13;0;0;0;0;0;0;0;0;0;0;0;13;13;0;0;0;0;0;0;0;0;0;0;0;0;0;0;0;0;0;0;0;0;0;0;0;0;0;0;0;13;0;0;0;13;0;0;0;0;0;0;0
0;13;0;0;0;13;0;0;0;0;0;0;0;0;0;13;0;0;0;13;13;13;13;13;13;13;0;0;0;13;14;15;16;17;17;17;17;17;18;19;21;23;24;27;29;32;35;36;38;40;39;40;41;44;45;46;46;43;42;41;41;42;40;41;40;40;36;37;39;42;45;46;47;50;53;57;61;65;67;68;66;66;65;64;63;62;60;59;56;53;48;46;45;45;44;46;47;46;45;44;43;43;43;43;43;44;43;42;42;41;41;41;42;43;46;47;46;47;47;48;49;48;52;53;54;57;57;58;58;61;63;64;66;69;70;70;73;73;74;75;76;77;77;76;71;71;64;59;52;45;41;36;33;31;30;29;28;27;28;29;31;31;29;28;27;23;21;19;16;15;14;13;13;13;13;13;13;14;13;13;13;0;0;0;0;0;0;0;0;13;13;13;0;0;0;0;0;0;0;0;0;0;13;0;0;0;0;0;0;0;0;0;0;0;13;0;0;0;0;0;0;0;0;0;13;0;0;0;0;0;0
0;0;0;0;0;0;0;0;0;0;0;0;0;0;0;0;0;0;13;13;0;0;13;14;13;13;0;0;0;0;14;15;16;16;17;17;18;18;19;20;22;23;25;27;29;32;35;36;39;40;40;41;41;42;45;45;44;44;41;41;41;41;40;39;41;39;37;37;39;42;46;48;47;50;54;57;61;63;68;68;67;68;65;63;62;61;59;56;54;52;47;44;42;43;43;44;45;45;45;44;42;40;43;43;42;44;43;42;41;42;41;42;41;43;45;46;47;46;45;48;48;48;51;54;55;55;56;56;58;60;62;64;71;68;69;71;73;73;75;76;75;74;72;74;70;68;62;58;52;45;40;35;32;30;30;29;28;28;29;28;29;29;28;29;26;23;19;18;16;15;13;13;13;13;13;13;14;13;0;0;13;13;0;0;0;0;13;0;0;13;0;13;0;13;0;0;0;0;0;0;0;0;13;0;0;0;0;0;0;0;0;13;0;0;13;13;0;0;0;0;0;0;0;0;0;0;0;13;0;0;0
0;0;0;13;0;0;13;0;0;13;0;0;0;13;0;0;0;0;13;13;0;0;13;14;13;13;0;0;0;13;13;14;15;16;17;17;17;19;19;19;21;23;25;27;28;31;34;37;38;39;39;41;42;44;44;43;42;41;41;41;41;40;41;40;39;37;37;38;40;42;44;45;46;49;52;54;59;63;65;67;67;65;65;64;64;61;60;56;54;50;46;45;41;41;43;42;44;44;44;44;43;40;41;42;41;41;42;41;43;42;40;42;43;45;45;46;45;46;45;47;48;49;51;54;54;54;56;55;56;59;63;63;66;68;69;70;70;70;73;74;74;73;71;71;70;66;61;56;50;44;39;33;31;30;31;29;28;27;28;28;28;28;28;27;25;23;20;17;17;14;14;15;0;13;14;14;13;13;13;13;13;0;0;0;0;0;0;0;0;13;13;13;0;0;0;0;0;0;0;0;0;0;0;0;0;0;0;0;0;0;0;0;0;0;0;0;0;0;0;0;0;0;0;0;0;0;0;0;0;13;0
0;0;0;0;0;0;0;0;13;0;0;0;0;0;0;0;0;0;0;13;0;13;13;13;13;0;0;0;13;13;14;15;15;15;16;18;18;18;19;20;21;23;24;26;28;30;32;35;37;38;40;42;42;44;44;43;41;41;41;41;39;39;39;38;37;37;36;37;39;40;42;44;45;48;51;53;56;61;64;64;66;65;64;62;62;60;59;56;53;50;47;44;40;39;41;42;43;44;43;42;41;40;40;39;40;41;41;43;42;41;42;42;43;43;43;45;45;45;45;45;47;49;50;52;53;54;55;56;56;59;62;66;66;68;68;68;69;71;71;72;72;71;70;69;67;65;60;55;49;43;37;33;31;31;31;28;27;26;26;27;28;28;27;26;25;21;19;17;16;14;14;0;0;0;13;13;13;13;0;13;13;0;0;0;0;0;0;13;0;0;0;0;0;0;0;0;0;0;0;0;0;0;0;0;0;0;0;13;0;0;0;0;0;0;0;0;0;13;0;0;0;0;0;0;0;0;0;0;13;0;0
0;0;0;0;0;0;0;0;13;0;0;0;0;0;0;0;0;0;0;0;0;13;13;13;14;0;0;0;13;13;13;14;15;15;15;16;17;18;19;20;21;24;25;26;28;31;32;34;37;38;40;42;43;43;42;44;42;41;41;39;38;39;37;37;36;36;35;37;39;39;42;44;46;48;50;52;56;59;61;62;63;62;61;60;60;60;57;55;52;49;45;42;40;40;38;40;42;44;42;41;41;40;39;39;38;40;40;40;41;41;42;42;43;43;42;41;42;43;47;45;45;47;49;51;52;54;54;55;56;60;61;62;64;64;64;66;66;70;71;70;71;70;69;70;67;64;61;53;47;42;37;35;33;32;30;27;27;26;27;27;28;28;28;29;23;20;18;19;17;15;0;0;0;0;14;13;13;13;13;13;0;0;0;0;0;0;0;13;13;0;0;0;0;13;0;0;0;0;0;0;0;0;0;0;0;0;0;0;0;0;0;0;0;0;13;0;0;0;0;0;0;0;0;0;0;0;0;13;0;0;0
0;0;0;0;13;0;0;0;0;0;0;0;0;0;0;0;0;0;0;0;13;13;13;13;13;0;13;0;0;13;13;15;16;16;16;16;17;18;19;20;20;22;24;27;28;29;31;35;36;36;37;41;42;42;44;44;42;41;40;40;40;37;37;37;36;37;37;38;38;39;40;41;45;47;48;50;53;56;60;60;60;59;59;58;57;56;55;52;52;48;44;43;40;40;38;38;39;40;41;41;40;39;39;38;38;37;38;39;40;40;41;41;41;41;41;40;40;41;43;43;44;46;49;50;52;53;55;56;58;56;60;61;61;61;62;64;69;71;72;73;72;69;69;68;65;61;58;51;46;44;39;36;32;30;29;27;26;25;26;27;27;27;25;24;22;22;21;19;16;13;13;0;13;13;14;13;13;13;0;13;0;0;0;0;0;0;0;13;13;0;13;0;0;0;0;0;0;0;0;0;0;0;0;0;0;0;13;13;0;0;0;0;13;13;0;0;0;0;0;0;0;0;0;0;0;0;0;0;0;0;0
0;0;0;0;13;13;0;0;0;0;13;0;0;0;0;0;0;0;0;13;0;0;0;0;0;0;13;13;0;13;13;15;15;16;16;16;17;17;18;20;21;23;24;27;28;28;30;34;36;36;37;39;40;43;43;45;43;41;39;39;38;38;39;37;37;38;38;38;38;40;40;41;43;46;47;49;50;54;57;59;59;57;55;54;56;55;55;52;49;46;44;42;39;38;38;37;38;39;40;40;39;37;37;37;37;37;38;37;38;38;39;39;39;40;38;38;39;39;41;43;44;46;49;50;51;52;53;53;55;55;57;59;61;61;62;63;68;69;72;71;68;68;67;66;65;60;55;49;48;43;38;34;31;29;28;28;27;26;25;25;25;25;24;23;23;21;20;17;15;13;13;13;14;13;13;0;13;13;13;13;13;13;13;0;0;0;13;13;0;0;13;0;13;0;0;0;0;0;0;0;0;0;0;0;0;0;0;0;0;0;0;0;0;13;0;0;0;13;0;0;0;0;0;0;0;0;0;0;0;0;0
0;0;0;0;0;13;0;0;0;0;0;0;0;0;0;0;0;0;13;0;0;0;0;0;0;0;13;13;13;14;13;14;15;16;16;17;17;18;19;17;20;23;24;27;28;30;31;33;34;36;37;39;40;41;41;43;42;41;40;38;38;37;36;36;36;36;37;38;38;40;40;41;44;44;47;50;50;53;55;53;57;55;53;55;54;53;53;52;49;47;43;41;37;37;37;36;37;36;37;39;40;37;36;36;36;37;36;38;37;38;38;39;39;37;37;36;37;39;39;42;45;45;47;47;49;52;52;51;51;54;55;58;61;60;62;63;68;72;72;70;67;66;66;63;61;59;55;51;46;41;36;33;31;29;29;27;25;25;25;25;24;25;24;24;23;22;20;17;15;14;13;13;0;0;0;13;13;13;13;13;0;0;0;0;0;0;0;0;0;0;0;0;0;0;0;0;0;0;0;0;0;0;0;0;0;0;0;0;13;0;0;0;0;0;0;0;0;13;13;0;0;0;0;0;0;0;0;0;0;0;0
0;0;0;0;0;0;0;0;13;0;0;0;13;0;0;0;0;0;0;0;0;0;0;0;13;0;13;0;13;13;13;15;16;16;17;17;17;18;18;18;21;22;24;25;28;30;31;34;33;35;37;39;40;41;42;41;41;42;40;38;37;36;35;35;35;35;37;38;37;38;38;41;42;44;47;48;49;51;53;53;54;54;53;54;53;52;51;50;49;45;41;41;36;36;34;34;35;35;35;36;37;37;36;36;35;36;36;38;37;38;39;40;38;37;37;36;35;38;39;42;43;43;45;46;48;51;50;50;52;53;54;56;59;61;63;64;67;70;69;68;66;64;63;62;61;59;55;50;45;40;36;32;30;30;29;27;26;24;25;25;25;26;25;25;23;21;19;17;15;13;13;0;0;14;13;14;13;13;13;0;0;0;0;0;0;0;0;0;0;0;0;0;0;13;0;0;0;0;0;0;0;0;0;0;0;0;0;0;0;0;13;0;0;0;0;0;0;0;0;0;0;0;0;0;0;0;0;0;0;0;0
0;0;0;0;0;0;0;0;0;0;0;0;0;0;0;0;0;0;0;13;0;0;0;0;13;0;0;13;13;13;15;14;15;15;16;16;17;17;18;19;19;21;25;27;30;29;30;30;32;34;36;37;39;40;41;41;43;42;40;38;36;36;35;35;34;34;36;36;37;38;39;40;42;44;45;48;49;50;51;52;52;52;51;52;51;50;49;48;47;44;41;39;38;36;35;34;33;33;34;35;35;37;38;36;36;36;37;38;38;38;38;39;38;36;36;35;36;37;38;39;40;42;43;45;46;48;49;49;50;51;53;54;56;59;61;62;66;68;66;65;62;61;61;61;62;58;55;49;45;39;35;31;29;29;28;27;25;24;25;24;25;25;25;24;22;19;18;17;15;13;13;0;0;13;13;14;13;13;14;13;0;0;0;0;0;0;0;0;0;0;0;0;0;0;0;0;0;0;0;0;0;0;0;0;0;0;0;0;0;0;0;0;0;0;0;0;13;0;0;0;0;0;0;0;0;0;0;0;0;0;0
13;0;0;0;0;0;0;0;0;0;0;0;13;0;0;0;0;0;13;0;0;13;0;0;0;0;0;13;13;14;15;15;16;16;15;16;16;17;17;18;19;22;25;26;28;28;31;31;32;34;35;37;40;39;39;41;42;42;41;38;36;35;35;34;34;35;34;35;35;36;36;38;40;43;44;46;48;49;50;50;49;50;50;48;48;48;49;47;46;44;41;39;37;34;35;34;34;34;35;37;35;37;38;37;36;37;37;36;36;36;36;37;36;36;35;34;35;36;37;37;39;41;42;44;44;46;47;47;50;51;52;53;55;57;60;60;64;67;64;64;62;62;63;63;62;57;54;47;44;40;35;33;30;28;27;25;25;24;24;24;25;25;24;23;21;20;19;17;15;13;0;13;13;13;13;0;14;13;13;13;13;0;0;0;0;0;0;0;0;0;0;0;0;0;0;0;0;0;0;0;0;0;0;0;0;0;0;0;0;0;0;0;0;0;0;0;0;0;0;0;0;0;0;0;0;0;0;0;0;0;0
0;0;0;0;0;0;0;0;13;0;0;13;0;0;0;0;0;0;0;0;0;0;0;0;13;0;0;0;13;13;14;14;16;16;16;16;16;17;17;19;20;21;23;26;28;30;31;32;33;34;34;37;37;38;38;39;40;41;40;39;36;36;35;34;34;33;34;35;35;34;35;37;38;42;45;46;48;48;49;50;49;48;49;48;48;48;48;46;44;42;39;40;37;36;34;32;32;33;33;36;35;36;37;37;37;37;35;35;35;34;35;34;34;34;33;32;34;35;36;35;38;40;41;44;44;46;44;45;48;48;50;52;53;56;59;62;65;67;66;67;63;62;61;60;59;55;52;47;44;39;35;32;29;28;25;24;26;25;25;24;24;24;23;24;23;21;19;16;14;13;13;13;13;13;0;0;14;13;13;13;0;0;0;0;0;0;0;0;0;13;0;0;0;0;0;0;0;0;0;0;0;0;0;0;0;0;0;13;0;0;0;13;0;0;0;0;0;0;13;0;0;0;0;0;0;0;0;0;0;0;0
0;0;0;0;0;0;0;0;0;0;0;0;0;0;0;0;0;0;0;0;0;0;0;0;0;0;0;0;13;14;15;14;15;14;16;16;17;16;17;18;19;22;24;26;28;30;32;31;32;33;35;36;37;39;39;38;39;39;39;38;36;36;35;34;32;33;34;34;35;34;35;36;38;42;44;47;48;47;49;49;48;50;49;48;48;46;45;42;42;40;37;37;37;36;34;32;30;32;33;33;33;33;35;36;36;36;34;34;33;33;34;33;32;33;32;31;31;33;35;36;36;38;41;42;43;44;42;43;44;45;47;50;52;55;57;61;66;66;65;64;64;61;60;59;57;53;51;48;44;39;34;30;28;27;26;26;25;23;24;24;24;25;24;23;22;20;18;16;15;13;13;13;13;0;13;13;13;14;14;0;0;0;0;0;0;0;13;0;13;13;0;0;0;0;0;0;0;0;0;0;0;0;0;0;0;0;0;0;0;0;0;0;0;0;0;0;0;0;0;0;0;0;0;0;0;0;0;0;0;0;0
0;0;0;0;0;0;0;0;0;0;0;0;0;0;0;13;13;0;0;0;0;13;13;0;0;0;0;0;13;14;14;15;15;16;17;16;17;16;17;18;19;21;24;26;28;29;30;31;32;33;34;35;35;36;36;37;38;39;38;36;36;34;34;33;33;33;34;34;33;34;35;36;36;40;42;44;49;48;48;49;48;48;49;47;46;44;43;40;40;38;36;35;35;34;32;30;28;30;31;33;32;33;34;35;36;36;35;34;33;33;32;33;31;31;30;30;31;32;32;34;35;37;38;39;40;41;41;41;42;44;47;49;50;53;59;60;64;63;62;61;61;61;60;60;58;56;51;46;41;37;32;29;29;27;25;25;24;23;24;23;24;26;25;24;22;20;17;15;14;14;13;0;0;0;13;14;13;13;0;0;0;0;0;0;0;13;13;0;0;0;0;0;0;0;0;0;0;0;0;0;0;0;0;0;0;0;0;0;0;0;0;0;0;13;0;0;0;0;0;0;0;0;0;0;0;0;0;0;0;0;0
0;0;0;0;0;0;0;13;0;0;0;13;0;0;0;0;0;0;0;13;13;0;13;0;13;0;0;0;0;13;14;15;15;16;17;17;17;16;17;18;19;20;23;24;27;29;31;32;32;32;34;34;34;35;35;35;37;38;38;36;36;33;33;32;32;32;31;33;32;33;34;35;36;38;40;43;45;49;48;50;47;47;47;46;46;45;41;39;38;37;35;34;35;34;33;31;31;29;29;31;31;32;33;35;36;36;34;34;34;32;33;32;30;30;29;28;29;30;31;33;35;36;36;38;39;39;40;41;42;44;47;48;48;51;55;57;61;61;59;57;59;59;58;57;59;55;49;46;41;36;32;30;30;28;26;24;24;24;24;24;26;25;25;24;21;19;17;15;14;14;13;13;13;0;13;14;13;0;13;13;14;0;0;0;0;13;13;13;0;0;0;0;0;0;13;0;0;0;0;0;0;0;0;0;0;0;0;13;0;0;0;0;0;0;0;0;0;0;0;0;0;13;0;0;0;0;0;0;0;0;0
0;0;0;0;0;0;13;13;0;0;0;0;0;0;0;0;0;0;0;13;0;0;0;0;0;0;13;13;13;13;14;15;15;15;16;16;17;16;17;17;19;20;22;24;28;29;31;32;32;33;34;34;34;34;35;34;35;38;37;36;35;33;33;33;32;31;32;33;32;32;32;31;34;36;39;41;44;47;49;49;47;46;46;45;45;43;41;38;37;36;35;34;33;34;33;32;30;29;29;29;30;31;34;34;35;34;33;33;32;32;32;31;29;29;28;28;28;29;30;31;32;34;34;37;39;40;41;41;42;43;45;46;50;49;53;56;56;57;56;57;58;58;58;57;57;52;48;44;40;34;31;29;28;26;26;24;23;24;24;25;26;25;24;23;21;19;17;15;13;13;13;0;13;0;0;13;13;14;14;13;0;13;0;0;0;0;13;0;0;0;13;13;0;0;0;0;0;0;0;0;0;0;0;0;0;0;0;0;0;0;0;0;0;0;0;0;0;0;0;0;0;0;0;0;0;0;0;0;0;0;0
0;0;13;0;0;0;13;0;0;0;0;0;0;0;0;0;0;0;0;13;0;0;13;0;0;0;0;13;13;13;14;15;15;16;16;16;16;17;17;17;18;20;22;24;27;29;32;33;33;34;34;34;34;33;32;33;34;35;36;36;35;34;32;31;31;31;31;32;32;32;32;32;34;35;37;39;43;46;47;46;47;46;44;43;41;40;40;36;35;34;34;33;34;34;33;32;30;29;28;28;30;32;34;34;35;34;33;32;31;30;30;28;28;28;28;27;28;29;29;30;32;34;35;37;39;41;41;42;42;43;44;44;46;48;51;53;55;54;55;56;56;56;55;54;53;51;48;44;40;35;32;30;28;26;25;23;23;22;25;25;25;25;24;23;21;20;17;15;14;13;13;0;13;0;0;14;13;13;13;13;13;13;13;0;0;14;0;0;0;0;0;0;0;0;0;13;0;13;0;0;0;0;0;0;0;0;0;0;0;0;0;0;0;0;0;0;0;0;0;0;0;0;0;0;0;0;0;13;0;0;0
0;0;0;0;0;0;0;0;0;0;0;0;0;0;0;0;0;0;13;13;0;0;0;0;0;13;13;13;13;13;14;15;15;16;16;15;16;17;17;16;18;20;21;23;25;28;32;33;33;34;34;34;33;33;32;33;34;34;34;33;33;32;30;33;32;31;31;31;31;30;32;32;33;34;36;38;42;44;45;46;46;45;43;41;39;38;37;35;34;33;33;31;32;31;32;32;28;27;28;28;30;30;32;33;33;33;32;31;29;28;27;25;26;26;26;26;27;26;28;29;30;34;35;38;41;41;41;41;41;42;41;41;45;48;48;51;54;54;53;55;54;54;52;52;50;48;47;43;38;34;31;28;27;25;23;22;24;24;25;24;24;25;24;23;22;19;17;14;14;0;13;0;13;13;0;13;13;13;13;13;13;0;0;0;0;0;0;13;13;13;13;13;0;0;0;0;0;13;0;0;0;0;0;0;0;13;13;0;0;0;0;13;13;0;0;0;0;0;0;0;0;0;0;0;13;0;0;0;0;0;0
0;0;0;0;0;0;0;0;0;0;0;0;0;0;0;0;0;13;13;13;13;0;0;0;0;0;0;0;0;13;14;14;15;15;16;16;16;17;16;15;18;20;21;23;25;28;29;31;32;34;33;32;32;33;32;32;32;34;35;33;32;31;30;31;31;31;31;31;30;29;31;31;32;34;37;37;40;42;43;45;44;45;42;40;40;38;36;34;32;31;30;29;30;29;29;30;29;28;28;28;28;29;30;31;32;33;31;31;30;28;26;26;27;25;25;26;27;26;27;30;30;33;36;36;38;39;39;38;39;38;40;41;44;46;47;51;51;54;53;51;52;52;51;52;49;47;45;41;37;33;28;26;26;25;24;23;22;25;25;25;25;26;25;23;21;19;17;14;14;13;0;13;13;13;13;13;13;13;13;13;0;0;0;0;0;0;0;0;0;13;0;13;0;0;0;0;0;0;0;0;0;0;0;0;0;0;0;0;0;0;0;0;0;0;0;0;0;0;0;0;0;0;0;0;0;13;0;0;0;0;0
0;0;0;0;0;0;0;0;0;0;0;0;0;13;0;0;0;0;13;0;13;13;13;13;0;0;0;0;0;13;13;13;14;14;16;17;17;16;17;17;18;19;20;23;25;28;29;31;32;33;33;33;32;32;31;31;31;33;32;31;31;29;29;29;28;28;29;30;30;29;30;31;32;33;36;36;39;41;42;43;43;43;42;40;39;36;34;31;30;30;28;30;28;29;29;29;28;27;27;26;26;27;29;29;31;31;30;31;30;28;26;26;25;24;24;25;27;26;27;28;30;33;35;35;37;37;38;38;40;40;40;42;43;45;44;48;50;52;50;52;51;51;49;49;49;46;43;39;35;30;27;26;25;25;25;24;24;24;25;25;25;25;24;22;20;19;16;14;13;13;0;0;13;0;0;13;13;13;13;0;0;0;0;0;0;0;13;13;0;0;0;0;0;0;0;0;0;0;0;0;0;0;0;0;0;0;0;0;0;13;0;0;13;0;0;0;0;0;0;0;0;0;0;0;0;0;0;0;0;0;0
0;0;0;0;0;0;0;0;13;0;0;13;0;0;0;0;0;0;13;0;0;14;0;0;0;13;0;0;0;13;13;13;13;15;16;17;16;17;16;16;18;19;20;22;23;27;27;29;31;32;32;32;32;32;31;31;31;30;30;31;29;27;27;27;27;28;30;30;30;30;30;30;31;33;35;35;38;40;41;44;43;43;42;39;38;35;33;31;29;28;27;27;27;28;28;27;26;27;27;26;27;27;28;30;31;31;31;28;29;28;26;26;25;25;23;25;26;27;27;28;30;32;34;35;36;38;39;39;39;40;40;41;43;44;44;46;48;49;50;50;49;49;49;49;47;48;43;39;35;31;29;28;27;25;24;23;23;23;25;25;24;25;23;21;20;17;17;15;14;13;0;0;13;13;13;13;14;14;13;0;0;13;13;0;0;0;0;13;0;13;0;0;13;0;0;0;0;0;0;0;0;0;0;0;0;0;0;0;0;0;0;0;0;0;0;0;0;0;0;0;0;13;0;0;0;0;0;0;0;0;0
0;0;0;0;0;0;0;0;0;0;0;13;0;0;0;0;0;0;0;0;0;13;13;0;0;0;0;0;0;13;13;14;15;15;15;17;16;16;16;17;19;19;20;21;22;24;26;28;29;31;31;31;31;31;30;30;28;28;28;28;28;26;26;26;27;28;28;29;29;29;30;30;31;31;33;34;36;38;39;41;41;41;41;38;36;34;31;29;28;28;27;26;27;27;27;26;26;25;27;25;26;25;26;28;29;31;31;30;28;28;26;25;23;24;24;25;24;25;26;27;30;31;34;35;36;38;38;38;39;40;40;41;42;42;45;46;47;47;49;49;48;47;47;48;47;46;41;39;34;31;28;27;26;23;22;22;23;24;25;25;25;23;22;20;20;18;17;16;14;13;0;13;13;0;13;13;0;13;0;0;0;0;0;0;0;0;0;0;0;0;0;0;0;0;0;0;0;0;0;0;0;0;0;0;0;0;0;0;0;0;0;0;0;0;0;0;0;13;0;0;0;0;0;0;0;0;0;0;0;0;0
0;0;0;0;0;13;13;13;0;0;0;0;0;0;0;0;0;0;0;0;0;13;13;0;0;0;0;0;0;13;13;13;14;14;15;16;16;15;16;17;17;19;20;22;23;24;25;28;28;29;29;31;31;31;29;29;28;26;28;26;25;25;24;25;25;27;27;27;27;28;27;28;30;31;33;34;35;36;36;38;38;39;40;38;35;33;31;29;26;26;25;24;25;25;26;24;25;25;25;24;25;24;26;26;27;28;30;29;27;27;25;25;24;24;24;23;25;25;27;28;31;32;34;35;35;36;36;36;37;38;38;39;39;41;43;43;44;46;48;48;48;46;46;46;46;44;41;38;33;30;27;25;25;24;23;23;23;24;24;23;23;23;22;21;20;18;16;14;13;13;13;13;0;0;13;13;0;0;0;13;0;0;0;0;0;0;0;13;0;0;0;0;0;0;0;0;0;0;0;0;0;0;13;0;0;0;0;0;0;0;0;0;0;0;0;0;0;0;0;0;0;0;0;0;0;0;0;0;0;0;0
0;0;0;0;0;0;0;0;0;0;0;0;0;13;0;0;0;0;0;0;0;13;13;0;0;13;0;0;0;13;13;13;14;14;15;16;16;16;15;17;17;18;19;20;22;23;25;26;28;28;28;30;29;31;30;29;28;27;26;26;25;23;23;23;24;25;26;26;27;28;27;27;29;31;32;33;33;34;35;36;37;37;38;36;33;31;29;28;25;24;24;24;23;24;25;24;25;25;25;24;24;24;24;25;27;27;28;27;26;26;25;26;24;23;22;23;25;24;27;28;29;31;33;34;35;36;36;36;38;37;37;40;39;41;43;44;45;47;45;46;46;45;45;46;45;42;40;37;32;30;27;25;24;23;23;22;23;23;22;23;23;23;23;21;19;17;15;14;15;0;13;13;0;0;13;13;0;0;0;0;0;0;0;0;0;0;0;0;0;0;0;0;0;0;0;0;0;0;0;0;0;0;0;0;0;0;0;0;0;0;0;0;0;0;0;0;0;0;0;0;0;0;0;0;0;0;0;0;0;0;0
0;0;0;0;0;0;0;0;13;0;0;0;0;0;0;0;0;0;0;0;0;13;0;0;0;0;0;0;0;13;13;13;13;13;14;15;15;15;15;16;17;18;19;19;21;21;24;25;26;27;28;30;30;29;30;29;28;27;26;24;24;22;22;22;23;24;24;24;25;26;27;27;28;31;33;34;34;35;35;35;35;35;37;35;33;31;29;26;23;22;22;23;22;23;24;23;23;23;23;23;23;23;23;24;26;27;27;27;26;27;27;26;24;22;22;23;25;26;26;27;29;29;31;33;33;32;34;35;37;36;36;37;37;38;41;43;43;44;44;44;45;45;45;46;45;42;40;35;31;27;25;25;25;23;23;22;22;22;22;22;23;23;22;20;18;17;14;13;13;0;0;0;0;0;13;13;13;0;0;0;0;0;0;0;0;0;0;0;0;0;0;0;0;0;0;0;0;0;0;0;0;13;0;0;0;0;0;0;0;0;0;0;0;0;0;0;0;0;0;0;0;0;13;0;0;0;0;0;0;0;0
0;0;0;0;0;0;0;0;0;0;0;0;0;0;0;0;0;0;0;13;0;0;0;0;0;0;0;0;0;13;13;13;13;14;14;14;15;17;16;15;17;18;19;20;21;21;22;23;24;25;27;27;27;27;30;29;28;26;25;23;22;22;21;22;21;21;23;23;24;24;26;28;29;32;34;33;34;34;34;33;33;34;34;33;33;30;27;24;23;22;22;23;23;23;23;22;24;24;23;22;22;23;24;25;26;27;27;27;28;28;27;26;25;24;23;22;25;25;25;26;28;28;29;29;31;32;35;36;36;36;36;36;36;37;40;42;41;42;43;44;45;46;46;47;45;41;37;34;31;28;25;25;25;23;23;22;23;22;22;21;21;22;21;19;18;17;16;14;13;13;0;0;0;13;13;13;13;0;0;13;0;0;0;0;0;0;0;13;0;0;0;0;0;13;0;0;0;0;13;0;0;0;0;0;0;0;0;0;0;0;0;0;0;0;0;0;0;0;0;0;0;0;0;0;0;0;0;0;0;0;0
0;0;0;0;0;0;0;0;0;0;0;0;0;13;0;0;0;0;0;0;13;0;0;0;0;0;0;0;0;13;14;14;13;13;14;14;15;16;16;16;17;17;18;19;19;20;21;22;23;24;25;25;25;25;27;27;27;25;25;23;21;21;20;21;20;22;23;22;23;22;24;25;29;32;33;33;34;34;33;32;31;31;32;32;30;30;27;25;23;23;23;22;23;23;23;23;22;22;22;22;22;23;23;24;25;25;25;26;27;27;26;24;24;24;23;22;23;23;25;25;26;28;28;28;31;32;34;35;34;34;36;35;35;36;39;40;41;42;42;44;46;45;45;45;44;40;36;32;31;29;27;25;23;23;22;21;22;21;21;21;22;21;20;19;18;16;15;14;0;13;13;13;0;13;13;13;0;0;0;13;0;0;0;0;0;0;0;0;0;0;0;0;0;0;0;0;0;0;0;0;0;0;0;0;0;13;0;0;0;0;0;0;0;0;0;0;0;0;0;0;0;0;0;0;0;0;0;0;0;0;0
0;0;0;0;0;0;0;0;0;0;0;0;0;0;0;0;0;0;0;0;0;0;0;0;0;0;0;0;0;0;13;13;13;13;13;14;14;15;15;17;17;17;18;19;20;19;20;21;22;23;24;24;26;23;25;26;24;25;25;23;21;21;20;19;20;21;21;21;21;21;23;24;27;29;31;32;33;32;31;31;30;29;31;31;29;28;26;24;23;22;21;21;21;20;21;22;22;21;22;23;21;23;22;22;22;23;24;26;25;24;24;23;23;23;22;22;23;21;24;24;26;28;28;28;29;31;32;32;32;32;34;33;34;34;38;39;41;41;44;45;46;46;46;45;43;40;36;32;29;28;27;25;24;23;22;22;22;21;21;20;21;20;19;19;17;16;14;13;13;0;13;0;0;13;13;0;0;0;0;0;13;0;0;0;0;13;0;0;0;0;0;0;0;0;0;0;0;0;0;0;0;0;0;0;0;0;0;0;0;0;0;0;0;0;0;0;0;0;0;0;0;0;0;0;0;0;0;0;0;0;0
0;0;0;0;0;0;0;0;0;0;0;0;0;0;0;0;0;0;0;0;0;0;0;0;0;0;0;0;0;13;0;13;13;0;13;13;14;14;14;16;17;17;18;19;20;19;20;20;21;22;23;23;23;22;24;23;24;25;24;22;21;20;20;19;19;20;21;21;20;22;22;23;25;27;29;32;32;30;29;29;28;27;28;28;28;26;25;23;23;21;20;20;20;20;21;21;21;20;20;20;20;21;22;21;22;22;23;24;24;24;23;23;21;22;22;23;23;22;24;24;24;26;27;28;29;30;30;31;30;30;30;31;32;34;36;37;40;40;42;45;44;44;44;44;42;38;34;31;30;27;26;24;22;22;21;20;21;21;21;21;20;19;19;19;17;15;15;14;13;13;0;0;0;0;13;13;0;0;0;0;0;13;0;0;13;13;0;0;0;0;0;0;0;0;0;0;0;0;0;0;0;0;13;0;0;0;0;0;0;0;0;0;0;0;0;0;0;0;0;0;0;0;0;0;0;0;0;0;0;0;0
0;0;0;0;0;0;0;0;0;13;0;0;0;0;0;0;0;0;0;0;0;0;0;0;0;0;0;13;13;13;13;0;13;14;13;13;13;14;14;15;15;16;17;18;19;19;19;18;20;20;22;22;23;23;23;22;22;24;22;22;21;19;19;18;18;19;19;19;19;20;20;21;24;26;29;31;31;30;29;27;27;27;27;26;26;26;24;23;20;20;19;18;20;20;20;19;20;20;19;19;19;20;20;20;21;21;22;23;22;22;22;23;23;21;21;21;21;21;24;25;24;25;26;26;28;29;28;30;30;29;29;30;32;34;34;35;37;39;40;42;43;42;42;40;39;36;33;31;30;26;24;24;22;22;21;19;19;20;20;20;20;20;19;18;17;15;13;13;0;13;13;0;0;13;13;13;0;0;0;0;0;0;0;0;0;0;0;0;0;0;0;0;0;0;0;0;0;0;0;0;0;0;13;0;0;0;0;0;0;0;0;0;13;0;0;0;0;0;0;0;0;0;0;0;0;0;0;13;0;0;0
0;0;0;0;0;0;0;0;0;0;0;0;0;0;0;0;0;0;0;0;0;0;0;0;0;13;0;0;0;0;0;0;13;13;13;13;13;13;14;14;15;16;16;18;19;19;19;19;20;19;21;21;23;22;22;22;21;22;21;21;21;19;19;18;18;18;18;19;19;20;20;22;24;26;28;29;30;27;27;25;26;25;25;26;25;25;23;23;21;20;19;19;19;18;18;18;19;20;19;19;18;20;20;19;20;20;21;21;22;22;22;23;23;21;21;21;21;21;22;23;23;23;25;25;26;28;28;27;30;29;29;30;29;30;32;34;36;38;39;40;40;40;41;39;38;35;32;30;27;26;24;22;22;21;20;21;19;19;20;20;20;21;19;17;17;16;14;13;13;0;13;13;0;13;13;14;13;0;0;0;0;0;0;0;0;0;0;0;0;0;0;0;0;0;0;0;0;0;0;0;0;0;0;0;0;0;0;0;0;0;0;0;0;0;0;0;0;0;0;0;0;0;0;0;0;0;0;0;0;0;0
0;0;0;0;0;0;0;0;0;0;0;0;0;0;13;13;0;0;0;0;0;0;0;0;0;13;0;0;13;0;0;0;0;13;13;13;13;13;14;16;16;16;17;18;19;19;18;19;19;18;19;20;20;22;21;22;21;21;20;20;20;19;20;18;18;18;19;18;18;19;20;21;23;24;27;27;27;27;27;25;25;24;25;24;24;24;23;22;21;20;20;18;18;17;17;18;18;19;18;19;19;19;19;18;19;19;20;20;21;23;22;22;22;21;21;20;20;21;21;21;22;23;25;25;26;26;27;28;28;28;29;29;29;30;31;34;36;36;37;38;38;38;39;37;35;33;31;29;28;26;23;22;21;20;20;20;19;18;19;20;19;19;17;16;17;16;14;0;0;0;13;13;0;0;13;0;0;13;0;0;0;0;0;13;13;0;13;13;0;0;0;0;0;0;13;0;0;0;0;0;0;0;0;0;0;0;0;0;0;0;0;0;0;0;0;0;0;0;0;0;0;13;0;0;0;13;0;0;0;0;0
13;0;0;0;0;0;0;0;13;0;13;0;0;0;0;0;0;0;0;0;0;0;0;13;0;0;0;0;13;13;13;13;13;13;13;13;0;13;14;14;16;15;17;18;18;18;18;19;18;18;18;19;19;19;20;21;21;21;20;19;19;18;18;17;17;18;18;18;18;19;20;20;21;23;26;27;26;26;26;24;23;22;21;21;22;24;22;21;21;20;19;18;17;17;17;16;17;17;17;18;18;17;17;18;18;20;18;19;19;20;21;21;21;21;21;21;22;21;21;21;22;23;25;25;25;25;27;27;27;27;28;29;30;29;31;33;34;35;36;37;37;37;37;36;33;31;29;28;27;24;23;21;20;19;20;20;18;18;19;20;18;18;17;17;15;15;14;13;13;13;0;13;0;0;13;0;0;13;0;0;0;0;0;0;0;13;13;13;0;0;0;0;0;0;0;0;0;0;0;0;0;0;0;0;0;0;0;0;0;0;0;0;0;0;0;0;0;0;0;0;0;0;0;0;0;0;0;0;0;0;0
0;0;0;0;0;0;0;0;0;0;0;0;0;0;0;0;0;0;0;0;0;0;0;0;0;0;13;0;13;0;0;0;13;13;0;13;0;13;13;13;14;14;16;17;18;17;18;17;17;17;17;18;19;19;19;19;20;20;19;18;19;17;17;17;17;17;17;17;17;18;19;19;20;22;23;25;25;26;24;24;23;22;20;21;21;21;21;20;20;20;18;17;17;17;17;16;17;16;17;16;18;18;18;17;18;18;17;18;19;20;20;21;21;21;22;21;21;20;23;22;22;24;25;25;27;26;26;26;26;27;27;27;29;29;31;32;32;34;35;34;34;34;34;33;31;31;27;26;26;24;22;19;19;19;20;18;18;18;18;19;18;17;18;17;16;15;13;13;13;13;0;0;0;0;13;13;0;0;0;0;0;0;0;0;0;14;13;13;0;0;0;0;0;0;0;0;0;0;0;0;0;0;0;0;0;0;0;0;0;0;0;0;0;0;0;0;0;13;0;0;0;0;0;0;0;0;13;0;0;0;0
0;0;0;0;0;0;0;0;0;0;0;0;0;0;0;13;0;0;0;0;0;0;0;0;0;0;0;0;0;13;13;13;13;13;13;13;13;13;13;14;15;15;17;17;17;18;17;17;17;17;17;17;17;19;18;18;19;18;18;19;18;17;17;18;17;17;18;18;18;19;18;19;20;21;22;24;24;25;24;24;22;21;20;21;20;20;20;19;19;19;18;17;16;15;15;15;15;15;16;16;17;17;18;18;18;17;18;17;18;19;19;21;21;22;22;22;22;23;23;22;23;24;24;24;24;24;24;25;25;26;28;28;29;29;29;30;30;31;33;33;34;33;32;31;31;28;26;26;24;22;20;19;18;18;18;17;18;18;18;18;19;19;18;16;15;14;14;13;13;13;0;0;0;0;13;0;0;0;0;0;0;0;0;0;0;0;0;13;0;0;0;0;0;0;0;0;0;0;0;0;0;0;0;0;0;0;0;0;0;0;0;0;0;0;0;0;0;0;0;0;0;0;0;0;0;0;0;0;0;0;0
0;0;0;0;0;0;0;0;0;13;0;0;0;0;0;0;0;0;0;0;0;0;0;0;13;0;0;0;0;13;13;13;0;13;0;13;14;13;13;13;15;15;15;16;17;17;17;17;17;17;16;18;17;18;17;18;18;18;18;18;17;17;16;17;17;16;17;18;18;18;17;18;21;22;23;24;24;25;24;24;23;22;20;20;19;18;19;18;19;18;18;16;17;16;15;15;15;15;15;16;17;17;18;18;17;17;18;18;17;18;19;19;21;21;21;23;22;23;22;22;23;22;22;23;23;23;25;25;25;26;27;27;29;29;28;28;30;30;31;32;32;32;32;32;30;27;27;24;22;21;19;19;19;17;18;18;16;17;18;18;18;18;17;16;14;14;13;13;13;0;0;0;0;13;0;0;0;0;0;0;13;0;0;0;0;0;0;0;0;0;0;0;0;0;0;0;0;0;0;0;0;0;0;0;0;0;0;0;0;0;0;0;0;0;0;0;0;0;13;0;0;0;0;0;0;0;0;0;0;0;0
0;0;0;0;0;0;0;0;0;0;0;0;0;0;0;0;0;0;0;0;0;0;0;0;0;0;0;0;13;13;0;13;13;13;13;13;13;0;13;13;0;15;15;15;17;17;18;18;16;17;17;18;17;16;17;17;17;16;17;17;16;17;16;16;16;16;16;16;18;18;18;20;20;21;22;24;24;24;24;23;22;21;19;18;18;18;18;18;19;18;18;18;18;17;17;16;16;15;15;15;17;17;17;18;16;17;18;19;19;19;19;19;20;21;21;22;21;22;22;22;22;21;21;23;23;23;24;25;26;26;27;27;28;27;29;29;30;30;30;31;31;30;31;29;29;25;24;23;22;20;19;19;19;18;17;17;17;17;17;18;18;18;16;15;14;14;13;13;0;0;0;0;13;13;0;0;0;0;0;0;0;0;0;0;0;0;0;0;0;0;0;0;0;0;0;0;0;0;0;0;0;0;0;0;0;0;0;0;0;0;0;0;0;13;0;0;0;0;0;0;0;0;0;13;0;0;0;0;0;0;0
0;0;0;0;0;0;0;0;0;0;0;0;0;0;0;0;0;0;0;0;0;0;13;0;0;0;0;0;0;13;13;13;13;13;13;13;13;0;13;14;14;14;14;16;16;16;17;17;17;17;17;17;17;15;16;16;18;16;16;17;16;17;17;15;16;17;16;16;17;17;17;19;20;21;21;23;24;24;23;23;22;20;18;19;18;18;18;17;18;18;18;17;17;17;16;16;16;15;15;16;16;17;17;17;17;17;17;17;18;18;17;18;19;20;21;21;21;19;21;22;22;22;22;22;22;23;24;25;26;26;26;25;28;28;28;28;29;30;29;30;30;29;29;27;27;24;23;22;20;20;19;18;18;17;17;17;17;17;19;19;18;16;16;15;14;15;13;13;0;13;13;13;0;0;0;13;0;0;0;13;0;0;0;13;0;0;0;0;0;0;0;0;13;0;0;0;0;0;0;0;0;0;0;0;0;0;0;0;0;0;0;0;0;0;0;0;0;0;0;0;0;0;0;0;0;0;0;0;0;0;0
0;0;0;0;0;0;0;0;0;0;0;0;0;0;0;0;0;0;0;0;0;0;0;0;0;0;0;0;0;13;13;13;13;0;13;13;13;13;13;13;13;14;14;15;16;16;17;17;18;17;16;16;16;16;16;16;17;16;16;16;17;17;16;16;16;15;16;15;16;18;17;18;18;19;20;21;22;23;22;22;21;20;18;18;16;16;17;16;16;17;16;15;17;17;17;16;15;15;15;16;16;17;17;17;17;17;17;17;17;18;18;18;19;20;20;21;20;20;20;21;22;22;21;23;22;23;25;24;25;26;25;26;27;27;27;28;28;28;28;29;28;28;27;25;25;24;23;22;20;19;17;17;17;18;17;17;17;18;19;18;18;17;16;15;14;14;0;0;0;13;13;13;0;0;13;13;0;0;0;13;0;0;0;13;0;0;0;0;0;0;0;0;0;0;0;0;0;0;0;0;0;0;0;0;0;0;0;0;13;0;0;0;0;0;0;0;0;0;0;0;0;0;0;0;13;0;0;0;0;0;0
0;0;0;0;0;0;0;0;0;0;0;0;0;13;0;0;0;0;0;13;13;13;0;0;0;0;0;0;0;0;0;13;13;13;13;13;13;13;13;13;13;14;14;14;16;16;16;18;18;17;16;17;16;15;15;15;16;16;16;16;16;16;16;16;16;16;16;16;17;17;17;17;18;19;20;20;21;22;23;22;21;19;18;17;16;17;16;16;15;16;16;16;17;15;15;15;14;14;14;14;15;16;18;17;17;17;16;17;17;17;18;18;19;19;19;19;20;20;20;20;21;22;22;21;21;23;22;23;25;25;24;25;26;27;26;27;26;27;28;29;27;27;26;25;24;23;23;22;19;18;18;18;17;17;17;16;17;18;18;18;17;17;16;15;13;13;0;13;0;13;13;13;0;0;13;13;0;13;0;0;0;0;0;0;0;13;0;0;0;0;0;0;0;0;0;0;0;0;0;0;0;0;0;0;0;0;0;0;0;0;0;0;13;0;0;0;0;0;0;0;0;0;0;0;0;0;0;0;0;0;0
0;0;0;0;0;0;0;0;0;0;0;0;0;0;0;0;0;0;0;0;0;13;0;0;0;0;0;0;0;0;13;13;13;13;0;13;13;13;13;13;13;14;13;14;14;16;16;17;16;16;16;16;16;15;15;16;16;16;16;16;16;17;16;16;16;16;15;16;16;17;18;17;18;19;19;20;19;21;21;21;21;20;19;17;16;16;15;16;15;16;15;15;15;14;14;15;14;15;14;14;14;16;16;15;16;16;16;18;16;16;16;18;18;18;19;18;19;19;20;20;20;21;21;21;20;22;23;24;23;24;23;25;24;25;27;25;25;25;26;27;26;26;25;24;24;22;22;21;19;17;17;18;17;16;16;16;16;17;17;17;17;17;15;14;13;13;0;0;0;0;0;0;0;0;0;0;0;0;0;0;0;0;0;0;0;0;0;0;0;13;0;0;0;0;0;0;0;0;0;0;0;0;0;0;0;0;0;0;0;0;0;0;0;0;0;0;0;0;0;0;0;0;0;0;0;0;0;0;0;0;0
0;0;0;0;0;0;0;0;0;0;0;0;0;0;0;0;0;0;13;0;0;0;0;0;13;0;0;0;0;0;13;13;0;0;0;0;0;0;13;14;13;14;13;14;14;14;16;17;16;17;16;16;16;14;14;16;16;16;15;15;16;17;16;16;15;16;16;16;16;16;17;17;17;17;18;19;20;20;20;19;20;19;18;16;16;16;16;15;14;14;14;14;14;14;15;15;14;16;15;14;15;15;16;15;16;16;16;16;15;16;16;16;17;17;17;18;18;18;19;20;20;20;21;21;21;21;22;23;23;23;23;24;23;23;24;26;25;25;26;25;25;26;25;23;22;22;21;20;19;17;16;16;16;15;15;15;16;16;16;16;17;16;15;14;14;13;13;0;0;0;0;0;0;0;0;0;0;0;0;0;0;0;0;0;0;0;0;0;0;0;0;0;0;0;13;0;0;0;0;0;0;0;0;0;0;0;0;0;0;0;0;0;0;0;0;0;0;13;0;0;0;0;0;0;0;0;0;0;0;0;0
0;0;0;0;13;0;0;0;13;0;0;0;0;0;0;0;0;0;0;13;0;0;0;0;0;0;0;0;0;0;0;0;0;13;13;0;0;0;13;13;0;14;14;14;14;14;15;17;16;17;16;15;15;15;14;15;16;16;14;15;16;15;16;15;14;15;15;15;15;16;16;15;17;17;17;17;18;19;19;19;19;17;18;17;16;16;16;15;15;14;14;13;13;14;14;14;14;15;14;14;14;15;16;15;15;15;16;16;15;15;16;16;15;16;17;16;17;18;18;18;19;20;20;21;21;21;21;22;22;22;23;23;24;24;24;24;24;25;26;25;25;25;23;23;22;22;20;19;17;15;16;15;15;16;16;15;15;16;16;17;16;15;14;14;13;0;0;13;0;0;0;13;13;13;0;0;0;0;0;0;0;0;0;0;0;0;0;0;0;0;0;13;13;0;0;0;0;0;0;0;0;0;0;0;0;0;0;0;0;0;0;0;0;0;0;0;0;0;0;0;0;0;0;0;0;0;0;0;0;0;0
13;0;0;0;0;0;0;0;0;0;0;0;13;0;0;0;0;0;0;0;13;0;0;0;0;0;0;0;0;0;0;0;0;0;0;0;0;0;0;13;13;13;13;13;14;14;14;14;16;17;16;15;15;15;14;15;15;15;14;15;15;15;15;16;16;15;15;15;15;16;16;16;16;16;17;17;17;17;18;18;18;17;17;16;16;15;15;15;15;15;13;13;14;13;13;14;13;14;14;14;13;14;14;13;15;14;15;15;15;14;15;15;15;15;16;17;18;19;18;18;19;19;20;20;21;20;20;20;20;21;21;21;22;22;23;23;24;24;25;24;24;23;23;22;21;21;20;18;16;16;15;16;15;16;15;14;15;16;15;16;15;15;14;13;13;13;0;0;13;0;0;0;13;0;0;0;0;0;0;0;0;0;0;0;0;0;0;0;0;0;0;0;0;0;0;13;0;0;0;0;0;0;13;13;0;0;0;0;0;0;0;0;0;0;0;0;0;0;0;0;0;0;0;0;0;0;0;0;0;0;0
0;0;0;0;0;0;0;0;0;0;0;0;0;0;0;0;0;0;0;0;13;0;0;0;0;0;0;0;0;0;0;0;13;0;0;0;13;0;0;13;13;13;0;14;14;13;14;15;16;15;15;15;16;15;15;15;15;14;14;15;14;14;14;15;15;15;16;15;16;16;16;16;16;17;16;16;18;16;17;18;17;17;17;17;16;15;15;14;14;14;14;13;14;14;13;13;13;13;14;14;0;13;14;14;14;14;15;15;15;15;15;15;15;15;15;16;17;17;17;18;20;19;19;19;19;20;20;19;19;19;20;21;21;22;24;23;23;23;24;24;23;21;22;21;21;21;19;17;15;15;15;16;15;16;15;14;14;15;15;16;16;15;13;13;13;0;13;0;13;0;0;0;0;13;13;0;0;0;0;0;0;0;0;0;0;0;0;0;0;0;0;0;0;0;0;0;0;0;0;0;0;0;0;0;0;0;0;0;0;0;0;0;0;0;0;0;0;0;0;0;0;0;0;0;0;0;0;0;0;0;0
0;0;0;0;0;0;0;0;0;0;0;0;0;0;0;0;0;0;0;0;0;0;0;0;0;0;0;0;0;0;0;0;0;13;0;13;13;0;0;0;0;14;14;14;13;0;14;14;15;16;15;14;15;15;15;13;14;13;13;14;14;13;14;14;14;14;14;14;14;14;16;15;15;16;16;15;16;16;17;16;17;17;17;16;15;13;14;14;14;15;14;13;14;13;13;13;13;13;14;14;13;14;14;14;14;13;14;14;14;13;14;14;14;15;15;17;16;16;17;18;18;18;19;19;19;19;19;19;19;19;20;20;21;22;22;23;22;23;23;22;23;21;21;20;20;19;17;16;15;15;15;15;15;15;15;14;15;16;16;16;16;15;14;13;13;0;0;0;0;0;0;0;0;13;0;0;0;0;0;0;0;0;0;0;13;0;0;0;0;0;0;0;0;0;0;0;0;0;0;0;0;0;0;0;0;0;0;0;0;0;0;0;0;0;0;0;0;0;13;0;0;0;0;0;0;0;0;0;0;0;0
0;0;0;0;0;0;0;0;0;0;0;0;0;0;0;0;0;0;0;0;0;0;0;0;0;0;0;0;0;0;0;0;0;13;0;13;13;0;0;0;13;0;13;14;14;13;13;15;14;14;14;15;14;14;14;14;14;13;13;14;13;13;13;14;13;14;14;13;14;14;16;15;14;15;16;16;16;16;16;15;16;16;16;15;14;15;14;13;0;13;13;13;0;13;14;13;13;13;15;14;13;14;13;13;13;13;14;13;13;14;14;14;13;14;14;14;14;15;15;15;16;17;17;17;17;18;19;19;20;19;19;19;20;20;21;21;21;21;22;24;22;21;20;20;20;19;18;16;15;15;14;14;14;15;16;14;14;15;16;15;15;15;14;13;13;13;0;13;0;0;0;0;0;0;0;0;0;0;13;0;0;0;0;0;0;0;0;0;0;0;0;0;0;0;0;0;0;0;0;0;0;0;0;0;0;0;0;0;0;0;0;0;0;0;0;0;0;0;0;0;0;0;0;0;0;0;0;0;0;0;0
0;0;13;0;0;0;0;0;0;0;0;0;0;0;0;0;0;0;0;0;13;0;0;0;0;0;0;0;0;0;0;0;0;0;0;0;13;0;0;13;0;13;13;14;13;13;13;14;14;14;14;14;14;14;14;14;13;13;13;14;13;13;14;14;13;13;13;14;15;14;15;15;16;15;16;16;16;15;15;15;16;15;15;15;14;14;13;14;13;0;13;13;13;14;13;13;13;14;13;13;13;14;13;14;14;13;13;13;13;13;14;13;13;14;13;14;15;15;14;14;16;16;16;17;16;17;18;18;17;18;19;18;18;19;21;20;20;21;21;22;21;19;19;19;19;18;17;15;15;15;14;14;14;14;14;15;14;15;16;15;15;13;13;13;13;13;0;0;13;13;0;0;0;0;0;0;0;0;0;0;0;0;0;0;0;0;0;0;0;0;0;0;0;0;0;0;0;0;0;0;0;0;0;0;0;0;0;0;0;0;0;0;0;0;0;0;0;0;0;0;0;0;0;0;0;0;0;0;0;0;0
0;0;0;0;0;0;0;0;13;0;0;0;0;0;0;0;0;0;13;13;0;0;0;0;0;0;0;0;13;13;0;0;0;0;0;0;0;0;13;0;0;13;14;13;13;13;0;13;14;13;14;14;13;13;13;13;13;13;0;0;13;0;13;14;13;0;0;13;14;14;15;15;15;15;15;15;16;15;15;15;14;13;14;13;13;13;13;13;13;0;0;13;0;0;0;13;13;14;0;13;14;14;0;13;14;13;14;13;14;13;13;13;13;13;13;13;15;14;14;13;15;15;16;17;17;16;17;16;17;17;17;18;18;18;20;20;20;20;21;21;20;20;20;19;19;18;17;15;15;15;14;14;14;14;14;14;14;14;14;14;13;13;13;14;14;13;0;0;0;0;0;13;0;0;0;0;0;0;0;0;0;0;0;0;0;0;0;0;13;13;13;0;0;0;0;0;0;0;0;0;0;0;0;0;0;0;0;0;0;0;0;0;0;0;0;0;0;0;0;0;0;0;0;0;0;0;0;0;0;0;0
0;0;0;0;0;0;0;0;0;0;0;0;0;0;0;0;0;0;0;0;0;0;0;0;0;0;0;0;0;0;0;0;0;0;0;0;0;0;0;0;13;13;13;13;0;13;13;13;13;13;13;13;13;14;14;13;13;13;13;13;13;13;0;0;13;0;0;13;14;14;14;14;15;16;16;16;16;16;16;15;14;13;14;14;13;13;13;14;0;13;13;13;0;0;0;0;13;13;13;13;13;13;0;13;13;13;13;13;0;15;13;13;0;13;13;14;13;13;13;14;14;15;15;16;16;16;16;16;16;17;17;17;18;19;18;18;20;20;20;20;20;19;19;19;18;17;15;15;15;15;15;14;14;14;14;13;14;14;13;13;13;13;13;0;13;0;0;0;0;0;13;13;0;0;0;0;0;0;0;0;0;0;0;0;0;0;0;0;0;0;0;0;0;0;0;0;0;0;0;0;0;0;0;0;0;0;0;0;0;0;0;0;0;0;0;0;0;0;0;0;13;0;0;0;0;0;13;0;0;0;0
0;0;0;0;0;0;0;0;0;0;0;0;0;0;0;0;0;0;0;0;0;0;0;0;0;0;0;0;0;0;0;0;0;0;0;0;0;0;0;13;0;14;14;14;14;13;13;13;0;13;13;13;13;13;13;13;14;13;13;13;0;0;13;0;13;0;0;0;13;14;14;14;15;15;15;15;15;15;15;15;15;14;14;14;14;13;13;15;13;13;13;13;13;0;0;13;13;0;0;13;13;0;13;14;13;13;13;0;0;0;13;14;13;13;13;13;13;14;14;13;14;15;15;14;15;15;15;17;17;16;17;17;18;18;18;18;19;19;20;19;19;18;18;18;17;15;15;15;15;15;14;14;14;13;14;13;13;13;13;13;13;13;14;0;0;0;0;0;0;0;0;13;0;13;0;0;0;0;0;0;0;0;0;0;0;0;0;0;0;0;0;0;0;0;0;0;0;0;0;0;0;0;0;0;0;0;0;0;0;0;0;0;0;0;0;0;0;0;0;0;0;0;0;0;0;0;0;0;0;0;0
0;0;0;0;0;0;0;0;0;0;0;0;0;0;0;0;0;13;13;0;0;0;0;0;0;0;0;0;0;0;0;0;0;0;0;0;0;0;0;0;0;14;14;14;13;13;13;13;13;13;13;13;13;14;13;13;13;13;13;0;0;0;13;0;13;13;0;0;0;0;13;14;14;14;14;14;15;15;15;14;14;14;14;14;14;14;14;13;0;13;0;13;13;0;0;13;13;0;0;13;0;0;0;0;13;0;0;0;0;0;0;0;13;0;0;13;13;13;13;13;13;15;15;14;15;15;15;16;15;15;16;16;17;17;18;18;19;19;19;18;19;18;18;18;17;15;15;15;15;14;0;13;0;0;13;14;13;13;14;13;14;13;13;13;0;0;0;0;0;0;0;0;0;13;0;0;0;0;0;0;0;0;0;0;0;0;0;0;0;0;0;0;0;0;0;0;0;0;0;0;0;0;0;0;0;0;0;0;0;0;0;0;0;0;0;0;0;0;0;0;0;0;0;0;0;0;0;0;0;0;0
0;0;0;0;0;0;0;0;0;0;0;0;0;0;0;0;0;0;0;0;0;0;0;0;0;0;0;0;0;0;0;0;0;0;0;13;0;0;0;0;13;13;13;15;13;13;13;13;13;13;13;0;0;13;0;13;13;13;13;0;13;0;0;0;0;0;0;0;13;13;14;13;14;14;15;14;14;14;15;14;13;13;13;13;13;13;0;0;0;13;13;0;13;0;13;0;0;0;0;0;13;14;0;0;0;0;13;13;0;0;13;13;13;0;13;13;13;13;13;14;14;14;15;15;14;14;14;14;14;14;15;16;17;17;18;18;19;18;17;18;18;17;18;17;17;16;15;15;14;14;13;13;0;0;13;14;14;13;13;0;13;13;13;14;0;0;0;0;0;0;0;0;0;0;0;0;0;0;0;0;0;0;0;0;0;0;0;0;0;0;0;0;0;0;13;0;0;0;0;0;0;0;0;0;0;0;0;0;0;0;0;0;0;0;0;0;0;0;0;0;0;0;0;0;0;0;0;0;0;0;0
0;0;0;0;0;0;0;0;0;0;0;0;0;0;0;0;0;13;0;0;0;0;0;0;0;0;14;0;0;0;0;0;0;0;0;0;0;0;0;0;0;13;13;13;13;13;0;0;13;14;14;13;13;13;13;13;13;13;0;0;0;0;0;0;13;13;13;0;0;13;13;14;14;14;15;14;14;14;14;14;14;13;0;13;13;0;0;0;13;13;13;0;0;0;0;0;0;0;0;0;0;0;0;0;13;13;13;13;0;0;13;13;13;13;13;13;13;13;13;13;15;14;14;14;14;14;14;14;15;15;14;16;16;16;17;16;18;17;16;17;17;16;17;18;16;15;15;14;13;13;13;13;0;13;14;14;14;13;14;13;14;14;14;13;13;0;0;0;0;0;0;0;0;0;0;0;0;0;13;0;0;0;0;0;0;0;0;0;0;0;0;0;0;0;0;0;0;0;0;0;0;0;0;0;0;0;0;0;0;0;0;0;0;0;0;0;0;0;0;0;13;0;0;0;0;0;0;13;0;0;0
0;0;0;0;0;0;0;0;0;0;0;0;0;0;0;0;0;0;0;0;0;0;0;0;0;0;13;0;0;0;0;0;0;0;0;0;0;0;0;13;13;0;13;13;13;0;13;0;0;13;13;13;13;13;13;0;0;13;0;13;0;0;14;0;13;13;0;13;13;13;0;13;14;13;14;14;13;15;14;14;0;0;0;13;0;0;0;0;13;13;0;0;0;0;13;0;0;0;0;0;0;13;0;0;0;0;0;0;13;13;13;13;13;13;0;13;13;0;13;13;13;0;14;14;13;14;14;13;13;14;15;15;16;16;16;16;16;15;16;17;17;18;17;18;16;14;14;14;0;13;0;0;13;13;0;0;13;13;0;13;14;14;13;13;0;13;0;0;0;0;0;0;0;0;0;0;0;0;0;0;0;0;0;0;0;0;0;0;13;13;0;0;0;0;0;0;0;0;0;0;0;0;0;0;0;0;0;0;0;0;0;0;0;0;0;0;0;0;0;0;0;0;0;0;0;0;13;0;0;13;0
0;0;0;0;0;0;0;0;0;0;0;0;0;0;0;0;0;0;0;0;0;0;0;0;0;0;0;0;0;13;0;0;13;0;0;0;0;0;13;13;13;0;14;14;14;14;13;0;13;14;13;13;13;13;13;13;0;0;0;13;0;0;13;0;0;13;0;13;0;13;0;0;13;13;14;14;13;13;14;13;14;0;0;0;0;0;0;0;13;13;0;0;0;0;0;0;0;0;0;0;13;0;0;0;0;0;0;0;13;13;0;13;14;13;0;13;13;0;13;13;13;13;13;13;13;13;14;14;15;15;15;15;15;16;16;16;15;16;16;17;17;17;16;16;15;14;15;14;13;13;0;13;13;0;0;0;0;13;0;14;14;13;13;0;0;0;0;0;0;0;0;0;0;0;0;0;0;0;0;0;0;0;0;0;0;0;0;0;0;0;0;0;0;0;0;0;0;0;0;0;0;0;0;0;0;0;0;0;0;0;0;0;0;0;0;0;0;0;0;0;0;0;0;0;0;0;0;0;0;13;0
0;0;0;0;0;0;0;13;0;0;13;0;0;13;0;0;0;13;13;0;0;0;0;0;0;0;0;0;0;0;0;0;0;13;13;0;0;13;13;0;13;13;14;13;14;14;14;13;13;13;0;13;0;13;13;13;0;0;0;0;0;13;0;0;0;13;13;13;0;0;0;0;13;13;15;14;14;14;13;13;14;13;0;0;13;13;0;0;0;13;13;13;0;0;0;0;0;0;0;0;0;0;0;0;13;0;13;0;0;0;13;13;13;0;0;13;0;0;0;13;0;13;13;13;13;14;14;14;14;15;14;14;14;15;16;16;15;16;16;16;17;17;16;15;15;14;13;13;0;13;0;0;0;0;0;13;14;14;13;14;13;13;13;13;0;0;0;0;0;0;0;0;0;0;0;0;0;0;0;0;0;0;0;0;13;0;0;0;0;0;0;0;0;13;0;0;0;0;0;0;0;0;0;0;0;0;0;0;0;0;0;0;0;0;0;0;0;0;0;0;0;0;0;0;0;0;0;0;0;0;0
0;0;0;0;0;0;0;0;0;0;0;0;0;0;0;0;0;0;0;0;0;0;0;0;0;0;0;0;0;0;13;13;0;0;0;0;13;13;13;0;0;13;14;14;14;13;14;14;13;13;13;0;0;13;0;0;0;0;0;13;0;0;13;0;0;13;13;13;13;13;0;13;14;14;13;14;14;13;13;14;14;13;13;13;13;0;0;0;0;0;0;0;0;0;0;0;0;0;0;0;0;0;0;0;13;0;0;13;13;13;13;13;13;13;0;0;0;13;0;0;13;13;13;13;13;13;13;13;14;14;14;15;14;15;15;16;16;15;15;15;16;17;16;15;15;15;14;13;0;0;0;0;0;0;0;14;13;13;14;0;0;14;13;13;0;0;0;0;0;0;0;0;0;0;0;0;13;13;0;0;0;0;13;0;0;0;0;0;0;0;0;0;0;0;0;0;0;0;0;13;0;0;0;0;0;0;0;0;0;0;0;0;0;0;0;0;0;0;0;0;0;0;0;0;0;0;0;0;0;0;0
0;0;0;0;0;0;0;0;0;0;0;0;0;0;0;0;0;0;0;13;0;0;0;0;0;0;0;0;0;0;13;0;0;0;0;0;0;0;0;0;0;0;14;13;14;14;14;14;13;14;13;13;13;0;0;0;13;0;0;0;0;0;0;0;0;13;13;13;13;14;14;13;13;13;13;14;13;13;13;13;14;13;13;13;13;0;0;0;0;0;0;0;0;0;0;0;0;0;0;0;0;0;0;13;13;0;0;0;0;0;14;13;0;13;13;0;0;0;0;0;13;0;13;13;0;0;13;14;13;14;14;14;15;15;15;15;16;16;15;16;16;16;15;15;15;14;14;13;13;14;0;0;0;13;0;13;13;13;13;0;0;13;13;0;0;0;0;0;0;0;0;0;0;0;0;0;0;13;0;0;0;0;0;0;0;0;0;0;0;0;13;0;0;0;0;0;0;0;0;0;0;0;0;0;0;0;0;0;0;0;0;13;0;0;0;0;0;0;0;0;0;0;0;0;0;0;0;0;0;0;0
0;0;0;0;0;0;0;0;0;0;0;0;0;0;0;0;0;0;0;13;0;0;0;0;0;0;0;0;0;0;13;0;0;0;0;0;0;0;13;0;13;0;13;13;13;13;13;13;14;13;15;13;13;0;0;0;13;13;13;0;0;0;0;0;13;0;13;0;14;13;14;14;13;14;14;14;13;13;15;14;14;13;13;14;13;0;0;0;0;0;0;0;0;0;0;0;0;0;13;0;0;0;0;13;13;0;13;13;0;0;0;0;0;0;0;0;0;0;0;0;0;0;0;13;13;0;14;14;13;13;13;14;14;14;14;15;16;16;16;17;15;15;15;16;15;14;14;13;13;0;13;0;0;0;13;13;13;13;13;13;0;13;0;0;0;0;0;0;13;0;0;0;0;13;0;0;0;0;13;0;0;0;0;0;0;0;0;0;0;0;0;0;0;0;13;0;0;0;0;0;0;0;0;0;0;0;0;0;0;0;0;0;0;0;0;0;0;0;0;0;0;0;0;0;0;0;0;0;0;0;0
0;0;0;0;0;0;0;0;0;0;0;0;0;13;0;0;0;0;0;0;13;0;0;0;0;0;0;0;0;0;0;0;0;0;0;0;0;0;13;0;13;0;13;13;0;13;13;13;13;0;14;13;13;13;13;13;13;13;0;0;0;0;13;13;0;0;0;0;13;13;14;14;13;13;14;14;13;13;13;13;13;13;13;13;13;0;0;0;0;0;0;0;0;0;0;13;0;13;0;0;0;0;0;13;13;0;13;13;0;13;0;0;0;0;0;13;0;0;13;13;0;0;0;0;13;13;14;13;13;14;13;14;14;14;14;14;14;14;14;15;15;15;14;14;14;14;14;13;0;13;13;0;0;0;0;13;13;13;13;13;13;13;0;0;0;0;0;0;0;0;0;0;13;13;0;0;0;0;0;0;0;0;0;0;0;0;0;0;0;0;0;0;0;0;0;0;0;0;0;0;0;0;0;0;0;0;0;0;0;0;0;0;0;0;0;0;0;0;0;0;13;0;0;0;0;0;0;0;0;0;0
0;0;0;0;0;0;0;0;0;0;0;0;0;0;0;0;0;0;0;0;0;0;0;13;0;0;0;0;0;13;0;0;0;0;0;0;0;0;13;0;13;13;13;13;13;13;13;13;13;0;0;0;14;13;13;0;14;13;0;0;0;0;0;0;0;13;13;0;0;13;14;13;13;13;14;13;13;14;14;14;13;13;13;13;13;0;0;0;0;13;13;0;0;0;13;13;0;0;0;0;0;0;0;0;0;0;0;0;0;13;0;0;0;0;0;0;0;0;13;13;0;0;0;0;14;13;14;14;13;13;13;13;13;13;13;15;14;15;14;14;15;14;14;14;14;13;13;0;13;0;13;13;0;0;0;0;0;13;0;0;13;0;13;0;0;0;0;0;0;0;0;0;0;13;0;0;0;0;0;0;0;0;0;0;0;0;0;0;0;0;0;0;0;0;0;0;0;0;0;0;0;0;0;0;0;0;0;0;0;0;0;0;0;0;0;0;0;0;0;0;0;0;0;0;0;0;0;0;0;0;0
0;0;0;0;0;0;0;0;0;0;0;13;0;0;0;0;0;0;0;0;0;0;0;0;0;0;0;0;0;0;0;0;13;0;0;0;0;0;13;13;0;13;14;13;14;13;13;13;13;13;14;13;14;14;14;13;13;13;0;0;0;0;0;0;0;13;0;0;0;0;13;13;13;14;14;13;13;14;13;14;13;14;13;13;13;0;0;0;0;0;13;13;0;13;13;0;0;0;0;13;0;0;0;0;0;0;13;13;0;0;0;13;13;0;0;0;0;13;13;0;13;0;13;13;13;13;13;13;13;13;14;13;13;13;13;14;14;15;15;14;14;14;14;14;14;13;0;0;13;0;0;0;0;13;0;0;0;0;0;0;13;0;0;0;0;0;0;0;0;0;0;0;0;0;0;0;0;0;0;0;0;0;0;0;0;0;0;0;0;0;0;0;0;0;0;0;0;13;0;0;0;0;0;0;0;0;0;0;0;0;0;0;0;0;0;0;0;0;0;0;0;0;0;0;0;0;0;0;0;0;0
0;0;0;13;0;0;0;0;0;0;0;0;0;0;0;0;0;0;0;0;0;0;0;0;0;0;0;0;0;0;0;0;0;0;0;0;0;0;0;0;13;13;13;14;13;13;0;0;0;13;14;13;13;0;0;13;13;0;13;13;0;0;0;0;0;0;0;0;0;0;13;0;13;14;14;15;14;14;13;14;13;13;13;13;13;0;0;0;13;0;13;0;0;0;0;0;0;0;0;0;0;0;0;0;0;0;0;0;0;0;0;0;0;13;0;0;0;0;0;0;13;0;0;0;0;0;0;0;13;13;13;13;13;14;13;14;14;15;14;14;13;14;13;13;13;0;0;13;13;0;13;0;0;0;0;0;0;13;13;13;13;0;0;0;0;0;0;0;0;0;0;0;0;0;0;0;0;0;0;0;0;0;0;0;0;0;0;0;0;0;0;0;0;0;0;0;0;0;0;0;0;0;0;0;0;0;0;0;0;0;0;0;0;0;0;0;0;0;0;0;0;0;0;0;0;0;0;0;0;0;0
0;0;13;0;0;0;0;0;0;0;0;0;0;0;0;0;13;0;0;0;0;0;0;0;0;0;0;0;0;0;0;0;13;0;0;0;0;0;0;0;0;0;0;13;13;13;0;0;0;0;13;13;0;0;0;13;13;13;13;0;0;0;0;0;0;0;0;0;0;0;0;0;0;13;13;13;13;14;13;0;13;13;0;0;0;0;0;0;13;13;0;0;0;0;0;0;13;0;0;0;0;0;0;0;0;0;0;0;0;0;0;0;0;0;0;0;0;0;0;0;13;13;13;0;0;0;0;0;13;13;13;13;13;13;13;13;14;15;14;14;13;14;13;13;13;0;0;0;0;0;0;13;0;0;0;13;0;13;0;13;0;0;0;0;0;0;0;0;0;0;0;0;0;0;0;0;0;0;0;0;0;0;0;0;0;0;0;0;0;0;0;0;0;0;0;0;0;0;0;0;0;0;0;0;0;0;0;0;0;0;0;0;0;0;0;0;0;0;0;0;0;0;0;0;0;0;0;0;0;0;13
0;0;0;0;0;0;0;0;0;0;0;0;0;0;0;0;0;0;0;0;0;0;0;0;0;0;0;0;0;0;0;0;13;13;13;0;0;0;0;13;0;0;0;13;13;13;0;0;0;0;0;0;0;0;0;0;0;13;0;0;0;0;0;0;0;0;0;0;0;13;13;13;14;13;14;13;13;13;13;13;13;0;0;0;0;13;0;13;13;0;0;0;0;0;0;0;0;0;13;0;0;13;0;0;13;0;0;0;0;13;0;0;0;0;0;0;0;13;13;0;13;0;13;13;0;0;13;13;13;0;13;13;14;14;13;13;13;14;14;14;13;14;13;13;13;13;13;13;13;0;0;0;0;0;0;0;0;13;13;0;0;0;0;0;0;0;0;0;0;0;13;0;0;0;0;0;0;0;0;0;0;0;0;0;0;0;0;0;0;0;0;0;0;0;0;0;0;0;0;0;0;0;0;0;0;0;0;0;0;13;13;0;0;0;0;0;0;0;0;0;0;0;0;0;0;0;0;0;0;0;0
0;0;0;0;0;0;0;0;0;0;0;0;0;0;0;0;0;0;0;0;0;0;0;0;0;0;0;13;0;0;0;0;0;0;0;0;0;0;0;0;0;0;0;0;13;0;0;13;0;0;0;13;0;0;0;0;0;13;0;0;0;0;0;0;0;0;0;0;0;0;0;0;13;13;14;14;14;13;13;0;0;0;0;0;0;0;0;0;0;0;0;0;0;0;0;13;13;13;0;0;0;0;0;0;0;0;0;0;0;0;0;0;0;0;13;0;13;0;0;13;13;13;13;0;0;0;0;0;0;0;13;13;13;14;13;13;14;13;13;13;0;13;13;13;13;13;13;13;13;0;0;0;0;0;0;0;0;0;0;0;0;0;0;0;0;0;0;13;0;0;0;13;0;0;0;0;0;13;0;0;0;0;0;0;0;0;0;0;0;0;0;0;0;0;0;0;0;0;0;0;0;0;0;0;0;0;0;13;0;0;0;0;0;0;0;0;0;0;0;0;0;0;0;0;0;0;0;0;0;0;0
0;0;0;0;0;0;0;0;0;0;0;0;0;0;0;0;0;0;0;0;0;0;0;0;13;0;0;0;0;0;0;0;0;0;0;13;0;0;0;0;0;13;13;13;0;0;0;0;0;13;0;0;0;0;13;0;0;13;13;0;13;0;0;0;0;0;0;13;0;0;0;13;0;13;13;13;14;13;0;0;13;0;13;13;0;13;0;0;0;0;0;0;0;0;0;0;0;13;0;0;0;0;0;0;0;0;0;13;0;0;0;0;0;0;0;0;0;0;0;0;0;0;0;0;0;0;0;0;0;0;13;0;0;0;13;13;13;13;13;13;13;14;13;14;14;14;13;13;13;0;0;0;0;0;0;0;0;0;13;0;0;0;0;0;0;0;0;0;0;0;0;0;0;0;0;0;0;0;0;0;0;0;0;0;0;0;0;0;0;0;0;0;0;0;0;0;0;0;0;0;0;0;0;0;0;0;0;0;0;13;0;0;0;0;0;0;0;0;0;0;0;0;0;0;0;0;0;0;0;0;0
0;0;0;0;0;13;0;0;0;0;0;0;0;0;0;0;0;0;0;0;0;0;0;0;0;0;0;0;0;0;0;0;0;0;0;13;0;0;0;0;0;0;13;13;0;0;13;0;0;0;0;13;0;0;13;13;13;0;0;0;0;0;0;0;0;0;13;13;13;14;0;13;13;13;13;14;13;14;14;14;13;13;13;0;0;0;0;13;0;0;0;0;0;13;0;0;0;0;13;0;0;0;0;0;0;0;0;0;0;0;0;13;0;0;13;13;13;0;0;0;0;0;0;0;13;13;0;0;0;0;13;14;13;13;14;13;13;0;14;13;13;14;14;15;14;13;13;13;13;0;0;0;0;0;0;13;13;0;0;0;0;0;0;0;0;0;0;0;0;0;13;0;13;0;0;0;0;0;0;0;0;0;0;0;0;0;0;0;0;0;0;0;0;0;0;0;0;0;0;0;0;0;0;0;0;0;0;0;0;0;0;13;0;0;0;0;0;0;0;0;0;0;0;0;0;0;0;0;0;0;0
0;0;0;0;0;0;0;0;0;0;0;0;0;0;0;0;0;0;0;0;0;0;0;0;0;0;0;0;0;13;0;0;13;0;0;0;0;0;0;0;0;0;0;0;0;0;0;0;0;0;0;13;0;0;0;13;13;0;0;0;0;0;0;0;0;13;13;13;13;13;13;13;13;0;13;13;14;14;15;14;14;13;13;13;0;13;13;13;0;0;0;13;0;0;0;0;0;0;13;0;0;0;13;0;0;0;0;0;0;0;0;0;0;0;0;0;0;0;0;13;0;0;0;0;0;13;0;0;0;0;13;13;0;0;13;13;13;0;0;0;14;14;15;15;14;13;13;13;13;0;13;0;0;0;0;0;0;0;0;0;0;0;0;0;13;0;0;0;0;0;0;0;0;13;13;0;0;0;0;0;0;0;0;0;0;0;0;0;0;0;0;0;0;0;0;0;0;0;13;0;0;0;0;0;0;0;0;0;0;0;0;0;0;0;13;0;0;0;0;0;0;0;0;0;0;0;0;0;0;0;0
0;0;0;0;0;0;0;0;0;0;0;0;0;0;0;0;0;0;0;0;0;0;0;0;0;0;0;0;0;0;0;0;0;0;0;0;0;0;0;0;0;13;0;13;0;0;0;13;14;13;13;13;0;0;0;0;0;0;0;0;0;0;13;13;0;13;13;0;13;14;14;13;13;13;13;0;13;13;13;13;14;13;13;0;0;13;13;0;13;13;0;0;0;0;0;0;0;0;0;0;0;13;0;0;0;0;0;0;13;0;0;0;0;0;0;13;0;0;0;13;0;0;0;0;0;13;0;0;14;13;14;14;13;0;13;13;13;0;0;13;13;13;14;14;14;13;13;13;13;0;0;0;0;13;0;0;0;0;13;0;0;13;0;0;0;0;0;0;0;0;0;0;0;0;0;0;0;0;0;0;0;0;0;0;0;0;0;0;0;0;0;0;0;0;0;0;0;0;0;0;0;0;0;0;0;0;0;0;0;0;0;0;0;0;0;0;0;0;0;0;0;0;0;0;0;0;0;0;0;0;0
0;0;0;0;0;0;0;0;0;0;0;0;0;0;0;0;0;0;0;0;0;0;0;0;0;0;0;0;0;0;0;0;0;0;0;0;0;0;0;0;0;13;13;0;0;0;13;13;0;13;13;0;13;13;0;0;0;0;0;0;13;0;13;0;0;13;0;13;13;0;13;13;13;13;0;0;13;0;0;13;14;13;13;13;13;0;0;0;0;0;0;0;0;0;0;0;0;0;0;0;0;13;0;0;0;0;0;0;0;0;0;0;0;0;0;0;0;0;0;0;0;0;0;0;13;13;13;0;13;0;13;13;13;0;0;0;0;0;0;14;13;13;14;13;13;13;13;13;0;13;0;0;13;0;0;0;0;0;0;13;0;0;13;0;0;0;0;0;0;13;0;0;13;0;0;0;0;0;0;0;0;0;0;13;0;0;0;0;0;0;0;0;0;0;0;0;0;0;0;0;0;0;0;0;0;0;0;0;0;0;0;0;0;0;0;0;0;0;0;0;0;0;0;0;0;0;0;0;0;0;0
0;0;0;0;0;0;0;0;0;0;0;0;0;0;13;0;13;0;0;0;0;0;0;0;0;0;0;0;0;0;0;0;0;0;0;13;0;0;0;0;0;13;0;0;0;0;13;0;0;0;13;0;0;0;0;13;0;0;13;0;0;0;0;0;0;0;0;0;13;13;0;0;0;13;13;13;0;14;13;14;0;13;13;0;0;0;0;0;0;0;0;0;0;0;0;0;0;0;13;0;0;0;0;0;0;0;0;0;13;13;0;0;0;13;13;13;0;0;0;0;0;0;0;0;13;0;13;13;13;0;0;13;13;14;13;13;0;13;14;14;13;14;14;13;14;13;13;13;0;0;0;0;0;0;0;0;0;0;0;0;0;0;0;0;0;0;0;0;0;0;0;0;0;0;0;0;0;0;0;0;0;0;0;0;0;0;0;0;13;0;13;0;0;0;0;0;0;0;0;0;0;0;0;0;0;0;0;0;0;0;0;0;0;0;0;0;0;0;0;0;0;0;0;0;0;0;0;0;0;0;0
0;0;0;0;0;0;0;0;0;0;13;0;0;0;0;0;0;0;0;0;0;0;0;0;0;0;0;0;0;0;0;0;0;0;0;0;0;0;0;13;13;13;0;0;13;13;13;0;0;0;0;0;0;0;13;0;0;13;0;0;0;0;0;0;0;0;0;0;0;13;13;0;0;13;13;13;13;13;0;0;0;13;13;13;13;0;0;0;13;0;0;13;13;0;0;0;0;0;0;13;0;0;0;0;0;0;0;0;0;0;0;0;13;0;0;0;0;0;0;13;13;13;13;0;13;13;0;13;0;13;0;0;0;13;13;13;13;13;14;13;13;13;13;14;14;13;13;0;0;0;0;0;0;0;0;0;13;13;0;0;0;0;0;0;0;0;0;0;0;0;0;0;0;0;0;0;0;0;0;0;0;0;0;0;13;0;0;0;0;0;0;0;0;0;0;0;0;0;0;0;0;0;0;0;0;0;0;0;0;0;0;0;0;0;0;0;0;0;0;0;0;0;0;0;0;0;0;0;0;0;0
0;0;0;0;0;0;0;0;0;0;0;0;0;0;0;0;0;13;0;0;13;0;0;0;13;0;0;0;0;0;0;0;13;0;0;0;0;0;13;13;0;0;0;0;0;0;0;0;0;0;0;0;13;0;13;13;0;0;0;0;0;0;0;0;0;0;0;0;0;0;13;13;13;13;0;0;13;13;0;0;0;0;0;0;0;0;13;0;0;13;0;0;0;13;0;0;0;13;0;0;13;13;0;0;0;0;0;13;0;0;0;0;0;13;0;0;0;0;13;13;13;13;13;0;13;13;13;0;0;13;0;0;13;13;14;14;14;14;0;13;14;13;0;13;14;13;13;13;0;0;0;0;0;0;0;0;0;0;0;0;0;0;0;0;0;0;0;0;13;0;0;0;0;0;0;0;0;0;0;0;0;0;0;0;0;0;0;0;0;0;0;0;0;0;0;0;13;0;0;0;0;0;0;0;0;0;0;0;0;0;0;0;0;13;0;0;0;0;0;0;0;0;0;0;0;0;0;0;0;0;0
0;0;0;0;0;0;0;0;0;0;0;0;0;0;0;13;13;0;0;0;0;0;0;0;0;0;0;0;0;0;0;0;0;0;0;0;0;0;0;0;0;0;0;0;0;0;0;0;0;0;0;0;0;0;0;0;0;0;0;0;0;0;0;0;0;0;0;0;0;0;0;0;13;13;13;13;0;13;0;0;13;0;0;13;0;0;13;13;0;13;0;0;0;0;0;0;0;0;0;0;0;0;0;0;0;0;0;0;0;0;0;13;0;0;0;0;0;13;13;13;13;0;0;0;0;0;13;13;13;13;0;13;13;13;14;13;14;14;13;13;13;13;13;14;13;13;13;0;0;0;0;0;0;0;0;0;0;0;0;0;0;0;0;0;0;0;0;0;0;0;0;0;0;0;0;0;0;0;0;0;0;0;0;13;0;0;0;0;0;0;0;0;0;0;0;0;0;0;0;0;0;0;0;0;0;0;0;0;13;0;0;0;0;0;0;0;0;0;0;0;0;0;0;0;0;0;0;0;0;0;0
0;0;0;0;0;0;0;0;0;0;0;0;0;0;13;0;0;0;0;0;0;0;0;0;0;0;0;0;0;0;13;0;0;0;0;0;0;0;0;0;0;0;0;0;13;0;0;0;13;13;0;0;0;0;0;0;0;0;0;0;0;0;0;0;0;0;0;0;0;0;0;13;0;13;0;13;13;13;13;13;0;0;13;0;13;0;0;0;0;0;0;13;0;0;0;0;0;0;0;0;0;0;13;0;0;0;13;0;0;0;0;0;0;0;0;0;13;13;13;13;0;0;0;13;0;0;0;13;13;0;13;13;13;13;13;13;14;13;13;13;13;13;13;13;13;13;0;0;0;0;0;0;0;0;0;0;0;0;0;0;0;0;0;0;0;0;0;0;0;0;0;0;0;0;0;0;0;0;0;0;0;0;0;0;0;0;0;0;0;0;0;0;0;0;0;0;0;0;0;0;0;13;0;0;0;0;0;0;0;0;0;0;0;0;0;0;0;0;0;0;0;0;0;0;0;0;0;0;0;0;0
0;0;0;0;0;0;0;0;0;0;0;0;0;0;0;0;0;0;0;0;0;0;0;0;0;0;0;13;0;0;0;0;0;0;0;0;0;0;0;0;0;0;0;0;0;0;0;0;0;0;0;13;0;0;13;0;0;0;13;0;0;0;0;0;0;0;0;0;0;0;0;0;13;13;13;13;13;13;14;13;0;0;13;0;13;0;0;0;0;0;0;0;13;13;0;13;0;0;0;0;0;0;0;0;0;0;0;0;0;0;0;0;0;13;0;13;0;0;0;0;0;0;0;0;0;13;13;0;13;13;14;13;13;13;0;13;13;0;14;13;13;13;13;13;13;0;0;0;0;13;0;0;0;0;0;0;0;0;0;0;0;0;13;0;0;0;0;0;0;0;0;0;0;0;0;0;0;0;0;0;0;0;0;0;0;0;0;0;0;0;0;0;0;0;0;0;0;13;0;0;0;0;0;0;0;0;13;0;0;0;0;0;0;0;0;0;0;0;0;0;0;0;0;13;0;0;0;0;0;0;0
0;0;0;0;0;0;0;0;0;0;0;0;0;0;0;0;0;0;0;0;0;0;0;0;0;0;0;0;0;0;0;0;0;0;0;0;0;0;0;0;0;0;13;0;0;0;0;0;0;0;0;0;0;0;0;0;0;0;13;0;0;0;0;13;0;0;13;0;0;0;0;13;13;14;13;0;0;13;13;0;13;0;13;13;0;0;0;0;0;0;0;0;0;0;0;0;0;0;0;0;0;0;0;0;0;0;0;0;0;0;0;0;0;0;0;0;0;0;0;0;0;0;0;0;0;0;13;13;13;13;13;0;0;13;13;13;13;13;0;13;13;0;13;13;0;0;0;0;0;13;0;0;0;0;0;0;0;0;0;0;0;0;0;0;0;0;0;0;0;0;0;0;0;0;0;0;0;0;0;0;0;0;0;0;0;0;0;0;0;0;0;0;0;0;0;0;0;0;0;0;0;0;0;0;0;0;0;0;0;0;0;0;0;0;0;0;13;0;0;0;0;0;0;0;0;0;0;0;0;0;0
0;0;0;0;0;0;0;0;0;0;0;0;0;0;0;0;0;0;0;13;0;0;0;0;13;13;0;0;0;0;0;0;0;0;0;0;0;0;0;0;0;0;0;0;0;0;0;0;0;0;0;0;0;13;0;13;0;0;0;0;0;0;0;0;0;0;0;0;0;13;0;14;13;13;13;0;13;0;0;0;0;13;13;0;0;0;0;0;0;0;0;0;0;0;0;0;0;0;0;0;0;0;0;0;13;13;0;0;0;0;0;0;13;0;0;0;13;0;0;0;0;0;0;0;0;0;0;0;0;13;13;0;13;0;13;13;0;13;13;13;13;13;13;0;0;0;0;0;0;0;0;0;0;13;0;0;0;13;13;0;13;0;0;0;0;0;0;0;0;0;0;0;0;0;0;0;0;0;0;0;0;0;0;0;0;0;0;0;0;0;0;0;0;0;0;0;0;0;0;0;0;0;0;0;0;0;0;0;13;0;0;0;0;0;0;0;0;0;0;0;0;0;0;0;0;0;0;0;0;0;0
0;0;0;0;0;0;0;0;0;0;0;0;0;0;0;0;0;0;0;0;0;0;0;0;0;0;0;0;0;0;0;0;0;13;0;0;0;0;0;0;0;0;0;0;0;0;0;0;0;0;13;0;0;13;0;13;0;0;0;0;0;0;13;0;13;0;0;13;0;0;0;0;13;0;0;0;13;13;13;0;0;0;13;0;0;0;0;0;0;0;0;0;0;0;0;0;0;0;0;13;0;0;0;0;0;0;13;0;0;0;0;0;0;0;0;0;0;13;13;0;0;0;0;0;0;0;0;13;0;13;13;0;13;0;0;0;0;0;13;13;13;13;13;13;0;0;0;0;0;13;0;0;0;0;0;0;0;0;0;0;0;0;0;0;0;0;0;0;0;0;0;0;0;0;0;0;0;0;0;0;0;0;0;13;0;0;0;0;0;0;0;0;0;0;0;0;0;0;0;0;0;0;0;0;0;0;0;0;0;0;0;0;0;0;0;0;0;0;0;0;13;0;0;0;0;0;0;0;0;0;0
0;0;0;0;0;0;0;0;0;0;0;0;0;13;0;0;0;0;0;0;0;0;0;0;0;0;0;0;0;0;0;0;0;0;0;0;0;0;13;0;0;0;0;0;0;0;14;0;0;0;0;0;0;13;13;13;0;0;0;0;0;0;0;0;0;0;0;0;0;0;0;0;13;0;13;0;13;13;13;13;0;0;0;13;0;0;0;0;0;0;0;13;0;0;0;0;0;0;0;0;0;0;0;13;0;0;0;0;0;0;0;0;0;0;13;0;0;0;0;0;0;0;0;0;0;0;0;0;0;0;0;0;13;0;0;0;13;13;14;13;13;13;0;0;0;13;0;0;13;0;0;0;0;0;0;0;0;0;0;0;0;0;0;0;0;0;0;0;0;0;0;0;0;0;0;0;0;0;0;0;0;0;0;0;0;0;0;0;0;0;0;0;0;0;0;0;0;0;0;13;0;0;0;0;0;0;0;0;0;0;0;0;0;0;0;0;0;0;0;0;0;0;0;0;0;0;0;0;0;0;0
0;0;0;0;0;0;0;0;0;0;0;0;0;0;0;0;0;0;0;0;0;0;0;0;0;0;0;0;0;0;0;0;0;0;0;0;13;0;0;0;0;0;0;0;0;0;0;0;0;0;0;0;0;0;0;0;0;0;0;0;0;0;0;0;0;0;13;0;0;0;13;0;13;13;0;0;13;13;13;14;0;0;13;0;0;0;0;13;0;13;0;0;0;0;0;0;0;0;0;0;0;0;0;0;13;0;0;0;0;0;0;0;0;0;0;0;0;0;0;0;0;0;13;0;0;0;0;0;0;13;13;13;0;13;0;13;13;13;0;0;0;0;0;0;0;0;0;0;0;0;0;0;0;0;0;0;0;13;0;0;0;0;0;0;0;0;0;0;0;0;0;0;0;0;0;0;0;0;0;0;0;0;0;0;13;0;0;0;0;0;0;0;0;0;0;0;0;0;0;0;0;0;0;0;0;0;0;0;0;0;0;0;0;0;0;0;0;0;0;0;0;0;0;0;0;0;0;0;0;0;0
0;0;0;0;0;0;0;0;0;0;0;0;0;0;0;0;0;0;0;0;0;0;0;0;0;0;0;0;0;0;0;0;0;0;0;0;0;0;0;0;0;0;0;0;0;0;0;0;0;0;0;13;0;0;0;0;0;0;0;0;0;13;0;0;0;0;0;0;14;13;13;0;0;0;0;0;13;13;13;13;0;0;13;13;0;0;0;0;0;0;0;0;0;0;0;0;0;0;0;0;0;0;13;0;0;0;0;0;0;0;0;0;0;0;0;0;0;0;0;0;0;0;0;0;0;0;0;13;13;15;13;0;0;0;0;0;0;13;13;0;0;0;0;13;0;0;0;0;0;0;0;0;0;0;0;0;0;0;0;0;0;0;0;0;13;0;0;0;0;0;0;0;0;0;13;0;0;0;0;0;0;0;0;0;0;0;0;0;0;0;0;0;0;0;0;0;0;0;0;0;0;0;0;0;13;0;0;0;0;0;0;0;0;0;0;13;0;0;0;0;0;0;0;0;0;13;0;0;0;0;0
0;0;0;0;0;0;0;0;0;0;0;0;0;0;0;0;0;0;0;0;13;0;0;0;0;0;0;0;0;0;0;0;0;0;0;0;0;0;0;0;0;0;0;0;0;0;0;0;0;13;13;0;0;0;13;0;0;0;0;0;0;0;0;0;0;13;0;0;0;13;0;0;0;0;0;13;13;13;13;13;0;0;0;13;13;0;0;0;0;0;0;13;0;0;0;13;0;0;0;0;0;0;0;0;0;0;13;0;0;0;0;0;0;0;0;0;0;0;0;0;0;0;0;0;0;0;0;0;0;13;13;0;0;0;0;0;0;0;13;13;0;0;0;0;0;0;0;0;0;0;0;0;0;0;0;0;0;0;0;0;0;0;0;0;0;0;0;0;0;0;0;0;0;0;0;0;0;0;0;0;0;0;13;0;0;0;0;0;0;0;0;0;0;0;0;0;0;0;0;0;0;0;0;0;0;0;0;0;0;0;0;0;0;0;0;0;0;0;0;0;0;0;0;0;0;0;0;13;0;0;0
0;0;0;0;0;0;0;0;0;0;0;0;0;0;0;0;0;0;0;0;0;0;13;0;0;0;0;0;0;0;0;0;0;13;0;0;0;0;0;0;0;0;0;0;0;0;0;0;0;0;0;0;0;0;0;0;0;0;0;0;0;0;0;13;13;0;0;0;0;0;0;0;0;0;0;0;13;13;13;13;13;13;0;0;0;0;0;0;0;13;0;0;0;0;0;0;0;0;0;0;0;0;0;0;0;0;0;0;0;0;0;0;0;0;0;0;0;0;0;0;0;13;0;0;0;0;0;0;13;13;13;0;0;0;0;13;0;13;0;13;0;0;0;0;0;0;0;0;13;0;0;0;0;0;0;0;0;0;0;13;0;0;0;0;13;0;0;0;0;0;0;0;0;0;0;0;0;0;0;0;0;0;0;0;0;0;0;0;0;0;0;0;0;0;0;0;0;0;0;0;0;0;0;0;0;0;0;0;0;0;0;0;0;0;0;0;0;0;0;0;0;0;0;0;0;0;0;0;0;0;0
0;0;0;0;0;0;0;0;0;0;0;0;0;0;0;13;0;0;0;0;0;0;0;0;0;0;0;0;0;0;0;0;0;0;0;0;0;0;13;0;0;0;0;0;0;0;0;0;0;0;13;0;0;13;0;0;0;13;0;0;0;0;13;0;0;0;0;0;0;0;0;0;0;0;0;0;0;13;0;13;13;0;13;0;0;0;0;0;0;13;0;0;0;0;0;0;13;0;0;0;0;0;13;13;13;0;0;0;0;0;0;0;0;0;0;0;13;13;0;0;0;13;13;0;0;0;13;13;13;13;13;0;0;0;0;0;0;0;0;13;13;13;13;0;0;0;0;0;0;0;0;0;0;0;0;0;0;13;0;0;0;0;0;0;0;0;13;0;0;0;0;0;0;0;13;0;0;0;13;0;0;0;0;0;0;0;0;0;0;0;0;0;0;0;0;0;0;0;0;0;0;13;0;0;0;0;0;0;0;0;0;0;0;0;0;0;0;0;0;0;0;0;0;0;0;0;0;0;13;0;0
0;0;0;0;0;0;0;0;0;0;0;0;0;0;0;0;0;0;0;0;0;0;0;0;0;0;13;0;0;0;0;0;0;0;0;0;0;0;0;0;0;0;0;0;13;0;0;13;0;0;0;0;0;0;13;0;0;0;0;0;0;0;13;0;0;0;0;0;0;0;0;0;0;0;0;0;13;13;13;13;13;0;0;0;13;0;0;0;0;0;0;13;0;0;0;0;13;13;0;0;0;0;0;0;13;0;0;0;0;0;0;0;0;0;0;0;13;13;0;0;0;13;0;0;0;0;13;13;13;13;0;0;0;13;13;13;0;0;0;0;0;0;13;0;0;0;0;0;0;0;0;13;0;0;0;0;0;0;0;0;0;0;0;0;0;0;0;0;0;0;0;0;0;0;0;0;0;0;0;0;0;0;0;0;0;0;0;0;0;0;0;0;13;0;0;0;0;0;0;0;0;0;0;0;0;0;0;0;0;0;0;0;0;0;0;0;0;0;0;0;0;0;0;0;0;0;0;0;0;0;0
0;0;0;0;0;0;0;0;0;0;0;0;0;0;0;0;0;0;0;13;0;0;0;0;0;0;0;0;0;0;0;0;0;0;0;0;0;0;0;0;0;0;0;0;0;13;0;0;13;0;0;0;13;0;13;0;0;0;0;13;0;13;0;0;0;0;13;0;0;0;0;13;13;13;0;0;13;13;13;13;13;13;13;0;13;0;0;0;0;0;13;0;0;0;0;0;13;0;0;0;0;0;0;13;13;0;0;0;0;0;0;13;0;0;0;0;13;0;13;13;0;13;0;0;13;0;13;14;0;0;0;0;0;0;0;0;0;0;0;0;13;14;13;0;0;0;0;0;0;0;0;0;0;0;0;0;0;0;0;0;0;0;0;0;0;0;0;0;0;0;0;0;0;0;0;0;13;0;0;13;0;0;0;0;0;0;0;0;0;0;0;0;0;0;0;0;0;0;0;0;0;0;0;0;0;0;0;0;0;0;0;0;0;0;0;0;0;0;0;0;0;0;0;0;0;0;0;0;0;0;0
0;0;0;0;0;0;0;0;0;0;0;0;0;0;0;0;0;0;0;0;0;0;0;0;0;0;0;0;0;0;13;0;0;0;0;0;0;0;0;13;0;0;0;13;0;0;0;0;13;14;13;0;0;13;13;13;0;0;13;0;0;0;0;0;0;0;0;0;0;0;0;0;0;0;0;0;13;13;0;0;13;13;13;13;0;0;13;0;0;0;0;0;0;0;0;0;13;0;0;0;0;0;0;13;0;0;0;0;13;0;0;0;0;0;0;0;0;0;0;13;0;0;0;0;0;0;0;13;0;0;0;0;13;0;13;0;13;13;0;0;13;13;0;0;0;0;0;0;0;0;0;0;0;0;0;0;0;0;0;0;0;0;0;0;0;0;0;0;0;0;0;0;0;0;0;0;0;0;0;0;0;0;0;0;0;0;0;13;0;0;0;13;0;0;0;0;0;0;0;0;0;0;0;0;0;0;0;0;0;0;0;0;0;0;13;0;0;0;0;0;0;0;0;0;0;0;0;0;0;0;0
0;0;0;0;0;0;0;0;0;0;0;0;0;13;0;0;0;0;0;0;0;0;0;0;0;0;0;13;0;0;13;0;0;0;0;0;0;0;0;0;0;0;0;0;0;0;0;0;13;13;0;0;13;13;13;13;0;0;0;0;0;0;0;0;0;0;0;0;0;0;0;0;0;0;0;13;13;13;0;0;0;0;0;13;13;0;13;13;13;0;0;0;0;0;0;0;0;0;0;0;0;0;0;13;0;0;0;0;0;0;0;0;0;13;0;0;0;0;13;0;13;0;0;13;13;0;0;0;0;0;13;0;0;13;13;13;0;13;0;13;0;0;0;0;0;0;0;0;0;0;0;0;0;0;0;0;0;0;0;0;0;0;0;0;0;0;0;0;0;0;0;0;0;0;0;0;0;0;0;0;0;0;0;0;0;0;0;0;0;0;0;0;0;0;0;0;0;0;0;0;0;0;0;0;0;0;0;0;0;0;0;0;0;0;0;0;0;0;0;0;0;0;0;0;0;0;0;0;0;0;0
0;0;0;0;0;0;0;0;0;0;0;0;0;0;0;0;0;0;0;0;0;0;0;0;0;0;0;0;0;0;0;0;0;0;0;0;0;0;0;0;0;0;0;0;0;0;0;0;0;0;0;0;13;13;0;0;0;0;0;0;13;0;0;0;0;0;0;0;0;0;0;0;13;13;13;0;13;13;0;13;13;13;13;13;13;13;0;0;0;0;0;0;0;0;0;0;0;0;0;0;13;0;0;13;0;0;0;0;0;0;13;13;13;13;0;0;0;0;13;0;0;0;0;13;13;0;0;0;13;0;0;0;0;13;0;13;13;0;0;0;0;0;0;0;0;0;0;13;0;0;0;0;0;0;0;13;0;0;0;0;0;0;0;0;0;0;0;0;0;0;0;0;0;0;0;0;0;0;0;0;0;0;0;0;0;0;0;0;0;0;0;0;0;0;0;0;0;0;0;0;0;0;0;0;0;0;0;0;0;13;0;0;0;0;0;0;0;0;0;0;0;0;0;0;0;0;0;0;0;0;0
0;0;0;0;0;0;0;0;0;0;0;0;0;0;0;0;0;0;13;0;0;0;0;0;0;13;0;0;0;0;0;0;0;0;0;0;0;0;0;0;0;0;0;0;0;0;0;0;0;0;0;0;0;0;0;0;0;0;0;0;13;0;0;0;0;0;0;0;0;0;0;0;13;0;0;0;0;0;0;0;0;0;0;0;13;13;13;13;0;0;13;13;0;0;0;0;0;13;0;0;0;0;0;13;0;0;0;0;13;0;0;0;0;0;0;0;0;0;0;0;0;0;0;13;13;13;0;0;0;0;0;0;0;0;0;0;13;0;0;0;0;13;0;0;0;13;0;0;0;0;0;0;0;0;0;0;0;0;0;0;0;0;0;0;0;0;0;0;0;0;0;0;0;0;0;0;0;0;0;0;0;0;0;0;0;0;0;0;0;0;0;0;0;0;0;0;0;0;0;0;0;0;0;0;0;0;0;0;0;0;0;0;0;0;0;0;0;0;0;0;0;0;0;0;0;0;0;0;0;0;0
0;0;0;0;0;0;0;0;0;0;0;0;0;0;0;0;0;0;0;0;0;0;0;0;0;0;0;0;0;0;0;0;0;0;0;0;0;0;13;0;13;0;0;0;0;0;0;0;13;0;13;13;0;13;13;0;0;0;0;0;0;13;0;0;0;13;0;0;0;0;0;13;0;13;14;13;13;0;13;0;0;13;0;0;0;14;0;0;13;0;0;0;0;0;0;0;0;0;0;13;0;0;13;13;0;0;0;0;0;0;0;0;0;0;0;13;0;0;0;0;0;0;0;0;13;0;0;13;13;0;13;0;0;0;0;13;13;0;0;0;0;0;0;0;0;13;13;0;0;0;0;0;0;0;0;0;0;0;0;0;0;0;0;0;0;0;0;0;0;0;0;0;0;0;0;0;0;0;0;0;0;13;0;0;0;0;0;0;0;0;0;0;0;0;0;0;0;0;0;0;0;0;0;0;0;0;0;0;0;0;0;0;0;0;0;0;0;0;0;0;0;0;0;0;0;0;0;0;0;0;0
0;0;0;0;0;0;0;0;0;0;0;0;0;0;0;0;0;0;0;0;0;0;0;0;0;0;0;0;0;0;0;0;0;0;0;0;0;0;13;13;13;0;0;0;0;0;0;0;0;0;13;13;0;13;13;0;13;0;13;0;0;0;0;0;13;0;0;0;0;0;0;0;13;13;0;13;13;0;0;13;13;0;13;13;13;13;0;0;0;13;0;0;0;0;0;0;0;0;0;0;0;0;0;0;0;13;0;0;0;0;0;0;0;13;0;13;0;13;0;0;0;0;0;0;13;0;0;0;13;13;0;0;0;0;0;0;13;0;0;0;0;0;0;0;0;0;0;0;0;0;0;0;0;0;0;0;0;0;0;0;0;0;0;0;0;0;0;0;0;0;0;0;0;0;0;0;0;0;0;0;0;0;0;0;0;0;0;0;0;0;0;0;0;0;0;0;0;0;0;0;0;0;0;0;0;0;0;0;0;0;0;0;0;0;0;0;0;0;0;0;13;0;0;0;0;0;0;0;0;0;0
0;0;0;0;0;0;0;0;0;0;0;0;0;0;0;0;0;0;0;0;0;0;0;0;0;0;0;0;0;0;0;0;13;0;0;0;0;0;0;13;0;0;0;0;0;0;0;0;0;13;0;0;0;0;13;13;14;13;13;0;0;0;0;0;0;0;13;0;13;13;13;0;0;0;14;13;13;0;0;13;14;13;13;14;0;13;0;14;0;13;13;0;0;13;0;0;0;0;0;0;0;13;13;13;0;0;0;13;13;0;0;0;0;0;0;0;0;13;0;0;0;0;0;0;0;0;0;0;13;13;0;0;0;0;0;0;13;13;0;0;0;0;0;0;0;0;0;0;0;0;0;13;0;0;0;0;0;0;0;0;0;0;0;0;0;0;0;0;0;0;0;0;0;0;0;0;0;0;0;0;0;0;0;0;0;0;0;0;0;0;0;0;0;0;0;0;0;0;0;0;0;0;0;0;0;0;0;0;0;0;0;0;0;0;0;0;0;0;0;0;0;0;0;0;0;0;0;0;0;0;0
0;0;0;0;0;0;0;0;0;0;0;0;0;0;0;0;0;0;0;0;0;0;0;0;0;0;0;0;13;0;0;0;0;13;0;0;0;0;0;13;13;0;0;0;0;0;13;0;0;0;0;0;0;13;13;13;13;13;13;13;13;0;0;0;0;0;0;13;13;13;0;0;0;13;13;13;13;13;0;14;14;13;13;13;0;13;0;0;0;0;0;13;0;0;0;0;0;0;0;0;0;0;0;13;0;0;0;13;0;0;0;0;0;0;0;0;0;13;0;13;0;0;13;0;13;13;0;0;13;13;13;0;13;0;0;0;13;0;0;0;0;0;0;0;0;0;0;0;0;0;0;0;0;0;0;0;0;0;0;0;0;0;0;0;0;0;0;0;0;0;0;0;0;0;0;0;0;0;0;0;0;0;0;0;0;0;0;0;0;0;0;0;0;0;0;0;0;0;0;0;0;0;0;0;0;0;0;0;0;0;0;0;0;0;0;0;0;0;0;0;0;0;0;0;0;0;0;0;0;0;0
0;0;0;0;0;0;0;0;0;0;0;0;0;0;0;0;13;0;0;0;0;0;0;0;0;0;0;0;0;0;0;0;0;0;0;0;0;0;0;0;0;0;0;0;13;0;0;0;0;0;0;0;13;13;13;13;13;13;13;13;0;0;0;0;0;0;13;13;13;13;0;0;0;0;0;13;13;13;13;13;13;13;0;13;13;13;0;0;13;13;0;0;0;0;0;0;0;0;0;0;0;0;0;13;13;13;0;0;0;0;0;0;0;0;0;0;14;0;0;0;13;13;13;0;0;0;13;13;0;0;0;0;13;13;0;0;13;0;0;0;0;0;0;0;0;0;0;0;0;0;0;0;0;0;0;0;0;0;0;0;0;0;0;0;0;0;0;13;0;0;0;0;0;0;0;0;0;0;0;0;0;0;0;0;0;0;0;0;0;0;0;0;0;0;0;0;0;0;0;0;0;0;0;0;0;0;0;0;0;0;0;0;0;0;0;0;0;0;0;0;0;0;0;0;0;0;0;0;0;0;0
0;0;0;0;0;0;0;0;0;0;0;0;0;0;0;0;0;0;0;0;0;0;0;13;0;0;0;0;0;0;0;0;0;0;0;0;0;0;0;0;0;0;0;0;0;0;0;13;0;0;0;0;13;0;13;13;13;13;13;13;0;0;0;0;0;0;0;0;0;13;0;13;13;0;13;13;13;13;13;13;13;13;13;13;13;13;0;0;0;13;0;0;0;0;0;0;0;0;0;13;13;0;13;13;13;13;0;0;0;0;13;0;13;0;0;0;13;0;0;13;13;0;13;13;0;13;13;13;13;13;0;0;13;13;13;0;13;13;0;0;0;0;0;13;0;0;0;0;0;0;0;0;0;0;0;0;0;0;13;0;0;0;0;0;0;0;0;0;0;0;0;0;0;0;0;0;0;0;0;0;0;0;13;0;0;0;0;0;0;0;0;0;0;0;0;0;0;0;0;0;0;0;0;0;0;0;0;0;0;0;0;0;0;0;0;0;0;13;0;0;0;0;0;0;0;0;0;0;0;0;0
0;0;0;0;0;0;0;0;0;0;0;0;0;0;0;0;0;0;0;0;0;0;0;0;0;13;0;0;0;0;0;0;0;0;0;0;13;0;0;0;0;0;0;13;0;0;0;13;13;13;0;0;13;0;13;0;0;0;0;0;13;0;0;0;0;0;0;13;0;0;0;0;13;0;14;13;0;13;0;0;13;13;13;0;0;13;13;13;0;0;13;13;0;0;0;0;0;0;13;13;13;0;13;0;13;0;0;0;0;0;0;0;0;0;0;13;13;13;13;13;13;13;13;13;13;0;13;13;13;0;0;13;13;14;13;13;0;0;0;13;0;0;0;13;0;0;0;0;0;0;0;0;0;0;0;0;0;0;0;0;0;0;0;0;0;0;0;0;0;0;0;0;0;0;0;0;0;0;0;0;0;0;0;0;0;0;0;0;0;0;0;0;0;0;0;0;0;0;0;0;0;0;0;0;0;0;0;0;0;0;0;0;0;0;0;0;0;0;0;0;0;0;0;0;0;0;0;0;0;0;0
0;0;0;0;0;0;0;0;0;0;0;0;0;0;0;0;0;0;0;0;0;0;0;0;0;0;0;0;0;0;0;0;0;0;13;0;0;0;0;0;0;0;0;0;0;0;0;0;0;13;0;0;13;13;13;0;0;13;0;0;0;0;0;0;0;0;0;13;13;0;0;0;13;13;14;13;13;13;0;13;13;13;0;13;13;13;13;13;0;0;13;13;0;0;0;0;13;13;0;0;0;0;13;0;0;0;0;0;0;13;0;0;0;0;0;0;0;0;0;0;13;0;13;0;13;13;0;0;13;0;13;14;14;13;13;13;13;0;0;0;0;0;0;0;0;0;0;13;0;0;13;0;0;0;0;0;0;0;0;0;0;0;0;0;0;0;0;0;0;13;0;0;0;0;0;0;0;0;0;0;0;0;0;0;0;0;0;0;0;0;0;0;0;0;0;0;0;0;0;0;0;0;0;0;0;0;0;0;0;0;0;0;0;0;0;0;0;0;0;0;0;0;0;0;0;0;0;0;0;0;0
0;0;0;0;0;0;0;0;0;0;0;0;0;0;0;0;0;0;0;0;0;0;0;0;0;0;0;0;0;13;0;0;0;0;0;0;0;0;0;0;0;0;0;0;0;13;0;13;0;0;0;0;13;13;0;13;0;0;13;0;0;0;0;0;13;0;0;0;13;13;13;14;14;13;14;13;0;13;13;13;0;0;0;13;13;13;13;0;13;13;13;0;0;0;0;13;0;13;0;0;13;13;13;13;13;0;13;13;0;0;0;13;0;0;0;13;0;13;13;13;13;0;13;0;13;13;13;13;14;13;14;13;13;13;13;0;13;13;13;13;13;0;0;0;0;0;0;0;0;0;0;0;0;0;0;0;0;0;0;0;0;0;0;0;0;0;0;0;0;0;0;0;13;0;0;0;0;0;0;0;0;0;0;0;0;0;0;0;0;0;0;0;0;0;0;0;0;0;0;0;0;0;0;0;0;0;0;13;0;0;0;0;0;0;0;0;0;0;0;0;0;0;0;0;0;0;0;0;0;0;0
0;0;0;0;0;0;0;0;0;0;0;0;0;0;0;0;0;0;0;0;0;0;0;0;0;0;0;0;0;0;0;0;0;0;0;0;0;0;0;13;0;0;0;0;0;0;0;0;0;0;13;13;13;13;13;0;13;0;0;0;0;0;0;0;0;0;0;0;13;0;0;0;13;0;13;13;0;13;13;0;13;13;13;0;13;13;0;0;0;13;0;0;0;0;0;0;0;13;0;0;13;0;13;13;0;13;13;0;13;13;13;0;0;0;0;13;0;0;0;0;13;13;13;13;13;13;14;14;13;0;13;13;13;13;13;13;13;0;0;13;13;0;0;0;0;0;0;0;0;0;0;0;13;0;0;0;0;0;0;0;0;0;0;0;0;0;0;0;0;0;0;0;0;0;0;0;0;0;0;0;0;0;0;0;0;0;0;0;0;0;0;0;0;0;0;0;0;0;0;0;0;0;0;0;0;0;0;0;0;0;0;0;0;0;0;13;0;0;0;0;0;0;0;0;0;0;0;0;0;0;0
0;13;0;0;0;0;0;0;0;0;0;0;0;0;0;0;0;0;0;0;0;0;0;0;0;0;0;0;0;0;0;0;0;0;0;0;0;13;0;0;0;0;13;13;0;0;0;0;0;0;0;0;13;0;13;0;0;13;0;0;13;13;0;0;0;0;0;0;13;0;0;0;13;13;13;13;13;13;13;13;13;13;13;0;13;0;0;0;0;13;0;0;0;0;0;0;13;13;13;0;0;0;0;13;0;13;13;13;13;13;0;0;13;0;13;13;13;0;0;13;13;13;13;0;13;13;13;13;14;14;13;13;13;0;13;13;13;13;13;0;0;0;0;0;13;0;0;0;0;0;13;0;0;13;0;0;0;0;0;0;0;0;0;0;0;0;0;0;0;0;0;0;0;0;0;0;0;0;0;0;0;0;0;0;0;0;0;0;0;0;0;0;0;0;0;0;0;0;0;0;0;13;0;0;0;0;0;0;0;0;0;0;0;0;0;0;0;0;0;0;0;0;13;0;0;0;0;0;0;0;0
0;0;0;0;0;0;0;0;0;0;13;0;0;0;0;0;0;13;0;0;0;0;0;0;0;0;0;0;0;0;0;0;0;0;13;0;0;0;0;0;0;13;0;0;0;0;0;0;0;0;0;0;13;13;13;13;0;0;13;13;13;13;0;0;0;0;0;13;0;0;0;13;0;0;0;0;0;0;0;13;13;13;13;13;13;0;0;0;0;0;0;0;13;13;13;13;0;13;0;13;0;0;13;13;0;0;13;13;0;0;13;13;13;0;13;13;0;13;0;0;13;13;13;13;13;0;13;13;13;13;13;13;13;13;0;0;13;13;13;13;13;0;0;0;0;0;0;0;0;0;0;0;0;0;0;0;0;0;0;0;0;0;0;0;0;0;0;0;0;0;0;0;0;0;0;0;0;0;0;0;0;0;0;0;0;0;0;0;0;13;0;0;0;0;0;0;0;0;0;0;0;0;0;0;0;0;0;0;0;0;0;0;0;0;0;0;0;0;0;0;0;0;0;0;0;0;0;0;0;0;14
0;0;0;0;0;0;0;0;0;0;0;0;0;0;0;0;0;0;0;0;0;0;0;0;0;0;0;0;0;0;0;0;0;0;13;0;0;0;0;0;0;0;0;0;0;0;0;0;0;0;0;0;0;13;13;13;0;0;0;0;0;0;0;0;0;0;0;13;13;0;0;0;0;13;13;13;14;0;13;13;13;13;13;0;13;0;0;0;0;0;0;0;13;13;0;0;0;13;0;0;13;13;13;13;0;0;0;0;0;0;13;13;0;0;0;13;13;13;0;0;13;13;13;13;13;0;13;0;13;13;13;13;0;13;13;14;14;13;13;0;0;0;0;0;0;0;0;0;0;0;0;0;0;0;13;0;0;0;13;0;0;0;0;0;0;0;0;0;0;0;0;0;0;0;0;0;0;0;0;0;0;0;0;0;0;0;0;0;0;0;0;0;13;0;0;0;0;0;0;0;0;0;0;0;0;0;0;0;0;0;0;0;0;0;0;0;0;0;0;0;0;0;0;0;0;0;0;0;0;0;0
0;0;0;0;0;0;0;0;0;0;0;0;0;0;0;0;0;0;0;0;0;0;0;0;0;0;0;0;0;0;0;0;0;0;0;0;0;0;0;0;0;0;0;0;0;0;13;0;0;0;0;0;13;13;0;0;0;13;0;13;0;0;0;0;0;0;0;0;0;0;0;0;0;0;13;13;13;13;13;14;0;13;0;13;13;0;0;0;13;13;0;13;13;13;0;0;0;0;0;0;13;0;13;13;0;13;13;0;13;0;13;13;0;0;14;14;13;13;0;0;13;13;13;13;13;0;13;13;0;13;13;13;13;14;14;14;13;0;0;0;0;0;0;0;0;0;0;0;0;0;0;0;0;0;0;0;0;0;0;0;0;0;0;0;0;0;0;0;0;0;0;0;0;0;0;0;0;0;0;0;0;0;0;0;0;0;0;0;0;0;0;0;0;0;0;0;0;0;0;0;0;0;0;0;0;0;0;0;0;0;0;0;0;0;0;0;0;0;0;0;0;0;0;0;0;0;0;0;0;13;0
0;0;0;0;0;0;0;0;0;0;0;0;0;0;0;0;0;0;0;0;13;0;0;0;0;0;0;0;0;0;0;0;0;13;0;0;0;0;0;0;0;0;0;0;0;0;0;0;13;0;0;13;13;13;14;0;0;0;0;0;0;0;0;0;0;13;0;0;0;13;13;0;0;13;13;0;0;0;0;13;13;14;14;13;13;0;0;0;0;13;0;0;13;0;0;0;0;0;0;13;13;13;13;0;0;0;0;0;0;13;13;13;0;0;13;0;0;0;0;0;0;13;14;13;13;0;13;0;0;0;13;13;13;14;13;13;13;13;0;0;13;13;0;0;0;0;0;0;0;0;0;0;0;14;13;13;13;0;0;0;0;0;0;0;0;0;0;0;0;0;0;0;0;0;0;0;0;0;0;0;0;0;0;0;0;0;0;0;0;0;0;0;0;0;0;0;0;0;0;0;0;0;0;0;0;0;0;0;0;0;0;0;0;0;0;0;0;0;0;0;13;0;0;13;0;0;0;0;0;0;0
0;0;0;0;0;0;0;0;0;0;0;0;0;0;0;0;0;0;0;0;0;0;0;0;0;0;0;0;0;0;0;0;0;0;0;0;0;0;0;0;0;13;0;0;13;0;0;0;0;0;0;13;0;13;13;13;13;0;13;0;0;0;13;0;0;13;13;13;13;13;13;13;0;13;13;13;13;13;0;13;13;13;0;0;13;13;0;0;0;0;0;0;13;0;0;13;0;0;0;13;13;13;13;0;0;0;0;13;13;13;14;0;0;0;13;13;13;0;0;0;0;0;13;13;13;13;0;0;13;13;13;13;13;13;14;13;13;13;0;0;0;0;0;0;13;0;0;0;0;0;0;13;0;0;0;14;0;0;0;0;0;0;0;0;0;0;0;0;0;0;0;0;0;0;0;0;0;0;0;0;0;0;0;0;0;0;0;0;0;0;0;0;0;0;0;0;0;0;0;0;0;0;0;0;0;0;0;0;0;0;13;0;0;0;0;0;0;0;0;0;0;0;0;0;0;0;0;0;0;0;0
0;0;0;0;0;13;0;0;0;0;0;0;0;0;0;13;0;0;0;0;0;0;0;0;0;0;0;0;0;0;0;0;0;0;0;0;0;0;0;0;0;13;0;0;0;0;0;0;0;0;13;13;13;13;13;13;0;13;13;0;0;0;13;0;0;0;13;0;0;0;0;0;0;14;14;13;13;13;13;13;13;0;0;13;13;13;13;0;13;0;0;13;13;0;0;0;0;0;0;13;13;13;13;13;0;13;13;13;0;13;13;13;13;0;13;13;13;13;13;0;0;0;0;0;0;0;0;13;13;13;13;13;14;13;13;0;13;13;13;0;0;13;13;0;0;13;0;0;0;0;0;0;0;0;0;0;0;13;0;0;0;0;0;0;0;0;0;0;0;0;0;0;0;0;0;0;0;0;0;0;0;0;0;0;0;0;0;0;0;0;0;0;0;0;0;0;0;0;0;0;0;0;0;0;0;0;0;0;0;0;0;0;0;0;0;0;0;0;13;0;0;0;13;0;0;0;0;0;0;0;0
0;13;0;0;0;0;0;0;0;0;0;0;0;0;0;0;0;0;0;0;0;0;0;0;0;0;0;0;0;0;0;0;0;0;0;0;0;0;0;13;0;0;0;0;0;0;0;0;0;0;13;0;13;0;0;13;0;0;13;0;0;0;0;0;0;0;0;0;0;13;0;0;13;13;13;13;13;13;0;13;13;0;0;13;13;13;0;0;0;0;0;0;0;0;0;0;0;0;0;13;0;0;0;0;13;0;0;13;13;13;0;0;0;0;0;13;13;13;13;13;13;13;0;13;0;0;0;13;13;13;13;13;13;14;13;0;0;0;0;13;0;13;0;0;0;0;0;0;0;0;0;0;13;13;0;0;13;0;0;0;0;0;0;0;0;0;0;0;0;0;0;0;0;0;0;0;0;0;0;0;0;0;0;0;13;0;0;0;0;0;0;0;0;0;0;0;0;0;0;0;0;0;0;0;13;0;0;0;0;0;0;0;0;0;0;0;0;0;0;0;0;0;0;0;0;0;0;0;0;0;0
0;0;0;0;0;0;0;0;0;0;0;0;0;0;0;0;0;0;0;0;0;0;0;0;0;0;0;0;0;0;0;0;0;0;0;0;0;0;0;0;0;0;0;0;0;0;0;0;0;0;0;0;13;13;13;0;0;0;14;0;0;13;0;0;0;13;0;13;0;0;0;0;0;13;0;13;0;13;0;13;13;0;0;13;13;13;0;0;13;13;0;0;13;0;13;0;0;13;13;13;0;0;13;0;13;0;0;0;13;13;13;0;0;0;0;0;13;13;13;13;13;13;13;0;13;13;13;13;13;13;0;13;13;13;13;0;13;0;0;0;0;0;0;0;13;0;0;0;0;0;0;0;0;0;0;0;0;0;0;0;0;0;0;0;0;0;0;0;0;0;0;0;0;0;0;0;0;0;0;0;0;0;0;0;0;0;0;0;0;0;0;0;0;0;0;0;0;0;0;0;13;0;0;0;0;0;0;0;0;0;0;0;0;0;0;0;0;0;0;0;0;0;0;0;0;0;0;0;0;0;0
0;0;0;0;0;0;0;0;0;0;0;0;0;0;0;0;0;0;0;0;0;0;0;0;0;0;0;0;0;0;0;0;0;0;0;0;0;0;0;0;0;0;0;0;0;0;0;0;0;0;13;0;0;0;13;13;13;13;13;0;13;0;0;0;0;0;13;0;0;13;0;0;0;13;13;13;0;13;0;0;0;0;0;13;0;0;13;14;13;13;0;0;0;0;13;0;0;13;0;0;13;0;0;0;0;0;0;0;0;13;13;13;0;0;13;0;13;13;0;13;13;0;13;13;13;14;13;13;13;0;0;0;13;13;14;13;13;0;0;13;13;13;0;0;0;0;0;0;13;13;0;0;0;0;0;0;0;0;0;0;0;0;0;0;0;0;0;0;0;13;0;0;0;0;0;0;0;0;0;0;0;0;0;0;0;0;0;0;0;0;13;0;0;0;0;0;0;0;0;0;0;0;0;0;0;0;0;0;0;0;0;0;0;0;0;0;0;0;0;0;0;0;0;0;0;0;0;0;0;0;0
0;0;0;0;0;0;0;0;0;0;0;0;13;0;0;0;0;0;0;0;0;0;0;0;0;0;0;0;0;0;0;0;0;0;0;0;0;0;0;0;0;0;0;0;0;0;0;0;13;13;0;0;13;0;0;0;13;0;0;0;13;13;0;0;0;0;13;0;0;13;13;0;13;13;0;13;0;13;13;0;0;0;0;0;0;0;13;13;13;0;0;0;0;0;0;0;13;0;0;0;13;13;0;13;13;13;13;13;13;13;13;13;13;13;13;13;14;13;13;0;0;13;13;0;13;14;13;14;13;0;0;13;13;14;0;13;13;13;13;13;0;0;0;13;0;0;0;0;13;0;0;0;0;14;0;0;0;0;0;0;0;0;0;0;0;0;0;0;0;0;0;0;0;0;0;0;0;0;0;0;0;0;0;0;0;0;0;0;13;0;0;0;13;13;0;0;0;0;0;0;0;13;0;0;0;0;0;0;0;0;0;0;0;0;0;0;0;0;0;0;0;0;0;0;0;0;0;0;0;0;0
0;0;0;0;0;0;0;0;0;0;0;0;0;0;0;0;0;0;0;0;0;0;0;0;13;0;0;13;0;0;0;0;0;0;0;0;0;13;0;0;0;0;0;0;0;13;13;0;13;0;0;13;13;0;0;0;13;0;0;0;0;13;0;0;0;13;13;0;0;13;13;0;0;0;0;0;0;0;13;0;0;0;0;13;0;0;0;0;0;0;0;0;0;0;0;0;13;0;0;0;13;13;0;0;13;13;0;0;0;0;0;0;0;0;0;0;0;13;13;0;0;0;0;13;13;13;0;0;13;13;13;13;14;13;13;13;0;13;13;13;0;13;13;13;0;0;0;0;0;0;0;0;0;0;0;0;0;0;0;0;0;0;0;0;0;13;0;0;0;0;0;0;0;0;0;0;0;0;0;0;0;0;0;0;0;0;0;0;0;0;0;0;0;0;0;13;0;0;0;0;0;0;0;0;0;0;0;0;0;0;0;0;0;0;0;0;0;0;0;0;0;0;0;0;0;0;0;0;0;0;0
0;0;0;0;0;0;0;0;0;0;0;0;0;0;0;0;0;0;0;0;0;0;0;0;0;0;13;13;0;0;13;0;0;0;13;0;0;0;0;0;0;0;0;0;13;13;13;0;0;0;13;13;13;0;0;13;13;13;13;0;0;0;0;0;0;0;0;0;0;13;13;0;0;0;0;0;0;0;0;0;0;0;13;13;0;13;13;13;13;0;0;0;0;0;13;0;13;13;0;0;13;0;0;13;0;0;0;13;0;0;0;0;0;13;0;13;0;0;13;0;13;13;0;0;0;0;13;14;13;13;13;13;13;13;13;14;13;0;13;0;0;13;0;13;13;0;0;0;0;0;0;13;13;0;0;0;0;0;0;0;0;0;0;0;0;0;0;0;0;0;0;0;0;0;0;0;0;0;0;0;0;0;0;0;0;0;0;0;0;0;0;0;0;0;0;0;0;0;0;0;0;0;0;0;0;0;0;0;0;0;0;0;0;0;0;0;13;0;0;0;0;0;0;0;0;0;0;0;0;0;0
0;0;0;0;0;0;0;0;0;0;0;0;0;0;0;0;0;0;0;0;0;13;0;0;0;0;13;13;0;0;0;0;0;0;0;0;0;0;0;0;0;0;13;0;0;0;13;13;13;13;13;13;13;0;0;0;0;0;0;0;0;0;0;0;13;13;0;0;0;0;0;0;0;0;13;13;13;13;0;0;0;0;13;14;0;13;0;13;0;0;0;0;0;0;0;0;13;0;0;0;0;13;0;0;14;0;13;13;0;0;0;0;0;0;0;13;0;0;0;0;13;0;13;13;0;13;13;13;13;13;13;0;13;13;0;0;13;0;0;0;0;13;0;13;0;0;0;0;0;0;0;0;0;0;13;0;0;0;0;0;0;0;0;0;0;0;0;0;0;0;0;0;0;0;0;0;0;0;0;0;0;0;0;0;0;0;0;0;0;0;0;0;0;0;0;0;0;0;0;0;0;0;0;0;0;0;13;0;0;0;0;0;0;0;0;0;0;0;0;0;0;0;0;0;0;0;0;0;0;0;0
0;0;0;0;0;0;0;0;0;0;0;0;0;0;0;0;0;0;0;0;0;0;0;0;0;0;0;13;13;13;0;0;0;0;0;0;0;0;0;0;0;0;0;0;0;0;0;0;0;0;0;0;13;0;0;13;13;0;0;0;0;0;0;0;0;0;0;0;0;0;0;0;13;0;13;13;13;13;14;13;13;0;0;13;13;13;13;13;13;0;13;0;13;0;0;0;0;0;0;0;0;13;13;0;13;13;0;0;0;0;0;0;0;0;0;13;0;0;13;13;13;0;0;0;0;13;0;13;0;0;13;13;13;0;0;13;0;13;13;0;13;0;0;0;0;0;0;0;0;0;0;0;0;0;13;0;0;0;0;0;0;0;0;0;0;0;0;0;0;0;0;0;0;0;0;0;0;0;0;0;0;0;0;0;0;0;0;0;0;0;0;0;0;0;0;0;0;0;0;0;0;0;0;0;0;0;0;0;0;0;0;0;0;0;0;0;0;0;0;0;0;0;0;0;0;0;0;0;0;0;0
0;0;0;0;0;0;0;0;0;0;0;0;0;0;0;0;0;0;0;0;0;0;0;0;0;0;0;0;0;13;0;0;0;0;0;0;0;0;0;0;0;0;0;0;0;0;0;0;13;0;0;0;0;0;13;0;0;0;0;0;0;0;0;0;0;0;0;0;0;0;0;0;0;0;0;0;0;0;13;0;13;13;0;13;13;13;0;13;0;13;13;0;0;13;13;13;0;13;0;0;0;13;13;13;0;13;0;0;0;13;0;0;13;0;0;13;0;0;0;0;0;0;0;13;0;13;0;0;0;13;13;0;13;13;0;13;0;0;13;13;0;0;0;0;0;0;0;0;0;0;0;0;0;0;0;13;0;0;13;0;0;0;0;0;0;0;0;0;0;0;0;0;0;0;0;0;0;0;0;0;0;0;0;0;0;0;0;0;0;0;0;0;0;0;0;0;0;0;0;0;0;0;0;0;0;0;0;0;0;0;0;0;0;0;0;0;0;0;0;0;0;0;0;0;0;0;0;0;0;0;0
0;0;0;0;0;0;0;0;0;0;0;0;0;0;0;0;0;0;0;0;0;0;0;0;0;0;0;0;0;13;0;0;0;0;0;0;0;0;0;0;0;0;0;0;13;0;0;0;13;0;13;0;0;13;0;0;0;0;0;0;0;0;0;0;0;0;0;0;0;0;0;0;0;0;13;0;0;13;13;0;13;0;0;0;13;13;13;14;0;0;13;0;0;0;0;13;13;0;0;0;0;0;0;0;0;0;0;13;0;0;0;13;0;0;0;13;0;13;13;13;13;13;0;13;13;13;13;0;14;13;0;13;13;13;13;13;13;0;13;13;0;0;0;0;0;13;0;0;0;0;0;13;0;13;0;14;0;0;0;0;0;0;0;0;0;0;0;0;0;0;0;0;0;0;0;0;0;0;0;0;0;0;0;0;0;0;0;0;0;0;0;0;0;0;0;0;0;0;0;0;0;0;0;0;0;0;0;0;0;0;0;0;0;0;0;0;0;0;0;0;0;0;0;0;0;0;0;0;0;0;0
0;0;0;0;0;0;0;0;0;0;0;0;0;0;0;0;0;0;0;0;0;0;0;0;0;0;0;0;0;0;0;0;0;0;0;0;0;0;0;0;13;0;0;0;13;0;0;0;0;13;0;0;0;13;0;0;0;13;0;0;0;0;13;0;13;0;0;0;0;0;0;0;13;0;0;0;0;0;13;0;0;13;13;13;0;0;0;13;13;0;13;0;0;0;0;0;0;0;0;0;0;0;0;0;0;0;0;0;0;0;0;13;0;0;0;0;0;0;0;0;14;13;0;0;0;0;14;13;13;13;0;13;13;13;14;14;13;13;0;0;0;13;13;0;0;0;0;0;0;0;0;0;0;13;0;0;0;0;0;0;0;0;0;0;0;0;0;0;0;0;0;0;0;0;0;0;0;0;0;0;0;0;0;0;0;0;0;0;0;0;0;0;0;0;0;0;0;0;0;0;0;0;0;0;0;0;0;0;0;0;0;0;13;0;0;0;0;0;0;0;0;0;0;0;0;0;0;0;0;0;0
0;0;0;0;0;0;0;0;0;0;13;0;0;0;0;0;0;0;0;0;0;0;0;0;0;0;0;0;0;0;0;0;0;0;0;0;0;0;0;0;0;0;0;0;13;0;0;0;0;0;0;0;0;0;0;0;0;0;0;0;0;0;0;0;0;0;0;0;0;13;0;0;0;13;13;14;13;13;0;13;0;13;0;13;13;13;0;0;0;13;13;0;13;13;0;13;0;0;0;0;0;0;13;13;0;0;0;0;0;0;0;0;0;0;0;0;0;0;0;0;0;13;13;0;0;0;13;13;13;13;13;13;13;0;0;13;13;13;0;0;0;13;0;0;13;13;0;0;0;0;0;0;0;0;0;0;0;13;0;0;0;0;0;0;0;0;0;0;0;0;0;0;0;0;0;0;0;0;0;0;0;0;0;0;0;0;0;0;0;0;0;0;0;0;0;0;0;0;0;0;0;0;0;0;0;0;0;0;0;0;0;0;0;0;0;0;0;0;0;0;0;0;0;0;0;0;0;0;0;0;0
0;0;0;0;0;0;0;0;13;0;0;0;0;0;0;0;0;0;0;0;0;0;0;0;0;0;0;0;0;0;0;0;0;0;0;0;0;0;0;0;0;0;0;13;13;13;13;13;13;0;0;0;13;0;0;0;13;0;0;0;0;0;0;0;0;0;0;0;0;0;0;0;13;13;0;13;13;13;13;13;0;13;13;0;0;0;0;13;0;13;0;0;13;13;0;0;0;0;0;0;13;0;0;0;0;0;0;0;13;0;13;0;0;13;0;0;0;0;13;0;0;13;13;0;13;13;13;13;0;13;13;0;13;13;13;13;13;13;0;13;13;13;13;0;13;13;0;0;0;0;0;0;0;0;0;0;0;0;0;0;0;0;0;0;0;0;0;0;0;13;0;0;0;0;0;0;0;0;0;0;0;0;0;0;0;0;0;0;0;0;0;0;0;0;0;0;0;0;0;0;0;0;0;0;0;0;0;0;0;0;0;0;0;0;0;0;0;0;0;0;0;0;0;0;13;0;0;0;0;0;0
0;0;0;0;0;0;0;0;0;0;0;0;0;0;0;0;0;0;0;0;0;0;0;0;0;13;0;0;0;0;0;0;0;0;0;0;0;0;0;0;0;13;13;13;13;0;0;0;13;13;0;0;13;0;0;13;13;0;0;0;0;0;0;13;0;0;0;0;0;13;0;13;13;0;0;13;13;0;0;13;13;0;0;13;0;0;13;0;0;0;0;0;0;13;13;13;13;13;13;0;13;13;0;0;0;0;0;13;0;0;0;0;0;13;0;0;0;13;13;13;13;13;13;13;0;0;13;13;13;0;13;13;13;14;13;0;0;13;0;13;13;13;13;13;13;13;0;0;0;0;0;0;0;0;0;0;0;0;0;0;0;0;0;0;0;0;0;0;0;0;0;0;0;0;0;0;0;0;0;0;0;0;0;0;0;0;0;0;0;0;0;0;0;0;0;0;0;0;0;0;0;0;0;0;0;0;0;0;0;0;0;0;0;0;0;0;0;0;0;0;0;0;0;0;0;0;0;0;0;0;0
0;0;0;0;0;0;0;0;0;0;0;0;0;0;0;0;0;0;0;0;0;0;0;0;0;0;0;0;13;0;0;0;0;0;0;0;0;0;0;0;0;0;0;0;0;0;0;0;0;13;13;13;0;0;0;0;13;0;0;0;0;0;0;0;0;0;0;0;0;0;0;13;0;0;13;0;13;0;0;13;0;0;13;0;0;13;0;13;13;0;0;0;0;0;0;13;0;0;0;0;0;0;13;0;0;0;0;0;0;0;13;0;0;0;0;0;13;0;0;13;0;0;0;13;0;0;0;14;13;13;13;13;0;0;13;13;13;0;0;13;14;13;0;0;0;0;0;0;0;0;0;0;0;0;13;0;0;0;0;0;0;0;0;0;0;0;0;0;0;0;0;13;0;0;0;0;0;0;0;0;0;0;0;0;0;0;0;0;0;0;0;0;0;0;0;0;0;0;0;0;0;0;0;0;0;0;0;0;0;0;0;0;0;0;0;0;0;0;0;0;0;0;0;0;0;0;0;0;0;0;0
0;0;0;0;0;0;0;0;0;0;0;0;0;0;0;0;0;0;0;0;0;0;0;0;0;0;0;0;0;0;0;0;0;0;0;0;0;0;0;0;0;0;0;0;0;0;0;0;0;0;0;0;0;0;0;0;0;0;0;0;0;0;0;0;0;0;0;0;0;13;0;13;13;0;0;13;0;0;0;0;0;13;13;0;13;13;13;13;13;13;0;0;0;0;0;0;0;0;0;13;0;0;0;0;0;0;0;13;0;0;0;0;0;13;13;13;13;0;0;0;0;0;0;0;0;0;0;13;13;13;13;13;13;0;13;13;13;13;13;13;13;14;0;0;0;0;0;0;0;0;0;0;13;13;0;0;0;0;0;13;0;0;0;0;0;0;0;0;0;0;0;0;0;0;0;0;0;0;0;0;0;0;0;0;0;0;0;0;0;0;0;0;0;0;0;0;0;0;0;0;0;0;0;0;0;0;0;0;0;0;0;0;0;0;0;0;0;13;0;0;0;0;0;0;0;0;0;0;0;0;0
0;0;0;0;0;0;0;0;0;0;0;0;0;0;0;0;0;0;0;0;0;0;0;0;0;0;0;0;0;0;0;0;0;0;0;0;0;0;0;0;0;0;0;0;0;0;0;0;0;0;0;13;13;0;0;0;0;0;0;13;13;0;0;0;0;0;0;0;0;0;0;0;0;13;13;13;0;0;0;0;13;13;13;0;0;0;13;0;0;0;0;0;0;0;0;0;0;0;0;0;0;13;0;0;0;0;0;13;0;13;0;0;0;0;0;0;13;0;13;0;0;0;13;0;0;0;0;13;14;13;13;0;0;0;13;0;13;13;0;13;0;0;14;0;0;13;0;0;0;0;0;0;0;0;0;0;0;0;0;0;0;0;0;0;0;0;0;0;0;0;0;0;0;0;0;0;0;0;0;0;0;0;0;0;0;0;0;0;0;0;0;0;0;13;0;0;0;0;0;0;0;13;0;0;0;0;0;0;0;0;0;0;0;0;0;0;0;0;0;0;0;0;0;0;0;0;0;0;0;0;0
0;0;0;0;0;0;0;0;0;0;0;0;0;0;0;0;0;0;0;0;0;0;0;0;0;0;0;0;0;0;0;0;0;13;0;0;0;0;0;0;13;0;0;0;0;0;0;0;0;0;0;13;13;0;0;0;13;0;0;0;0;0;0;0;13;0;0;0;0;0;0;0;0;0;0;14;13;13;0;13;13;0;0;13;13;0;0;0;0;0;0;0;0;0;0;0;0;0;13;0;0;13;13;13;0;13;14;0;0;13;0;0;13;0;0;0;13;0;0;13;0;0;13;0;13;13;13;0;13;13;0;13;13;13;0;0;13;13;13;13;13;0;0;0;0;0;0;13;0;0;13;0;0;0;0;0;0;0;0;0;0;0;0;0;0;0;0;0;0;0;0;0;0;0;0;0;0;0;0;0;0;0;0;0;0;0;0;0;0;0;0;0;0;0;0;0;0;0;0;0;0;13;0;0;0;0;0;0;0;0;0;0;13;0;0;0;0;0;0;0;0;0;0;0;0;0;0;0;0;0;0
0;0;0;0;0;0;0;0;0;0;0;0;0;0;0;0;0;0;0;0;0;0;0;0;0;0;0;0;0;0;0;0;0;0;0;0;0;0;0;0;0;0;0;0;0;0;0;0;0;0;0;0;0;0;0;0;0;0;0;0;0;0;0;0;0;0;0;0;13;0;0;13;0;0;0;13;13;13;0;13;13;13;0;0;13;0;0;0;0;0;0;0;0;0;0;0;0;0;13;0;0;13;0;0;0;0;0;0;0;0;0;0;13;0;0;0;0;0;0;0;14;13;13;0;13;13;13;13;0;0;0;13;0;13;13;13;0;13;13;13;13;0;0;13;0;0;0;0;0;0;0;0;13;0;0;0;0;0;0;0;0;0;0;0;0;0;0;0;0;0;0;0;0;0;0;0;0;0;0;13;13;0;0;0;0;0;0;0;0;13;0;0;0;0;0;0;0;0;0;0;0;0;0;0;0;0;0;0;0;0;0;0;0;0;0;0;0;0;0;0;0;0;0;0;0;0;0;0;0;0;0
0;0;0;0;0;0;0;0;0;0;0;13;0;0;0;0;0;0;0;0;0;0;0;0;0;0;0;0;0;0;0;0;0;0;0;0;0;0;0;0;0;0;0;0;0;13;13;13;0;0;0;0;0;0;13;13;0;0;0;0;0;0;0;13;0;0;0;0;0;0;13;0;0;13;0;13;0;13;13;13;13;0;0;13;0;0;0;0;0;0;0;0;0;0;13;0;0;13;13;0;0;13;0;0;0;0;0;0;0;0;0;0;0;0;0;0;0;13;0;0;13;13;13;13;13;13;13;13;0;0;0;13;0;13;13;0;0;13;13;13;13;0;0;0;0;0;0;0;0;0;0;0;0;0;0;0;0;0;0;0;0;0;0;0;0;0;0;0;0;0;0;0;0;0;0;0;0;0;0;0;0;0;0;0;0;0;0;0;0;0;0;0;0;0;0;0;0;0;0;0;0;0;0;0;0;0;0;0;0;0;0;0;0;0;0;0;0;0;0;0;0;0;0;0;0;0;0;13;0;0;0
0;0;0;0;0;0;0;0;0;0;0;0;0;0;0;0;0;0;0;0;0;0;13;0;0;0;13;0;0;0;0;0;0;0;0;0;0;0;0;0;0;0;0;0;0;0;0;0;0;0;0;0;0;0;0;13;0;13;0;0;0;0;0;13;0;0;0;13;0;0;0;0;13;0;0;13;0;0;0;13;0;0;0;13;0;0;13;13;0;0;13;0;0;0;0;0;0;0;0;0;0;13;13;0;0;13;0;0;0;0;0;0;13;0;13;0;0;0;13;13;0;0;0;13;13;13;0;13;13;13;13;13;13;0;13;13;0;0;13;0;0;0;0;0;0;0;0;0;0;0;0;0;0;0;0;0;0;0;0;0;0;0;0;0;0;0;0;0;0;0;0;0;0;0;13;0;0;0;0;0;0;0;0;0;0;0;0;0;0;0;0;0;0;0;0;0;0;0;0;0;0;0;0;0;0;0;0;0;0;0;0;0;0;0;0;0;0;0;0;0;0;0;0;0;0;0;0;0;0;0;0
0;0;0;0;0;0;0;0;0;0;0;0;0;13;0;0;0;0;0;0;0;0;0;0;0;0;0;0;0;0;0;0;0;0;0;0;0;0;0;0;0;0;0;0;0;0;0;0;13;0;0;0;0;0;0;13;0;0;0;0;0;0;0;0;0;13;0;0;0;13;13;13;13;0;0;13;0;0;13;13;0;0;0;13;0;0;13;13;0;0;0;0;0;0;0;0;0;0;0;0;0;0;13;13;0;13;0;0;0;0;0;0;0;13;13;13;0;0;13;13;13;0;13;13;13;13;0;0;13;0;13;13;13;0;0;13;13;0;13;0;13;13;0;0;0;0;0;0;0;0;0;0;0;0;13;0;0;0;0;0;0;0;0;0;0;0;0;0;0;0;0;0;0;0;0;0;0;13;0;0;0;0;0;0;0;13;0;0;0;0;0;0;0;0;0;0;0;0;0;0;0;0;0;0;0;0;0;0;0;0;0;0;0;0;0;0;0;0;0;0;0;0;0;0;0;0;0;0;0;0;0
0;0;0;0;0;0;0;0;0;0;0;0;0;0;0;0;0;0;0;0;0;0;0;0;0;0;0;0;0;0;0;0;0;0;0;0;0;13;0;0;0;0;13;0;0;13;13;0;0;13;0;0;0;0;0;0;0;0;0;0;0;0;0;0;0;0;0;0;0;0;0;0;0;0;13;13;0;13;13;13;0;13;13;0;0;0;13;0;0;0;0;13;0;0;0;0;0;0;0;0;13;0;0;0;0;0;0;0;0;0;0;0;0;0;0;0;0;0;13;0;0;0;0;13;0;13;13;13;13;13;13;0;0;0;13;14;13;13;13;13;13;13;13;0;0;0;0;0;0;0;0;0;13;0;0;0;0;0;0;0;0;0;0;0;0;0;0;0;0;0;0;0;0;0;0;0;0;0;0;0;0;0;0;0;0;0;0;0;0;0;0;0;0;0;0;0;0;0;0;0;0;0;0;0;0;0;0;0;0;0;0;0;0;0;0;0;0;0;0;0;0;0;0;0;0;0;0;0;0;0;0
0;0;0;0;0;0;0;0;0;0;0;0;0;0;0;0;13;0;0;0;0;0;0;0;0;0;0;0;0;13;0;13;13;0;0;0;0;13;0;0;0;0;0;0;0;13;13;0;0;0;0;0;0;0;0;0;13;0;0;0;0;0;0;0;0;0;0;13;13;13;13;0;0;0;0;0;0;13;13;13;0;0;0;0;0;0;0;0;0;0;0;0;0;0;13;0;0;0;13;0;0;13;0;0;0;13;0;0;0;0;13;0;13;13;0;0;0;13;0;0;0;0;13;13;14;14;13;13;14;13;13;13;13;0;13;13;13;13;0;0;0;0;0;0;0;0;0;0;0;0;0;0;13;0;0;0;0;0;0;0;0;0;0;0;0;0;0;0;0;0;0;0;0;0;0;0;0;0;0;0;0;0;0;0;0;0;0;0;0;0;0;0;0;0;0;0;0;0;0;0;0;0;0;0;0;0;0;0;0;0;0;0;0;0;0;0;0;0;0;0;0;0;0;0;0;0;0;0;0;0;0
0;0;0;0;0;0;0;0;0;0;0;0;0;0;0;0;13;0;0;0;0;0;0;0;0;0;0;0;0;0;0;0;0;0;0;0;0;0;0;0;0;0;0;0;0;13;13;13;13;13;0;13;0;0;13;0;0;0;0;0;0;0;0;0;0;0;0;0;0;0;13;13;0;0;0;0;13;13;13;13;0;0;0;0;0;0;0;0;0;0;0;0;0;0;0;0;0;0;0;0;0;0;0;0;0;0;0;0;0;0;0;0;0;0;0;0;14;0;0;13;0;0;13;0;13;13;14;0;13;13;0;13;13;0;13;13;13;13;0;0;0;0;0;0;0;0;0;0;0;0;0;0;0;13;0;0;0;0;0;0;0;0;0;0;0;0;0;0;0;0;0;0;0;0;0;0;0;13;0;0;0;0;0;0;0;0;0;0;0;0;0;0;0;0;0;0;0;0;0;0;0;0;0;0;0;0;0;0;0;0;0;13;13;0;0;0;0;0;0;0;0;0;0;0;0;0;0;0;0;0;0
0;0;0;0;0;0;0;0;0;0;0;0;0;0;0;0;0;0;0;0;0;0;0;0;0;0;0;13;0;0;0;0;0;0;0;0;0;0;0;0;0;0;0;0;0;0;13;0;0;13;13;0;13;0;13;0;0;0;0;0;0;13;13;0;0;13;0;0;0;0;0;0;13;0;0;13;13;13;13;0;0;0;0;0;0;0;0;0;0;0;0;0;13;0;0;0;0;0;0;0;0;13;0;0;13;13;0;0;0;0;0;13;0;13;0;0;0;0;0;13;13;0;13;13;13;13;0;13;13;13;13;13;0;13;13;13;0;0;0;0;0;0;0;0;0;0;0;0;0;0;13;0;0;0;0;0;0;0;0;0;0;0;0;0;0;0;0;0;0;0;0;0;0;0;0;0;0;0;0;0;0;0;0;0;0;0;0;0;0;0;0;0;0;0;0;0;0;0;0;0;0;0;0;0;0;0;0;0;0;0;0;0;0;0;0;0;0;0;0;0;0;13;0;0;0;0;0;0;0;0;0
0;0;0;0;0;0;0;0;0;0;0;0;0;0;0;0;13;0;0;0;0;0;0;0;0;13;0;0;0;0;0;0;0;0;0;13;0;0;0;0;0;0;0;13;0;0;13;0;0;0;13;13;13;0;13;13;13;0;0;0;0;0;0;0;0;0;0;0;0;0;0;0;0;0;13;13;0;0;13;13;13;0;0;0;13;0;0;0;0;0;13;0;0;0;0;0;0;0;0;0;0;13;0;0;13;0;0;0;13;0;13;13;0;0;0;0;0;0;13;13;13;13;0;0;0;0;13;13;13;13;13;13;0;13;13;13;0;0;0;0;0;0;0;0;0;0;0;0;0;0;0;0;0;0;0;0;13;0;0;0;0;0;0;0;0;0;0;0;0;0;0;0;0;0;0;0;0;0;0;0;0;0;0;0;0;0;0;0;0;0;0;0;0;0;0;0;0;0;0;0;0;0;0;0;0;0;0;0;0;0;0;0;0;13;0;0;0;0;0;0;0;0;0;0;0;0;0;0;0;0;0
0;0;0;0;0;0;0;0;0;0;0;0;0;0;0;0;0;0;0;0;0;0;0;0;0;0;0;0;0;0;0;0;0;0;0;0;0;0;0;0;13;13;0;0;0;0;13;13;0;0;0;13;13;0;13;0;0;0;0;0;0;0;0;0;0;0;0;0;0;0;13;0;0;13;13;14;13;13;0;13;0;0;0;14;0;0;0;13;13;0;0;0;0;0;0;13;0;0;0;0;0;0;13;13;0;0;0;0;13;13;13;13;0;0;0;0;0;0;0;0;13;13;0;0;0;13;13;13;13;13;0;13;0;0;13;13;13;13;0;0;0;0;0;13;13;0;0;0;0;0;0;0;0;0;0;0;0;0;0;0;0;0;0;0;0;0;0;0;0;0;0;0;0;0;0;0;0;0;0;0;0;0;0;0;0;0;0;0;0;0;0;0;0;0;0;13;0;0;0;0;0;0;0;0;0;0;0;0;0;0;0;0;0;0;0;0;0;0;0;0;0;0;0;0;0;0;13;0;0;0;0
0;0;0;0;0;0;0;0;0;0;0;0;0;0;0;0;0;0;0;0;0;0;0;0;0;0;0;0;0;0;0;0;0;0;0;0;0;0;0;0;0;0;0;0;0;0;0;0;13;0;0;0;13;0;0;0;0;0;0;0;0;0;0;0;0;0;0;0;13;0;13;13;13;13;0;0;13;13;13;13;0;0;0;13;0;13;0;13;0;0;13;0;0;0;0;13;0;0;0;13;0;0;13;0;0;13;0;0;0;0;13;13;0;13;13;13;13;0;0;13;0;13;0;13;13;13;13;13;13;13;0;13;13;13;0;0;0;0;0;0;0;0;0;0;0;0;0;0;0;0;0;0;0;0;0;0;0;0;0;0;0;0;0;0;0;0;0;13;0;0;0;0;0;0;13;0;0;0;0;0;0;0;0;0;0;0;0;0;0;0;0;0;0;0;0;0;0;0;0;0;0;0;0;0;0;0;0;0;0;0;0;0;0;0;0;0;0;0;0;0;0;0;0;0;0;0;0;0;0;0;0
0;0;0;0;0;0;0;0;0;0;0;0;0;0;0;0;0;0;0;0;13;0;0;0;0;0;0;0;0;0;0;0;0;0;0;0;0;0;0;0;0;0;0;0;13;0;13;0;0;0;13;0;13;0;0;13;13;0;0;0;0;0;0;0;13;0;0;0;0;0;0;0;13;13;0;13;13;13;13;13;0;13;13;0;13;0;0;13;0;13;13;0;0;0;0;0;0;0;0;0;0;14;0;0;0;13;0;0;0;0;0;0;0;0;13;0;0;0;0;0;0;14;0;13;13;0;13;13;13;13;0;0;13;13;14;13;13;13;13;0;13;0;0;0;0;0;0;0;0;0;0;0;0;0;0;0;0;0;0;0;0;0;0;0;0;0;0;0;0;0;0;0;0;0;0;0;0;0;0;0;0;0;0;0;0;0;0;0;0;0;0;0;0;0;0;0;0;13;0;0;0;0;0;0;0;0;0;0;0;0;0;0;0;0;0;0;0;13;0;0;0;0;0;0;0;0;0;0;0;0;0
0;0;0;0;0;0;0;0;0;13;0;0;0;0;0;0;0;0;0;0;0;0;0;0;0;0;0;0;0;0;0;0;0;13;0;0;0;0;0;13;0;0;0;0;0;0;13;13;0;0;13;13;13;0;0;13;0;0;0;0;13;0;0;0;0;0;0;0;0;0;0;0;0;0;0;13;13;0;13;13;0;13;0;0;13;0;13;13;0;13;13;13;0;0;0;13;0;0;0;13;13;0;0;0;13;0;0;0;13;0;0;0;0;0;0;13;13;13;0;13;0;13;0;0;0;13;13;0;0;13;13;13;13;0;13;13;13;13;13;0;13;0;13;13;13;0;0;0;0;0;0;0;0;0;0;0;0;0;0;0;0;13;0;0;0;0;0;0;0;0;0;0;0;0;0;0;0;0;0;0;0;0;0;0;0;0;0;0;13;0;0;0;0;0;0;0;0;0;0;0;0;0;0;0;0;0;0;0;0;0;0;0;0;0;0;0;0;0;0;0;0;0;0;0;0;0;0;0;0;0;0
0;0;0;0;0;0;0;0;0;0;0;0;0;0;0;0;0;0;0;0;0;0;0;0;0;0;0;0;0;0;0;0;0;0;0;0;0;0;0;0;0;13;0;0;13;13;13;13;0;0;13;13;0;0;0;0;13;0;0;0;13;0;0;0;0;0;0;0;0;0;0;13;0;0;0;13;13;13;13;0;0;0;13;13;13;0;13;0;0;0;0;0;0;0;0;13;0;0;0;13;0;13;0;13;0;0;0;0;0;0;13;13;13;0;13;13;14;0;0;13;13;0;0;13;13;13;0;0;0;13;14;13;0;13;13;13;0;13;13;13;13;0;0;0;0;0;0;0;0;0;13;0;0;0;0;0;0;0;0;0;0;0;0;0;0;0;0;0;0;0;0;0;0;0;0;0;0;0;0;0;0;0;0;0;0;0;0;0;0;0;0;0;0;0;0;0;0;0;0;0;0;0;0;0;0;0;0;0;0;0;0;0;0;0;0;0;0;0;0;0;0;0;0;0;0;0;0;0;0;0;0
0;0;0;0;0;0;0;0;0;0;0;0;0;0;0;0;0;0;0;0;0;0;0;0;13;0;0;0;0;0;0;13;0;0;0;0;0;0;0;0;0;13;0;0;0;13;13;13;13;13;13;13;0;0;0;0;0;0;0;0;0;0;0;13;13;0;0;0;0;0;0;13;0;0;13;13;13;13;13;13;0;0;0;0;0;0;0;0;0;0;0;0;0;0;0;0;0;0;0;0;0;13;13;0;0;0;0;0;0;0;13;0;0;0;0;0;13;0;0;0;0;0;0;0;13;0;0;0;13;13;13;0;0;13;13;13;13;13;13;0;0;0;0;0;13;13;0;0;13;0;13;0;0;0;0;0;0;0;0;0;0;0;0;0;0;0;0;0;0;0;0;0;0;0;0;0;0;0;0;0;0;0;0;0;0;0;0;0;0;0;0;0;0;0;0;0;0;0;0;0;0;0;0;0;0;0;0;0;0;0;0;0;0;0;0;0;0;0;0;0;0;0;0;0;0;0;0;0;0;0;0
0;13;0;0;0;0;0;0;0;13;0;0;0;0;0;0;0;0;0;0;0;0;0;0;0;0;0;0;0;0;0;0;0;0;0;0;0;0;0;0;0;0;13;13;0;0;13;13;13;13;13;13;13;0;0;0;0;0;0;0;0;0;0;13;0;0;0;0;0;0;0;0;0;0;13;13;0;13;0;0;13;0;0;0;0;0;0;13;13;13;13;0;0;13;0;0;0;0;13;13;13;0;0;13;0;0;0;0;0;0;0;0;0;0;13;0;13;13;13;0;0;0;0;0;13;14;13;13;13;0;13;14;0;13;0;13;0;0;13;0;0;0;0;0;0;13;0;0;0;0;0;13;0;0;0;0;0;0;0;0;0;0;0;0;0;13;0;0;0;0;0;0;0;0;0;0;0;0;0;0;0;0;13;0;0;0;0;0;0;0;0;0;0;0;0;0;0;0;0;0;0;0;0;0;0;0;0;0;13;0;0;0;0;0;0;0;0;0;13;0;0;0;0;0;0;13;0;0;13;0;0
0;0;0;0;0;0;0;0;0;0;0;0;0;0;0;0;0;0;0;0;0;0;0;0;0;0;0;0;0;0;0;0;0;0;0;0;0;0;0;0;0;0;0;0;0;0;13;14;13;0;13;0;0;13;0;0;0;0;0;0;0;0;0;0;0;0;0;13;13;13;13;0;0;13;13;13;13;13;0;0;0;0;0;0;0;13;0;0;13;14;13;13;0;0;0;0;0;0;13;13;13;13;0;13;0;0;0;0;0;0;0;0;0;0;0;14;0;13;13;0;0;0;0;13;13;13;13;13;13;13;14;0;0;13;13;13;0;13;13;0;0;0;0;0;0;0;0;0;0;0;0;13;0;0;0;0;0;0;0;0;0;0;0;0;0;0;0;0;13;13;0;0;0;0;0;0;0;0;0;0;0;0;0;0;0;0;0;0;0;0;0;0;0;0;0;0;0;0;0;0;0;0;0;0;0;0;0;0;0;0;0;0;0;0;0;0;0;0;13;0;0;0;0;0;0;0;0;0;0;0;0
0;0;0;0;0;0;0;0;0;0;0;0;0;0;0;0;0;0;0;0;0;0;0;0;0;0;0;0;0;0;0;0;0;0;0;0;0;0;0;0;0;0;0;0;13;0;13;0;0;0;13;13;13;13;13;0;0;0;0;0;0;13;0;0;13;0;0;0;0;0;13;0;13;0;0;0;0;13;13;14;13;0;13;13;0;13;13;13;13;14;13;13;13;0;0;0;0;0;0;13;13;13;13;13;0;13;13;13;13;0;0;0;0;13;0;13;0;0;0;0;13;13;13;0;0;13;13;0;0;0;0;0;0;0;13;13;13;0;13;0;0;0;0;0;0;0;0;0;0;0;0;0;0;13;0;0;0;0;0;0;0;0;0;0;0;0;0;0;0;0;0;0;0;0;0;0;0;0;0;0;0;0;0;0;0;0;0;0;0;0;0;0;0;0;0;0;0;0;0;0;0;0;0;0;0;0;0;0;0;0;0;0;0;0;0;0;0;0;0;0;0;0;0;0;0;0;0;0;0;0;0
0;0;0;0;0;0;0;0;0;0;0;0;0;0;0;0;13;0;0;0;0;0;0;0;0;0;0;0;0;0;0;0;0;0;0;0;0;0;0;0;0;0;13;0;13;0;13;0;13;13;13;13;13;0;0;0;0;0;0;0;0;0;0;0;13;0;0;0;0;0;13;13;0;0;0;0;0;13;0;0;13;13;13;0;13;0;0;13;13;13;0;0;13;0;13;0;0;0;0;0;0;0;0;0;14;13;13;0;13;0;0;0;0;0;0;0;0;0;13;0;0;0;13;0;0;0;13;13;0;0;0;13;13;13;13;13;14;13;13;13;0;0;0;0;0;0;0;0;0;0;0;0;0;0;0;13;0;0;0;0;0;0;0;0;0;0;0;0;0;0;0;0;0;0;0;0;0;0;0;0;0;0;0;13;0;0;13;0;0;0;0;0;0;0;0;0;0;0;0;0;0;0;0;0;0;0;0;0;0;0;0;0;0;0;0;0;0;0;0;0;0;0;0;0;0;0;0;0;0;0;0
0;0;0;0;0;0;0;0;0;0;0;0;0;0;0;0;0;0;0;0;0;0;0;0;0;0;0;0;0;0;0;0;0;0;0;13;0;0;0;0;0;0;0;0;13;13;0;13;13;13;13;0;0;0;0;0;13;0;0;0;13;0;13;13;0;0;0;0;0;0;0;13;13;13;0;0;0;0;0;0;0;14;13;0;0;0;0;0;0;0;0;0;13;0;13;13;13;13;13;0;0;0;0;0;13;13;13;13;13;13;13;13;13;13;13;0;0;0;0;0;0;0;0;0;13;0;0;14;0;0;0;13;13;13;13;13;14;13;13;0;0;13;13;0;0;0;0;0;0;0;0;0;0;0;0;0;0;0;0;0;0;13;0;0;0;0;0;0;0;0;0;0;0;0;0;0;0;0;0;0;0;0;0;0;0;0;0;0;0;0;0;0;0;0;0;0;0;0;0;0;0;0;0;0;0;0;0;0;0;0;0;0;13;0;0;0;0;0;0;0;0;0;0;0;0;0;0;0;0;0;0
0;0;0;0;0;0;0;0;0;0;0;0;0;0;0;0;0;0;0;0;0;0;0;0;0;0;0;0;0;0;0;0;0;0;0;13;0;0;0;0;0;13;0;0;13;13;13;13;0;13;13;14;0;0;0;0;0;0;13;0;0;0;0;0;0;13;13;13;0;0;0;0;0;13;13;0;14;13;0;13;0;0;13;0;13;13;0;0;0;13;13;13;0;0;0;0;0;13;13;0;0;0;0;13;13;13;13;13;0;0;0;0;0;13;13;0;13;0;0;13;0;0;13;14;0;0;0;13;0;13;14;14;13;14;13;13;13;13;13;0;0;13;13;13;13;0;0;0;0;0;0;0;0;0;0;0;0;13;0;0;0;0;0;0;0;0;0;0;0;0;0;0;0;0;0;0;0;0;0;0;0;0;0;0;0;0;0;0;0;0;0;0;0;0;0;0;0;0;0;0;0;0;0;0;0;0;0;0;0;0;0;0;0;0;0;0;0;0;0;0;0;0;0;0;0;0;0;0;0;0;0
0;0;0;0;0;0;0;0;0;0;0;0;0;0;0;0;0;0;0;0;0;0;0;0;0;0;0;0;0;0;0;0;0;0;0;0;0;0;0;0;13;0;0;0;13;13;14;14;13;0;13;0;13;13;13;0;0;0;0;0;0;0;0;13;13;0;13;0;0;0;0;0;0;0;13;13;13;13;13;0;13;0;13;0;13;13;0;0;0;13;14;13;13;0;0;0;0;13;0;0;0;13;13;13;13;0;0;13;0;0;0;0;13;13;13;13;0;0;13;0;0;0;0;0;0;0;0;0;0;13;13;14;0;13;14;13;13;13;0;0;0;0;0;0;0;13;0;0;0;0;0;0;0;0;0;0;13;0;0;0;0;0;0;0;0;0;0;0;0;0;0;0;0;0;0;0;0;0;0;0;0;0;0;0;0;0;0;0;0;0;0;0;0;0;0;0;0;0;0;0;0;0;0;13;0;0;0;0;0;0;0;0;0;0;0;0;0;0;0;0;0;0;0;0;0;0;0;0;0;0;0
0;0;13;0;0;0;0;0;0;0;13;13;0;0;0;13;0;0;0;0;0;0;13;0;0;0;0;0;0;0;0;0;0;0;0;0;0;0;0;0;13;0;0;0;0;13;13;13;0;0;13;13;13;0;0;0;0;0;0;0;0;0;0;13;0;0;13;13;0;0;13;0;0;0;13;13;0;13;13;13;13;13;13;13;13;13;13;0;13;13;0;0;13;0;13;0;0;0;13;13;13;0;13;0;0;0;0;13;13;13;13;13;0;13;0;0;0;0;0;0;13;13;0;13;14;13;13;13;13;13;0;0;0;0;13;14;14;13;13;0;0;0;0;0;0;0;0;0;0;0;0;0;0;0;0;0;0;0;0;0;0;0;0;0;0;0;0;0;0;0;0;0;0;0;0;0;0;0;0;0;0;0;0;0;0;0;0;0;0;0;0;0;0;0;0;0;0;0;0;0;0;0;0;0;0;0;0;0;0;0;0;0;0;0;0;0;0;0;0;0;0;0;0;0;0;0;0;0;0;0;0
0;0;0;0;0;0;0;0;0;0;0;0;0;0;0;0;0;0;0;0;0;0;0;0;0;0;0;0;0;0;0;0;0;0;0;0;0;0;0;0;0;0;13;13;0;13;13;13;13;13;13;13;13;13;13;0;0;0;0;13;0;13;0;0;0;0;0;13;13;13;13;13;0;0;13;0;13;13;13;13;13;13;0;13;0;0;13;0;13;13;0;13;14;0;0;13;14;0;0;0;13;13;13;0;0;0;0;0;0;13;0;0;0;13;13;13;13;13;0;0;13;13;13;13;0;0;0;13;0;13;0;13;0;13;0;13;14;0;13;13;14;0;0;0;0;0;0;0;0;0;0;0;0;0;0;0;0;0;0;0;13;0;0;0;0;0;0;0;0;0;0;0;0;0;0;0;0;0;0;0;0;0;0;0;0;0;0;0;0;0;0;0;0;0;0;0;0;0;0;0;0;0;0;0;0;0;0;0;0;0;0;0;0;0;0;0;0;0;0;0;0;0;0;0;0;0;0;0;13;0;0
0;0;0;13;0;0;0;0;0;0;0;0;0;0;0;0;0;0;0;0;0;0;0;0;0;0;0;0;0;0;0;0;0;0;0;0;0;13;0;0;0;13;14;13;13;14;13;0;0;0;13;0;0;0;0;0;13;0;0;13;0;0;0;0;0;0;0;13;13;13;0;13;0;0;13;0;13;13;13;13;0;13;0;0;13;13;13;0;13;13;13;13;0;13;13;13;0;0;13;13;13;13;14;13;13;13;13;13;0;0;13;0;13;13;0;0;13;13;0;13;0;0;13;13;13;0;0;0;0;13;14;13;13;13;13;0;0;0;0;13;0;0;13;0;0;0;0;0;0;0;0;0;0;0;0;0;0;0;0;0;0;0;0;0;0;0;0;0;0;0;0;0;0;0;0;0;0;0;0;0;0;0;0;0;0;0;0;0;0;0;0;0;0;0;0;0;0;0;0;0;0;0;0;0;0;0;0;0;0;0;0;0;0;0;0;0;0;0;0;0;0;0;0;0;0;0;0;0;0;0;13
0;0;0;0;0;0;0;0;0;0;0;0;0;0;0;0;0;0;0;0;0;0;0;0;0;0;0;0;0;0;0;0;0;0;0;0;13;0;0;0;0;0;0;0;13;13;13;13;0;0;0;0;0;13;0;0;0;0;0;0;13;0;0;13;0;0;13;0;0;0;0;13;0;0;0;0;0;13;13;13;13;0;0;0;13;13;0;0;13;13;13;13;0;0;13;0;0;0;13;13;13;14;13;0;0;13;13;14;13;13;13;13;13;13;0;13;13;0;0;13;0;0;0;13;14;13;13;0;0;0;13;13;0;13;13;13;0;0;0;0;0;0;0;0;0;13;0;0;0;0;0;0;0;0;0;0;0;0;0;0;0;0;0;0;0;0;13;0;0;0;0;0;0;0;0;0;0;0;0;0;0;0;0;0;0;0;0;0;0;0;0;0;0;0;0;0;0;0;0;0;13;0;0;0;0;0;0;0;0;0;0;0;0;0;0;0;0;0;0;0;0;0;0;0;0;0;0;0;0;0;0
0;0;0;0;0;13;0;0;0;0;0;0;0;0;0;0;0;0;0;0;0;0;0;0;0;0;0;0;0;0;0;0;13;0;0;0;0;0;0;0;0;0;0;0;13;13;13;13;0;13;0;13;0;0;0;0;0;0;0;13;0;0;0;13;13;0;0;13;13;13;0;0;0;0;0;0;13;0;13;0;0;13;13;14;0;0;0;0;0;13;0;0;13;0;0;13;13;13;13;0;0;0;0;0;0;0;13;13;13;0;0;13;14;13;13;13;0;0;13;13;0;0;0;13;13;13;13;0;13;13;0;13;13;13;13;13;0;0;0;0;13;0;0;0;0;0;0;0;0;0;0;0;0;0;0;0;0;0;0;0;0;0;0;0;0;0;0;0;0;0;0;0;0;0;0;0;0;0;0;0;0;0;0;0;0;0;0;0;0;0;0;0;0;0;0;0;0;0;0;0;0;0;0;0;0;0;0;0;0;0;0;0;0;0;0;0;0;0;0;0;0;0;0;0;0;0;0;0;0;0;0
0;0;0;0;0;0;0;0;13;0;0;0;0;0;0;0;0;0;0;0;0;0;0;0;0;0;0;0;0;0;0;0;0;0;0;0;0;13;0;0;0;0;0;0;0;0;13;13;0;0;0;13;0;0;13;0;0;0;0;0;0;0;0;13;13;13;0;0;0;13;13;13;0;0;0;0;0;0;13;13;13;13;0;13;0;13;13;0;0;0;0;0;0;13;13;13;0;13;13;0;13;13;0;0;0;0;13;13;13;0;0;13;14;13;13;13;13;13;13;13;0;0;0;0;13;13;0;13;13;13;13;0;0;13;13;13;13;0;0;0;0;0;0;13;0;0;0;0;0;0;0;0;0;0;0;0;0;0;0;0;0;0;0;0;0;0;0;0;0;0;0;0;0;0;0;0;0;0;0;0;0;0;0;0;0;0;0;0;0;0;0;0;0;0;0;0;0;0;0;0;0;0;0;0;0;0;0;0;0;0;0;0;0;0;0;0;0;0;0;0;0;0;0;0;0;0;0;13;0;0;0
0;0;0;0;0;0;0;0;0;0;0;0;0;0;0;0;0;0;0;0;0;0;0;0;0;0;0;0;0;0;0;0;0;0;0;0;0;0;0;0;0;13;0;0;13;13;0;13;0;0;0;0;13;13;0;0;0;0;0;13;13;0;0;13;0;0;0;13;0;13;13;13;13;0;13;0;0;0;0;0;0;13;0;0;13;13;13;13;13;0;0;0;13;13;13;13;0;13;13;13;13;13;13;0;0;0;0;13;0;13;0;13;13;13;13;13;13;13;13;13;0;13;0;0;0;0;0;13;0;13;13;0;0;13;13;13;13;0;14;0;0;0;0;0;0;0;0;0;13;0;0;0;0;0;0;0;0;0;0;0;0;0;0;0;0;0;13;0;0;0;0;0;0;0;0;0;0;0;0;0;0;0;13;0;0;0;0;0;0;0;0;0;0;0;0;0;0;0;0;0;13;0;0;0;0;0;0;0;0;0;0;0;0;0;0;0;0;13;0;0;0;0;0;0;0;0;0;0;0;0;0
0;0;0;0;0;0;0;0;0;0;0;0;0;0;0;0;0;0;0;0;0;0;0;0;0;0;0;0;0;0;0;0;0;0;0;0;0;0;0;13;0;0;13;0;0;0;0;0;0;13;0;0;0;13;0;0;0;0;0;0;0;13;0;0;13;0;0;13;0;0;0;13;13;0;0;0;0;0;0;0;0;0;0;13;0;13;13;13;13;13;13;0;13;13;14;13;0;0;0;0;13;13;13;0;0;13;13;14;13;13;0;13;13;13;13;13;13;13;0;13;13;13;13;13;13;0;0;13;0;13;13;13;13;13;13;13;13;13;0;0;0;0;0;0;0;13;0;0;0;0;0;0;0;13;0;0;0;0;0;0;0;0;0;0;0;0;0;0;0;0;0;0;0;0;0;0;0;0;0;0;0;0;0;0;0;0;0;0;0;0;0;0;0;0;0;0;0;0;0;0;0;0;0;0;0;0;0;0;0;0;0;0;0;0;0;0;0;0;0;0;0;0;0;0;0;0;0;0;0;0;0
0;0;0;0;0;0;0;0;13;0;0;0;0;0;0;0;0;0;0;0;0;0;0;0;0;0;0;0;0;0;0;0;0;0;0;0;0;0;0;0;0;0;13;0;13;0;0;0;13;0;0;0;0;13;13;0;0;0;0;0;13;13;0;0;13;0;0;0;0;0;0;13;13;0;0;0;0;0;0;0;0;0;0;0;0;14;13;13;13;13;13;0;0;0;13;14;13;13;13;13;13;13;13;0;0;0;13;13;0;0;0;13;0;13;0;13;13;0;13;14;13;13;0;13;13;0;0;0;0;0;13;0;13;14;13;13;0;0;0;0;0;0;0;0;0;0;0;0;0;0;0;0;0;0;0;0;0;0;0;0;0;0;0;0;0;0;0;0;0;0;0;0;0;0;0;0;0;0;13;0;0;0;0;0;0;0;0;0;0;0;0;0;0;0;0;0;0;0;0;0;0;0;0;0;0;0;0;0;0;0;0;0;0;0;0;0;0;0;0;0;0;0;13;0;0;0;0;0;0;0;0
0;0;0;0;0;0;0;0;0;0;0;0;0;0;0;0;0;0;0;0;0;0;0;0;0;0;0;0;0;0;0;0;0;0;0;0;0;0;0;0;0;0;13;0;0;0;0;0;0;13;0;0;13;13;0;0;0;0;0;0;13;13;0;0;13;0;0;0;0;0;0;0;0;0;0;0;13;13;13;0;0;0;0;0;0;13;13;0;0;13;13;0;0;13;0;0;0;13;0;13;13;13;13;13;13;13;13;13;0;0;13;13;0;13;0;13;13;0;0;0;13;13;0;0;13;0;0;0;0;0;0;0;0;13;13;0;0;0;0;0;0;0;0;0;0;0;0;0;0;0;0;0;0;0;0;0;0;0;0;0;0;0;0;0;0;0;0;0;0;0;13;0;0;0;0;0;0;0;0;0;0;0;0;0;0;0;0;0;0;0;0;0;0;0;0;0;0;0;0;0;0;0;0;0;0;0;0;0;0;0;0;0;0;0;0;0;0;0;0;0;0;0;0;0;0;0;0;0;0;0;0
0;0;0;0;0;0;0;0;0;0;0;0;0;0;0;0;0;0;0;0;0;0;0;0;0;0;0;0;0;0;0;0;0;0;0;0;0;13;0;0;0;0;13;13;0;0;0;0;0;0;13;0;13;0;0;0;13;0;0;0;0;13;13;13;0;0;0;13;0;0;0;13;0;0;13;0;0;13;0;0;0;13;13;0;0;13;13;13;0;13;13;0;0;0;13;13;13;13;13;13;13;0;0;0;14;13;0;0;0;0;13;13;0;13;0;0;13;13;0;0;13;13;0;0;13;13;0;0;13;14;13;13;13;13;13;0;0;0;0;0;13;0;13;0;0;0;0;0;0;0;0;0;0;0;0;0;0;0;0;0;0;0;0;0;0;0;0;0;0;0;13;0;0;0;0;0;0;0;0;0;0;0;0;0;0;0;0;13;0;0;0;0;0;0;0;0;0;0;0;0;0;0;0;0;0;0;0;0;0;0;0;0;0;0;0;0;0;0;0;0;0;0;0;0;0;0;0;0;0;0;0
0;0;0;0;0;0;0;0;0;0;0;0;0;0;0;0;0;0;0;0;0;0;0;13;0;0;0;0;0;0;0;0;0;13;0;0;0;0;0;13;0;0;0;13;13;13;13;0;13;0;13;0;0;0;0;13;0;0;0;0;0;13;0;0;0;0;13;13;13;0;0;0;0;0;0;0;0;13;0;0;0;13;0;0;0;13;0;0;0;0;0;13;0;0;13;0;0;13;13;14;13;0;0;13;13;0;13;13;13;13;13;13;13;13;13;13;13;0;0;13;13;0;0;13;0;0;0;0;13;13;0;0;13;13;13;0;0;0;0;0;13;0;0;0;0;0;0;0;0;0;0;0;0;0;0;0;0;0;0;0;0;0;0;0;0;0;0;0;0;0;0;0;0;0;0;0;0;0;0;0;0;13;0;0;0;0;0;0;0;0;0;0;0;0;0;0;0;0;0;0;0;0;0;0;0;0;0;0;0;0;0;0;13;0;0;0;0;0;0;0;0;0;0;0;0;0;0;0;0;0;0
0;0;0;0;0;0;0;0;0;0;0;0;0;0;13;0;0;0;0;0;0;0;0;0;0;0;0;0;0;0;0;0;0;0;0;0;0;0;0;0;0;13;13;13;0;0;0;0;13;0;13;0;0;0;0;0;0;0;13;0;0;0;13;13;0;0;0;0;0;13;0;0;13;13;13;0;0;13;13;0;0;0;13;13;0;0;0;0;0;13;0;0;0;0;13;13;13;13;13;13;13;13;13;14;13;0;14;13;13;14;13;13;13;14;13;13;0;13;0;0;0;13;0;0;0;0;13;13;13;13;0;13;13;13;13;13;13;0;13;0;0;0;0;0;0;0;0;0;0;0;0;0;0;0;0;0;0;0;0;0;0;0;0;0;0;0;0;0;0;0;0;0;0;0;0;0;0;0;0;0;0;0;0;0;0;0;0;0;0;0;0;0;0;0;0;0;0;0;0;0;0;0;0;0;0;0;0;0;0;0;0;0;0;0;0;0;0;0;0;0;0;0;0;0;0;0;0;0;0;0;0
0;0;0;0;0;0;0;13;0;0;0;0;0;0;0;0;0;0;0;0;0;0;0;0;0;0;0;0;0;0;0;0;0;0;0;0;0;0;0;0;0;0;0;13;0;0;13;13;13;0;0;0;0;0;0;0;0;0;0;0;0;0;0;0;0;13;13;0;0;13;0;0;0;13;13;0;0;0;0;0;13;0;13;0;13;0;0;0;13;13;13;13;0;0;13;13;13;13;0;0;13;13;13;13;13;0;0;0;14;13;13;13;13;13;13;13;13;13;0;0;0;0;0;13;13;0;0;0;0;13;13;14;13;13;0;13;13;13;0;13;0;0;0;0;0;0;0;0;0;0;0;0;0;0;0;0;0;0;0;0;0;0;0;0;0;0;0;0;0;0;0;0;0;0;0;0;0;0;0;0;0;0;0;0;0;0;0;0;0;0;0;0;0;0;0;0;0;0;0;0;0;0;0;0;0;0;0;0;0;0;0;0;0;0;0;0;0;13;0;0;0;0;0;0;0;0;0;0;0;0;0
0;0;0;0;0;0;0;13;0;0;0;0;0;13;0;0;0;0;0;0;0;0;0;0;0;0;0;0;0;0;0;0;0;0;0;0;0;0;0;0;0;0;0;13;0;0;13;0;13;0;0;0;0;0;0;0;0;13;0;0;0;0;0;0;0;0;13;0;0;0;0;0;0;0;0;0;0;0;0;0;0;0;0;0;0;0;0;13;0;0;0;13;0;13;0;13;13;13;13;13;13;0;13;13;13;13;0;13;13;13;13;13;13;13;13;13;13;13;13;0;13;13;0;13;0;13;0;13;13;13;0;13;0;13;0;0;0;0;13;0;0;0;0;0;0;0;0;0;0;0;0;0;0;13;0;0;0;0;0;0;0;0;0;0;0;0;0;0;13;0;0;0;0;13;0;0;0;0;0;0;0;0;0;0;0;0;0;0;0;0;0;0;0;0;0;0;0;0;0;0;0;0;13;0;0;0;0;0;0;0;0;0;0;0;0;0;0;0;0;0;0;0;0;0;0;0;0;0;0;0;0
0;0;0;13;0;0;0;0;0;0;13;0;0;0;0;0;0;0;0;0;0;0;0;0;0;0;0;0;0;0;0;0;0;13;13;0;0;13;0;0;13;13;13;13;13;0;13;0;13;0;0;13;13;0;0;0;0;13;0;0;0;0;0;0;0;0;0;0;0;0;0;0;0;0;0;0;0;0;0;0;0;0;0;0;0;0;0;0;0;0;0;13;14;0;13;13;13;0;0;13;0;0;13;0;13;13;13;0;0;0;0;0;13;0;13;13;13;13;13;0;0;13;13;13;0;0;0;13;13;13;13;13;13;13;0;0;0;0;13;0;0;0;0;0;0;0;0;0;0;0;0;0;0;0;0;0;0;13;0;0;0;13;0;0;0;0;0;0;0;0;0;0;0;0;0;0;0;0;0;0;0;0;0;0;0;0;0;0;0;0;0;0;0;0;0;0;0;0;0;0;0;0;0;0;0;0;0;0;0;0;0;0;0;0;0;0;0;0;0;0;0;0;0;0;0;0;0;0;0;0;0
0;0;0;0;0;0;0;0;0;0;0;0;0;0;0;0;0;0;0;0;0;0;0;0;0;0;0;0;0;0;0;0;0;0;0;0;13;13;0;0;0;13;0;0;0;0;13;0;0;0;0;0;0;0;0;0;0;0;0;0;13;0;13;0;0;0;0;0;13;0;0;0;0;0;0;0;0;0;0;0;0;0;0;0;13;0;0;0;0;0;0;0;0;0;13;13;0;13;13;13;0;0;13;0;13;13;13;0;13;13;13;0;13;13;0;0;0;13;13;13;0;0;13;13;0;0;0;0;13;13;13;13;13;0;0;13;13;0;0;0;0;0;0;0;0;0;0;0;0;0;0;0;14;13;0;0;0;0;0;0;0;0;0;0;0;0;0;0;0;0;0;0;0;0;0;0;13;0;0;0;0;0;0;0;0;0;13;0;0;0;0;0;0;0;0;0;0;0;0;0;0;0;0;0;0;0;0;0;0;0;0;0;0;0;0;0;0;0;0;0;0;0;0;0;0;0;0;0;0;0;0
0;0;0;0;0;0;0;0;0;0;0;0;0;0;0;13;0;0;0;0;0;0;0;0;0;0;13;0;0;0;0;0;0;0;0;0;0;0;0;13;0;13;13;0;0;13;13;0;0;0;0;0;0;0;0;0;13;0;0;0;14;13;13;0;0;0;0;0;13;13;13;0;0;0;0;0;13;13;0;0;0;0;0;0;0;0;0;0;0;0;0;0;0;0;0;0;0;0;13;13;13;0;0;0;13;0;0;0;13;13;13;0;13;13;13;14;13;13;13;13;0;13;13;13;13;0;0;0;0;13;13;13;0;13;13;14;13;0;0;0;0;0;0;0;0;0;0;0;0;13;13;0;0;0;0;0;0;0;0;0;0;0;0;0;0;0;0;0;0;0;0;0;0;0;0;0;0;0;0;0;0;0;0;0;0;0;0;0;0;0;0;0;13;0;0;0;0;0;0;0;0;0;0;0;0;0;0;0;0;0;0;0;0;0;0;0;0;0;0;0;0;0;0;0;0;0;0;0;0;0;0
0;0;0;0;0;0;0;0;0;0;0;0;0;0;0;0;0;0;0;0;0;0;0;0;0;0;0;0;0;0;0;0;0;0;0;0;0;0;0;13;0;0;0;0;0;0;0;0;0;0;0;0;0;0;13;0;0;0;13;0;0;13;0;0;0;0;0;0;0;0;0;13;0;0;0;0;0;0;13;0;0;0;0;13;0;13;14;0;0;0;0;13;13;13;0;0;0;13;13;14;13;0;0;13;13;0;0;0;13;13;0;13;13;13;13;13;13;13;13;13;0;13;13;0;13;0;0;13;13;13;13;13;0;13;13;13;0;13;0;0;0;0;0;0;0;0;0;0;0;0;0;13;0;0;0;0;0;0;0;0;0;0;0;0;0;0;0;13;0;0;0;13;0;0;0;0;0;0;0;0;0;0;0;0;0;0;0;13;0;0;0;0;0;0;0;0;0;0;0;0;0;0;0;0;0;0;0;0;0;0;0;0;0;0;0;0;0;0;0;0;0;0;13;0;0;0;0;0;0;0;0
0;0;0;0;0;0;0;0;0;0;0;0;0;0;0;0;0;0;0;0;0;0;0;0;0;0;0;0;0;0;0;0;0;0;0;0;0;0;0;0;0;13;13;0;0;0;0;0;13;0;0;13;13;0;0;13;0;0;0;0;0;0;0;0;0;0;0;0;0;0;0;0;0;0;0;0;0;0;0;0;0;0;0;0;0;13;0;0;0;0;0;0;0;13;13;0;0;13;13;0;13;13;14;13;13;0;0;0;13;13;0;13;0;0;0;0;13;0;13;13;13;0;13;0;0;0;0;13;13;13;0;13;13;13;0;0;0;0;0;0;0;0;0;0;0;0;0;0;0;0;0;0;0;0;0;0;0;0;0;0;0;0;0;0;0;0;0;0;0;0;0;0;0;0;0;0;0;0;0;0;0;0;0;0;0;0;0;0;0;0;0;0;0;0;0;0;0;0;0;0;0;0;0;0;0;0;0;13;0;0;0;0;0;0;0;0;0;0;0;0;0;0;0;0;0;0;0;0;0;0;0
0;0;0;0;0;0;0;0;0;0;0;0;0;0;0;0;0;0;0;0;0;0;0;0;0;0;0;0;0;0;0;0;13;13;0;0;0;0;0;13;0;0;0;0;0;0;0;0;0;0;0;0;0;0;0;0;0;0;0;0;13;0;0;0;0;0;0;0;0;0;0;13;0;0;0;0;0;0;13;0;0;0;0;0;13;13;0;0;0;0;13;0;0;0;0;0;0;13;0;0;0;13;13;13;13;0;0;0;13;13;13;13;0;0;0;0;0;0;14;0;0;13;0;0;0;13;13;13;0;13;13;14;0;13;0;0;0;0;0;0;0;0;0;0;0;0;0;0;0;0;0;0;0;0;0;0;0;0;0;0;0;0;0;0;0;0;0;0;0;0;0;0;0;0;0;0;0;0;0;0;0;0;0;0;0;0;0;0;0;0;0;0;0;0;0;0;0;0;0;0;0;0;0;0;0;0;0;0;0;0;0;0;0;0;0;0;0;0;0;0;0;0;0;0;0;0;0;0;0;0;0
0;0;0;0;0;0;0;0;0;0;0;0;0;0;0;0;0;0;0;13;0;0;0;0;0;0;0;0;0;0;0;0;0;0;0;0;13;0;0;0;0;0;0;0;0;0;0;0;0;0;0;0;0;0;0;0;0;0;0;13;0;0;0;0;0;0;0;0;0;0;13;0;0;0;13;0;0;0;13;13;0;0;0;0;0;13;0;13;13;0;0;0;0;0;0;0;0;13;13;0;13;13;0;0;0;13;13;0;0;0;0;13;13;13;0;0;0;13;0;13;0;0;0;13;0;0;13;13;0;13;13;13;0;13;13;13;13;13;0;0;0;0;0;0;0;0;0;0;0;0;0;0;0;0;0;0;0;0;0;0;0;0;0;0;0;0;0;0;0;0;0;0;0;0;0;0;0;0;0;0;0;0;0;0;0;0;0;0;0;0;0;0;0;0;0;0;0;0;0;0;0;0;0;0;0;0;0;0;0;0;0;0;0;0;0;0;0;0;0;0;0;0;0;0;0;0;0;0;0;0;0
0;0;0;0;0;0;0;0;0;0;0;0;0;0;0;0;0;0;0;0;0;0;0;0;0;0;0;0;0;0;0;0;0;0;0;0;0;0;0;0;0;13;0;0;0;0;0;0;14;13;0;0;0;0;0;0;0;0;0;13;0;0;0;0;0;13;0;0;13;13;0;0;0;0;0;0;0;0;13;0;0;0;13;0;0;13;0;0;13;0;0;0;0;0;0;13;0;13;13;13;13;13;13;0;13;13;0;13;13;0;13;13;13;13;0;0;13;0;0;0;0;0;0;0;0;0;13;0;0;13;0;0;0;13;0;13;13;0;0;0;13;0;0;0;0;0;0;0;0;0;0;0;0;0;0;0;0;0;0;0;0;0;0;0;0;0;0;0;0;0;0;0;0;0;0;0;0;0;0;0;0;0;0;0;0;13;0;0;0;0;0;0;0;0;0;0;0;0;0;0;0;0;0;0;0;0;0;0;0;0;0;0;0;0;0;0;0;0;0;0;0;0;0;13;0;0;0;0;0;0;0
0;0;0;0;0;0;0;0;0;0;0;0;0;0;0;0;0;0;0;0;13;0;0;0;0;0;0;0;0;0;0;0;0;0;0;0;0;0;0;0;13;0;0;0;0;0;0;0;13;0;0;0;0;0;0;0;0;0;0;0;0;0;0;0;0;0;0;0;0;0;0;0;0;0;0;0;0;0;0;0;0;0;0;13;0;0;0;0;0;0;0;0;0;0;0;13;13;13;13;13;13;0;0;13;13;0;0;0;13;13;13;0;13;13;13;13;0;0;13;0;0;0;0;0;0;0;13;13;0;0;13;0;13;13;13;0;0;0;0;0;0;0;0;0;0;0;0;0;0;0;0;0;0;0;0;0;0;0;0;0;0;0;0;0;0;0;0;0;0;0;0;0;0;0;0;0;0;0;0;0;0;0;0;0;0;0;0;0;0;0;0;0;0;0;0;0;0;0;0;0;0;0;0;0;0;0;0;0;0;0;0;0;0;0;0;0;0;0;0;0;0;0;0;0;13;0;0;0;0;0;0
0;0;0;0;0;0;0;0;0;0;0;0;13;0;0;13;0;0;0;0;0;0;0;0;0;0;0;0;0;0;0;0;0;13;0;13;13;0;0;0;13;0;0;13;0;0;0;0;0;0;0;0;0;0;13;0;0;13;13;0;0;0;0;0;0;0;0;0;0;0;0;0;13;13;0;0;13;13;0;0;0;0;0;0;0;0;13;0;0;0;0;0;0;0;0;0;13;13;0;13;13;0;0;13;0;13;13;13;0;0;13;13;13;0;0;0;0;13;0;0;13;13;0;13;0;0;0;13;13;13;13;0;0;13;13;13;13;0;0;0;0;0;0;0;0;0;0;0;0;0;0;0;0;0;0;0;0;0;0;0;0;0;0;0;0;0;0;0;0;0;0;0;0;0;0;0;0;0;0;0;0;0;0;0;0;0;0;0;0;0;0;0;0;0;0;0;0;0;0;0;0;0;0;0;0;0;0;0;0;0;0;0;0;0;0;0;0;0;0;0;0;0;0;0;0;0;0;0;0;0;0
0;0;0;0;0;0;0;0;0;0;0;0;0;13;0;0;0;0;0;0;0;0;0;0;0;0;0;0;0;0;0;0;0;0;0;0;0;0;0;0;13;13;13;13;0;0;0;0;0;0;0;0;0;13;0;0;0;0;0;13;13;13;13;0;0;0;0;0;0;0;0;0;0;0;0;0;13;0;0;0;0;0;13;0;0;0;14;13;0;0;0;0;0;13;0;0;0;0;0;0;0;0;13;14;13;13;13;13;13;13;14;13;13;0;0;0;0;13;0;0;13;13;13;13;13;13;0;0;0;0;0;13;13;13;13;13;0;0;0;0;0;13;13;13;0;0;0;0;0;0;13;0;0;0;0;0;0;0;0;0;0;0;0;0;0;0;0;0;0;0;0;0;0;0;0;0;0;0;0;0;0;0;0;0;0;0;0;0;0;0;0;0;0;0;0;0;0;0;0;0;0;0;0;0;0;0;0;0;0;0;0;0;0;0;0;0;0;0;0;0;0;0;0;0;0;0;0;0;0;0;0
0;0;0;0;0;0;13;13;0;0;0;0;0;0;0;0;0;0;0;0;0;0;0;0;0;0;0;0;0;0;0;0;0;0;0;0;0;0;13;0;0;0;0;0;0;0;0;0;0;0;0;0;0;0;0;13;0;0;0;0;13;0;0;0;0;0;0;0;0;13;0;0;0;0;0;0;0;0;0;0;0;0;0;0;0;0;0;0;0;0;0;0;0;0;0;0;0;0;0;0;0;0;0;0;0;0;0;13;13;0;0;0;13;13;0;13;13;0;0;0;0;0;13;13;13;0;0;0;0;0;0;13;13;0;0;0;0;0;0;0;0;0;0;0;0;0;0;0;0;0;0;0;0;0;0;0;0;0;0;0;0;0;0;0;0;0;0;0;0;0;0;0;0;0;0;0;0;0;0;0;0;0;0;13;0;0;0;0;0;0;0;0;0;0;0;0;0;0;0;0;0;0;0;0;0;0;0;0;0;0;0;0;0;0;0;0;0;0;0;0;0;0;0;0;0;0;0;0;0;0;13
0;0;13;0;0;0;0;0;0;0;0;0;0;0;0;0;0;0;0;0;0;0;0;0;0;0;0;0;0;0;0;0;0;0;0;0;0;13;0;0;0;0;0;0;0;0;0;0;0;13;13;0;0;0;13;0;0;0;0;13;13;0;0;13;0;0;0;0;0;0;0;0;0;0;13;0;0;0;0;0;13;0;0;0;0;0;0;13;0;0;0;0;0;0;0;0;0;0;0;0;0;0;13;13;0;0;0;13;0;0;0;0;13;13;13;0;0;0;0;0;0;0;0;0;0;0;0;0;0;0;0;0;13;0;0;0;0;0;0;13;0;0;0;0;0;0;0;0;0;0;0;0;0;0;0;0;13;0;0;0;0;0;0;0;0;0;0;0;0;0;0;0;0;0;0;0;0;0;0;0;0;0;0;0;0;0;0;0;0;0;0;0;0;0;0;0;0;0;0;0;0;0;0;0;0;0;0;0;0;0;0;0;0;0;0;0;0;0;0;0;0;0;0;0;0;0;0;0;0;0;0
0;0;0;0;0;0;0;0;0;0;0;0;13;13;0;0;0;0;0;0;0;0;0;0;0;0;0;0;0;0;0;0;0;0;0;0;13;0;0;0;0;0;0;0;0;0;0;13;0;0;0;13;0;13;0;0;0;0;0;0;0;0;0;0;0;0;0;13;0;0;0;0;0;0;0;0;0;0;0;0;0;0;0;0;0;0;0;0;0;0;0;0;0;13;13;0;0;0;0;0;0;0;13;13;13;0;0;13;0;0;0;0;0;13;13;0;13;0;0;0;0;0;0;0;13;0;13;0;0;0;13;0;0;0;0;0;13;0;0;0;13;0;0;0;0;0;0;0;0;0;0;0;0;0;0;0;0;0;0;0;0;0;0;0;0;0;0;0;0;0;0;0;0;0;0;0;0;0;0;0;0;0;0;0;0;0;0;0;0;0;0;0;0;0;0;0;0;0;0;0;0;0;0;0;0;0;0;0;0;0;0;0;0;0;0;0;0;0;0;0;0;0;0;0;0;0;0;0;0;0;0
13;0;0;0;0;0;0;0;0;0;0;0;0;0;0;0;0;0;0;0;0;0;0;0;0;0;0;0;0;0;0;0;0;0;0;0;0;0;0;0;0;0;0;0;0;13;0;0;0;0;0;0;0;0;0;0;0;0;0;0;0;0;0;0;0;0;0;0;0;0;0;0;0;0;0;13;0;0;0;0;0;0;13;0;0;0;0;0;0;0;13;13;0;13;13;0;0;0;0;0;0;0;0;13;13;0;0;13;0;0;0;0;13;13;13;13;13;0;0;0;0;0;13;0;0;0;0;0;0;0;0;0;0;0;0;0;0;0;0;0;0;0;0;0;0;0;0;0;0;0;0;0;0;0;0;0;0;0;0;0;0;0;0;0;0;0;0;0;0;0;0;0;0;0;0;0;0;0;0;0;0;0;0;0;0;0;0;13;0;0;0;0;0;0;0;0;0;13;0;0;0;0;0;0;0;0;0;0;0;0;0;0;0;0;0;0;0;0;0;0;0;0;0;0;0;0;0;0;0;0;13
0;0;0;0;0;0;0;0;0;0;0;0;0;0;0;0;0;0;0;0;0;0;0;0;0;0;13;0;0;0;0;0;0;0;0;0;0;0;0;0;0;0;0;0;0;0;0;0;0;0;0;0;0;0;0;0;0;0;0;0;0;0;0;0;0;0;13;0;0;0;0;0;0;0;0;0;0;0;0;0;0;0;0;0;0;0;0;0;0;0;0;0;0;0;13;0;0;0;13;0;0;13;0;13;0;0;0;0;0;0;0;0;0;0;13;13;0;0;13;13;0;13;0;0;0;0;0;0;0;0;0;0;13;0;0;0;0;0;0;0;0;0;0;0;0;13;0;0;0;0;0;0;0;0;0;0;13;0;0;0;0;0;0;0;0;0;0;0;0;0;0;0;0;0;0;0;0;0;0;0;0;0;0;0;0;0;0;0;0;0;13;0;0;0;0;0;0;0;0;0;13;0;0;0;0;0;0;0;0;0;0;0;0;0;0;0;0;0;0;0;0;0;0;0;0;0;0;0;0;0;0
0;0;0;0;0;0;0;0;0;0;0;0;0;0;0;0;0;0;0;0;0;0;0;0;0;0;0;0;0;13;0;0;0;0;0;0;0;0;0;0;13;0;0;0;0;0;0;0;0;0;0;0;0;0;0;0;0;13;0;0;0;0;0;0;0;0;0;13;0;0;13;0;0;0;0;0;0;0;0;0;0;0;0;0;0;0;0;0;0;0;0;0;0;0;0;13;0;0;13;13;0;0;0;13;13;13;13;0;0;13;13;0;0;0;0;0;0;0;0;0;0;0;0;0;0;0;0;0;0;0;0;0;0;0;0;0;0;13;0;0;0;0;0;0;0;0;0;0;0;0;0;0;0;0;0;0;0;0;0;0;0;0;0;0;0;0;0;0;0;0;0;0;0;0;0;0;0;0;0;0;0;0;0;0;0;0;0;0;0;0;0;0;0;0;0;0;0;0;0;0;0;0;0;0;0;0;0;0;0;0;0;0;0;0;0;0;0;0;0;0;0;0;0;0;0;0;0;0;0;0;0
0;0;0;0;0;0;0;0;0;0;0;0;0;0;0;0;0;0;0;0;0;0;0;0;0;0;0;0;0;0;0;0;0;0;0;0;0;0;0;0;0;0;0;0;0;0;0;0;0;13;0;0;0;0;0;0;0;0;0;0;0;0;0;0;13;13;0;0;0;0;0;0;0;0;0;0;0;0;0;0;0;0;0;0;0;0;0;0;0;13;0;0;0;0;0;13;0;0;0;0;0;0;0;0;0;13;0;13;0;0;13;0;0;13;13;0;0;0;0;0;13;0;0;0;0;0;0;0;0;0;0;0;0;0;0;0;0;13;0;0;0;0;0;0;0;0;0;0;0;0;0;0;0;0;0;0;0;0;0;0;0;0;0;0;0;0;0;0;0;0;0;0;0;0;0;0;0;0;0;0;0;0;0;0;0;0;0;0;0;0;0;0;0;0;0;0;0;0;13;0;0;0;0;0;0;0;0;0;0;0;0;0;0;0;0;0;0;0;0;0;0;0;0;0;0;0;0;0;0;0;0
0;0;0;0;0;0;0;0;0;0;0;0;0;0;13;0;0;0;0;0;0;0;0;0;0;0;0;0;0;0;0;0;0;0;13;0;0;13;0;0;0;0;0;0;0;0;0;0;0;0;0;0;0;0;0;0;0;0;0;0;0;0;0;0;0;0;0;0;0;0;0;0;0;0;0;0;13;0;13;0;13;0;0;0;0;0;0;0;13;0;0;0;0;0;0;0;0;0;0;0;0;0;0;0;0;13;0;13;0;0;13;0;0;13;0;0;0;0;0;0;0;0;0;0;0;0;0;0;0;0;0;0;13;0;0;13;13;0;0;0;0;0;0;0;0;0;0;0;0;0;0;0;0;0;0;0;0;0;0;0;0;0;0;0;0;0;0;0;0;0;0;0;0;0;0;0;13;0;0;0;0;0;0;0;0;0;0;0;0;0;0;0;0;0;0;0;0;0;0;0;0;0;0;0;0;0;0;0;0;0;0;0;0;0;0;0;0;0;0;0;0;0;0;0;0;0;0;0;0;0;0
0;0;0;0;0;0;0;0;0;0;0;0;0;0;0;0;0;0;0;0;0;0;0;0;0;0;0;0;0;0;0;0;0;0;0;0;0;0;0;0;0;0;0;0;0;0;0;0;0;0;0;0;0;0;0;0;0;0;0;0;0;0;0;0;0;0;0;0;0;0;0;0;0;13;13;0;0;0;0;0;0;0;0;0;0;0;0;0;0;0;0;0;0;0;0;0;0;0;0;0;13;0;0;0;0;0;0;0;0;0;0;0;0;13;0;13;0;0;13;0;0;0;0;0;0;0;0;0;0;0;0;0;0;0;0;13;0;0;0;0;0;0;0;0;0;0;0;0;0;0;0;0;0;0;0;0;0;0;0;0;0;0;0;0;0;0;0;0;0;0;0;0;0;0;0;0;0;0;0;0;0;0;0;0;0;0;0;0;0;0;0;0;0;0;0;0;0;0;0;0;0;0;0;0;0;0;0;0;0;0;0;0;0;0;0;0;0;0;0;0;0;0;0;0;0;0;0;0;0;0;0
0;0;0;0;0;0;0;0;0;0;0;0;0;0;0;0;0;0;0;0;0;0;0;0;0;0;0;0;0;0;0;0;0;0;0;0;13;0;0;0;0;0;0;0;0;0;0;0;0;0;0;0;0;0;0;13;0;0;0;0;0;0;0;0;0;0;0;0;0;0;0;0;0;0;0;0;0;0;0;0;0;0;0;0;0;0;13;0;0;13;0;0;0;0;0;0;0;0;0;0;0;0;0;0;0;0;0;13;0;0;0;0;0;13;0;13;13;0;0;0;0;0;0;0;0;0;0;0;0;0;0;0;0;0;0;0;0;0;0;0;0;0;0;0;0;0;0;0;0;0;0;0;0;0;0;0;0;0;0;0;0;0;0;0;0;0;0;0;13;0;0;0;0;0;0;0;0;0;0;0;0;0;0;0;0;0;0;0;0;0;0;0;0;0;0;0;0;0;0;0;0;0;0;0;0;0;0;0;0;0;0;0;13;0;0;0;0;0;0;0;0;0;0;0;0;0;0;0;0;0;0
0;0;0;0;0;0;0;0;0;0;0;0;0;0;0;0;0;0;0;0;0;0;0;0;0;0;0;0;0;0;0;13;0;0;0;0;0;0;0;0;0;0;0;0;0;0;0;0;0;0;0;13;0;0;0;14;13;0;0;0;0;0;0;0;0;0;0;0;0;13;0;0;0;0;0;13;0;0;0;0;0;0;0;0;0;0;0;0;0;0;0;0;0;0;0;0;0;0;0;0;0;0;0;13;0;0;13;0;0;13;0;0;0;0;0;0;0;0;0;0;0;0;0;0;0;0;0;0;0;0;0;0;0;0;0;0;0;0;0;0;0;0;0;0;0;0;0;0;0;0;0;0;0;0;0;0;0;0;0;0;0;0;0;0;0;0;0;0;0;0;0;0;0;0;0;0;0;0;0;0;0;0;0;0;0;0;0;0;0;0;0;0;0;0;0;0;0;0;0;0;0;0;0;0;0;0;0;0;0;0;0;0;0;0;0;0;0;0;0;0;0;0;0;0;0;0;0;0;0;0;0
0;0;0;0;0;0;0;13;13;0;0;0;0;0;0;0;0;0;0;0;0;0;0;0;0;0;0;0;0;0;0;0;0;0;0;0;0;0;0;0;0;0;0;0;0;0;13;0;0;0;13;0;0;0;0;13;13;0;0;0;0;0;13;0;0;0;0;0;0;0;0;0;0;0;0;0;0;0;0;0;0;13;0;0;0;0;0;13;0;0;13;13;0;0;0;0;0;0;13;0;0;0;0;0;0;0;0;0;13;0;0;13;0;0;0;0;0;0;0;0;0;13;0;0;0;0;0;0;0;0;0;0;0;0;0;0;0;0;0;0;0;0;0;0;0;0;0;0;0;0;0;0;0;0;0;0;0;0;0;13;0;0;0;0;0;0;0;0;0;0;0;0;0;0;0;0;0;0;0;0;0;0;0;0;0;0;0;0;0;0;0;0;0;0;0;0;0;0;0;0;0;0;0;0;0;0;0;0;0;0;0;0;0;0;0;0;0;0;0;0;0;0;0;0;0;0;0;0;0;0;0
0;0;0;0;0;13;0;0;0;0;0;0;0;0;0;0;0;0;0;0;0;0;0;0;0;0;0;0;0;0;0;0;0;13;0;0;0;0;0;0;0;0;0;0;0;0;0;0;13;13;0;0;0;13;0;0;0;0;0;0;0;0;0;0;0;0;0;0;0;0;0;0;0;0;0;0;0;0;0;0;0;0;0;0;0;0;0;0;0;0;0;0;0;0;0;0;0;0;0;0;0;0;0;0;0;0;0;0;0;0;0;0;0;0;13;0;0;0;0;0;0;0;0;0;0;0;0;0;0;0;0;0;0;0;0;0;0;13;0;0;0;0;0;0;0;0;0;0;0;0;0;0;0;0;0;0;0;0;0;0;0;0;0;0;0;0;0;0;0;0;0;0;0;0;0;0;0;0;0;0;0;0;0;0;0;0;0;0;0;0;0;0;0;0;0;0;0;0;0;0;0;0;0;0;0;0;0;0;0;0;0;0;0;0;0;0;0;0;0;0;0;0;0;0;0;0;0;0;0;0;0
0;0;0;0;0;0;0;0;0;0;13;0;0;0;0;0;0;0;0;0;0;0;0;0;0;0;0;0;0;0;0;13;0;0;0;0;0;0;0;0;0;0;0;0;0;0;0;0;0;0;0;0;0;0;0;13;13;0;0;0;0;0;0;0;0;0;0;0;0;0;0;0;0;0;0;0;0;0;0;13;0;0;0;0;0;0;0;0;0;0;13;13;0;0;13;0;0;0;0;0;0;0;0;0;0;0;0;0;0;0;0;0;13;0;13;0;13;0;0;0;0;0;0;0;0;0;0;0;0;0;13;0;0;0;0;0;0;0;0;0;0;0;0;0;0;0;0;0;0;0;0;0;0;0;0;0;0;0;0;0;0;0;0;0;0;0;0;0;0;0;0;0;0;0;0;0;0;0;0;0;0;0;0;0;0;0;0;0;0;0;0;0;0;0;0;0;0;0;0;0;0;0;0;0;0;0;0;0;0;0;0;0;0;0;0;0;0;0;0;0;0;0;0;0;0;0;0;0;0;0;0
0;0;0;0;0;0;0;0;0;0;0;0;0;0;0;0;0;0;0;0;0;0;0;0;0;0;0;13;0;0;0;0;0;0;0;0;0;0;0;0;0;0;0;0;0;0;0;0;0;0;0;0;13;0;0;0;0;0;0;0;0;0;0;0;0;0;0;0;0;0;0;0;0;0;0;0;0;0;0;0;0;0;0;0;0;0;0;0;0;0;0;13;0;0;13;0;0;0;0;0;0;0;0;0;0;0;0;0;0;0;0;0;0;0;0;0;0;0;0;0;0;0;0;0;0;0;0;0;0;0;13;0;0;0;0;0;0;0;13;0;0;0;0;0;0;0;0;0;0;0;0;0;0;0;0;0;0;0;0;0;0;0;0;0;0;0;0;0;0;0;0;0;0;0;0;0;0;0;0;0;0;0;0;0;0;0;0;0;0;0;0;0;0;0;0;0;0;0;0;0;0;0;0;0;0;0;0;0;0;0;0;0;0;0;0;0;0;0;0;0;0;0;0;0;0;0;0;0;0;0;0
0;0;0;0;0;13;0;0;0;0;0;0;0;0;0;0;13;0;0;0;0;0;0;0;0;0;0;0;0;0;0;0;0;13;0;0;0;0;0;0;13;0;0;0;0;0;0;0;0;0;0;0;0;0;0;0;0;0;13;0;0;0;0;0;0;0;0;0;0;0;0;0;0;0;0;0;0;0;0;0;0;0;0;0;0;0;0;0;0;0;0;0;0;0;0;13;0;0;0;0;0;0;0;0;0;0;0;13;13;0;0;0;0;0;0;0;13;0;0;0;0;0;0;0;0;0;0;0;0;0;0;0;13;13;0;0;0;0;0;0;0;0;0;0;0;0;0;0;0;0;0;0;0;0;0;0;0;0;0;0;0;0;0;0;0;0;0;0;0;0;0;0;0;0;0;0;0;0;0;0;0;0;0;0;0;0;0;0;0;0;0;0;0;0;0;0;0;0;0;0;0;0;0;0;0;0;0;0;0;0;0;0;0;0;0;0;0;0;0;0;0;0;0;0;0;0;0;0;0;0;0
0;0;0;0;0;0;0;0;0;0;0;0;0;0;0;0;0;0;0;0;0;0;0;0;0;0;0;0;0;0;0;0;0;0;0;0;0;0;0;0;0;0;0;0;0;0;0;0;0;0;0;0;0;0;0;0;13;0;13;0;0;0;0;0;0;0;0;0;0;0;0;0;0;0;0;0;0;0;0;0;0;0;0;0;0;0;0;0;0;0;0;0;0;0;0;0;0;0;0;0;0;0;0;0;0;0;0;13;13;0;13;0;0;0;0;0;0;0;0;0;0;0;0;0;0;0;0;13;0;0;13;0;0;0;0;0;0;0;0;0;0;0;0;0;0;0;0;0;0;0;0;0;0;0;0;0;0;0;0;0;0;0;0;0;0;0;0;13;0;0;0;0;0;0;0;0;0;0;13;0;0;0;0;0;0;0;0;0;0;0;0;0;0;0;0;0;0;0;0;0;0;0;0;0;0;0;0;0;0;0;0;0;0;0;0;0;0;0;0;0;0;0;0;0;0;0;0;0;0;0;0
0;0;0;0;0;0;0;0;0;0;0;0;0;0;0;0;0;0;0;0;0;0;0;0;0;0;0;0;0;0;0;0;0;0;0;0;0;0;0;0;0;0;0;0;0;13;0;0;0;0;0;0;0;0;0;13;0;0;0;0;0;0;0;0;0;0;0;0;0;0;0;0;0;0;0;0;0;0;0;0;0;0;0;0;0;0;0;0;0;0;0;0;0;0;0;0;0;0;0;0;0;0;0;0;0;0;0;0;0;0;0;0;0;13;0;0;0;0;0;0;0;13;0;0;0;0;0;0;0;0;0;0;0;0;0;0;0;0;0;0;0;0;0;0;0;0;0;0;0;0;0;0;0;0;0;0;0;0;0;0;0;0;0;0;0;0;0;0;0;0;0;0;0;0;0;0;0;0;0;0;0;0;0;0;0;0;0;0;0;0;0;0;0;0;0;0;0;0;0;0;0;0;0;0;0;0;0;0;0;0;0;0;0;0;0;0;0;0;0;0;0;0;0;0;0;0;0;0;0;0;0
0;0;0;0;0;0;0;0;0;0;0;0;0;0;0;0;0;0;0;0;0;0;0;0;0;0;0;0;0;13;0;0;0;0;0;0;0;0;0;0;0;0;0;0;0;0;0;0;0;0;13;0;0;0;0;0;0;0;0;0;0;13;0;0;0;0;0;0;0;0;0;0;0;0;0;0;0;0;0;0;0;0;0;0;0;0;0;0;13;0;0;0;0;0;0;0;0;0;0;0;0;0;0;0;0;0;0;0;0;0;0;0;0;0;0;0;0;0;13;0;0;0;0;0;0;0;0;0;13;0;0;0;13;0;0;0;0;0;0;0;0;0;0;0;0;0;0;0;0;0;0;0;0;0;0;0;0;0;0;0;0;0;0;0;0;0;0;0;0;0;0;0;0;0;0;0;0;0;0;0;0;0;0;0;0;0;0;0;0;0;0;0;0;0;0;0;0;0;0;0;0;0;0;0;0;0;0;0;0;0;0;0;0;0;0;0;0;0;0;0;0;0;0;0;0;0;0;0;0;0;0
0;0;0;0;0;0;0;0;0;0;0;0;0;0;0;0;0;0;0;0;0;0;0;0;0;0;0;0;0;0;0;0;0;0;0;0;13;0;0;0;0;0;0;0;0;0;0;13;0;0;0;0;0;0;0;0;0;0;0;0;13;0;0;0;0;0;0;0;0;0;0;0;0;0;0;0;0;0;0;0;0;0;0;0;0;0;0;0;0;0;0;0;0;0;13;0;0;0;0;0;0;0;0;13;0;0;0;0;0;0;0;0;0;0;0;0;0;0;0;13;0;0;0;0;0;0;0;0;0;0;0;0;13;13;0;0;0;0;0;0;0;0;0;0;0;0;0;0;0;0;0;0;0;0;0;0;0;0;0;0;0;0;0;0;0;0;0;0;0;0;0;0;0;0;0;0;0;0;0;0;0;0;0;0;0;0;0;0;0;0;0;0;0;0;0;0;0;0;0;0;0;0;0;0;0;0;0;0;0;0;0;0;0;0;0;0;0;0;0;0;0;0;0;0;0;0;0;0;0;0;0
0;0;0;0;0;0;0;0;0;0;0;13;0;0;0;0;0;0;0;0;0;0;0;0;0;0;0;0;0;0;0;0;0;0;0;0;0;0;0;0;0;13;0;0;0;0;0;0;13;0;0;0;0;0;0;0;0;0;0;0;0;0;0;0;0;0;0;0;0;0;0;0;0;0;0;0;0;0;0;0;0;0;0;0;0;0;0;0;0;0;0;0;0;0;0;0;0;0;0;0;0;0;0;0;0;0;13;0;0;0;0;0;0;0;0;0;0;0;0;0;0;0;13;13;0;0;0;13;0;0;0;0;0;0;0;0;0;0;0;0;0;0;0;0;0;0;0;0;0;0;0;0;0;0;0;0;0;0;13;0;0;0;0;0;0;0;0;0;0;0;0;0;0;0;0;0;0;0;0;0;0;0;0;0;0;13;0;0;0;0;0;0;0;0;0;0;0;0;0;0;0;0;0;0;0;0;0;0;0;0;0;0;0;0;0;0;0;0;0;13;13;0;0;0;0;0;0;0;0;0;0
0;0;0;13;0;0;0;0;0;0;0;0;0;0;0;0;0;0;13;0;0;0;0;0;0;0;0;0;0;0;0;0;0;0;0;0;0;0;0;0;0;0;0;0;0;13;0;0;13;13;0;0;0;0;0;0;0;0;0;0;0;0;0;0;0;0;0;0;0;0;0;0;0;0;0;0;0;0;0;13;13;0;0;0;0;0;0;0;0;0;0;0;0;0;0;0;0;13;0;0;0;0;0;0;13;0;0;0;13;0;0;0;0;0;0;0;0;0;0;0;0;0;0;13;0;0;0;0;0;0;0;0;0;0;0;0;0;0;0;0;0;0;0;0;0;0;0;0;0;13;0;0;0;0;0;0;0;0;0;0;0;0;0;0;0;0;0;0;0;0;0;0;0;0;0;0;0;0;0;0;0;0;0;0;0;0;0;0;0;0;13;0;0;0;0;0;0;0;0;0;0;0;0;0;0;0;0;0;0;0;0;0;0;0;0;0;0;0;0;0;0;0;0;0;0;0;0;0;0;0;0
0;0;0;0;0;0;0;0;0;0;0;0;0;0;0;0;0;0;0;0;0;0;0;0;0;0;0;0;0;0;0;0;0;13;0;0;0;0;0;0;0;0;0;0;0;0;0;0;0;0;0;0;0;0;0;0;0;0;0;0;0;0;0;0;0;0;0;13;0;0;0;0;0;0;0;0;0;0;0;0;0;13;0;0;0;0;0;0;0;0;0;0;0;0;0;0;0;0;0;0;0;0;0;0;0;0;0;0;0;0;0;0;0;0;0;0;0;0;0;0;0;0;0;0;0;0;0;0;0;0;0;0;0;0;0;0;0;0;0;0;0;0;0;0;0;0;0;0;0;0;0;0;0;0;0;0;0;0;0;0;0;0;0;0;0;0;0;0;0;0;0;0;0;0;0;0;0;0;0;0;0;0;0;0;0;0;0;0;0;0;0;0;0;0;0;0;0;0;0;0;0;0;0;0;0;0;0;0;0;0;0;0;0;0;0;0;0;0;0;0;0;0;0;0;0;0;0;0;0;0;0
0;0;0;0;0;0;0;0;0;0;0;0;0;0;0;0;0;0;0;0;0;0;0;0;0;13;0;0;0;0;0;0;0;0;0;0;0;0;0;0;0;0;0;0;0;0;0;0;0;0;0;13;0;0;0;0;0;0;0;0;0;0;0;0;0;0;0;0;0;0;0;0;0;0;0;0;0;0;13;0;0;0;0;0;0;0;0;0;0;0;0;0;13;0;0;0;0;0;0;0;0;0;0;0;0;0;0;0;0;0;0;0;0;0;0;0;0;0;0;0;0;0;0;0;0;0;0;0;0;0;0;0;0;0;0;0;0;0;0;0;0;0;0;0;0;0;0;0;0;0;0;0;0;0;0;0;0;0;0;0;0;0;0;0;0;0;0;0;0;0;0;0;0;0;0;0;0;0;0;0;0;0;0;0;0;0;0;0;0;0;0;0;0;0;0;0;0;0;0;0;0;0;0;0;0;0;0;0;0;0;0;0;0;0;0;0;0;0;0;0;0;0;0;0;0;0;0;0;0;0;0
0;0;0;0;0;0;0;0;0;0;0;13;0;0;0;0;0;0;0;0;0;0;0;0;0;0;0;0;13;0;0;0;0;0;0;0;0;0;0;0;0;0;0;0;0;0;0;0;0;0;0;0;13;0;0;0;0;0;0;0;0;0;13;0;0;0;0;0;0;0;0;0;0;0;0;13;0;0;0;0;0;0;0;0;0;0;0;0;0;0;0;0;0;0;0;0;0;0;13;0;0;0;0;0;13;0;0;0;0;0;0;0;0;0;0;0;0;0;0;0;0;0;0;0;0;0;0;0;0;0;0;0;0;0;0;0;0;0;0;0;0;0;0;0;0;0;0;0;0;0;0;0;0;0;0;0;0;0;0;13;0;0;0;0;0;0;0;0;0;0;0;0;0;0;0;0;13;0;0;0;0;0;0;0;0;0;0;0;0;0;0;0;0;0;0;0;0;0;0;0;0;0;0;13;0;0;0;0;0;0;0;0;0;0;0;0;0;0;0;0;0;0;0;0;0;0;0;0;0;0;0
0;0;0;0;0;0;0;0;0;0;0;0;0;0;0;0;0;0;0;0;0;0;0;0;0;13;0;0;0;0;0;0;0;0;0;0;0;0;0;0;0;0;0;0;0;0;13;0;0;0;0;0;0;0;0;0;0;0;0;0;0;0;0;0;0;0;0;0;0;0;0;0;0;0;0;0;0;0;0;0;0;13;0;0;0;0;0;0;0;0;13;0;0;0;0;0;0;0;0;0;0;0;0;0;0;0;0;0;0;0;0;0;0;0;0;0;0;0;0;0;0;0;0;0;0;0;0;0;0;0;0;0;0;0;0;0;0;0;0;0;0;0;0;0;0;0;0;0;0;0;0;0;0;0;0;0;0;0;0;0;0;0;0;13;0;0;0;0;0;0;0;0;0;0;0;0;0;0;0;0;0;0;0;0;0;0;0;0;0;0;0;0;0;0;0;0;0;0;0;0;0;0;0;0;0;0;0;0;0;0;0;0;0;0;0;0;0;0;0;0;0;0;0;0;0;0;0;0;0;0;0
0;0;0;0;0;0;0;0;0;0;0;0;0;0;0;0;0;0;0;0;0;0;0;0;0;0;0;0;0;0;0;0;0;0;0;0;0;0;13;0;0;0;0;0;0;0;0;0;0;0;0;0;0;13;0;0;0;0;0;0;0;0;0;0;0;0;0;0;0;0;0;0;0;0;0;0;0;0;0;0;0;0;0;0;0;0;13;0;0;0;0;0;0;0;0;0;13;0;0;0;0;0;0;0;0;0;0;0;0;0;0;0;0;0;0;0;13;0;0;0;0;0;0;0;0;0;0;0;0;0;0;0;0;0;0;0;0;0;0;0;0;0;0;0;0;0;0;0;0;0;0;0;0;0;0;0;0;0;0;0;0;0;0;0;0;0;0;0;0;0;0;0;0;0;0;0;0;0;0;0;0;0;0;0;0;0;0;0;0;0;0;0;0;0;0;0;0;0;0;0;0;0;13;0;0;0;0;0;0;0;0;0;0;0;0;0;0;0;0;0;0;0;0;0;0;0;0;0;0;0;0
0;0;0;0;0;0;0;0;0;0;0;0;0;0;0;0;0;0;0;0;0;0;0;0;0;0;0;0;0;0;0;0;0;0;0;0;0;0;0;0;0;0;0;0;0;0;0;0;0;0;0;0;0;0;0;0;0;0;0;0;0;0;0;0;0;0;0;0;0;13;0;0;0;0;0;13;0;0;0;0;0;0;0;0;0;0;0;0;0;0;0;0;0;0;0;0;13;0;0;0;0;0;0;0;0;0;0;0;0;0;0;0;0;0;0;0;0;0;0;0;0;0;0;0;0;0;0;0;0;0;0;0;0;0;0;0;0;0;0;0;0;0;0;0;0;0;0;0;0;0;0;0;0;0;0;0;0;0;0;0;0;0;0;0;0;0;0;0;0;0;0;0;0;0;0;0;0;0;0;0;0;0;0;0;0;0;0;0;0;0;0;0;0;0;0;0;0;0;0;0;0;0;0;0;0;0;0;0;0;0;0;0;0;0;0;0;0;0;0;0;0;0;0;0;0;0;0;0;0;0;0
0;0;0;0;0;0;0;0;0;0;13;0;0;0;0;0;0;0;0;0;0;0;0;0;0;0;0;0;0;0;0;0;0;0;0;0;0;0;0;0;0;0;0;0;0;0;0;0;0;0;0;0;0;0;0;0;0;0;0;0;0;0;0;0;0;0;0;0;0;0;0;0;0;0;0;0;0;0;0;0;0;0;0;13;0;0;0;0;0;0;0;0;0;0;0;0;0;0;0;0;0;0;0;0;0;13;0;0;0;0;0;0;0;0;0;0;0;0;0;0;0;0;0;0;0;0;0;0;0;0;0;0;0;0;0;0;0;0;0;0;0;0;0;0;0;0;0;0;0;0;0;0;0;0;0;0;0;0;0;0;0;0;0;0;0;0;0;0;0;0;0;0;0;0;0;0;0;0;0;0;0;0;0;0;0;0;0;0;0;0;0;0;0;0;0;0;0;0;0;0;0;0;0;0;0;0;0;0;0;0;0;0;0;0;13;0;0;0;0;0;0;0;0;0;0;0;0;0;0;0;0
0;0;0;0;0;0;0;0;0;0;0;0;0;0;0;0;13;0;0;0;0;0;0;0;0;0;0;0;0;0;0;0;0;0;0;0;0;0;0;0;0;0;0;0;13;0;0;0;0;0;0;0;0;0;0;0;0;0;0;0;0;0;0;0;0;0;0;0;0;0;0;0;0;0;0;0;0;0;13;0;0;0;0;0;0;13;0;0;0;0;0;0;0;0;0;0;0;0;0;0;0;0;0;13;0;0;0;0;0;0;0;0;0;0;0;0;0;0;0;0;0;0;0;0;0;0;0;0;0;0;0;0;0;0;0;0;0;0;0;0;0;0;0;0;0;0;0;0;0;0;0;0;0;0;0;0;0;0;0;0;0;0;0;0;0;0;0;0;0;0;0;0;0;0;0;0;0;0;0;0;0;13;0;0;0;0;0;0;0;0;0;0;0;0;0;0;0;0;0;0;0;0;0;0;0;0;0;0;0;0;0;0;0;0;0;0;0;0;0;13;0;0;0;0;0;0;0;0;0;0;0
0;0;0;0;0;0;0;0;0;0;0;0;0;0;0;0;0;0;0;0;0;0;0;0;0;0;0;0;0;0;0;0;0;0;0;0;0;0;0;0;0;13;0;0;0;13;0;0;0;0;0;0;0;0;0;13;0;0;0;0;0;0;0;0;0;0;0;0;0;0;0;13;0;0;0;0;0;0;0;0;0;0;0;0;0;13;0;0;0;0;0;0;0;0;0;0;0;0;0;13;0;0;0;13;0;0;0;0;0;0;0;0;0;0;0;0;0;0;0;0;0;0;0;0;0;0;0;0;0;0;0;0;0;0;0;0;0;0;0;0;0;0;0;0;0;0;0;0;0;0;0;0;0;0;0;0;0;0;0;0;0;0;0;0;0;0;0;0;0;0;0;0;0;0;0;0;0;0;0;0;0;0;0;0;0;0;0;0;13;0;0;0;0;0;0;0;0;0;0;0;0;0;0;0;0;0;0;0;0;0;0;0;0;0;0;0;0;0;0;0;0;0;0;0;0;0;0;0;0;0;0
0;0;0;0;0;0;0;0;0;0;0;0;0;0;0;0;0;0;0;0;0;0;0;0;0;0;0;0;0;0;0;0;0;0;0;0;0;0;0;0;0;0;0;0;0;0;0;0;0;0;0;0;0;0;0;0;0;0;0;0;0;0;0;0;0;0;0;0;0;0;0;0;0;0;0;0;0;0;0;0;0;0;0;0;0;13;0;0;0;0;0;0;0;0;0;0;0;0;0;0;0;0;13;0;13;0;0;0;0;0;0;0;0;0;0;0;0;0;0;0;0;0;0;0;0;0;0;0;0;0;0;0;0;0;0;0;0;0;0;0;0;0;0;0;0;0;0;0;0;0;0;0;0;0;0;0;0;0;0;0;0;0;0;0;0;0;13;0;0;0;0;0;0;0;0;0;0;13;0;0;0;0;0;0;0;0;0;0;0;0;0;0;0;0;0;0;0;0;0;0;0;0;0;0;0;0;0;0;0;0;0;0;0;0;0;0;0;0;0;0;0;0;0;0;0;0;0;0;0;0;0
0;0;0;0;0;0;13;0;0;0;0;0;0;0;0;0;0;0;0;0;0;0;0;0;0;0;13;0;0;0;0;0;0;0;0;0;0;0;0;0;0;0;0;0;0;0;0;0;0;0;0;0;0;0;0;0;0;0;0;0;0;0;0;0;0;0;0;0;0;0;0;0;0;0;0;0;0;0;0;0;0;0;0;0;0;0;0;0;0;0;0;13;0;0;0;0;0;0;0;0;0;0;13;0;0;0;0;0;0;0;0;13;0;0;0;0;0;0;13;0;0;0;0;0;0;0;0;0;0;0;0;0;0;0;0;0;0;0;0;0;0;0;0;0;0;0;0;0;0;0;0;0;0;0;0;0;0;0;0;0;0;0;0;0;0;0;0;0;0;0;0;0;0;0;0;0;0;0;0;0;0;0;0;0;0;0;0;0;0;0;0;0;0;0;0;0;0;0;0;0;0;0;0;0;0;0;0;0;0;0;0;0;0;0;0;0;0;0;0;0;0;0;0;0;0;0;0;0;0;0;0
0;0;0;0;0;0;0;0;0;0;0;0;0;0;0;0;0;0;0;0;0;0;0;0;0;0;0;0;0;0;0;0;0;0;0;0;0;0;0;0;0;0;0;0;0;0;0;0;0;0;0;0;0;0;0;0;0;0;0;0;0;0;0;0;0;0;0;0;0;0;0;0;0;0;0;0;0;0;0;13;0;0;0;0;0;0;0;0;0;13;0;0;0;0;0;0;0;0;0;0;13;0;0;13;0;0;0;0;0;0;0;0;0;0;0;0;0;0;0;0;13;0;0;0;0;0;0;0;0;0;0;0;0;0;0;0;0;0;0;0;0;0;0;0;0;0;0;0;0;0;0;0;0;0;0;0;0;0;0;0;0;0;0;0;0;0;0;0;0;0;0;0;0;0;0;0;0;0;0;0;0;0;0;0;0;0;0;0;0;0;0;0;0;0;0;0;0;0;13;0;0;0;0;0;0;0;0;0;0;0;0;0;0;0;0;0;0;0;0;0;0;0;0;0;0;0;0;0;0;0;0
0;0;0;0;0;0;0;0;0;0;0;0;0;0;0;0;0;0;0;0;0;0;0;0;0;0;0;0;0;0;0;0;0;0;0;13;0;0;0;0;0;0;0;0;0;0;0;0;0;0;0;0;0;0;0;0;0;0;13;0;0;0;0;0;0;0;0;0;0;0;0;0;0;0;0;0;0;0;0;0;0;0;0;0;0;0;0;0;0;0;0;0;0;0;0;0;0;0;0;0;0;0;0;0;0;0;0;0;0;0;0;0;0;0;0;0;0;0;0;0;0;0;0;0;0;0;0;0;0;0;0;0;0;0;0;0;13;0;0;0;0;0;0;0;0;0;0;0;0;0;0;0;0;0;0;0;0;0;0;0;0;0;0;0;0;0;0;0;0;0;0;0;0;0;0;0;0;0;0;0;0;0;0;0;0;0;0;0;0;0;0;0;0;0;0;0;0;0;0;0;0;0;0;0;0;0;0;0;0;0;0;0;0;0;0;0;0;0;0;0;0;0;0;0;0;0;0;0;0;0;0
0;0;0;0;0;0;0;0;0;0;0;0;0;0;0;0;0;0;0;0;0;0;0;0;0;0;13;0;0;0;13;0;0;0;0;0;0;0;0;0;0;0;0;0;0;0;0;0;0;0;0;0;0;0;0;0;0;0;0;0;0;0;0;0;0;0;0;0;0;0;0;0;0;0;0;0;0;0;0;0;0;0;0;0;0;0;0;13;13;0;0;0;0;0;0;0;0;0;0;0;0;0;0;0;0;0;0;0;0;0;0;0;0;0;0;0;0;0;0;0;0;0;0;0;0;0;0;0;0;0;0;0;0;0;0;0;0;0;0;0;0;0;0;0;0;13;0;0;0;0;0;0;0;0;0;0;0;0;0;0;0;0;0;0;0;0;0;0;0;0;0;0;0;0;0;0;0;0;0;0;0;0;0;0;0;0;0;0;0;0;0;0;0;0;0;0;0;0;0;0;0;0;0;0;0;0;0;0;0;0;0;0;0;0;0;0;0;0;0;0;0;0;0;0;0;0;0;0;0;0;0
0;0;0;0;0;0;0;0;0;0;0;0;0;0;0;0;0;0;0;0;0;0;0;0;0;0;0;0;0;0;0;0;0;0;0;0;0;0;0;0;0;0;0;0;0;0;0;0;0;0;0;0;0;0;0;0;0;0;0;0;0;0;0;0;13;0;0;0;0;0;0;0;0;0;0;0;0;13;0;0;0;0;0;13;0;0;0;0;0;0;0;0;0;0;0;0;0;0;0;0;0;0;0;0;0;0;0;13;0;0;0;0;0;0;0;0;0;0;0;0;0;0;0;0;0;0;0;0;0;0;13;0;0;0;0;0;0;0;0;0;0;0;0;0;0;0;0;0;0;0;0;0;0;0;0;0;0;0;0;0;0;0;0;0;0;0;0;0;0;0;0;0;0;0;0;0;0;0;0;0;0;0;0;0;0;0;0;0;0;0;0;0;0;0;0;0;0;0;0;0;0;0;0;0;0;0;0;0;0;0;0;0;0;0;0;13;0;0;0;0;0;0;0;0;0;0;0;0;0;0;0
0;0;0;0;0;0;0;0;13;0;0;0;0;0;0;0;0;0;0;0;0;0;0;0;0;0;0;0;0;0;0;0;0;0;0;13;0;0;0;0;0;0;0;0;0;0;0;0;0;0;0;0;0;0;0;0;0;0;0;0;0;0;0;0;0;0;0;0;0;0;0;0;0;0;0;0;0;0;0;0;0;13;13;0;0;0;0;0;0;0;0;0;0;0;0;0;0;0;0;0;0;0;0;0;0;0;0;0;0;0;0;0;0;0;0;0;0;0;0;0;0;0;0;13;0;0;0;0;0;0;0;0;0;0;0;0;0;0;0;0;0;0;0;0;0;0;0;0;0;0;0;0;0;0;13;0;0;0;0;0;0;0;0;0;0;0;0;0;0;0;0;0;0;0;0;0;13;0;0;0;0;0;0;0;0;0;0;0;0;0;0;0;0;0;0;0;0;0;0;0;0;0;0;0;0;0;0;0;0;0;13;0;0;0;0;0;0;0;0;0;0;0;0;0;0;0;0;0;13;0;0
0;0;0;0;0;0;0;0;0;0;0;0;0;0;0;0;0;0;0;0;0;0;0;0;0;0;0;0;0;0;0;0;0;0;0;0;0;0;0;0;0;0;0;0;0;0;0;0;0;0;0;0;0;0;0;0;0;0;0;0;0;0;0;0;0;0;0;0;0;0;0;0;0;0;0;0;0;0;0;0;0;0;0;0;0;0;0;0;0;0;0;0;0;0;0;0;0;0;0;0;0;0;0;0;13;0;0;0;0;0;0;0;0;0;0;0;0;0;0;0;0;0;0;0;0;0;0;0;0;0;0;0;0;0;0;0;0;0;0;0;0;0;0;0;0;13;0;0;0;0;0;0;0;0;0;0;0;0;0;0;0;0;0;0;0;0;0;0;0;0;0;0;0;0;0;0;0;0;0;0;0;0;0;0;0;0;0;0;0;0;0;0;0;0;0;0;0;0;0;0;0;0;0;0;0;0;0;0;0;0;0;0;0;0;0;0;0;0;0;0;0;0;0;0;0;0;0;0;0;0;0
0;0;0;0;0;0;0;0;0;0;0;0;0;0;0;0;0;0;0;0;0;0;0;0;0;0;0;0;0;0;0;0;0;0;0;0;0;0;0;0;0;0;0;0;0;0;0;0;0;0;0;0;0;0;0;0;0;0;0;0;0;0;0;0;0;0;0;0;0;0;0;0;0;0;0;0;0;0;0;0;0;0;0;0;13;0;0;0;0;0;0;0;0;0;0;0;0;0;0;0;0;0;0;0;0;0;0;0;0;0;0;0;0;0;0;0;0;0;0;0;0;0;0;0;0;0;0;0;0;0;0;0;0;0;0;0;0;0;0;0;0;0;0;0;0;0;0;0;0;0;0;0;0;0;0;0;0;0;0;0;0;0;0;0;0;0;0;0;0;0;0;0;0;0;0;0;0;0;0;0;0;0;0;0;0;0;0;0;0;0;0;0;0;0;0;0;0;0;0;0;0;0;0;0;0;0;0;0;0;13;0;0;0;0;0;0;0;0;0;0;0;0;0;0;0;0;13;13;13;0;0
0;0;0;0;0;0;0;0;0;0;0;0;0;0;0;0;0;0;0;0;0;0;0;0;0;0;0;0;0;0;0;0;0;0;0;0;0;0;0;0;0;0;0;0;0;0;0;0;0;0;0;0;0;0;0;0;0;0;0;0;0;0;0;0;0;0;0;0;0;0;0;0;0;0;0;0;0;0;0;0;0;0;0;0;0;0;0;0;0;0;0;0;0;0;0;0;0;0;0;13;0;0;0;0;0;0;0;0;0;0;0;0;0;0;0;0;0;13;0;0;0;0;0;0;0;0;0;0;0;0;0;0;0;0;0;0;0;0;0;0;0;0;0;0;0;0;0;0;0;0;0;0;0;0;0;0;0;0;13;0;0;0;0;0;0;0;0;0;0;0;0;0;0;0;0;0;0;0;0;0;0;0;0;0;0;0;0;0;0;0;0;0;0;0;0;0;0;0;0;0;0;0;0;0;0;0;0;0;0;0;0;0;0;13;0;0;0;0;0;0;0;0;0;0;0;0;0;0;0;0;0
0;0;0;0;0;0;0;0;0;0;0;0;0;0;0;0;0;0;0;0;0;0;0;0;0;0;0;0;0;0;0;0;0;0;0;0;0;0;0;0;0;0;0;0;0;0;0;0;0;0;0;0;0;0;0;0;0;0;0;0;0;0;0;0;0;0;0;0;0;0;0;0;0;0;0;0;0;0;0;0;0;0;0;0;0;0;0;0;0;0;0;0;0;0;0;0;0;0;0;0;0;0;0;0;0;0;0;0;0;0;0;0;0;0;0;0;0;0;0;0;0;0;0;0;0;0;0;0;0;0;0;0;0;0;0;0;0;0;0;0;0;0;0;0;0;0;0;0;0;0;0;0;0;0;0;0;0;0;0;0;0;0;0;0;0;0;0;0;0;0;0;0;0;0;0;0;0;0;0;0;0;0;0;0;0;0;0;0;0;0;0;0;0;0;0;0;0;0;0;0;0;0;0;0;0;0;0;0;0;0;0;0;0;0;0;0;0;0;0;0;0;0;0;0;0;0;0;0;0;0;0
0;0;0;0;0;0;0;0;0;0;0;0;0;0;0;0;0;0;0;0;0;0;0;0;0;0;0;0;0;0;0;0;0;0;0;0;13;0;0;0;0;0;0;0;0;0;0;0;0;0;0;0;0;0;0;0;0;0;0;0;0;0;0;0;0;0;0;0;0;0;0;0;0;0;0;0;0;0;0;0;0;0;0;0;13;0;0;0;13;0;0;0;0;0;0;0;0;0;0;0;0;0;0;0;0;0;0;0;0;0;0;0;13;0;0;0;0;0;0;0;0;13;0;0;0;0;0;0;0;0;0;0;0;0;0;0;0;0;0;0;0;0;0;0;0;0;0;0;0;0;0;0;0;0;0;0;0;0;0;0;0;0;0;0;0;0;0;0;0;0;0;0;0;0;0;0;0;0;0;0;0;0;0;0;0;0;0;0;0;0;0;0;0;0;0;0;0;0;0;0;0;0;0;0;0;0;0;0;0;0;0;0;0;0;0;0;0;0;0;0;0;0;0;0;0;0;0;0;0;13;0
0;0;0;0;0;0;0;0;0;0;0;0;0;0;0;0;0;0;0;0;0;0;0;0;0;0;0;0;0;0;0;0;0;0;0;0;0;0;0;0;0;0;0;0;0;0;0;0;0;0;0;0;0;0;0;0;0;0;0;0;0;0;0;0;13;13;0;0;0;0;0;0;0;0;0;0;0;0;0;0;0;0;0;0;0;0;0;0;0;0;0;0;0;0;0;0;0;0;0;0;0;0;0;0;0;0;0;0;0;0;0;0;0;0;0;0;0;0;0;0;0;0;0;0;0;0;13;0;0;0;0;0;0;0;0;0;0;0;0;0;0;0;0;0;0;0;0;0;0;0;0;0;0;0;0;0;0;0;0;0;0;0;0;0;0;0;0;0;0;0;0;0;0;0;0;0;0;0;0;0;0;0;0;0;0;0;0;0;0;0;0;0;0;0;0;0;0;0;0;0;0;0;0;0;0;0;0;0;0;0;0;0;0;0;0;0;0;0;0;0;0;0;0;0;0;0;0;0;0;0;0
0;0;0;0;0;0;0;0;0;0;0;0;0;0;0;0;0;0;0;0;0;0;0;0;13;0;0;0;0;0;0;0;0;0;0;0;0;0;0;0;0;0;0;0;0;0;0;0;0;0;0;0;0;0;0;0;0;0;0;0;0;0;0;0;0;13;0;0;13;0;0;0;0;0;0;0;0;0;0;0;0;0;0;0;0;0;0;0;0;0;0;0;0;0;0;0;0;0;0;0;0;0;0;0;0;0;0;0;0;0;0;0;0;0;0;0;13;0;0;0;0;0;0;0;0;0;0;0;0;0;0;0;0;0;0;0;0;0;0;0;0;0;0;0;0;0;0;0;0;0;0;0;0;0;0;0;0;0;0;0;0;0;0;0;0;0;0;0;0;0;0;0;0;0;0;0;0;0;0;0;0;0;0;0;0;0;0;0;0;0;0;0;0;0;0;0;0;0;0;0;0;0;0;0;0;0;0;0;0;0;0;0;0;0;0;0;0;0;0;0;0;0;0;0;0;0;0;0;0;0;0
0;0;0;0;0;0;0;0;0;0;0;0;0;0;0;0;0;0;0;0;0;0;0;0;0;0;0;0;0;0;0;0;0;0;0;0;0;0;0;0;0;0;0;0;0;0;0;0;0;0;0;0;0;0;0;0;0;0;0;0;0;0;0;0;0;0;0;0;0;0;0;0;0;0;0;0;0;0;0;0;0;0;0;0;0;0;0;0;0;0;0;0;0;0;0;0;0;0;0;0;0;0;0;0;0;0;0;0;0;0;0;0;0;0;0;14;0;0;0;0;0;0;0;0;0;0;0;0;0;0;0;0;0;0;0;0;0;0;0;0;0;0;0;0;0;0;0;0;0;0;13;0;0;0;0;0;0;0;0;0;0;0;0;0;0;0;0;0;0;0;0;0;0;0;0;0;0;0;0;0;0;0;0;0;0;0;0;0;0;0;0;0;0;0;0;0;0;0;0;0;0;0;0;0;0;13;0;0;0;0;0;0;0;0;0;0;0;0;0;0;0;0;0;0;0;0;0;0;0;0;0
0;0;0;0;0;0;0;0;0;0;0;0;0;0;0;0;0;0;0;0;0;0;0;0;0;0;0;0;0;0;0;0;13;0;0;0;0;0;0;0;0;0;0;0;0;0;0;0;0;0;13;0;0;0;0;0;0;0;0;0;0;0;0;0;0;0;0;0;0;0;0;0;0;0;0;0;0;0;0;0;0;0;0;0;0;0;0;0;0;0;0;0;0;0;13;0;0;0;0;0;0;0;0;0;0;0;0;0;0;0;0;0;0;0;0;0;0;0;0;0;0;0;0;0;0;0;0;0;0;0;13;0;0;0;0;0;0;0;0;0;0;0;0;0;0;0;0;0;0;0;0;0;0;0;0;0;0;0;0;0;0;0;0;0;0;0;0;0;0;0;0;0;0;0;0;13;0;0;0;0;0;0;0;0;0;0;0;0;0;0;0;0;0;0;0;0;0;0;0;0;0;0;0;0;0;13;0;0;0;0;0;0;0;0;0;0;0;0;0;0;0;0;0;0;0;0;0;0;0;0;0
0;0;0;0;0;0;0;0;0;0;0;0;0;0;0;0;0;0;0;0;0;0;0;0;0;0;0;0;0;0;0;0;0;0;0;0;0;0;0;0;0;0;13;0;0;0;0;0;0;0;0;0;0;0;0;0;0;0;0;0;0;0;0;0;0;0;0;0;0;0;0;0;0;0;0;0;0;0;0;0;0;0;0;0;0;0;0;0;0;0;0;0;0;0;0;0;0;0;0;0;0;0;0;0;0;0;0;0;0;0;0;0;0;0;13;0;0;0;0;0;0;0;0;0;0;0;0;0;0;0;0;0;0;0;0;0;0;0;0;0;0;0;0;0;0;0;0;0;0;0;0;0;0;0;0;0;0;0;13;0;0;0;0;0;0;0;0;0;0;0;0;0;0;0;0;0;0;0;0;0;0;0;0;0;0;0;0;0;0;0;0;0;0;0;0;0;0;0;0;0;0;0;0;0;0;0;0;0;0;0;0;0;0;0;0;0;0;0;0;0;0;0;0;0;0;0;0;0;0;0;0
0;0;0;0;0;0;0;0;0;0;0;0;0;0;0;0;0;0;0;0;0;0;0;0;0;0;0;0;0;13;13;0;0;0;0;0;0;0;0;0;0;0;0;0;0;0;0;0;0;0;0;0;0;0;0;0;0;0;0;0;0;0;0;0;0;0;0;0;0;0;0;0;0;0;13;0;0;0;0;0;0;0;0;0;0;0;0;0;0;0;0;0;0;0;0;0;0;0;0;0;0;0;0;0;0;0;0;0;0;0;0;0;0;0;13;0;0;0;0;0;0;13;0;0;0;0;0;0;13;0;0;0;0;0;0;0;0;0;0;0;0;13;13;0;0;0;0;0;0;0;0;0;0;0;0;0;0;0;0;0;0;0;0;0;0;0;0;0;0;0;0;0;0;0;0;0;0;0;0;0;0;0;0;0;0;0;0;0;0;0;0;0;0;0;0;0;0;0;0;0;0;0;0;0;0;0;0;0;0;0;0;0;0;0;0;0;0;0;0;0;0;0;0;0;0;0;0;0;0;0;0
0;0;0;0;0;0;0;0;0;0;0;0;0;0;0;0;0;0;0;13;0;0;0;0;0;0;0;0;0;13;0;0;0;0;0;0;0;13;0;0;0;0;0;0;0;0;0;0;0;0;0;0;0;0;0;0;0;0;0;0;0;0;0;0;0;0;0;0;0;0;0;0;0;0;0;0;0;0;0;0;0;0;0;0;0;0;0;0;13;0;0;0;0;0;0;0;0;0;0;0;0;0;0;0;0;0;0;0;0;0;0;0;0;0;0;0;0;0;0;0;0;0;0;0;0;0;0;0;0;0;0;0;0;0;0;0;0;0;0;0;0;0;0;0;0;0;0;0;0;0;0;0;0;0;0;0;0;0;0;0;0;0;0;0;0;0;0;0;0;0;0;0;0;0;0;0;0;0;0;0;0;0;0;0;0;0;0;0;0;0;0;0;0;0;0;0;0;0;0;0;0;0;0;0;0;0;0;0;0;0;0;0;0;0;0;0;0;0;0;0;0;0;0;0;0;0;0;0;0;0;0
0;0;0;0;0;0;0;0;0;0;0;0;0;0;0;0;0;0;0;0;0;0;0;0;0;0;0;0;0;0;13;0;0;0;0;0;0;0;0;13;0;0;0;0;0;0;0;0;0;0;0;0;0;0;0;0;0;0;0;0;0;0;0;0;0;0;0;0;0;0;0;0;0;0;0;0;0;0;0;0;0;0;0;0;0;0;0;0;0;0;0;0;0;0;0;0;0;0;0;0;0;0;0;0;0;0;0;0;0;0;0;0;0;0;0;0;0;0;0;0;0;0;0;0;0;0;0;0;0;0;13;0;0;0;0;0;0;0;0;0;0;0;0;0;0;0;0;0;0;0;0;0;0;0;0;0;0;0;0;0;0;0;0;0;13;0;0;0;0;0;0;0;0;0;0;0;0;0;0;0;0;0;0;0;0;0;0;0;0;0;0;0;0;0;0;0;0;0;0;0;0;0;0;0;0;0;0;0;0;0;0;0;0;0;0;0;0;0;0;0;0;0;0;0;0;0;0;0;0;0;0
0;0;0;0;0;0;0;0;0;0;0;0;0;0;0;0;0;0;0;0;0;0;0;0;0;0;0;0;0;0;0;0;0;0;0;0;0;0;0;0;0;0;0;0;0;0;0;0;0;0;0;0;0;0;0;0;0;0;0;0;0;0;0;0;0;0;0;0;0;0;0;0;0;0;0;0;0;0;0;0;0;0;0;0;0;13;0;0;0;0;0;0;0;0;0;0;0;0;0;0;0;0;0;0;0;0;0;0;0;0;0;0;0;0;0;0;0;0;0;0;0;0;0;0;0;0;0;0;0;0;0;0;0;0;0;0;0;0;0;0;13;0;0;0;0;0;0;0;0;0;0;0;0;0;0;0;0;0;0;0;0;0;13;0;0;0;0;0;0;0;0;0;0;0;0;0;0;0;0;0;0;0;0;0;13;0;0;0;0;0;0;0;0;0;0;0;0;0;0;0;0;0;0;0;0;0;0;0;0;0;0;0;0;0;0;0;0;0;0;0;0;0;0;0;0;0;0;0;0;0;0
0;0;0;0;0;0;0;0;0;0;0;0;0;0;0;0;0;0;0;0;0;0;0;0;0;0;0;0;0;13;0;0;0;0;0;0;0;0;0;0;13;13;0;0;0;0;0;0;0;0;0;0;0;0;0;0;0;0;0;0;0;0;0;0;0;0;0;0;0;0;0;0;0;0;13;0;0;0;0;0;0;0;0;0;0;0;0;0;0;0;0;0;0;0;0;0;0;0;0;0;0;0;0;0;0;0;0;0;0;0;0;0;0;0;0;0;0;0;0;0;0;0;0;0;0;0;0;0;0;0;0;0;0;0;0;0;0;0;0;0;0;0;0;0;0;0;0;0;0;0;0;0;0;0;0;0;13;0;0;0;0;0;0;13;0;0;0;0;0;0;0;0;0;13;0;0;0;0;0;0;0;0;0;0;0;0;0;0;0;0;0;0;0;0;0;0;0;0;0;0;0;0;0;0;0;0;0;0;0;0;0;0;0;0;0;0;0;0;0;0;0;0;0;0;0;0;0;0;0;0;0
0;0;0;0;0;0;0;0;0;0;0;0;0;0;0;0;0;0;0;0;0;0;0;0;0;0;0;0;0;0;0;0;0;0;0;0;0;0;0;0;0;0;0;0;0;0;0;0;0;0;0;0;0;0;0;0;0;0;0;0;0;0;0;0;0;0;0;0;0;0;0;0;0;0;0;0;0;0;0;0;0;0;0;0;13;0;0;0;0;0;0;0;0;0;0;0;0;0;0;0;0;0;0;0;0;0;0;0;0;0;0;0;0;0;0;0;0;0;0;0;0;0;0;0;0;0;0;13;0;0;0;0;0;0;0;0;0;0;0;0;0;0;0;0;0;0;0;0;0;0;0;0;0;0;0;0;0;0;0;0;0;0;0;0;0;0;0;0;0;0;0;0;0;0;0;0;0;0;0;0;0;0;0;0;0;0;0;0;0;0;0;0;0;0;0;0;0;0;0;13;0;0;0;0;0;0;0;0;0;0;0;0;0;0;0;0;0;0;0;0;0;0;0;0;0;0;0;0;0;0;0
0;0;0;0;0;0;0;0;13;0;0;0;0;0;0;0;0;0;0;0;0;13;0;0;0;0;0;0;0;0;0;0;0;0;0;0;0;0;0;0;0;0;0;0;0;0;0;0;0;0;0;0;0;0;0;0;0;0;0;0;0;0;0;0;0;0;0;0;0;0;0;0;0;0;0;0;13;0;0;0;0;0;0;13;0;0;0;0;0;0;0;0;0;0;0;0;0;0;0;0;0;0;0;0;0;0;0;0;0;0;0;0;0;0;0;0;0;0;0;0;0;0;0;0;0;0;0;0;0;0;0;0;0;0;0;0;0;0;0;0;0;0;0;0;0;0;0;0;0;0;0;0;0;0;0;0;0;0;0;0;0;0;0;0;0;0;0;0;0;0;0;0;0;0;0;0;0;0;0;0;0;0;0;0;0;0;0;0;0;0;0;0;0;0;0;0;0;0;0;0;0;0;0;0;0;0;0;0;0;0;0;0;0;0;0;0;0;0;0;0;0;0;0;0;0;0;0;0;0;0;0
0;0;0;0;0;0;0;0;0;0;0;0;0;0;0;0;0;0;0;0;0;0;0;0;0;0;0;0;0;0;0;0;0;0;0;0;0;0;0;0;0;0;0;0;0;0;0;0;0;0;0;0;0;0;0;0;0;0;0;0;0;0;0;0;0;0;0;0;0;0;0;0;0;0;0;0;0;0;0;0;0;0;0;0;0;0;0;0;0;0;0;0;0;0;0;0;0;0;13;0;0;0;0;0;0;0;0;0;0;0;0;0;0;0;0;0;0;0;0;0;0;0;0;0;0;13;0;0;0;0;0;0;0;0;0;0;0;0;0;0;0;0;0;0;0;0;0;0;0;0;0;0;0;0;0;0;13;0;0;13;0;0;0;0;0;0;0;0;0;0;0;0;0;0;0;0;0;0;0;0;0;0;0;0;0;0;0;0;0;0;0;0;0;0;0;0;0;0;0;0;0;0;0;0;0;0;0;0;0;0;0;0;0;0;0;0;0;0;0;0;13;0;0;0;0;0;0;0;0;0;0
0;0;0;0;0;0;0;0;0;0;0;0;0;0;0;0;0;0;0;0;0;0;0;0;0;0;0;0;0;0;0;0;0;0;0;0;0;0;0;0;0;0;0;0;0;0;0;0;0;0;0;0;0;0;0;0;0;0;0;0;0;0;0;0;0;0;0;0;0;0;0;0;0;0;0;0;0;0;0;0;0;0;0;0;0;0;0;0;0;0;0;0;0;0;0;0;0;0;13;0;0;0;0;0;0;0;0;0;0;0;0;0;0;0;0;0;0;0;0;0;0;0;0;0;0;0;0;0;0;0;0;0;0;0;0;0;0;0;0;0;0;0;0;0;0;0;0;0;0;0;0;0;0;0;0;0;0;0;0;0;0;0;0;0;0;0;0;0;0;0;0;0;0;0;0;0;0;0;0;0;0;0;0;0;0;0;0;0;0;0;0;0;0;0;0;0;0;0;0;0;0;0;0;0;0;0;0;0;0;0;0;0;0;0;0;0;0;0;0;0;0;0;0;0;0;0;0;0;0;0;0
0;0;0;0;0;0;0;0;0;0;0;0;0;0;0;0;0;0;0;0;0;0;0;0;0;0;0;0;0;0;0;0;0;0;0;0;0;0;0;0;0;0;0;0;0;0;0;0;0;0;0;0;0;0;0;0;0;0;0;0;0;0;0;0;0;0;0;0;0;0;0;0;0;0;0;0;0;0;0;0;0;0;0;0;0;0;0;0;0;0;13;0;0;0;0;0;0;0;0;0;0;0;0;0;13;0;0;0;0;0;0;0;0;0;0;0;0;0;0;0;0;0;0;0;0;0;0;0;0;0;0;0;0;0;0;0;0;0;0;0;0;13;0;0;0;0;0;0;0;0;0;13;0;0;0;0;0;0;0;0;0;0;0;0;0;0;0;0;0;0;0;0;0;0;0;0;0;0;0;0;0;13;0;0;0;0;0;0;0;0;0;0;0;0;0;0;0;0;0;0;0;0;0;0;0;0;0;0;0;0;0;0;0;0;0;0;0;0;0;0;0;0;13;0;0;0;0;0;0;0;0
0;0;0;0;0;0;0;0;0;0;0;0;0;0;0;0;0;13;0;0;0;0;0;0;0;0;0;0;0;0;0;0;0;0;0;0;0;0;0;0;0;0;0;0;0;0;0;0;0;0;0;0;0;0;0;0;0;0;0;0;0;0;0;0;0;0;0;0;0;0;0;0;0;0;0;0;0;0;0;0;0;0;0;0;0;0;0;13;0;0;0;0;0;0;0;0;0;0;0;0;0;0;0;0;0;0;0;0;0;0;0;0;0;0;0;0;0;0;0;0;0;0;0;0;0;0;0;0;0;0;0;0;0;0;0;0;0;0;0;0;0;0;0;0;0;0;0;0;0;0;0;0;0;0;0;0;0;0;0;0;0;0;0;0;0;0;0;0;0;0;0;0;0;0;0;0;0;0;0;0;0;0;0;0;0;0;0;0;0;0;0;0;0;0;0;0;0;0;0;0;0;0;0;0;0;0;0;0;0;0;0;0;0;0;0;0;0;0;0;0;0;0;0;0;0;0;0;0;0;0;0
0;0;0;0;0;0;0;0;0;0;0;0;0;0;0;0;0;0;0;0;0;0;0;0;0;0;0;0;0;0;0;0;0;0;0;0;0;0;0;0;0;0;0;0;0;0;13;0;0;0;0;0;0;0;0;0;0;0;0;0;0;0;0;0;0;0;0;0;0;0;0;0;0;0;0;0;0;0;0;0;0;0;0;0;0;0;0;0;0;0;0;0;0;0;13;0;0;0;0;0;0;0;13;0;0;0;0;0;0;0;0;0;0;0;0;0;0;0;0;0;0;0;0;0;0;0;0;0;0;0;0;0;0;0;0;0;0;0;0;0;0;0;0;0;0;0;0;0;0;0;0;0;0;0;0;0;0;0;0;0;0;0;0;0;0;0;0;0;0;0;0;0;0;0;0;0;0;0;0;0;0;0;0;13;0;0;0;0;0;0;0;0;0;0;0;0;0;0;0;0;0;0;0;0;0;0;0;0;0;0;0;0;0;0;0;0;0;0;0;0;0;0;0;0;0;0;0;0;0;0;0
0;0;0;0;0;0;0;0;0;0;0;0;0;0;0;0;0;0;0;0;0;0;0;0;0;0;0;0;0;0;0;0;0;0;0;0;0;0;0;0;0;0;0;13;0;0;0;0;0;0;0;0;0;0;0;0;0;0;0;0;0;0;0;0;0;0;0;0;0;0;0;0;0;0;0;0;0;0;0;0;0;0;0;0;0;0;0;0;0;0;0;0;0;0;0;0;0;0;0;0;0;0;0;0;0;0;0;0;0;0;0;0;0;0;0;0;0;13;0;0;0;0;0;0;0;0;0;0;0;0;0;0;0;0;0;0;0;13;0;0;0;0;0;0;0;0;0;0;0;0;0;0;0;0;0;0;0;0;0;0;0;0;0;0;0;0;0;0;0;0;0;0;0;0;0;0;0;0;0;0;0;0;0;0;0;0;0;0;0;0;0;0;0;0;0;0;0;0;0;0;0;0;0;0;0;0;0;0;0;0;0;0;0;0;0;0;0;0;0;0;0;0;0;0;0;0;0;0;0;0;0
0;0;0;0;13;0;0;0;0;0;0;0;0;0;13;0;0;0;0;0;0;0;0;0;0;0;0;0;0;0;0;0;0;0;0;0;0;0;0;0;0;0;0;0;0;0;0;0;0;0;0;0;0;0;0;0;13;0;0;0;0;0;0;0;0;0;0;0;0;0;0;0;0;0;0;0;0;0;0;0;0;0;13;0;0;0;13;0;0;0;0;0;0;0;0;0;0;0;0;13;0;0;0;0;0;0;0;0;0;0;0;0;0;0;0;0;13;0;0;0;0;0;0;0;0;0;0;0;0;0;0;0;0;0;0;0;0;0;0;0;0;0;0;0;0;0;0;0;0;0;0;0;0;0;0;0;0;0;0;0;0;0;0;0;0;0;0;0;0;0;0;0;0;0;0;0;0;0;0;0;0;0;0;0;0;0;0;0;0;0;0;0;0;0;0;0;0;0;0;0;0;0;0;0;0;0;0;0;0;0;0;0;0;0;0;0;0;0;0;0;0;0;0;0;0;0;0;0;0;0;0
0;0;0;0;0;0;0;0;0;0;0;0;0;0;0;0;0;0;0;0;0;0;0;0;0;0;0;0;0;0;0;0;0;0;0;0;0;0;0;0;0;0;0;0;0;0;13;0;0;0;0;0;0;0;0;0;0;0;0;0;0;0;0;0;0;0;0;0;0;0;0;0;0;0;0;0;0;0;0;0;0;0;0;0;0;0;0;0;0;0;0;0;0;0;0;0;0;0;0;0;0;0;0;0;0;0;0;0;0;0;0;0;0;0;0;0;0;0;0;0;0;0;0;0;0;0;0;0;0;0;0;0;0;0;0;0;0;0;0;0;0;0;0;0;0;0;0;0;0;0;13;0;0;0;0;0;0;0;0;0;0;0;0;0;0;0;0;0;0;0;0;0;0;0;0;0;0;0;0;0;0;0;0;0;13;0;0;0;0;0;0;0;0;0;0;0;0;0;0;0;0;0;0;0;0;0;0;0;0;0;0;0;0;0;0;0;0;0;0;0;0;0;0;0;0;0;0;0;0;0;0
0;0;0;0;0;0;0;0;0;0;0;0;0;0;0;0;0;0;0;0;0;0;0;13;0;0;0;0;0;0;0;0;0;0;0;0;0;0;0;0;0;0;0;0;0;0;0;0;0;0;0;0;0;0;0;0;0;0;0;0;0;0;0;0;0;0;0;0;0;0;0;0;0;0;13;0;0;0;0;0;0;0;0;0;0;0;0;0;0;0;0;0;0;0;0;0;0;0;0;0;0;0;0;0;0;0;0;0;0;0;0;0;0;0;0;0;0;0;0;0;0;0;13;0;0;0;0;0;0;0;0;0;0;0;0;0;0;0;0;0;0;0;0;0;0;0;0;0;0;0;0;0;0;0;0;0;0;0;0;0;0;0;0;0;0;0;0;0;13;0;0;0;0;0;0;0;0;0;0;0;0;0;0;0;0;0;0;0;0;0;0;0;0;0;0;0;0;0;0;0;0;0;0;0;0;0;0;0;0;0;0;0;0;0;0;0;0;0;0;0;0;0;0;0;0;0;0;0;0;0;0
0;0;0;0;0;0;0;0;0;0;0;0;0;0;0;0;0;0;0;0;0;0;0;0;0;0;0;0;0;0;0;0;0;0;0;0;0;0;13;0;0;0;0;0;0;0;0;0;0;0;0;0;0;0;0;0;0;0;0;0;0;0;0;0;0;0;0;0;0;0;0;0;0;0;0;13;0;0;0;0;0;0;0;0;0;0;0;0;0;0;0;0;13;0;0;0;0;0;0;0;0;0;0;0;0;0;0;0;0;0;0;0;0;0;0;0;0;0;0;0;0;0;0;0;0;0;0;0;0;0;0;0;0;0;0;0;0;0;0;0;0;0;0;0;0;0;0;13;0;0;0;0;0;0;0;0;0;0;0;0;0;0;0;0;0;0;0;0;0;0;0;0;0;0;0;0;0;0;0;0;0;0;0;0;0;0;0;0;0;0;0;0;0;0;0;0;0;0;0;0;0;0;0;0;0;0;0;0;0;0;0;0;0;0;0;0;0;0;0;0;0;0;0;0;0;0;0;0;0;0;0
0;0;0;0;0;0;0;0;0;0;0;0;0;0;13;13;0;0;0;0;0;0;0;0;0;0;0;0;0;0;0;0;0;0;0;0;0;0;0;0;0;0;0;0;0;13;0;0;0;0;0;0;0;0;0;0;0;0;0;0;0;0;0;0;0;0;0;0;0;0;0;0;0;0;0;0;0;0;0;0;0;0;0;0;0;0;0;0;0;0;0;0;13;0;0;0;0;0;0;0;0;0;0;0;0;0;0;0;0;0;0;0;0;0;0;0;0;0;0;0;0;0;0;0;0;0;0;0;0;0;0;0;0;0;0;0;0;0;0;0;0;0;0;0;0;0;0;0;0;0;0;0;0;0;0;0;0;0;0;0;0;0;0;0;0;0;0;0;0;0;0;0;0;0;0;0;0;0;0;0;0;0;0;0;0;0;0;0;0;0;0;0;0;0;0;0;0;0;0;0;0;0;0;0;0;0;0;0;0;0;0;0;0;0;0;0;0;0;0;0;0;0;0;0;0;0;0;0;0;0;0
0;0;0;0;0;0;13;0;0;0;0;0;0;0;0;0;0;0;0;0;0;0;0;0;0;0;0;0;0;0;0;0;0;0;0;0;0;0;0;0;0;0;0;0;0;0;0;0;0;0;13;0;0;0;13;0;0;0;0;0;0;0;0;0;0;0;0;0;0;0;0;0;0;0;0;0;0;0;0;0;0;0;0;0;0;0;0;0;0;0;0;0;0;0;13;0;0;0;0;0;0;13;0;0;0;0;0;0;0;0;0;0;0;0;0;0;0;0;0;0;0;0;13;0;0;0;0;0;0;0;0;0;0;0;0;0;0;0;0;0;0;0;0;0;0;0;0;0;0;0;0;0;0;0;0;0;0;0;0;0;0;0;0;0;0;0;0;0;0;0;0;0;0;0;0;0;0;0;0;0;0;0;0;0;0;0;0;0;0;0;0;0;0;0;0;0;0;0;0;0;0;0;0;0;0;0;0;0;0;0;0;0;0;0;0;0;0;0;0;0;0;0;0;0;0;0;0;0;0;0;0
0;0;0;0;0;0;0;0;0;0;0;0;0;0;0;0;0;0;0;0;0;0;0;0;0;0;0;0;0;0;0;0;0;0;0;0;0;0;0;0;0;0;0;0;0;0;0;0;0;0;0;0;0;0;0;0;0;0;0;0;0;0;0;0;0;0;0;0;0;0;0;0;0;0;0;0;0;0;0;0;0;0;0;0;0;0;0;0;0;0;0;0;0;0;13;0;0;0;0;0;0;0;0;0;0;0;0;0;0;0;0;0;0;0;0;0;0;0;0;0;0;0;0;0;0;0;0;0;0;0;0;0;0;0;0;0;0;0;0;0;0;0;0;0;0;0;0;0;0;0;0;0;0;0;0;0;0;0;0;0;0;13;0;0;0;0;0;0;0;0;0;0;0;0;0;0;0;0;0;0;0;0;0;0;0;0;0;0;0;0;0;0;13;0;0;0;0;0;0;0;0;0;0;0;0;0;0;0;0;0;0;0;0;0;0;0;0;0;0;0;0;0;0;0;0;0;0;0;0;0;0
0;0;0;0;0;0;0;0;0;0;0;0;0;0;0;0;0;0;0;0;0;0;0;0;0;0;0;0;0;0;0;0;0;0;0;0;0;0;0;0;0;0;0;0;0;0;0;0;0;0;0;0;0;0;0;13;0;0;0;0;0;0;0;0;0;0;0;0;0;0;0;0;0;0;0;0;0;0;0;0;0;0;0;0;0;0;13;0;0;0;0;0;0;0;0;0;0;0;0;0;0;13;13;0;0;0;0;0;0;0;0;0;0;0;0;0;0;0;0;0;0;0;0;0;0;0;0;0;0;0;0;0;0;0;0;0;0;0;0;0;0;0;0;0;0;0;0;0;0;0;0;0;0;0;0;0;0;0;0;0;0;0;0;0;0;0;0;0;0;0;0;0;0;0;0;0;0;0;0;0;0;0;0;0;0;0;0;0;0;0;0;0;0;0;0;0;0;0;0;0;0;0;0;0;0;0;0;0;0;0;0;0;0;0;0;0;0;0;0;0;0;13;0;0;0;0;0;0;0;0;0
