0;0;0;0;0;0;0;7;7;7;7;0;0;0;0;0;7;0;0;0;0;0;0;0;0;0;0;0;0;0;0;0;0;0;7;0;0;0;0;0;0;0;7;0;7;0;0;0;0;0;0;0;7;0;0;7;0;0;0;7;7;0;0;0;0;0;0;0;0;7;7;7;7;0;0;0;0;7;0;0;7;0;0;0;7;7;0;0;0;0;0;0;0;0;0;0;0;0;0;0;0;0;0;0;0;7;0;0;0;0;0;0;0;0;0;0;0;0;0;0;0;0;0;0;0;0;0;0;0;0;0;0;0;0;0;0;0;0;0;0;0;0;0;0;7;0;0;0;0;0;0;0;0;0;0;0;0;0;0;0;0;0;0;0;0;0;0;0;0;0;0;0;0;0;0;0;0;0;0
0;0;0;0;0;0;0;0;0;0;0;0;0;0;0;0;0;0;0;0;0;0;0;0;0;7;0;0;0;0;0;0;0;0;0;0;0;0;0;0;0;0;0;0;0;0;7;0;0;7;7;0;0;0;0;0;7;0;7;7;7;0;0;0;0;0;0;0;0;0;0;0;7;7;0;0;0;0;7;7;7;7;0;0;7;0;0;0;0;0;0;0;0;0;0;0;0;0;0;7;0;0;0;0;0;0;0;0;0;0;0;0;0;0;0;0;0;0;0;0;7;0;0;0;0;0;0;7;0;0;0;0;0;0;0;0;0;0;0;0;0;0;0;0;0;0;0;0;0;0;0;0;0;0;0;0;0;0;0;0;0;0;0;0;0;0;0;0;0;0;0;0;0;0;0;0;0;0;0
0;0;0;0;7;0;0;0;0;0;0;0;0;7;0;0;0;0;0;0;0;0;0;0;0;0;0;0;0;0;0;0;0;0;0;0;0;0;0;0;0;0;7;0;0;0;0;0;0;0;0;0;0;0;7;0;0;0;0;0;0;0;0;0;0;7;0;0;0;0;0;0;0;0;0;0;0;0;0;7;7;0;0;0;7;0;0;0;0;0;0;0;7;0;0;0;0;0;0;0;0;0;0;0;0;0;0;0;0;0;0;0;0;0;0;0;0;0;0;0;0;0;0;0;0;0;0;0;0;0;0;0;0;0;0;0;0;0;0;0;0;0;0;0;0;0;0;0;0;0;0;0;0;0;0;0;0;0;0;0;0;0;0;0;0;0;0;0;0;0;0;0;0;0;0;0;0;0;0
0;0;0;0;0;0;0;0;0;0;0;0;0;0;0;0;0;0;0;0;0;0;0;0;0;0;0;0;0;7;7;0;0;7;0;0;0;0;0;0;0;0;7;0;0;0;7;0;0;0;0;0;0;0;0;0;0;0;0;0;0;0;0;0;0;0;0;0;0;0;0;0;7;0;0;0;0;7;0;0;7;0;0;0;7;0;0;0;0;0;0;0;0;0;0;7;0;0;0;0;0;0;0;0;0;0;0;7;0;0;0;0;0;0;0;0;0;0;0;0;0;0;0;0;0;0;0;0;0;0;0;0;0;0;0;0;0;0;0;0;0;0;0;0;0;0;0;0;0;0;0;7;0;0;0;0;0;0;0;0;0;0;0;7;0;0;0;0;0;0;0;0;0;0;0;0;0;0;0
0;0;0;7;7;0;0;0;0;7;0;0;0;7;0;0;0;0;0;0;0;0;0;0;0;0;0;0;0;0;0;0;0;0;0;0;0;0;0;0;0;7;0;0;0;0;0;0;0;0;0;0;0;0;0;0;0;0;0;0;7;0;0;7;7;0;7;0;0;0;0;0;0;0;0;0;0;0;7;0;7;0;0;0;0;7;0;0;0;0;7;0;0;0;0;0;0;0;0;0;0;0;0;0;0;0;0;0;0;0;0;0;0;0;0;0;7;0;0;0;0;0;0;0;7;0;0;0;0;0;0;0;0;0;0;0;7;0;0;0;0;0;0;0;0;0;0;0;0;0;0;0;7;0;0;0;0;0;0;0;7;0;7;0;0;0;0;0;0;0;0;0;0;0;0;0;0;0;7
0;0;0;0;0;0;0;0;0;0;0;0;0;0;0;0;0;0;7;0;0;0;0;0;0;0;0;0;0;0;0;0;0;0;0;0;0;0;0;0;0;0;0;0;7;0;0;0;0;0;0;7;0;0;0;0;0;0;0;0;0;0;0;7;0;0;0;0;0;7;0;0;0;0;0;0;0;7;7;0;0;0;7;0;0;7;0;0;0;0;0;0;0;0;0;0;0;0;0;0;7;0;0;0;0;7;0;0;0;0;0;0;0;0;0;0;0;0;0;0;0;0;7;0;0;0;0;0;0;0;0;0;7;0;0;0;0;0;0;0;0;0;0;0;0;0;0;0;0;0;0;0;0;0;0;0;0;0;0;0;0;0;0;0;7;0;0;0;0;0;0;0;0;0;0;0;0;0;0
0;0;0;0;7;0;0;0;0;0;0;0;0;0;0;0;0;0;7;0;0;0;0;0;0;0;0;7;0;0;0;0;7;0;0;0;0;0;0;0;0;0;0;0;0;0;0;0;7;0;7;7;0;0;0;7;0;0;0;0;0;0;0;0;0;0;0;0;0;0;0;0;0;0;0;0;7;7;0;0;0;0;0;0;0;0;0;0;0;7;0;0;0;0;0;0;0;0;0;0;0;7;0;0;0;7;0;0;0;0;0;0;0;0;0;0;0;0;0;7;0;7;0;0;0;0;0;0;0;0;0;0;0;0;0;0;0;7;0;0;0;0;0;0;0;0;0;0;0;0;0;0;0;0;0;0;0;7;0;0;0;0;0;0;0;0;0;0;0;0;0;0;0;0;0;0;0;0;0
0;0;0;0;7;0;0;7;0;0;0;7;7;0;0;0;7;0;0;0;0;0;0;0;0;0;0;7;0;0;0;0;0;0;0;0;0;0;0;0;0;0;0;0;0;0;0;0;7;0;0;0;7;0;0;0;0;0;0;7;0;0;0;0;7;0;0;0;0;0;0;0;0;7;0;0;0;0;0;0;0;0;0;7;0;0;0;0;0;7;0;0;0;0;0;0;0;0;0;0;0;0;0;0;0;0;0;0;0;0;0;0;0;0;0;0;0;0;0;0;0;0;0;0;0;0;0;0;0;0;0;0;0;0;0;0;0;0;0;0;7;0;0;0;0;0;0;0;0;0;0;0;0;0;0;0;0;0;0;0;0;0;0;0;0;0;0;0;0;0;0;0;0;0;0;0;0;0;0
0;0;0;0;0;0;0;7;0;0;0;0;0;0;0;0;0;0;0;0;0;0;0;0;0;0;0;0;0;0;0;0;0;0;0;0;0;0;0;0;0;0;0;0;0;0;0;0;0;0;7;0;0;0;0;0;0;0;0;0;7;0;0;7;0;0;0;0;0;0;0;0;0;0;7;0;0;7;7;0;0;0;0;7;0;0;0;0;0;0;0;0;0;0;0;0;0;0;0;0;7;0;0;0;0;0;0;0;0;0;0;0;0;0;7;0;0;0;0;0;0;0;0;0;0;0;0;0;0;0;0;0;0;0;0;0;0;0;0;0;0;0;0;0;0;0;0;0;0;0;7;0;0;0;0;0;0;0;0;0;0;0;0;0;0;0;0;0;0;0;0;0;0;0;0;0;0;0;0
0;0;0;0;0;0;0;0;0;0;0;0;0;0;0;0;0;0;0;0;0;0;0;0;0;0;0;0;0;0;0;0;0;0;0;0;0;0;0;0;0;0;0;0;0;0;0;0;0;0;0;0;0;0;0;0;0;0;0;0;0;0;0;0;0;0;0;0;0;0;0;0;0;0;0;0;7;0;0;0;0;0;0;0;0;0;0;0;0;0;0;0;0;0;0;0;0;0;0;0;0;0;0;0;0;0;0;0;0;7;0;0;0;0;0;0;0;0;0;0;0;0;7;0;0;0;0;0;0;0;0;0;7;0;0;0;7;0;0;0;0;0;0;0;0;0;0;0;0;0;0;0;0;0;0;0;0;0;0;0;0;0;0;0;7;0;0;0;0;0;0;0;0;0;0;0;0;0;0
0;0;0;0;0;0;0;0;0;0;0;0;0;0;0;0;0;0;0;0;0;0;0;0;0;0;0;0;0;0;0;0;0;7;0;0;0;0;0;0;0;0;0;0;0;0;0;0;0;0;0;0;0;0;0;0;0;0;0;7;0;0;0;0;0;0;7;0;0;0;0;0;0;0;0;0;0;0;0;7;7;7;0;0;7;7;7;0;0;0;0;0;0;0;0;7;0;0;0;0;0;0;0;0;0;0;0;0;0;7;0;0;0;0;0;0;0;0;0;0;0;0;0;0;0;0;0;0;0;0;0;0;7;0;0;0;0;0;0;0;0;0;0;0;0;0;0;0;0;0;0;0;0;0;0;0;0;0;0;0;0;0;0;0;0;0;0;0;0;0;0;0;0;0;0;0;0;0;0
0;0;0;0;0;7;0;0;0;0;0;0;0;0;0;0;0;0;0;0;0;0;0;0;0;0;0;0;0;0;0;0;7;0;0;0;0;0;0;0;0;0;0;0;0;0;0;0;0;0;0;0;0;0;0;0;0;0;0;0;0;0;0;0;0;0;7;7;7;7;0;0;0;0;0;0;0;0;7;0;0;0;0;0;0;0;0;0;0;7;0;0;0;0;0;0;0;0;0;0;0;0;0;0;0;0;0;0;0;0;0;0;0;7;0;0;7;0;0;0;0;0;0;0;0;0;0;0;0;0;0;0;7;0;0;0;0;0;0;0;0;0;0;0;0;0;0;0;0;0;0;0;0;0;0;0;0;0;0;0;0;0;0;0;0;0;0;7;0;0;0;0;0;0;0;0;0;0;0
0;0;0;0;0;0;0;0;0;0;0;0;0;0;0;7;0;0;0;0;0;0;0;0;0;0;0;0;0;0;7;0;0;0;7;0;0;0;0;0;0;0;0;0;0;0;0;0;0;0;7;0;0;0;0;0;0;0;0;0;0;0;0;0;0;0;7;0;0;7;7;0;0;0;0;0;0;0;0;0;0;0;0;0;0;0;0;0;0;0;0;0;0;0;0;0;0;0;0;0;0;0;0;0;0;0;0;0;0;7;0;0;0;0;0;0;0;0;0;0;0;0;0;0;0;7;0;0;0;0;0;0;0;0;0;0;0;0;0;0;0;0;0;0;0;0;0;0;0;0;0;0;0;0;0;0;0;0;0;0;0;0;0;0;0;0;0;0;0;0;0;0;0;0;0;0;0;0;0
0;0;0;0;0;0;0;0;0;0;0;0;0;0;0;0;7;0;0;0;0;0;0;0;0;0;7;0;0;0;0;0;0;0;0;0;0;0;0;0;0;0;0;0;0;7;7;7;0;0;7;0;7;0;0;0;0;0;0;0;0;0;0;0;0;0;0;0;0;0;0;0;0;0;7;0;7;0;0;7;7;0;0;0;0;0;0;7;0;0;0;0;0;0;0;7;0;0;0;0;0;7;0;0;0;0;0;0;0;7;0;0;0;0;0;0;0;0;0;0;0;0;0;0;7;0;0;0;0;0;0;0;0;0;0;0;0;0;7;0;0;0;0;0;0;0;0;0;0;0;0;0;0;0;0;0;0;0;0;0;0;0;0;0;0;0;0;0;0;0;0;0;0;0;0;0;0;0;0
7;0;0;0;0;0;0;0;0;0;7;0;0;0;0;0;0;0;0;7;0;0;0;0;0;0;0;0;0;0;0;0;0;0;0;7;0;0;0;0;0;0;0;0;0;0;0;7;0;0;7;0;0;0;0;0;0;0;0;0;0;0;0;0;0;0;7;7;0;0;7;0;0;0;0;0;0;0;0;0;0;0;0;0;0;0;0;0;0;0;0;7;7;0;0;0;0;0;0;0;0;0;0;0;0;0;0;0;0;0;0;0;0;0;0;0;0;0;0;0;0;0;0;0;0;0;0;0;0;0;0;0;0;0;0;0;0;0;0;0;0;0;0;0;0;0;0;0;0;7;0;0;0;0;0;0;0;0;0;0;0;0;0;0;0;0;0;0;0;0;0;0;0;0;0;0;0;0;0
0;0;0;0;0;0;0;7;0;0;0;0;0;0;0;0;0;0;0;0;0;0;0;0;0;0;0;0;0;0;0;0;0;0;0;0;0;0;0;0;0;0;0;0;7;0;0;7;0;0;7;0;0;0;0;0;0;0;0;0;0;0;0;0;0;0;0;0;0;0;0;7;0;0;0;0;0;7;0;0;0;0;0;0;0;0;0;0;0;0;0;0;0;0;7;0;0;0;0;0;0;0;0;7;0;0;7;0;0;0;0;0;0;0;0;0;0;0;0;0;0;0;0;0;0;0;0;0;0;0;0;0;0;0;0;0;7;0;0;0;0;0;0;0;0;0;0;0;0;0;0;0;0;7;0;7;0;0;0;0;0;0;0;0;0;0;0;0;0;0;0;0;0;0;0;0;0;0;0
0;0;0;0;0;0;0;0;7;0;0;7;7;0;0;0;0;0;0;0;0;0;0;0;7;0;0;0;0;0;0;0;0;0;0;0;0;0;0;0;0;0;0;0;0;0;0;0;0;0;0;0;7;0;0;0;0;0;0;0;0;0;0;0;0;0;0;0;0;0;0;0;0;0;0;0;0;0;0;0;0;0;0;0;0;0;0;0;0;0;0;0;0;0;0;0;0;0;0;7;7;0;0;0;0;0;0;0;0;0;0;0;0;0;0;0;0;0;0;0;7;0;7;0;0;0;0;0;0;0;0;0;0;7;0;0;0;0;0;0;0;0;0;0;0;0;0;0;0;0;0;0;0;0;0;0;0;0;0;0;0;0;0;0;7;0;0;0;0;0;0;0;0;0;0;0;0;0;0
0;0;0;0;0;0;0;7;7;0;0;0;0;0;0;0;7;0;0;0;7;0;0;0;0;0;7;0;7;0;0;0;0;0;0;7;0;0;0;0;0;0;7;0;0;0;0;0;0;0;0;0;0;0;0;0;0;0;0;0;0;0;0;0;0;0;0;0;0;0;0;0;0;0;0;0;0;7;0;0;0;0;0;0;0;7;0;0;0;0;0;0;0;7;7;0;0;0;0;0;0;0;0;0;0;0;0;0;0;0;0;0;0;0;7;0;0;0;0;0;0;0;0;0;0;0;0;0;0;0;0;0;0;0;0;0;0;0;0;0;0;0;0;0;0;0;0;0;0;7;0;0;0;0;0;0;0;0;0;0;0;0;0;0;0;0;0;0;0;0;0;0;0;0;0;0;0;0;0
0;0;0;0;0;0;0;0;0;0;0;0;0;0;0;0;7;0;0;0;0;0;0;0;0;0;0;0;0;0;0;0;0;0;0;0;0;0;0;0;0;0;0;0;0;0;0;0;0;0;7;0;0;0;0;0;0;0;0;0;0;0;0;0;0;0;0;7;0;0;0;0;7;7;7;0;0;0;0;0;0;0;0;0;0;0;0;0;0;0;0;0;7;7;0;0;0;0;0;0;0;0;0;0;0;0;0;0;0;0;0;0;0;0;0;0;0;0;0;0;0;0;0;0;0;0;0;0;0;0;0;0;0;0;0;0;0;0;0;7;0;0;0;0;0;0;0;0;0;0;0;0;0;0;0;0;0;0;0;0;0;0;0;0;0;0;0;0;0;0;0;0;0;0;0;0;0;0;0
0;0;0;0;0;0;0;0;0;0;0;0;0;0;0;0;0;0;0;0;0;0;0;0;7;0;0;0;0;0;7;0;0;0;0;0;0;0;0;0;0;0;0;0;0;0;0;0;0;7;7;0;0;0;7;0;7;0;0;0;0;0;0;0;0;0;0;7;0;0;0;0;7;7;0;0;0;0;0;0;0;0;0;0;0;0;0;0;0;0;0;0;0;0;0;0;0;0;0;0;0;0;0;0;0;0;0;0;0;0;0;0;0;0;0;7;0;0;0;0;0;0;0;0;0;0;0;0;0;0;0;0;0;0;0;0;0;0;0;0;0;7;7;0;0;0;0;0;0;0;0;0;0;0;0;0;0;0;0;0;0;0;0;0;0;0;0;0;0;0;0;0;0;0;0;0;0;0;0
0;7;0;0;0;0;7;7;0;0;0;0;0;7;0;0;0;0;0;0;0;0;0;0;7;0;0;0;0;0;0;0;0;0;0;0;0;0;0;0;0;7;0;0;0;0;0;0;0;0;0;0;0;7;0;7;7;0;0;0;0;0;0;0;0;0;0;0;0;0;0;0;0;7;0;0;0;0;0;0;0;0;0;0;0;7;0;0;0;0;0;0;7;0;0;7;0;0;0;7;0;0;0;0;0;0;0;0;0;0;0;0;0;0;0;0;0;0;0;0;0;0;0;0;0;0;0;0;0;0;0;0;0;0;0;0;0;7;0;0;0;0;0;0;0;0;0;0;0;7;0;0;0;0;0;0;0;0;0;0;0;0;7;7;0;0;0;0;0;0;0;0;0;0;0;0;0;0;0
0;0;0;0;0;0;0;0;0;0;0;0;0;0;0;0;0;7;0;0;0;0;0;0;0;0;0;0;0;0;0;0;0;0;0;0;0;0;0;0;0;0;0;0;0;0;0;0;7;0;0;0;0;0;0;0;0;7;0;0;0;0;0;0;0;0;0;0;0;0;0;0;7;0;0;0;0;7;0;0;0;7;0;0;0;0;0;0;0;0;7;0;7;0;7;7;7;0;0;0;0;0;0;0;0;7;0;7;0;0;0;0;0;0;0;0;0;0;0;0;0;0;0;0;0;0;0;0;0;0;0;0;0;0;0;0;0;0;0;0;0;0;0;7;0;0;0;0;0;7;0;0;0;0;0;0;0;0;0;0;0;0;0;0;0;0;0;0;0;0;0;0;0;0;0;0;0;0;0
0;7;0;0;0;0;0;0;0;0;0;0;0;0;0;0;0;0;0;0;0;7;7;0;0;0;0;0;0;0;0;0;0;0;0;7;0;7;7;0;0;0;0;0;7;0;0;0;7;7;0;0;7;7;0;0;0;0;0;0;0;0;0;0;0;0;0;0;0;0;0;0;0;0;0;0;0;0;0;0;0;0;0;7;0;0;0;0;0;0;7;7;0;0;7;7;0;0;0;0;0;0;0;0;0;7;7;0;0;0;0;0;0;0;0;0;0;0;0;0;0;0;0;0;0;0;0;0;0;7;0;0;0;7;0;0;0;0;0;7;0;0;0;0;0;0;0;0;0;7;0;0;0;0;0;0;0;0;0;0;0;0;0;0;0;0;0;0;0;0;0;0;0;0;0;0;0;0;0
0;0;0;0;0;0;0;0;0;0;0;0;0;0;0;0;7;0;0;0;0;0;0;0;0;0;0;0;0;0;0;0;0;0;0;0;0;0;7;0;7;0;0;0;0;0;0;7;0;0;0;0;0;0;0;0;7;0;0;0;0;0;0;0;0;0;0;0;0;0;0;0;0;7;0;0;0;7;0;7;0;0;0;7;0;0;7;0;0;0;0;0;0;0;0;7;0;0;0;0;0;0;7;0;0;0;7;0;0;0;0;0;0;0;0;0;0;0;0;0;0;0;0;0;0;0;0;0;0;0;0;0;0;0;0;0;0;0;7;0;0;0;0;0;0;0;0;0;0;0;0;7;0;0;0;0;0;0;0;0;0;0;0;0;0;0;0;0;0;0;0;0;0;0;0;0;0;0;0
7;0;0;0;0;0;7;0;0;7;0;0;0;0;0;0;0;0;0;0;0;7;0;0;0;0;0;0;0;0;7;0;0;0;0;0;0;0;0;0;0;0;0;7;0;0;0;0;0;0;0;0;0;0;0;0;0;0;7;0;0;0;0;7;0;0;0;0;0;7;7;0;0;0;0;0;0;0;0;0;0;0;0;7;0;0;0;0;0;0;0;0;7;0;0;0;0;0;0;0;0;0;0;0;0;0;0;0;0;0;0;0;0;0;0;0;0;0;0;0;0;0;0;0;0;0;0;0;0;0;0;0;0;0;0;0;0;0;0;0;0;0;0;0;0;0;0;0;0;0;0;0;0;0;0;0;7;0;0;0;0;0;0;0;0;0;0;7;0;0;0;0;0;0;0;0;0;0;0
0;0;0;0;0;0;0;0;0;0;0;7;0;0;0;0;0;7;7;7;0;0;0;0;0;0;0;0;0;0;0;0;7;0;0;0;0;0;0;7;0;0;0;0;0;0;0;7;0;0;0;0;0;0;0;7;0;0;7;0;0;0;0;0;0;0;0;0;0;0;0;0;0;0;0;0;0;0;0;0;0;7;0;0;0;0;0;0;0;0;0;0;0;0;0;0;0;0;0;0;0;0;0;0;0;0;0;0;0;0;0;0;0;0;0;0;0;0;7;0;0;0;7;0;0;0;0;0;0;0;0;0;0;0;0;0;0;0;0;0;0;0;0;0;0;0;0;0;0;0;0;0;0;0;0;0;0;0;0;0;0;0;0;7;0;0;0;0;0;0;0;0;0;0;7;7;0;0;0
0;0;0;0;0;7;7;7;0;0;0;0;7;0;0;0;0;0;0;7;0;7;0;7;0;0;0;0;0;0;0;0;0;7;0;0;0;0;0;0;0;0;0;0;0;0;0;0;0;0;0;0;0;0;0;0;0;0;7;7;0;0;0;0;7;0;0;0;0;0;0;0;0;7;0;0;0;0;0;0;0;0;0;0;0;0;0;0;0;0;0;0;0;0;7;0;0;0;0;0;0;0;0;0;0;0;0;0;0;7;0;0;0;0;0;0;0;0;7;0;0;0;0;0;0;0;0;0;0;0;0;0;0;0;0;0;0;0;0;0;0;0;0;0;7;0;0;0;0;0;0;0;0;0;0;0;0;0;0;0;0;0;0;0;0;0;0;0;0;0;0;0;0;0;0;0;7;0;0
0;0;0;0;0;0;0;0;0;0;0;0;0;0;0;0;0;0;0;0;0;0;0;0;0;0;0;0;0;0;0;0;0;7;0;0;0;0;0;0;0;0;0;0;0;0;0;0;0;0;0;0;7;0;0;0;0;0;0;7;0;0;0;0;0;0;0;0;0;0;0;0;0;0;0;0;0;0;0;0;0;7;0;7;7;7;0;0;0;0;0;0;0;0;0;0;7;0;0;0;0;0;0;0;0;0;0;0;0;7;0;0;0;0;0;0;0;0;0;0;0;0;0;0;0;0;0;0;0;0;0;0;0;0;0;0;7;7;0;0;0;0;0;0;0;0;0;0;0;0;0;0;0;0;0;0;0;0;0;0;0;0;0;0;0;0;0;0;0;0;0;0;0;0;0;0;0;0;0
0;0;0;0;0;0;0;0;0;0;0;0;0;0;0;0;0;0;0;0;0;0;0;0;0;0;7;0;0;7;0;0;0;0;0;0;0;0;0;7;7;0;0;0;0;0;0;0;0;0;7;0;0;0;0;0;0;0;0;0;0;0;0;0;0;0;0;0;0;0;0;0;7;0;0;0;0;0;0;0;0;0;7;7;0;7;0;0;0;0;0;7;7;0;0;0;0;0;0;0;0;0;0;0;0;0;0;0;7;0;0;0;0;0;0;0;0;0;0;0;0;0;0;0;0;0;0;0;0;0;0;0;0;0;0;0;0;0;0;0;0;0;0;0;0;0;0;0;0;0;0;0;0;0;0;0;0;7;0;0;0;0;0;0;0;0;0;0;7;0;0;0;0;0;0;0;0;0;0
0;0;0;0;0;0;0;0;0;0;0;7;0;0;0;0;0;0;0;0;0;0;0;0;7;7;0;0;0;0;7;0;0;0;0;0;0;0;7;7;7;0;0;0;7;0;0;0;0;0;0;0;0;0;0;0;0;0;0;0;0;0;0;0;0;0;0;0;7;0;7;0;0;0;0;0;0;0;0;7;0;0;0;0;0;0;0;0;0;0;0;0;0;0;0;0;0;0;0;0;7;0;7;0;0;0;0;0;0;0;0;0;0;0;0;0;0;0;0;0;0;0;0;0;0;0;0;0;0;7;0;0;0;0;0;0;7;0;0;0;7;0;0;0;0;0;0;0;0;0;0;0;7;0;0;0;0;0;0;0;0;0;0;0;0;0;0;0;0;0;0;0;0;0;0;0;0;0;0
0;0;0;0;0;0;0;0;0;0;0;7;0;0;0;0;0;7;0;0;0;0;0;0;7;0;0;0;0;0;7;0;0;0;0;0;0;0;0;0;0;0;0;7;0;0;0;0;7;7;0;0;0;7;0;0;0;0;0;7;7;0;0;0;0;0;0;0;0;0;0;0;0;0;0;7;0;0;0;0;0;0;0;0;7;0;7;0;0;7;0;0;0;0;0;0;0;0;0;0;0;0;0;0;0;0;0;0;0;0;0;0;0;0;0;0;0;0;0;0;0;7;0;0;0;0;0;0;7;0;0;0;0;0;0;0;0;0;0;0;0;0;0;0;0;0;0;0;0;7;0;0;0;0;0;0;0;0;0;0;0;0;0;0;0;0;0;0;0;0;0;0;0;0;0;0;0;0;0
0;0;0;0;0;0;0;0;0;0;0;0;0;0;0;0;0;0;0;0;0;0;0;0;0;0;0;0;0;0;0;0;0;0;0;0;0;0;0;0;0;0;0;7;0;0;0;0;0;0;0;0;0;7;0;0;0;0;0;0;0;0;0;0;0;0;0;0;0;0;0;0;0;0;0;7;0;0;0;7;0;0;0;0;7;0;0;0;7;7;0;0;7;0;0;0;7;7;0;0;0;0;0;0;0;0;0;0;0;0;0;0;0;0;0;0;0;0;0;0;0;0;0;0;0;0;0;0;0;0;7;0;0;0;0;7;0;0;0;0;0;0;0;0;0;0;0;0;0;0;0;0;0;0;0;0;0;0;0;7;8;0;0;0;0;0;0;0;0;0;0;0;0;0;0;0;0;0;0
7;7;0;0;0;0;0;0;0;0;0;0;0;0;0;0;0;0;0;0;0;0;0;0;0;0;0;0;0;0;0;0;0;0;0;0;0;0;0;7;7;0;0;0;0;0;0;0;0;0;0;7;7;0;0;7;0;0;0;0;0;0;0;0;0;0;0;0;7;0;0;0;0;0;0;0;0;0;0;7;0;0;0;0;0;0;0;0;0;0;0;0;0;0;7;0;0;7;0;0;0;0;0;0;0;0;0;7;0;0;0;0;0;0;0;0;0;0;0;0;0;0;0;0;0;0;0;0;0;0;7;0;0;0;0;0;7;7;0;0;0;0;0;0;0;0;0;0;0;0;0;0;0;0;0;0;0;0;0;7;0;0;0;0;0;0;0;0;0;0;0;0;7;0;0;0;0;0;0
0;0;7;0;0;0;0;0;0;0;0;0;0;0;0;0;0;0;0;0;7;0;0;0;0;0;0;0;0;0;0;0;0;0;0;0;0;0;7;0;0;0;7;7;0;0;0;0;0;0;0;0;0;0;0;7;0;0;0;0;0;0;0;0;0;0;0;7;0;0;0;0;0;0;0;0;0;7;0;0;0;0;0;0;0;0;0;0;0;0;0;0;0;0;0;7;0;0;0;0;0;0;0;0;0;0;7;0;0;0;0;0;0;0;0;0;0;0;0;0;7;0;0;0;0;0;0;0;0;0;0;0;0;0;0;0;0;0;0;0;0;0;0;0;0;0;0;0;0;0;0;0;0;0;0;0;0;0;0;7;7;0;0;0;0;0;0;0;0;0;0;0;0;0;0;0;7;7;0
0;0;0;0;0;0;0;0;0;0;7;0;0;0;0;0;0;0;0;0;7;0;0;0;0;0;0;0;0;0;0;0;0;0;0;0;0;0;0;0;0;0;0;7;0;0;0;0;0;0;0;0;0;7;0;0;0;7;0;7;0;0;0;0;0;0;0;0;0;7;0;0;0;0;0;7;7;0;0;0;0;0;7;0;0;0;0;7;7;0;0;0;0;0;0;0;0;0;0;0;0;0;0;0;0;0;0;0;0;0;0;0;0;0;0;0;0;0;7;0;0;0;0;0;0;0;0;0;0;0;0;0;7;0;0;0;0;0;0;7;7;0;0;0;0;0;0;0;7;0;0;0;0;0;0;0;0;0;0;0;7;0;0;0;0;0;0;0;0;0;0;0;0;0;0;0;0;0;0
0;0;0;0;0;0;0;0;0;0;0;0;0;0;0;7;0;0;0;0;0;0;0;0;0;0;0;0;0;0;7;7;0;0;0;0;0;0;0;0;0;0;0;0;0;0;0;0;0;7;0;7;7;0;0;7;0;0;0;0;0;7;7;0;0;0;0;0;0;7;0;0;7;0;0;0;7;0;0;7;7;7;0;0;0;0;0;7;0;0;0;0;0;0;0;0;0;0;0;0;7;0;0;0;0;0;0;0;0;0;0;0;0;0;0;7;0;0;0;0;0;0;0;0;0;0;0;0;0;0;0;0;0;0;0;0;7;0;0;0;0;0;0;0;0;0;0;0;0;0;0;0;0;0;0;0;0;0;0;0;0;0;0;0;0;0;0;0;0;0;0;0;7;0;0;0;0;0;0
0;0;0;0;0;0;0;0;0;0;0;0;0;7;0;7;0;0;0;0;0;7;0;0;0;0;0;7;0;0;0;7;7;0;0;0;0;0;0;0;0;0;0;0;7;0;0;0;7;0;0;0;0;0;0;7;0;0;0;0;0;7;0;0;0;0;0;0;0;0;0;0;7;7;0;0;0;0;0;0;0;7;0;0;0;0;0;0;7;0;0;0;0;0;0;0;0;0;0;0;0;0;0;0;0;0;0;0;0;0;0;0;0;0;0;0;0;0;0;0;0;0;0;0;0;0;7;0;0;0;7;7;7;0;0;0;0;0;0;0;0;0;7;0;0;0;0;0;0;0;0;0;0;0;0;0;0;0;0;0;0;0;0;0;0;0;0;0;0;0;0;0;0;0;0;0;0;0;0
0;0;0;0;0;0;0;0;0;0;0;0;0;0;0;0;0;0;0;0;0;0;0;0;0;0;0;0;7;0;0;0;0;0;0;0;0;0;0;0;0;0;0;7;0;7;7;0;0;0;7;7;7;0;0;0;7;0;0;0;0;7;0;0;0;0;0;0;0;0;7;0;7;7;7;7;7;7;0;7;0;7;0;0;0;7;0;0;0;0;0;0;0;0;0;0;0;0;0;0;7;0;0;0;0;0;0;0;0;0;0;0;0;0;0;0;0;0;0;0;0;0;0;0;0;0;0;0;0;0;0;0;0;0;0;0;0;0;0;0;0;0;0;0;0;0;0;0;0;0;0;0;7;0;0;0;0;0;0;0;0;0;0;0;0;0;0;0;0;0;0;7;0;0;0;0;0;0;0
0;0;0;0;0;0;0;0;0;0;0;0;0;0;0;0;0;0;0;0;0;0;0;0;0;0;0;0;0;0;0;0;0;0;0;0;0;0;0;0;0;0;7;7;0;0;0;7;0;0;7;7;7;0;7;0;7;0;7;0;7;0;0;0;0;0;0;0;7;0;0;0;0;0;0;0;0;0;0;7;7;7;7;0;0;0;7;0;0;0;0;0;0;0;0;0;0;0;7;0;0;0;0;0;0;0;0;0;0;0;0;0;0;0;0;0;0;0;0;0;0;0;0;0;0;0;7;0;0;0;0;0;0;0;0;0;0;0;0;0;0;0;0;0;0;0;0;0;0;0;0;0;0;0;0;0;0;0;0;0;0;0;0;0;0;0;0;0;0;0;0;0;0;0;0;0;0;0;0
7;0;7;0;0;0;0;0;0;0;0;0;0;0;0;0;0;0;0;0;0;0;0;0;0;0;0;0;0;7;7;0;0;0;0;0;0;0;0;0;0;7;0;7;0;0;0;7;0;0;7;0;0;7;7;0;0;0;7;0;7;0;0;7;0;0;0;0;0;0;0;0;0;0;7;7;0;0;7;7;7;7;7;7;7;7;7;0;0;0;7;0;0;0;0;0;0;7;7;0;0;0;0;7;7;0;0;0;0;0;0;0;7;0;0;0;0;0;0;7;0;0;0;0;0;0;0;0;0;7;0;0;0;0;0;0;0;0;0;0;0;7;0;0;0;0;0;0;0;0;0;0;0;0;0;0;0;0;0;0;0;0;0;0;0;0;0;0;0;0;0;0;0;0;0;0;0;0;0
0;0;0;0;0;0;0;0;0;0;0;0;0;0;0;7;0;0;0;0;0;0;0;0;0;0;0;0;0;7;7;0;0;0;0;0;0;0;0;0;0;0;0;7;7;0;0;0;0;0;7;0;7;7;0;0;0;0;0;0;7;7;7;7;7;0;0;0;0;0;0;0;0;7;0;0;0;7;7;7;7;7;7;7;0;0;0;0;0;0;7;0;0;0;0;0;0;0;0;0;0;0;0;0;0;0;0;0;0;0;0;0;0;0;0;0;0;0;0;0;0;0;0;7;0;0;0;0;0;0;0;0;0;0;0;0;7;0;0;0;0;0;0;0;0;0;0;0;0;0;0;0;0;0;0;0;7;7;0;0;0;0;0;0;0;0;0;0;0;0;0;7;0;0;0;0;0;0;0
0;0;0;0;0;0;0;0;0;0;0;0;0;0;0;0;0;0;0;0;0;0;0;0;0;0;0;0;0;0;0;0;0;0;0;0;0;0;0;0;0;0;0;7;7;0;0;0;0;0;7;0;0;0;7;0;0;0;0;0;0;0;7;0;0;0;7;0;0;0;7;0;7;7;0;0;7;7;0;7;7;7;7;7;7;0;7;0;0;7;8;7;0;0;0;7;0;0;0;0;7;0;0;0;0;0;0;0;0;0;0;0;0;0;0;0;0;0;0;0;0;0;0;0;0;0;0;0;0;0;0;0;0;0;0;0;0;0;0;0;0;0;0;0;0;0;0;0;0;0;0;0;0;0;0;0;0;0;0;0;0;0;0;0;0;0;0;0;0;0;0;0;0;0;0;0;0;7;0
0;0;0;0;0;0;0;0;0;0;0;0;0;0;0;0;7;0;0;0;0;0;0;0;0;0;0;0;0;0;0;0;7;0;0;0;0;0;0;0;0;0;0;0;0;0;7;0;0;0;0;7;0;0;0;0;0;7;7;0;0;0;7;0;0;7;7;7;7;0;0;0;0;7;7;0;7;7;0;0;0;7;7;7;8;8;0;0;0;0;7;7;0;0;7;0;0;0;7;0;0;0;0;0;0;0;0;0;0;0;0;0;0;0;0;0;0;0;0;0;0;0;0;0;0;0;0;0;0;0;0;0;0;0;0;0;0;0;0;0;7;0;0;0;0;0;0;0;0;0;0;0;0;0;0;0;0;0;7;0;0;0;0;0;0;0;0;0;0;0;0;0;0;0;0;0;0;0;0
0;0;0;0;0;0;0;0;0;0;0;0;7;0;0;0;0;0;0;0;0;0;7;0;7;0;0;0;7;0;0;7;0;0;0;7;0;0;0;0;0;0;0;0;0;0;0;0;0;0;0;0;0;0;0;0;0;0;0;0;0;0;0;0;0;0;7;0;7;0;0;0;0;7;0;7;7;7;7;7;7;0;7;8;7;7;0;7;7;7;7;0;0;0;0;0;0;0;0;0;0;0;0;0;0;0;0;0;0;0;0;0;0;0;0;0;0;0;0;0;0;0;0;0;0;0;0;0;0;0;0;0;0;0;0;0;0;0;0;0;0;0;0;0;0;0;0;0;0;0;0;0;0;0;0;7;0;0;0;0;0;0;0;0;0;0;0;0;0;0;0;0;0;0;0;0;0;0;0
0;0;0;0;0;0;0;0;0;0;0;0;0;0;0;0;0;0;0;0;0;0;7;0;0;0;0;0;0;0;0;7;0;0;0;0;0;0;0;0;0;0;0;0;0;0;0;7;7;7;0;0;0;8;0;0;0;0;0;0;0;0;0;0;7;0;0;0;0;0;7;7;0;0;0;7;0;0;7;7;7;7;7;7;7;8;0;7;7;7;0;7;7;0;0;7;0;0;0;7;7;0;7;0;0;0;0;0;0;0;0;0;0;0;7;0;0;0;0;0;0;7;7;0;0;0;0;0;0;0;0;0;0;0;0;0;0;0;0;0;0;0;0;0;0;0;7;0;0;0;0;0;0;0;0;0;0;0;0;0;0;7;0;0;0;0;0;0;0;0;0;0;0;0;0;0;0;0;0
0;7;0;0;0;0;0;7;0;0;0;0;0;0;0;0;0;0;0;0;7;0;7;0;0;0;0;0;0;0;0;7;7;0;0;0;0;0;0;0;0;0;0;0;0;7;7;0;0;0;7;0;0;0;0;0;0;0;0;0;0;0;0;0;0;7;0;7;7;7;7;7;0;7;7;7;7;0;0;7;0;7;7;7;7;0;7;7;7;0;7;7;0;0;0;7;7;0;0;0;7;0;7;0;0;0;0;0;0;0;0;0;0;0;0;7;0;0;0;0;0;0;0;0;0;7;0;0;0;0;0;0;0;0;0;0;0;0;0;0;0;0;0;0;0;0;0;0;0;0;0;0;0;0;0;0;0;0;0;0;7;0;0;0;0;0;0;0;7;0;0;0;0;0;0;0;0;0;0
0;0;0;0;0;0;0;0;0;0;0;0;0;0;0;0;0;0;0;7;0;0;0;0;0;0;0;0;0;0;0;0;0;7;0;0;0;0;7;0;0;0;0;7;7;0;7;7;0;8;7;7;7;0;0;0;0;0;0;0;0;0;0;0;7;7;0;7;0;0;0;0;0;0;0;7;7;7;0;7;0;7;7;7;7;7;0;0;0;7;7;7;7;7;7;0;7;0;0;0;0;0;0;0;7;7;0;0;0;0;7;0;0;0;0;0;0;0;0;0;0;0;0;0;0;0;0;0;0;0;0;0;0;7;0;0;0;0;0;0;0;0;0;0;0;0;0;7;0;0;0;0;7;0;0;0;0;0;0;0;0;0;0;0;0;0;0;0;0;0;0;0;0;0;0;0;0;0;0
0;0;0;0;0;7;0;0;0;0;0;0;0;0;0;7;0;0;0;0;0;0;0;0;7;0;0;0;0;0;0;0;0;0;0;0;0;0;0;0;0;7;0;7;0;0;0;7;7;7;7;7;0;0;7;7;7;0;0;0;0;0;0;0;7;0;0;7;7;0;0;7;0;0;0;0;7;7;0;7;0;8;7;7;7;7;0;0;7;7;7;7;0;0;0;7;7;7;7;0;0;0;0;0;0;0;0;0;0;0;0;0;0;0;0;0;0;0;0;0;0;0;0;0;0;0;0;0;0;0;0;0;0;0;0;7;0;0;0;0;0;0;7;0;0;0;7;0;0;0;0;0;0;0;0;0;0;0;0;0;0;0;0;0;0;0;0;0;0;0;0;0;0;0;0;0;0;0;0
0;0;0;0;0;0;0;0;0;0;0;7;0;0;0;0;0;0;0;0;7;0;0;0;0;0;0;0;0;0;0;0;0;0;0;0;0;0;0;0;0;0;0;7;0;7;7;0;7;7;0;0;0;7;0;0;0;0;0;0;0;0;0;0;0;0;0;7;7;0;0;0;0;0;0;0;7;0;7;7;7;7;0;7;7;7;0;7;7;7;7;7;7;8;7;7;0;7;7;7;7;0;0;0;0;0;0;0;0;0;0;0;0;0;0;0;0;0;0;0;0;0;0;0;0;0;0;0;0;0;0;0;0;0;0;7;0;0;0;0;0;0;7;0;0;0;0;0;0;0;0;0;0;0;0;0;0;7;7;7;0;0;0;0;7;0;0;0;0;0;0;7;0;0;0;0;0;0;0
0;0;0;0;0;0;0;0;7;0;0;0;0;0;0;0;0;0;0;0;0;0;0;0;0;0;0;0;0;0;0;0;0;0;7;7;0;0;0;0;0;0;0;0;0;0;7;7;0;7;7;7;0;0;0;0;0;0;7;0;0;0;7;0;0;0;0;0;0;7;0;0;7;0;0;0;0;0;0;0;7;0;7;7;0;0;0;7;0;7;0;7;0;7;7;7;7;7;7;7;0;0;0;0;0;0;0;0;0;0;0;0;0;0;0;0;0;0;7;0;7;0;0;0;7;0;0;0;0;0;7;0;0;0;0;0;0;0;7;0;0;0;0;0;0;0;0;0;0;0;0;0;0;0;7;0;0;0;0;0;0;0;0;0;7;0;7;0;0;7;0;7;0;0;0;0;0;0;0
0;0;0;0;0;0;0;0;7;0;0;0;7;7;0;0;7;7;0;0;0;7;0;0;0;0;0;0;0;0;0;0;0;0;0;0;0;0;0;7;0;0;0;0;0;0;7;0;7;7;7;7;7;7;7;7;0;0;7;0;0;7;0;0;0;0;0;0;0;0;0;0;0;0;0;0;0;0;0;0;0;0;0;0;7;0;0;0;0;0;0;0;7;7;7;7;0;0;7;7;0;0;0;0;0;0;0;0;0;0;0;0;0;0;0;0;7;0;0;0;0;0;0;0;0;0;0;0;0;0;0;0;0;0;7;0;0;0;0;0;0;0;0;0;0;0;0;0;0;0;0;0;0;0;7;7;0;7;0;0;0;0;0;0;0;0;0;0;0;0;0;0;0;0;0;0;0;0;0
0;0;0;0;0;0;0;0;0;0;0;0;7;7;0;0;0;0;0;0;0;0;7;0;0;0;0;0;0;0;0;7;0;0;0;0;0;7;7;7;0;7;0;0;0;7;7;0;0;7;7;7;7;0;7;7;7;7;7;7;0;0;0;0;0;0;0;7;0;0;0;0;0;0;0;0;0;0;0;0;0;0;0;0;7;7;7;0;0;0;0;0;0;0;7;7;0;0;7;7;7;7;0;7;0;7;7;0;0;7;0;0;0;0;0;0;0;0;0;0;0;0;0;0;0;0;0;0;0;0;0;0;0;0;0;0;0;0;0;0;0;0;0;0;0;7;0;0;0;7;0;0;7;0;0;0;0;0;0;0;0;0;0;0;0;0;0;0;0;0;0;0;0;0;0;0;0;0;0
0;0;0;0;0;0;0;0;0;0;7;7;0;0;0;0;7;0;0;0;0;0;7;0;0;0;0;0;0;0;0;0;0;0;0;0;7;0;0;0;0;0;0;0;0;7;7;0;0;7;7;7;7;7;7;7;7;7;0;0;7;7;0;0;0;0;0;0;0;7;0;0;0;0;0;0;7;0;0;0;0;0;0;0;0;0;0;0;0;0;0;7;0;0;0;0;7;7;7;0;7;7;0;0;0;0;0;0;0;0;0;0;0;0;0;0;0;0;0;7;7;0;7;0;0;0;0;0;0;0;0;7;7;0;0;0;0;0;0;0;0;0;0;0;0;0;0;0;0;0;0;0;0;0;0;0;0;0;7;0;0;0;0;0;0;0;0;0;0;0;0;0;0;0;0;0;0;0;0
0;0;0;0;0;0;0;0;0;0;7;0;0;7;0;0;0;0;0;0;0;0;7;7;0;0;0;0;0;0;0;7;0;0;0;0;0;0;0;0;0;0;0;0;7;0;0;0;0;7;7;7;0;0;0;0;7;7;0;0;7;7;0;0;7;0;0;7;0;7;0;0;0;0;0;0;0;0;0;0;0;0;0;0;0;0;0;0;0;0;0;0;0;0;0;0;7;0;0;0;7;7;0;0;0;0;0;0;7;0;7;0;0;0;0;0;0;0;0;0;0;0;0;0;0;0;0;0;0;0;0;0;0;0;0;0;0;0;0;0;0;0;7;0;0;0;7;0;0;7;0;0;0;0;0;0;0;0;0;0;0;0;0;0;0;0;0;0;0;0;0;0;0;0;0;0;0;0;0
0;0;0;0;0;0;7;0;0;0;0;7;0;0;0;0;0;0;0;0;0;0;0;0;0;0;0;0;0;0;0;7;0;0;0;0;0;0;7;7;0;0;7;0;7;7;7;7;7;7;7;7;7;0;7;7;7;7;0;0;0;0;0;0;0;0;0;0;0;7;0;0;0;0;0;7;0;0;0;0;0;0;0;0;7;0;0;0;0;0;0;0;7;0;7;0;7;0;0;0;7;0;0;0;0;0;0;0;0;0;0;0;0;7;0;0;0;0;0;0;7;0;0;0;0;0;0;0;0;0;0;0;0;0;0;0;0;0;0;0;0;0;0;0;0;0;0;0;0;0;0;0;0;0;0;0;0;0;0;0;0;0;0;0;0;0;0;0;0;0;0;0;0;0;0;0;0;0;0
7;0;0;0;0;0;0;0;0;0;0;0;0;0;0;0;0;0;0;0;7;0;7;0;0;0;0;0;0;0;0;0;0;0;0;0;7;0;0;0;0;0;7;0;7;0;0;7;0;7;7;7;7;7;7;7;7;7;7;0;0;0;0;7;0;0;0;0;0;7;0;0;0;0;0;0;0;7;0;0;0;0;0;0;0;0;0;0;0;0;7;0;0;0;0;0;0;0;0;0;0;0;0;0;0;0;0;0;0;0;0;0;0;0;0;0;0;0;0;7;0;0;0;7;0;0;0;0;0;0;0;0;0;0;0;0;0;0;0;0;0;0;0;0;0;0;0;0;7;0;0;7;0;0;0;0;0;0;7;0;0;0;0;0;0;0;0;0;0;0;0;0;7;0;0;0;0;0;0
0;0;0;0;0;0;0;0;0;0;0;0;0;0;0;0;0;0;0;0;0;0;0;0;0;0;0;7;0;0;7;0;0;0;0;0;0;0;7;7;0;0;7;0;0;0;7;7;0;7;7;7;7;7;7;7;7;7;0;0;0;7;7;7;0;0;7;0;0;7;7;0;0;7;7;0;0;0;0;7;0;0;0;0;0;0;0;0;0;0;0;7;0;0;0;0;0;0;0;0;0;0;0;0;0;0;0;0;7;0;0;0;0;0;0;0;0;0;0;0;0;0;0;7;0;0;0;0;0;0;0;0;0;0;0;0;0;0;0;0;0;0;0;0;0;0;0;0;0;0;0;0;0;0;0;0;0;0;0;0;7;0;0;0;0;0;0;0;0;0;0;0;0;0;0;0;0;0;0
0;0;0;0;0;0;0;0;0;0;0;0;0;0;0;7;0;0;0;0;0;0;7;7;0;0;0;0;7;7;0;0;7;0;0;0;0;0;0;0;0;7;7;0;0;0;7;7;7;7;7;7;7;7;7;7;7;7;0;0;0;7;0;0;0;0;0;7;7;7;7;0;0;0;0;0;0;0;0;0;0;0;0;0;0;0;7;0;0;0;0;0;7;0;0;0;7;7;0;7;0;0;0;0;0;0;7;0;0;0;7;0;0;0;0;0;0;0;0;0;0;0;0;0;0;0;0;0;0;0;0;0;0;0;0;0;0;0;0;0;0;0;0;0;0;0;0;7;7;0;0;0;0;0;0;0;7;0;0;0;0;0;0;0;0;0;0;0;0;0;0;0;0;0;0;0;0;7;0
0;0;0;0;7;0;0;0;0;0;0;0;0;0;7;0;0;0;0;0;0;0;0;0;0;0;0;0;7;0;0;0;0;0;0;0;0;7;0;0;0;0;0;0;0;0;7;7;0;7;7;7;7;7;8;7;7;0;7;7;0;0;0;0;7;7;0;0;7;7;0;0;0;0;0;0;0;0;0;0;0;0;0;0;0;0;7;7;0;0;0;0;0;7;7;0;0;0;0;7;0;0;0;0;0;0;0;0;0;0;0;0;0;7;0;0;0;0;0;0;0;0;0;0;0;0;0;0;0;0;0;0;0;0;0;0;0;0;0;0;0;0;0;0;0;0;0;0;0;0;0;0;0;0;0;0;0;0;0;0;0;0;0;0;0;0;0;0;0;0;0;0;7;0;0;0;0;0;0
0;0;0;0;0;0;0;0;0;0;0;0;0;0;0;0;0;0;0;0;7;0;0;0;0;0;0;0;0;0;7;0;0;0;0;0;0;0;0;7;0;7;0;0;0;0;7;7;7;7;7;7;7;0;7;0;0;0;7;7;7;7;7;0;0;0;7;7;7;7;7;7;7;7;7;0;7;0;7;0;0;0;0;0;0;0;0;7;0;0;0;0;0;0;7;7;0;0;0;0;0;0;0;0;0;0;0;0;0;0;0;0;0;0;0;0;7;0;0;0;0;0;0;0;0;0;0;0;0;0;0;0;0;0;0;0;0;0;0;0;7;0;0;0;0;0;0;0;0;0;0;0;0;0;0;0;0;0;0;7;0;0;0;0;0;0;0;0;0;0;0;0;0;0;0;0;0;0;0
0;0;0;0;0;0;0;0;0;0;0;0;0;0;0;0;0;0;0;0;0;0;0;0;0;0;0;0;0;7;7;7;7;0;0;0;0;0;0;0;0;0;0;7;7;7;7;7;7;7;7;7;7;7;7;7;7;7;7;7;7;7;0;0;0;0;7;7;0;7;7;7;7;7;7;0;7;0;7;0;0;7;0;0;0;7;7;7;7;0;0;0;0;0;0;7;0;0;0;0;0;0;7;7;7;0;7;7;0;0;0;0;0;7;0;0;0;0;0;0;0;0;0;0;0;0;0;0;0;0;0;0;0;0;0;0;0;0;0;0;7;0;0;0;0;0;7;0;0;0;0;0;0;7;0;0;0;0;0;0;0;0;0;0;0;0;0;0;0;0;0;0;0;0;0;0;0;0;0
7;0;0;0;0;0;0;0;0;0;0;7;0;0;0;0;0;0;0;0;0;0;0;0;0;0;0;0;0;0;0;0;7;0;0;0;0;0;0;0;7;0;0;7;7;7;0;0;7;7;7;0;0;0;7;7;7;7;7;7;0;0;7;0;0;0;0;0;0;7;7;7;7;7;0;0;7;7;7;7;0;0;0;0;0;0;0;0;0;0;0;0;0;0;7;0;0;0;0;0;0;0;0;0;0;0;0;0;7;0;0;0;0;0;0;0;0;0;0;0;0;0;0;0;0;7;0;0;0;0;0;0;0;0;0;0;7;0;0;0;7;0;0;7;0;0;0;0;0;0;0;0;0;0;0;0;0;0;0;0;0;0;0;0;0;0;0;0;0;0;0;0;0;0;0;0;0;0;0
0;0;0;0;0;0;0;0;0;0;0;0;7;0;0;0;0;0;0;0;0;0;0;0;0;0;0;0;0;0;7;0;0;0;0;0;0;0;0;0;0;0;0;0;0;7;7;0;0;0;0;7;0;0;7;7;7;7;7;7;7;7;7;0;0;0;0;0;7;7;7;7;7;0;7;0;0;0;0;0;0;0;7;7;0;0;7;0;0;0;0;0;0;7;0;0;0;0;0;0;0;0;0;7;0;0;0;0;0;0;0;0;0;0;0;0;0;0;0;0;0;0;0;7;0;0;0;0;0;0;0;0;7;0;0;0;0;0;0;0;7;0;0;0;0;0;0;0;0;0;0;0;0;0;0;7;0;0;0;7;0;0;7;0;0;0;0;0;0;0;0;0;0;0;0;0;0;0;0
0;0;0;7;0;0;0;0;0;0;0;0;0;7;0;0;0;0;0;0;0;7;0;0;0;0;7;0;0;0;7;0;0;0;7;0;7;0;0;0;0;0;0;0;0;7;7;0;0;0;0;0;0;0;0;0;7;7;7;7;7;7;0;0;7;7;7;7;7;0;7;7;0;7;7;0;7;7;0;7;7;0;7;0;0;0;0;0;0;0;0;0;0;7;0;0;0;0;7;0;0;0;0;0;0;7;0;0;0;0;0;7;0;0;0;0;0;0;0;0;7;0;0;0;0;0;0;0;0;0;0;0;0;0;0;0;0;0;0;0;0;0;0;0;0;0;0;0;0;0;7;0;0;0;0;0;0;0;0;0;0;0;0;0;0;0;0;0;0;0;0;0;0;0;0;0;0;0;0
0;0;7;7;0;0;7;0;7;0;0;7;7;0;0;0;0;0;0;0;0;0;0;0;0;0;0;0;7;7;0;0;0;0;0;0;0;0;0;0;0;0;7;7;0;7;7;0;0;0;0;7;0;7;0;0;0;0;0;7;7;0;0;7;7;7;7;7;8;7;7;0;7;7;0;0;0;0;0;0;7;7;7;0;0;7;0;7;0;0;0;0;0;7;0;0;0;7;0;0;0;0;0;0;0;7;0;0;0;0;0;0;0;0;0;0;0;0;0;0;0;0;0;0;0;0;0;0;0;0;0;0;0;0;0;0;0;0;0;0;0;0;0;0;0;0;7;0;0;0;0;0;0;0;7;0;0;0;0;0;0;0;0;0;0;0;0;7;0;7;0;0;0;0;0;0;0;0;0
7;0;7;0;0;0;0;0;0;0;0;0;0;0;0;0;0;0;0;0;0;0;0;0;0;0;0;0;0;0;0;0;0;0;0;7;7;0;0;0;0;0;0;0;0;0;0;0;0;0;0;0;0;0;0;0;0;0;0;7;7;7;0;7;7;7;0;7;0;0;7;7;7;7;7;0;0;0;0;0;0;0;0;0;7;7;0;7;7;7;0;7;7;7;0;0;0;0;0;0;0;0;0;7;0;7;0;7;0;0;0;0;0;0;0;7;0;0;0;0;0;7;7;0;0;0;0;0;0;0;7;0;0;0;0;0;0;0;0;0;0;0;0;0;0;0;0;0;0;0;0;0;0;0;0;0;0;0;0;0;0;0;0;0;0;0;0;0;0;0;0;0;0;0;0;0;0;0;7
0;0;0;0;0;7;0;0;0;0;0;0;0;0;0;0;0;0;0;0;0;0;0;0;0;0;0;0;0;0;0;7;0;0;0;0;0;0;0;0;0;0;0;0;0;0;7;7;0;7;7;7;0;0;0;0;0;0;0;7;7;7;7;0;0;0;0;7;0;0;0;7;7;7;7;0;0;0;0;7;0;0;0;7;0;7;7;7;7;7;0;0;7;0;0;0;0;0;0;0;0;0;7;7;0;0;0;0;0;0;0;0;0;0;0;0;0;0;0;0;0;7;0;0;0;0;0;0;0;0;0;0;0;0;0;0;0;0;7;0;0;0;7;0;0;0;0;0;7;0;0;0;7;0;0;0;0;0;0;0;0;0;7;0;7;0;0;0;0;0;0;0;0;0;0;0;0;0;0
0;0;0;0;0;0;0;0;0;0;0;0;0;0;0;0;0;0;0;0;0;0;0;0;0;0;0;0;0;0;0;0;0;0;0;0;0;0;0;0;0;0;0;0;0;0;7;7;0;0;7;7;0;0;0;0;0;0;0;7;0;0;0;0;0;0;0;7;7;7;7;0;0;0;7;0;0;0;7;7;7;0;7;0;0;7;0;0;0;0;0;0;0;0;0;0;0;7;7;0;0;0;0;0;0;7;7;0;0;0;0;0;0;0;0;0;0;0;7;0;0;0;0;0;0;0;0;0;0;0;0;0;0;0;0;0;0;0;0;0;0;0;0;0;0;0;0;0;0;0;0;0;0;0;0;0;0;0;0;0;0;0;0;0;0;0;0;7;0;0;0;0;0;7;0;0;0;0;0
7;0;7;7;0;0;0;0;0;0;0;0;0;0;0;0;0;0;0;7;0;0;0;7;7;7;7;0;7;0;0;0;0;7;0;0;7;0;7;0;0;0;0;0;0;0;0;7;7;0;7;7;0;0;0;0;0;0;7;0;0;7;0;0;0;0;0;0;7;0;0;0;0;0;0;0;7;0;0;0;7;0;7;0;0;0;0;0;0;0;0;0;0;0;0;0;0;0;0;0;0;0;0;7;7;0;7;0;7;7;7;0;0;0;0;0;0;0;0;0;0;0;0;0;0;0;0;0;0;0;0;0;0;0;0;0;0;7;0;0;0;0;0;0;0;0;0;7;0;0;0;0;0;0;0;7;0;0;0;0;0;0;7;0;0;0;0;0;0;0;0;0;7;0;0;0;0;0;0
0;0;0;0;0;0;0;0;0;0;0;0;0;7;7;0;7;0;0;0;0;0;0;0;0;7;7;0;7;0;0;0;0;0;0;0;0;7;0;0;0;7;0;0;0;0;0;0;0;0;0;0;0;0;0;0;0;0;0;0;7;7;7;0;0;0;0;0;7;7;0;0;0;7;7;0;0;7;7;7;7;7;7;7;0;0;0;0;7;7;0;7;0;0;0;0;0;0;0;0;0;0;7;0;0;0;7;0;0;0;0;0;0;0;0;0;0;0;0;0;7;0;0;0;0;0;0;0;0;0;0;0;0;0;0;0;0;0;0;0;0;0;0;0;0;0;0;0;0;0;0;0;0;0;0;0;0;0;0;0;0;0;0;0;0;0;0;0;0;0;0;0;0;0;0;0;0;0;7
0;0;0;0;7;0;0;0;0;0;0;0;0;0;0;0;0;0;0;0;7;7;0;0;0;0;0;0;0;0;0;0;0;0;0;0;0;0;0;0;0;0;0;0;0;0;7;0;0;0;0;0;0;0;0;0;0;0;0;7;0;0;0;0;0;0;7;0;0;7;7;0;0;0;0;0;0;7;7;7;7;0;7;0;0;0;0;7;7;0;0;7;7;0;0;0;7;7;0;8;7;0;0;0;0;7;0;0;0;0;0;0;0;0;0;0;0;0;0;0;0;0;0;0;0;0;0;0;0;0;0;7;0;0;0;0;0;0;0;0;0;0;7;0;0;0;0;0;0;0;0;0;0;0;0;0;0;0;0;0;0;0;0;0;0;0;0;0;0;0;0;0;0;0;0;0;0;0;0
0;0;0;7;0;0;0;0;0;0;0;7;7;7;0;0;0;0;0;0;0;0;7;0;0;0;0;0;0;7;0;0;0;0;0;0;7;0;0;0;0;0;0;0;0;0;7;0;0;0;0;7;0;0;0;0;0;7;7;7;0;0;0;0;0;0;7;0;0;0;0;0;0;0;0;0;0;0;0;8;7;7;0;0;7;0;7;0;0;0;0;7;0;0;0;0;0;0;7;7;0;0;0;0;0;7;0;0;0;0;0;0;0;0;0;0;0;0;0;0;0;7;0;7;7;0;0;0;0;0;0;0;0;0;0;0;0;0;0;7;0;0;0;0;0;0;0;7;7;0;0;0;0;0;0;0;0;0;0;0;0;0;0;0;0;0;0;0;0;0;0;0;0;0;0;0;0;0;0
0;0;0;0;0;0;0;0;0;0;0;0;0;0;0;0;0;0;0;0;0;0;0;0;0;0;0;0;0;0;0;7;0;0;0;0;7;7;0;0;0;7;0;0;0;0;0;8;7;7;7;7;7;0;0;7;0;0;0;0;0;0;0;0;0;0;0;0;0;0;0;0;0;7;0;0;7;0;0;0;0;0;0;0;0;0;0;0;7;0;0;7;0;7;0;0;7;0;7;0;0;0;0;7;0;0;0;0;0;0;0;0;0;0;0;0;0;0;0;0;0;0;0;0;0;0;0;0;0;0;0;0;0;0;0;0;0;0;0;0;0;0;0;0;0;0;0;0;7;0;0;0;0;0;0;0;0;0;0;0;0;0;0;0;0;0;0;0;0;0;0;0;0;0;0;0;0;0;0
0;0;0;0;0;0;0;0;0;0;7;0;0;7;0;0;0;7;0;0;0;7;0;0;0;0;0;0;0;0;0;0;0;0;0;7;7;0;7;0;7;0;7;0;0;0;0;7;7;7;0;0;7;7;0;0;0;0;0;0;0;0;0;0;0;0;7;0;0;7;0;0;0;0;0;0;0;0;0;0;0;0;0;0;0;7;0;0;0;0;0;7;0;7;7;0;7;7;7;0;0;0;0;7;0;7;0;0;0;0;0;0;0;0;0;0;0;0;0;0;0;0;0;0;0;0;0;0;0;7;0;0;0;0;0;0;0;0;0;0;0;0;0;0;0;0;7;0;0;0;0;0;0;0;0;0;0;0;0;0;0;0;0;0;0;0;0;0;0;0;0;0;0;0;0;0;0;7;0
0;0;0;7;0;0;0;0;0;0;0;0;0;0;0;0;0;7;0;0;7;7;7;0;0;0;0;0;0;7;0;0;0;0;0;0;0;0;0;7;0;0;0;0;0;0;7;7;7;7;7;0;0;0;0;0;0;0;0;0;0;0;0;0;0;0;0;0;7;7;0;0;7;0;0;0;0;0;0;0;0;0;7;0;0;0;0;7;0;0;7;7;7;0;7;0;0;7;0;7;7;0;0;0;0;0;0;0;0;0;0;0;0;0;0;7;0;0;0;0;0;0;0;0;0;0;0;0;0;0;0;7;0;0;0;0;0;0;0;0;0;0;0;0;0;0;0;0;0;0;0;7;0;0;0;0;0;0;0;0;0;0;0;0;0;0;0;0;0;0;0;0;0;0;0;0;0;0;0
0;0;0;0;0;0;0;0;0;7;0;0;0;0;0;0;7;7;0;0;0;0;0;0;7;7;7;0;0;7;0;0;7;0;7;7;0;0;0;0;0;0;7;0;7;0;0;0;0;7;7;7;0;0;0;7;0;0;0;0;0;0;0;0;7;0;0;0;0;0;0;0;0;0;0;7;7;7;0;0;0;7;0;0;0;0;7;7;0;0;0;7;7;7;7;0;0;0;7;7;0;7;0;0;0;0;0;0;0;0;0;0;0;0;0;0;0;0;0;0;0;0;0;7;0;0;0;0;0;0;7;0;0;0;0;0;0;0;0;0;0;0;0;0;0;0;0;0;0;0;0;0;0;0;0;0;0;0;0;0;0;0;0;0;0;0;0;0;0;0;0;0;0;0;0;0;0;0;0
0;7;0;0;0;0;0;0;7;0;0;0;0;0;0;0;0;0;7;0;0;0;0;0;0;0;0;0;0;0;0;0;0;0;0;0;0;7;7;0;0;7;7;0;7;7;7;0;0;7;0;7;0;0;0;7;0;0;0;0;0;0;0;0;7;0;0;0;0;0;0;7;0;0;0;7;7;0;0;0;0;0;0;0;7;0;0;0;7;7;0;7;7;0;7;7;0;7;7;7;0;0;0;0;0;0;0;0;0;0;0;0;0;0;0;0;0;0;0;0;0;0;7;7;0;0;0;0;7;0;0;0;0;0;0;0;0;0;0;0;0;0;0;0;0;0;0;0;0;0;0;0;0;0;0;0;0;0;0;0;0;0;0;0;0;0;0;0;0;0;0;0;0;0;0;0;0;0;0
7;0;0;7;0;0;0;0;7;0;0;0;0;0;7;0;0;0;0;0;0;7;0;0;0;7;0;0;0;0;0;0;7;0;0;0;0;0;7;7;0;7;7;0;0;0;0;0;0;0;7;7;7;0;7;7;0;0;0;0;0;7;7;7;0;0;0;0;0;7;0;0;0;0;0;7;0;0;0;0;0;0;7;0;0;7;0;0;0;7;0;0;0;0;7;7;7;7;7;7;0;0;0;7;0;0;0;0;7;0;0;0;0;0;0;0;0;0;0;0;0;0;0;7;7;7;0;0;0;7;0;0;0;0;0;7;0;0;0;0;0;0;0;0;0;0;0;0;0;0;0;0;0;0;0;0;0;0;0;0;0;0;0;0;0;0;0;0;0;0;0;0;0;0;0;0;0;0;0
0;0;0;0;0;0;0;0;0;0;0;0;0;0;0;0;0;0;0;0;0;7;0;0;0;0;0;0;0;0;0;0;0;0;0;0;7;0;7;0;0;7;7;7;0;0;0;0;0;7;0;0;7;7;0;0;0;0;0;0;0;0;0;0;0;0;0;0;0;0;0;0;7;0;0;0;0;0;0;0;0;0;0;7;0;0;0;0;0;0;0;0;7;7;7;7;7;7;7;7;7;7;7;7;0;0;0;7;7;0;0;0;0;0;0;0;0;0;0;0;0;0;0;0;0;0;0;0;0;7;0;0;0;0;0;0;0;7;0;0;0;0;0;0;0;0;0;0;0;0;0;0;0;0;0;0;0;0;0;0;0;0;0;0;0;0;0;0;0;0;0;0;0;0;0;0;0;0;0
0;0;0;0;0;0;0;0;0;0;0;0;7;0;0;0;0;0;0;7;0;7;0;7;0;0;0;0;0;0;0;0;0;0;0;0;7;7;0;0;0;0;0;0;0;0;0;0;0;7;7;7;0;7;7;7;7;7;7;0;7;0;0;0;0;0;0;0;0;0;0;0;0;0;0;0;0;0;0;0;0;0;0;0;0;0;0;0;0;0;0;7;7;7;7;7;7;7;7;0;7;7;0;7;7;0;0;0;0;7;7;0;0;0;0;0;0;0;0;0;0;0;0;0;0;0;0;0;0;0;0;0;0;0;7;0;0;0;0;0;0;0;0;0;0;0;0;0;0;0;0;0;0;0;0;0;0;0;0;0;0;0;0;0;0;0;0;0;0;0;0;0;0;0;0;0;0;0;0
0;0;0;0;0;0;0;0;0;0;0;0;7;7;0;0;0;0;0;0;0;0;0;0;0;0;0;0;0;0;0;0;0;0;0;0;0;0;0;0;7;0;0;0;0;0;0;7;0;7;7;0;0;7;7;7;0;7;7;0;0;7;0;0;7;0;0;0;0;7;0;7;0;0;0;0;0;0;0;0;0;0;0;0;0;0;0;0;0;7;7;7;7;7;0;0;0;7;7;0;7;7;7;7;7;7;0;7;0;0;0;0;7;7;0;0;0;0;7;0;0;0;0;0;0;0;0;0;0;0;0;0;0;0;0;0;0;0;0;0;0;0;0;0;0;0;0;0;0;0;0;0;0;0;0;0;0;0;0;0;0;0;0;0;0;0;0;0;0;0;0;0;0;0;0;7;0;0;0
7;0;0;7;0;0;0;0;0;0;0;0;0;7;0;0;0;0;0;0;0;0;0;0;0;0;0;0;0;0;0;0;0;0;0;0;0;0;0;0;0;0;0;0;0;0;7;0;0;0;7;0;0;7;7;0;0;7;0;0;0;0;0;0;0;0;0;0;0;0;0;0;0;0;0;0;0;0;0;0;0;0;7;0;0;7;7;0;0;7;0;0;0;0;0;0;7;7;7;7;7;0;7;7;0;7;7;0;7;0;0;0;7;7;0;0;0;0;0;0;0;0;0;0;0;0;0;0;0;7;0;0;0;7;0;0;0;0;0;0;0;0;0;0;7;0;0;0;0;0;0;0;0;0;0;0;0;0;0;0;0;0;0;0;0;0;0;0;0;0;0;0;0;0;0;0;0;0;0
0;0;0;7;7;7;0;0;0;0;0;0;0;0;0;7;0;0;0;0;0;0;0;0;0;7;7;0;7;0;0;7;0;0;0;0;0;0;7;0;0;7;0;0;0;0;7;0;0;7;7;0;0;0;0;7;0;0;0;0;0;0;0;0;0;0;0;7;7;0;7;0;0;0;0;0;0;0;0;0;0;0;0;0;7;7;7;0;0;7;0;7;7;7;7;0;7;7;7;7;7;7;7;7;7;7;7;7;7;7;0;0;0;0;0;0;7;7;0;7;0;0;0;7;0;0;0;0;0;0;0;0;0;0;0;0;0;0;0;0;0;7;0;0;0;7;0;0;0;0;0;0;0;0;0;0;0;0;0;0;0;0;0;0;0;0;7;0;0;0;0;0;0;0;0;0;0;0;0
0;0;0;0;0;0;0;0;7;0;0;7;7;0;7;0;0;0;0;0;0;0;0;0;0;0;0;0;7;0;0;0;0;0;0;0;0;0;0;0;0;0;0;0;0;0;7;0;0;0;7;0;0;0;0;0;0;0;0;0;7;0;0;0;0;0;0;0;7;0;0;0;0;0;0;0;0;0;0;0;0;0;0;0;0;0;7;0;0;7;0;7;7;7;7;0;0;0;7;0;7;0;0;7;7;7;7;0;7;7;0;0;0;0;0;0;0;0;0;0;7;0;0;0;0;0;0;0;0;0;0;0;7;0;0;0;0;0;0;0;0;0;0;0;0;0;0;0;0;0;0;0;0;0;0;0;0;0;0;7;0;0;0;0;0;0;0;0;0;0;0;0;0;0;0;0;0;0;0
7;0;0;0;0;0;0;0;0;0;0;0;0;0;0;0;0;0;0;0;0;0;7;0;0;0;0;0;0;0;0;0;0;0;0;0;7;0;7;7;0;0;0;0;0;0;0;0;0;0;0;0;0;0;0;0;0;0;0;0;7;0;0;0;0;0;0;0;7;0;0;7;0;0;0;0;0;0;0;0;0;0;0;0;0;0;7;0;0;7;7;7;0;0;0;0;0;7;7;7;0;0;7;7;7;7;0;0;7;0;0;0;0;0;0;0;0;0;0;0;0;0;0;0;0;7;0;0;0;0;0;0;0;0;0;0;0;0;7;0;0;0;0;0;0;0;0;0;0;0;7;0;0;0;0;0;0;0;0;0;0;0;0;0;0;0;0;0;0;0;0;0;0;0;0;0;0;0;0
0;0;0;0;0;7;0;0;0;0;0;0;0;0;0;0;0;0;0;0;0;0;0;7;0;0;0;0;0;0;0;0;0;0;0;0;0;0;7;7;0;0;7;7;7;0;0;7;0;0;0;0;7;7;0;0;0;0;0;0;0;0;7;0;0;0;0;0;0;0;0;0;0;0;0;0;0;7;0;0;7;0;0;0;0;0;7;0;0;7;7;7;7;7;0;0;7;7;7;7;0;0;7;0;0;0;0;0;7;0;0;7;0;0;0;0;0;0;0;0;0;0;0;0;0;0;0;0;0;0;0;7;0;0;0;0;0;0;0;0;0;0;0;0;0;0;0;0;0;0;0;7;0;7;7;7;0;0;0;0;0;0;0;0;0;0;0;0;0;0;0;0;0;0;0;0;0;0;0
0;0;0;0;0;0;0;0;0;0;0;0;0;0;0;0;0;0;0;0;0;0;0;0;0;0;0;0;0;0;0;7;0;0;0;0;0;0;0;0;0;0;0;7;7;0;0;0;0;0;0;0;0;0;0;0;0;0;0;0;7;0;0;7;0;0;7;0;0;0;0;0;0;0;0;0;0;0;7;0;0;0;0;0;0;0;0;0;7;0;0;0;0;7;7;0;0;0;7;7;0;0;0;7;0;0;0;0;0;0;0;0;0;0;0;0;0;0;0;0;0;0;0;0;0;0;7;7;0;0;0;0;0;0;0;0;0;0;0;0;0;7;0;0;0;0;0;0;0;0;0;0;0;0;0;0;7;0;0;0;0;0;0;0;0;0;0;0;0;0;0;0;0;0;0;0;0;0;0
0;7;7;0;0;0;0;0;0;0;0;0;0;0;0;0;0;0;0;0;0;0;7;0;0;0;0;0;0;0;0;0;0;0;0;0;0;7;0;0;7;7;0;0;0;0;0;0;0;0;7;0;0;7;0;0;0;0;0;0;0;0;0;0;0;0;0;0;0;7;7;0;0;0;0;0;0;0;0;0;0;0;0;0;0;0;0;0;0;0;0;0;0;0;0;0;0;0;0;0;7;7;7;0;0;0;7;0;0;0;0;0;0;0;0;0;0;0;0;7;0;0;0;0;0;0;0;0;7;7;0;0;0;0;0;0;0;0;0;0;0;0;0;0;0;0;7;0;0;0;0;0;0;0;0;0;0;0;0;0;0;0;0;0;7;0;0;0;0;0;0;0;0;0;0;0;0;0;0
0;0;0;0;0;0;0;0;0;0;0;0;0;0;0;0;0;0;0;0;0;0;7;0;0;0;7;7;0;0;0;0;7;0;7;0;0;0;0;0;0;0;0;0;0;0;0;0;0;0;7;0;0;0;7;7;0;0;7;0;0;0;0;7;7;7;0;7;7;7;7;0;0;0;7;7;0;0;0;0;0;0;0;0;7;0;7;0;0;0;0;7;0;0;0;0;0;0;0;0;0;0;0;0;0;0;0;0;0;0;0;0;0;0;0;7;0;0;0;0;0;0;0;0;0;0;0;0;0;0;0;0;0;0;0;0;0;0;0;0;0;0;0;0;0;0;0;0;0;0;0;0;0;0;0;0;0;0;0;0;0;0;0;0;0;0;0;0;0;0;0;0;0;0;0;0;0;0;0
0;0;0;7;0;0;0;0;0;0;0;0;0;0;0;0;0;0;7;0;0;0;7;0;0;0;0;0;0;0;0;0;7;7;0;7;0;0;7;0;0;0;7;7;7;7;7;0;0;7;7;0;0;0;0;0;0;0;0;7;7;0;7;7;0;7;7;7;0;0;0;0;0;0;0;0;0;0;0;0;0;0;0;0;0;7;0;0;0;0;0;7;0;0;7;0;0;7;0;0;7;7;7;7;7;0;7;0;0;0;7;0;0;0;7;7;7;0;0;0;0;0;0;0;7;0;0;0;0;0;0;0;0;0;0;0;0;0;7;0;0;0;0;0;0;0;0;0;0;0;0;0;0;0;0;0;0;0;0;0;0;0;0;0;0;0;0;0;0;0;0;0;0;0;0;0;0;0;0
0;0;7;0;0;0;0;0;0;0;0;0;0;0;0;0;0;0;0;0;0;0;0;0;0;0;0;0;0;7;7;7;0;7;0;0;0;0;7;0;0;7;0;0;7;7;0;0;0;7;0;7;0;0;0;0;0;0;0;0;0;0;0;0;0;0;0;0;0;0;0;0;0;0;0;7;7;0;0;7;0;0;0;0;0;0;0;0;0;0;0;0;0;0;0;0;7;7;7;7;0;0;0;0;0;0;0;0;0;0;0;0;0;0;0;0;0;0;0;0;0;0;0;0;0;0;0;0;0;0;0;0;0;0;0;0;0;0;0;0;0;0;0;0;0;7;0;0;0;0;0;0;0;0;0;0;0;0;0;0;0;0;0;0;0;0;0;7;0;0;0;0;0;0;0;0;0;0;0
0;0;0;0;0;0;0;0;0;0;0;0;7;0;0;0;0;0;0;0;0;0;0;0;7;0;0;0;0;0;0;7;0;0;7;7;7;7;7;7;7;0;0;7;7;7;7;7;0;7;7;7;0;0;0;0;0;0;0;0;0;0;0;7;0;0;0;0;0;0;0;0;0;0;0;7;0;0;0;0;0;0;0;0;0;0;7;0;0;0;0;0;0;0;0;7;7;0;7;0;0;7;0;0;0;0;7;7;0;0;0;0;0;0;0;0;0;0;0;0;0;0;0;0;0;0;0;0;0;0;0;0;0;0;0;0;0;0;0;0;0;0;0;0;0;0;7;0;0;0;0;0;0;0;0;7;0;0;0;0;0;0;0;0;0;0;0;0;0;0;0;0;0;0;0;0;0;7;0
0;7;0;0;0;0;7;0;0;0;0;0;0;0;0;0;0;0;0;0;0;0;0;7;0;0;0;0;0;0;0;0;0;0;0;0;0;0;0;0;7;7;7;7;7;7;0;0;0;7;7;7;0;0;0;0;0;0;0;0;7;7;7;7;7;0;0;0;0;0;7;0;0;0;0;0;7;7;0;0;0;0;0;0;0;0;0;0;0;0;0;0;0;0;7;7;7;7;7;0;0;7;7;0;0;7;0;0;7;7;0;0;0;0;0;0;0;0;0;0;7;0;0;7;0;0;0;0;0;0;0;0;0;0;0;0;0;0;0;0;0;0;0;0;7;0;0;0;0;7;0;0;0;0;0;0;0;0;0;0;0;0;0;0;0;0;0;0;7;0;0;0;0;7;0;0;0;0;0
0;7;0;0;0;0;0;0;0;0;0;0;0;0;7;0;7;7;7;0;0;0;7;0;0;7;7;7;0;0;7;8;0;0;0;0;0;0;0;7;7;7;7;8;7;8;7;7;7;7;0;0;7;0;0;0;0;0;0;0;0;0;0;0;0;0;0;0;0;0;0;7;7;0;0;0;0;0;0;0;0;0;0;0;0;0;0;0;0;0;0;0;0;0;0;7;7;0;0;0;0;0;0;0;0;7;7;0;0;0;0;0;0;0;0;0;0;0;0;0;0;0;0;0;0;0;0;0;7;0;0;0;0;0;0;0;0;0;0;0;0;0;0;0;0;0;0;0;0;0;0;0;0;0;0;0;0;0;0;0;0;0;0;0;0;0;0;0;7;0;0;0;0;0;0;0;0;0;0
0;0;0;0;0;0;0;0;0;0;0;0;0;0;0;0;0;0;0;0;0;0;0;0;0;0;0;7;0;0;7;7;0;0;7;0;0;7;0;0;0;7;7;7;7;7;7;7;0;7;7;0;7;7;0;0;0;7;0;0;0;0;0;0;0;7;0;0;0;7;0;0;0;0;0;0;0;0;0;0;0;0;0;0;0;7;7;0;0;7;0;0;7;7;7;7;0;7;7;7;0;0;0;7;0;7;7;0;0;0;0;0;0;0;0;0;0;0;0;0;0;0;7;0;0;0;0;0;0;0;0;0;0;0;0;0;0;0;0;0;0;0;0;0;0;0;0;0;0;7;0;0;0;0;0;7;0;0;0;0;0;0;0;0;0;0;0;0;0;0;0;0;0;0;0;0;0;0;0
0;0;0;7;0;0;0;0;0;0;0;0;0;7;0;0;0;7;0;0;0;0;0;7;0;0;0;0;0;0;7;0;0;0;0;0;0;7;7;7;8;8;7;8;7;8;7;0;0;7;7;7;0;7;0;0;0;0;0;0;0;0;0;0;7;7;0;0;0;0;7;0;7;0;0;0;0;0;0;0;0;0;7;0;0;7;7;7;7;7;0;0;0;7;7;7;7;7;7;7;7;7;7;7;0;0;0;0;7;7;0;0;0;0;0;0;7;0;0;0;0;0;0;0;0;0;0;0;7;7;0;0;0;0;0;0;0;0;0;0;7;0;0;0;0;0;0;0;7;0;0;0;0;0;7;0;0;7;0;0;0;7;0;0;0;0;0;0;0;0;0;0;0;0;0;0;0;0;0
0;0;0;0;0;0;0;0;0;0;0;0;0;0;0;0;7;0;0;0;7;0;0;0;0;0;0;0;0;0;0;0;0;7;0;0;0;7;7;0;7;7;7;8;8;8;7;7;8;7;7;7;7;7;0;0;0;7;0;0;7;0;0;7;7;0;0;0;0;0;0;0;0;0;7;0;0;0;7;0;0;0;0;0;0;0;0;0;0;0;0;0;0;7;0;7;0;7;7;7;7;7;7;7;7;0;7;0;7;7;7;0;0;0;0;0;0;0;0;0;0;0;0;0;0;0;0;0;0;7;7;0;0;0;0;0;0;0;0;0;0;0;0;0;0;0;0;7;0;0;0;0;0;0;0;0;7;7;0;0;0;0;0;0;0;0;0;0;0;0;0;0;0;0;0;0;0;0;0
0;0;0;0;0;0;0;0;0;0;0;0;0;7;0;0;7;0;0;0;0;0;0;0;0;0;0;0;0;0;0;7;0;7;0;0;0;7;0;0;0;8;7;7;7;8;8;7;7;7;7;7;7;7;7;0;0;0;0;0;7;7;7;7;7;7;0;0;0;0;7;0;0;0;0;0;0;0;0;0;0;7;0;0;0;0;0;0;0;0;0;7;7;7;0;7;7;7;7;7;7;7;7;7;7;7;7;7;0;0;0;7;0;0;0;0;7;0;0;0;0;0;7;0;0;0;0;0;0;7;0;0;0;0;0;0;0;0;0;0;0;0;0;0;0;0;0;0;0;7;0;0;0;0;0;0;0;0;0;0;0;0;0;0;0;0;0;0;0;0;0;0;0;0;0;0;0;0;0
7;7;0;0;0;0;0;0;0;0;0;0;0;0;0;0;0;0;0;0;0;0;0;0;0;0;0;0;0;0;7;7;7;7;7;0;0;0;7;7;7;0;7;8;8;7;8;8;7;0;7;7;7;7;0;7;7;7;7;7;0;7;8;0;0;0;0;0;0;0;7;0;0;0;0;0;0;0;0;0;0;0;0;0;0;0;0;0;7;7;0;7;7;0;7;7;7;7;7;7;7;7;7;7;7;7;7;7;0;0;0;7;7;0;0;0;0;0;0;0;0;0;0;0;0;7;0;0;0;0;0;0;0;0;0;7;0;0;0;0;0;0;0;0;0;0;7;7;0;0;0;0;0;0;0;0;0;0;0;0;0;0;0;0;0;0;0;0;0;0;0;0;7;0;0;0;0;0;0
0;0;0;0;0;0;0;0;0;7;0;0;0;0;0;0;0;0;0;0;0;0;0;0;0;0;0;0;7;0;0;7;7;0;0;7;7;0;7;7;7;7;8;8;8;7;8;8;7;7;8;7;0;0;0;0;7;7;0;7;0;7;0;8;7;7;7;0;0;7;7;0;7;0;0;7;0;0;0;0;0;0;0;0;0;0;0;0;7;0;0;7;7;0;0;0;7;7;7;7;7;7;7;7;7;7;7;7;0;0;0;7;7;7;0;0;0;0;0;0;0;0;0;0;0;0;0;0;0;0;0;7;0;0;0;0;0;0;0;0;0;7;0;0;0;0;7;0;0;0;7;0;0;0;0;0;7;0;0;0;0;0;0;0;0;0;0;0;0;0;0;0;0;0;0;0;0;0;0
0;0;0;0;0;0;0;0;0;0;0;7;0;0;7;0;0;0;0;0;0;0;0;0;0;0;0;0;0;7;7;7;0;0;0;7;0;0;0;7;7;7;8;8;8;8;8;7;7;8;8;8;7;7;0;0;7;7;0;7;7;0;0;7;0;7;7;0;0;7;7;0;7;0;0;0;0;0;7;0;0;0;0;0;0;0;0;0;0;0;0;0;0;0;0;7;7;7;7;7;7;7;7;7;7;7;0;0;7;7;7;0;0;7;7;0;0;0;0;0;0;0;0;0;0;7;0;0;0;0;7;7;0;0;0;0;0;0;0;0;7;0;0;0;0;0;0;0;0;0;0;0;0;7;0;0;0;0;0;0;0;0;0;0;0;0;0;0;0;0;0;0;0;0;0;0;0;0;0
0;0;0;0;0;0;0;0;0;0;0;0;0;0;0;0;0;0;0;0;7;0;0;0;0;0;0;0;0;0;0;0;0;0;0;7;7;7;0;7;7;7;8;8;7;8;8;7;9;8;8;8;8;8;8;8;7;0;7;7;8;7;7;7;7;7;7;7;7;0;7;7;0;0;0;0;0;7;0;0;7;7;7;0;0;0;7;0;0;0;0;0;0;0;0;0;0;7;7;7;7;7;7;7;7;7;7;7;7;0;7;0;0;7;7;0;0;0;0;7;0;0;0;0;0;7;0;0;7;0;0;0;0;0;0;0;0;0;0;0;0;0;0;0;7;0;0;7;0;0;0;0;0;0;0;0;0;0;7;0;0;0;0;0;0;7;0;0;0;7;0;0;0;0;0;0;0;0;0
0;0;0;0;0;0;0;0;0;0;0;0;0;0;0;0;0;0;0;0;0;0;0;0;7;0;0;0;0;0;0;0;0;0;0;0;0;7;0;7;7;7;7;7;7;7;8;8;8;8;8;8;7;7;8;7;8;7;7;7;8;7;7;0;0;7;7;7;7;7;7;7;0;0;7;7;7;0;0;0;0;0;0;0;0;0;0;0;0;0;7;7;0;0;0;0;0;0;0;0;7;7;7;7;7;7;7;7;7;0;0;0;7;0;7;0;0;0;0;0;0;0;7;0;7;0;0;0;0;0;0;0;0;0;0;0;0;0;0;0;0;0;0;0;7;0;0;0;0;0;0;7;7;0;0;0;0;0;0;0;0;0;0;0;0;0;0;0;0;0;0;0;0;0;0;0;0;0;0
0;0;0;0;0;0;7;7;0;0;0;0;0;0;0;0;0;7;0;0;0;0;0;0;0;0;0;0;0;0;0;0;0;0;0;0;7;7;7;7;7;7;8;7;8;7;8;8;9;9;8;8;8;8;8;7;7;8;7;7;8;7;7;7;7;7;7;7;7;7;7;7;7;0;7;7;7;7;7;7;0;0;0;0;0;7;7;0;0;0;0;0;0;0;0;0;0;0;7;0;0;0;7;7;0;7;7;7;0;0;0;7;0;0;0;0;0;0;0;0;0;7;7;0;0;0;0;0;0;0;0;0;0;0;0;0;0;0;0;0;0;0;0;0;0;0;0;7;0;0;0;7;0;0;0;0;7;7;0;0;0;0;7;7;0;0;0;0;0;0;0;0;0;0;0;7;0;0;0
0;0;0;0;0;0;0;0;0;0;0;0;0;0;0;0;0;0;0;0;0;0;0;0;0;7;7;7;7;7;0;7;7;0;0;0;7;0;0;0;7;8;7;7;8;8;8;8;8;8;7;8;8;8;8;7;7;8;7;8;8;7;7;7;7;0;7;7;7;7;7;8;7;0;7;7;7;0;7;7;0;7;7;7;7;7;0;0;0;0;7;0;0;7;0;0;7;0;7;7;0;0;7;8;7;7;7;7;7;7;7;0;0;0;0;0;0;0;0;0;0;0;7;0;0;7;0;0;0;0;0;0;0;0;0;0;0;0;0;0;0;0;0;7;0;0;0;0;0;7;7;0;0;0;0;0;0;0;0;0;0;0;0;0;0;0;0;0;0;0;0;0;0;0;0;0;0;0;0
0;0;0;0;0;0;0;0;0;0;0;0;0;0;0;7;7;0;0;0;0;7;0;0;0;0;0;7;0;0;0;7;7;0;7;7;0;0;7;7;8;7;7;7;7;7;8;8;8;8;8;8;8;8;9;8;7;8;8;9;8;7;7;7;7;7;7;7;7;7;7;7;7;7;7;7;7;7;7;0;7;7;0;0;7;7;7;0;7;7;0;0;0;0;0;0;0;0;0;8;7;7;7;7;7;7;7;7;0;7;0;0;0;7;7;0;0;0;0;0;0;0;0;0;0;0;0;0;0;0;0;0;7;0;7;0;0;0;0;0;0;0;0;0;0;0;0;0;0;7;7;0;7;0;0;7;0;0;0;0;0;0;0;0;0;0;0;0;0;0;0;0;0;0;0;0;0;0;0
0;0;0;7;0;0;0;0;0;0;0;0;0;0;0;7;7;7;7;7;0;0;0;0;0;0;0;7;0;0;0;0;7;7;7;7;0;0;7;0;7;0;0;7;0;7;8;8;8;8;9;9;8;8;8;8;7;8;8;8;8;7;7;8;8;7;7;8;7;7;7;7;7;7;7;7;7;7;7;0;7;7;7;7;7;7;0;0;0;7;7;0;0;0;0;0;0;0;7;7;7;0;7;0;0;7;7;8;7;7;0;0;0;0;7;0;0;0;0;0;7;0;0;0;0;0;0;0;7;0;0;0;0;0;0;0;0;0;0;0;0;0;0;0;0;7;0;0;0;0;0;0;0;0;7;0;0;0;0;0;0;0;0;0;0;0;0;0;0;0;0;0;0;0;0;0;0;0;0
7;0;0;0;0;0;0;0;0;0;0;0;0;0;0;0;0;0;0;7;0;0;0;0;0;0;0;0;0;0;0;0;0;7;0;0;0;0;0;7;7;7;7;7;7;7;8;8;8;9;9;9;9;8;8;8;8;9;9;8;8;7;7;7;7;8;8;8;8;8;7;7;7;8;7;8;7;7;0;7;7;7;7;7;0;0;7;7;7;7;0;0;0;0;0;0;7;7;0;0;7;0;7;7;0;0;0;0;0;7;7;0;0;0;0;0;0;0;0;0;0;0;0;0;0;0;0;0;0;0;0;0;7;0;0;0;0;7;7;0;0;0;0;0;0;7;7;0;0;0;0;0;0;0;0;0;0;0;0;0;0;0;0;0;0;0;0;0;7;0;0;0;0;0;0;0;0;0;0
0;0;0;0;0;0;0;0;7;0;0;0;0;0;0;0;0;0;0;0;0;0;0;0;0;0;0;0;0;0;0;7;0;0;0;7;7;7;7;7;0;7;7;7;8;8;8;8;8;9;8;8;9;8;8;8;8;8;9;8;8;8;7;7;7;7;8;8;7;7;7;7;7;7;7;7;7;8;7;7;7;8;7;0;8;7;7;0;7;8;8;7;7;0;0;0;7;0;0;0;0;7;7;7;7;7;0;0;0;0;0;0;0;0;0;0;0;0;0;0;0;0;0;0;0;0;7;0;0;0;0;0;0;0;0;0;0;0;7;0;0;0;0;0;0;0;0;0;0;0;0;0;0;0;0;0;0;0;0;0;0;0;0;0;0;0;0;0;0;7;0;0;0;0;0;0;0;0;0
0;0;0;0;0;0;0;0;0;0;0;0;0;0;0;0;0;0;0;0;0;7;0;0;0;0;0;0;0;0;7;0;0;0;0;7;7;7;7;8;7;7;7;7;8;7;8;8;8;7;8;9;9;9;8;8;8;9;8;8;7;8;8;8;8;8;9;8;7;7;7;7;7;7;7;8;7;8;8;7;7;8;8;8;8;7;8;7;7;8;8;7;7;7;7;7;7;7;7;0;0;7;7;7;7;7;7;0;7;0;7;0;0;0;0;0;0;0;0;0;0;0;0;0;7;7;7;0;7;0;0;0;0;0;0;0;0;0;0;0;0;0;0;0;0;0;0;0;0;0;0;0;0;7;7;0;0;0;0;0;0;0;0;7;0;0;0;0;0;0;0;0;0;0;0;0;0;0;7
0;0;0;0;0;0;0;0;0;0;0;0;0;0;7;0;0;0;0;0;0;0;7;0;0;0;0;0;0;0;0;0;0;0;7;7;7;7;7;0;7;7;7;7;8;8;9;8;9;9;9;8;8;8;9;8;8;8;7;8;8;9;9;8;7;8;8;8;7;7;7;7;7;7;8;7;8;8;7;8;8;8;7;7;7;7;7;7;7;7;8;7;8;7;7;7;7;7;0;0;0;7;7;0;7;0;0;0;7;0;0;0;0;0;0;7;0;0;7;0;0;7;0;0;0;7;0;0;0;0;0;0;0;0;0;0;0;0;0;0;0;0;0;0;0;0;7;0;0;0;0;0;0;0;0;0;0;7;0;0;0;0;0;7;0;0;0;0;0;0;0;0;0;0;0;0;0;0;7
0;0;0;0;0;0;0;0;0;0;0;0;7;0;0;0;7;0;0;0;0;0;0;0;0;0;0;7;0;0;7;0;0;7;7;7;7;7;0;7;7;7;7;7;7;7;8;8;9;8;8;8;8;8;8;9;8;9;8;9;8;8;8;8;8;7;8;8;8;8;8;8;7;7;8;7;8;8;8;8;8;8;7;7;0;7;7;7;8;8;8;7;8;7;7;7;7;7;0;7;7;7;7;0;7;7;7;7;0;0;0;0;0;0;0;0;0;0;0;0;0;7;0;0;0;0;0;0;0;0;0;0;0;0;0;0;0;0;0;0;7;0;0;0;7;0;7;0;0;0;7;7;0;0;0;0;0;0;0;0;0;0;0;0;0;7;0;0;0;0;0;0;0;0;0;0;0;0;0
0;0;0;7;0;0;0;0;0;0;0;0;0;0;0;0;0;7;0;0;7;0;0;0;0;0;0;7;0;0;0;7;0;7;0;0;0;0;8;7;7;7;7;8;8;8;8;8;8;8;9;8;8;8;8;8;7;8;9;9;9;8;8;8;8;7;8;8;8;9;8;8;8;7;8;7;8;8;8;8;8;7;7;0;7;0;7;8;8;7;7;8;8;7;8;7;7;7;0;7;7;7;7;0;7;7;0;0;0;0;0;0;0;7;7;0;7;0;0;0;0;0;0;0;7;0;0;0;0;0;0;0;0;0;0;0;0;0;0;0;0;0;0;0;7;0;0;0;0;0;0;0;0;0;0;0;0;0;0;0;0;0;0;7;0;0;0;0;0;0;0;0;0;0;0;0;0;0;0
0;0;0;7;0;0;0;0;0;0;7;0;0;0;0;0;0;0;0;0;0;0;7;0;0;0;0;0;0;0;0;7;0;7;0;0;0;7;7;0;7;7;7;7;8;8;8;8;8;9;9;8;8;9;8;8;7;9;9;9;9;8;8;8;8;7;7;8;8;8;8;7;9;8;7;7;9;8;8;7;8;7;0;7;7;7;7;8;8;7;7;8;8;8;8;7;8;7;7;8;8;7;7;7;7;7;7;0;0;0;0;0;0;0;0;7;0;0;0;0;0;0;7;0;7;0;0;0;0;0;0;0;0;0;0;0;0;0;0;0;0;0;0;0;7;0;0;0;0;0;0;0;0;0;0;0;0;7;0;0;0;7;0;0;0;0;0;0;0;0;7;0;0;0;0;0;0;0;0
0;7;0;0;0;0;0;0;0;0;0;0;0;0;0;7;0;0;0;7;0;0;0;0;0;0;7;0;0;7;0;7;7;0;0;0;0;7;0;7;8;8;7;7;7;8;8;8;9;8;8;9;9;9;9;8;7;8;9;8;9;9;8;8;7;8;8;9;8;8;8;8;9;8;7;8;8;8;9;8;7;7;7;7;7;7;7;7;7;7;7;8;8;8;9;8;8;8;7;8;8;7;7;7;8;7;7;7;7;7;7;7;7;0;0;0;0;0;0;0;0;0;0;0;0;0;0;0;0;0;0;0;0;0;0;0;0;0;0;0;0;0;0;0;0;0;0;0;0;7;0;7;0;0;0;0;0;0;7;0;0;0;0;0;7;0;0;0;0;0;0;0;0;0;0;0;0;0;0
0;0;0;0;0;0;0;0;0;0;0;0;0;0;0;0;0;0;0;0;0;7;7;0;0;0;0;7;0;0;0;0;0;0;0;0;0;0;7;7;7;7;7;7;7;8;8;8;9;8;8;9;9;8;9;9;8;8;8;8;9;9;8;8;8;7;7;9;8;8;9;9;9;8;8;8;8;8;8;8;9;8;8;7;7;7;7;7;8;8;8;8;8;8;8;9;8;8;8;8;8;8;7;7;7;7;7;7;7;7;0;7;7;0;0;0;0;0;0;0;0;0;0;7;0;0;0;0;0;0;0;0;0;0;0;0;0;0;0;0;0;0;0;0;0;0;0;0;0;7;7;7;0;0;0;0;0;0;0;0;0;0;0;0;0;0;7;0;0;7;0;0;0;0;0;0;0;0;0
0;0;0;0;0;0;0;0;0;0;0;0;0;0;0;0;0;0;0;0;0;0;0;0;0;0;0;0;7;0;0;0;0;0;0;0;0;0;7;0;8;7;7;7;7;8;8;8;8;9;8;9;9;9;9;9;8;8;8;8;9;9;9;9;8;7;7;8;8;8;9;9;9;8;9;9;8;9;9;9;9;9;8;8;8;7;8;8;8;8;8;8;8;7;7;8;9;9;8;8;8;9;8;8;8;8;7;7;7;7;0;0;0;0;7;0;0;0;0;0;0;0;0;0;0;7;0;0;0;0;0;0;0;0;0;0;0;0;0;0;0;7;0;0;0;0;0;0;0;0;0;7;0;0;0;0;7;7;0;0;0;0;0;0;0;0;0;0;0;0;0;0;0;0;0;0;0;0;0
0;0;0;0;0;0;0;0;0;0;7;0;0;0;0;0;0;0;0;0;0;0;0;0;0;0;0;0;0;7;7;7;7;0;0;0;7;0;7;0;7;8;8;7;7;8;7;7;7;8;9;9;9;9;9;9;8;8;8;8;9;8;9;8;8;8;7;8;9;8;9;8;9;9;9;8;8;9;9;10;9;10;9;8;8;8;8;8;8;7;8;7;7;8;7;8;8;9;9;9;8;8;9;8;8;8;8;8;7;7;7;0;0;0;7;7;0;0;0;0;0;7;7;0;0;0;0;7;0;0;0;0;0;0;0;0;0;0;0;0;0;0;7;0;0;0;0;0;0;0;0;8;7;7;0;0;0;0;0;0;0;7;0;0;0;7;0;0;0;7;0;0;0;0;0;0;0;0;0
7;7;0;0;0;7;0;0;0;0;0;0;0;0;0;0;0;0;0;0;0;0;0;0;0;0;0;7;0;7;7;7;0;7;7;7;7;0;7;7;7;7;7;7;7;8;7;7;8;9;9;8;9;9;9;9;8;8;8;8;9;8;8;7;8;8;8;8;9;9;9;8;8;8;9;9;9;9;9;10;9;11;9;9;8;8;8;8;8;8;8;8;7;8;9;7;8;8;9;9;9;9;9;9;8;9;8;8;7;7;7;0;0;0;0;0;0;0;0;0;0;7;7;7;7;7;0;7;0;0;7;7;7;7;0;0;0;7;0;0;0;0;0;0;0;0;0;0;0;0;0;0;0;0;0;0;0;0;0;0;0;0;0;0;0;0;0;0;0;0;7;0;0;0;0;0;0;0;0
0;0;0;0;0;0;0;0;0;0;7;0;0;0;7;0;0;0;7;0;0;0;0;0;0;0;0;0;0;0;0;7;7;7;7;7;7;7;8;7;7;8;7;7;8;8;7;8;8;8;8;8;8;8;8;8;9;7;8;8;9;8;8;8;7;8;8;8;8;9;8;8;8;7;8;8;8;9;9;9;10;9;9;9;9;8;8;8;8;8;8;9;9;7;8;8;8;9;9;8;9;9;9;10;8;9;9;8;7;7;7;0;0;0;0;0;7;7;0;0;0;0;0;0;0;7;0;7;0;0;0;7;7;7;0;0;0;0;0;0;0;0;0;0;0;0;0;0;0;7;7;0;7;0;7;0;0;0;0;0;0;7;0;0;0;0;0;0;0;0;0;7;0;0;0;0;0;0;0
7;0;0;0;0;0;7;7;0;0;0;7;0;0;0;7;0;7;7;0;0;0;0;0;0;0;0;0;0;0;0;7;7;7;7;7;0;7;8;8;7;7;7;7;7;7;8;7;7;8;9;9;9;9;8;8;9;8;7;8;8;7;8;8;8;8;8;7;7;9;8;8;9;8;8;8;7;8;9;9;9;9;9;9;9;9;9;9;9;9;8;9;9;8;8;8;8;9;9;9;9;10;10;10;9;8;8;8;8;8;7;0;0;0;0;0;0;0;0;0;0;0;0;0;0;0;0;0;0;0;0;0;7;0;0;7;0;0;0;0;0;0;0;0;0;0;0;0;0;0;0;0;0;0;7;0;0;0;0;0;0;0;0;0;0;0;0;0;0;0;0;0;0;0;0;0;0;0;0
0;0;0;0;0;0;0;0;0;0;0;0;7;0;0;7;0;7;7;0;0;0;0;7;0;0;0;0;0;0;7;7;0;0;0;0;7;7;7;7;7;7;7;7;7;8;8;8;8;9;9;8;8;8;8;9;8;7;8;7;7;7;7;8;8;7;7;7;7;8;8;8;8;8;8;8;8;8;9;8;8;10;9;9;9;10;9;9;10;9;8;9;9;8;8;8;8;8;10;9;9;11;11;10;10;9;8;8;8;7;7;0;0;0;0;0;0;0;0;0;0;0;0;7;7;0;0;0;0;0;0;0;0;0;0;0;0;0;0;0;0;7;0;0;0;0;0;0;0;0;0;0;0;0;0;0;0;0;0;0;0;0;0;0;0;0;0;0;0;0;0;0;0;0;0;0;0;0;0
0;0;0;0;0;7;7;7;0;7;0;0;0;0;0;0;0;7;0;0;0;0;0;0;0;0;0;7;7;7;7;0;0;0;0;7;7;0;0;7;7;7;7;7;8;8;7;8;7;9;8;8;9;9;9;9;9;8;8;8;7;8;8;8;8;8;7;7;7;8;8;8;8;8;8;8;8;9;8;8;9;10;9;10;9;9;8;9;10;9;8;8;9;8;8;9;7;8;9;9;10;10;11;10;10;10;9;8;9;9;7;7;7;0;0;0;0;7;0;0;0;0;0;0;0;0;0;0;0;0;0;0;0;0;7;0;0;0;0;0;0;0;7;0;0;0;0;0;0;0;0;0;7;0;0;0;0;0;0;0;7;0;0;0;0;0;0;0;0;0;0;0;0;0;0;0;0;0;0
0;7;0;0;0;0;7;7;0;0;0;0;0;0;0;0;0;0;0;0;0;0;0;0;0;0;0;0;0;0;0;0;0;0;0;0;7;7;0;7;0;7;7;7;7;7;7;8;8;8;9;8;9;9;10;9;9;10;8;8;8;8;8;8;7;8;7;7;8;8;9;8;8;8;8;7;8;8;8;8;9;9;10;10;9;9;9;9;9;9;10;9;8;8;8;8;8;8;9;9;10;9;10;11;10;10;10;8;9;9;8;8;7;0;0;0;0;0;0;0;0;0;0;0;0;0;0;0;0;0;0;7;0;0;0;0;7;0;0;0;0;0;0;0;0;0;0;0;0;0;0;0;7;0;0;0;0;0;0;0;0;0;0;0;0;7;7;0;7;0;0;0;0;0;7;0;0;0;0
0;0;0;0;0;0;7;7;0;0;0;0;7;0;0;7;0;0;0;0;0;0;0;7;0;0;0;0;0;7;0;0;0;7;0;0;0;0;0;0;0;7;7;7;7;7;8;8;9;9;9;9;9;9;10;10;10;10;9;8;9;9;8;8;8;8;8;8;8;8;8;8;8;8;8;8;8;8;8;8;8;8;9;9;9;9;9;9;8;8;9;9;9;9;9;9;9;8;9;9;10;10;11;11;11;10;10;9;8;8;7;7;7;0;0;0;0;7;0;0;0;0;7;0;0;0;0;0;0;0;0;0;0;0;0;0;0;0;0;0;0;7;0;0;0;0;0;0;0;0;0;0;7;7;0;0;0;0;0;0;0;0;0;0;0;0;0;0;0;0;0;0;0;0;0;0;0;0;7
0;0;7;0;0;7;0;0;0;0;7;0;0;0;0;0;7;7;0;0;7;7;7;0;0;0;0;0;0;0;0;0;0;0;0;0;0;0;0;7;7;0;0;7;7;0;7;7;7;8;9;9;8;9;10;9;9;9;8;9;9;8;9;8;9;8;8;8;8;8;7;8;8;8;7;8;8;7;8;8;9;9;9;9;9;9;9;9;10;9;9;10;10;10;9;9;9;9;9;9;9;10;11;11;11;10;10;10;9;8;7;7;7;8;0;0;0;0;0;0;0;0;0;0;0;0;0;0;0;0;0;0;0;0;0;0;7;7;0;0;0;0;0;0;0;0;0;0;0;0;0;0;0;7;7;0;0;0;0;0;7;0;0;0;0;0;0;0;0;0;7;0;7;0;0;0;0;7;7
7;0;0;0;0;0;0;0;0;0;0;7;0;0;7;7;0;0;0;0;7;0;0;0;0;0;0;0;7;0;0;0;0;7;7;7;7;7;7;7;7;7;7;7;7;0;7;7;8;8;8;8;8;8;9;9;9;9;9;9;9;9;9;9;8;8;8;9;8;8;9;8;8;8;8;7;7;7;8;8;9;9;9;9;9;9;10;9;9;8;10;10;10;9;9;9;8;10;9;10;9;10;10;11;10;11;10;10;9;9;8;8;0;7;7;0;0;0;7;0;0;0;0;0;0;7;0;0;0;0;0;0;0;0;0;0;0;0;0;0;0;0;0;0;0;0;0;0;0;0;0;0;7;0;7;0;0;0;0;0;0;0;0;0;0;0;0;0;0;0;0;0;0;0;0;0;0;0;0
0;0;0;0;0;7;0;0;0;0;0;0;0;0;0;0;0;0;0;0;0;0;0;0;0;0;0;7;7;0;0;0;7;7;7;7;7;0;0;0;7;8;7;7;7;7;7;8;8;8;9;9;9;9;9;9;7;8;8;9;8;8;9;9;8;9;8;9;8;7;9;9;9;8;8;7;8;7;7;7;8;8;8;8;8;9;9;9;9;10;9;10;10;9;9;9;9;9;8;9;9;10;11;11;11;12;11;10;8;9;8;8;0;7;8;0;0;0;0;0;7;0;0;0;0;0;0;0;0;0;0;0;0;0;7;0;0;0;0;0;0;0;0;0;0;0;0;0;0;0;0;0;0;0;0;0;0;0;0;0;0;0;0;0;0;0;0;0;7;0;0;0;0;0;0;0;0;0;0
0;0;0;0;0;0;0;0;0;0;0;0;7;0;0;0;0;0;0;0;7;0;0;0;0;0;0;0;7;7;0;7;7;0;0;0;7;7;0;7;7;8;7;7;7;7;7;7;8;8;8;8;9;8;9;9;9;9;9;8;8;8;8;9;8;8;9;9;9;9;8;9;9;8;8;8;8;8;7;8;8;7;8;8;8;8;8;9;9;10;10;10;10;9;9;10;9;9;10;10;10;10;11;11;12;11;11;10;10;9;8;8;7;7;8;7;7;0;0;0;7;0;0;0;0;0;0;0;0;0;0;7;0;0;0;0;0;7;0;0;0;0;0;0;0;0;0;0;0;0;0;0;7;0;0;0;0;0;0;0;0;0;0;0;0;0;0;0;0;0;0;0;0;0;0;0;0;0;0
0;0;0;0;0;0;0;0;0;0;0;0;0;0;0;0;0;7;0;0;0;0;0;0;0;0;0;0;7;7;0;0;7;0;0;0;0;7;7;7;7;7;0;0;7;7;7;0;7;8;8;9;9;8;10;9;9;8;9;8;8;8;8;8;8;8;8;8;7;9;9;9;9;9;8;8;8;9;8;8;8;8;8;8;8;8;8;9;9;9;9;10;9;10;9;10;9;11;10;10;10;11;11;10;11;11;10;12;10;9;9;8;7;8;7;7;7;0;0;0;0;0;0;0;0;0;0;0;0;0;0;0;0;0;7;0;0;0;0;0;0;0;0;0;0;7;7;0;0;7;0;0;0;0;0;0;0;0;0;0;0;0;0;0;0;0;0;0;0;0;0;0;0;0;0;0;0;0;0
0;0;0;0;0;0;0;0;0;0;0;0;0;0;7;0;0;0;0;0;0;0;0;0;0;7;0;0;7;0;0;0;7;0;0;0;0;7;7;7;7;7;7;7;7;7;7;7;7;7;7;8;8;8;9;9;9;8;8;8;8;8;8;8;8;8;9;9;9;9;8;9;9;9;9;8;8;8;8;8;7;8;8;8;8;8;8;9;9;9;10;10;10;10;10;10;9;11;10;10;11;11;11;11;11;11;11;11;11;9;9;8;8;8;7;7;0;7;7;0;0;0;0;0;0;7;7;0;0;0;0;0;0;0;0;0;0;0;0;0;0;0;0;0;0;0;0;0;0;0;0;0;0;0;0;0;0;0;0;0;0;0;0;0;0;0;0;0;0;0;0;0;0;0;0;0;0;0;0
7;0;0;0;0;0;0;0;0;0;0;0;0;7;0;0;0;0;0;7;0;0;0;7;0;0;0;0;0;0;7;0;0;0;0;7;7;7;7;7;7;8;8;7;7;7;7;7;8;8;8;8;8;8;8;9;9;8;8;7;8;8;8;8;8;8;8;8;8;8;8;8;8;9;9;9;8;8;8;8;8;7;8;8;8;8;9;8;8;9;9;9;9;9;9;11;9;9;9;10;10;10;11;11;11;12;11;11;10;9;9;8;8;8;7;7;7;7;7;7;0;0;0;0;0;0;0;0;0;0;0;0;0;0;0;0;0;0;0;0;0;0;0;0;0;0;0;0;0;0;0;0;0;0;0;0;0;7;0;0;0;0;0;0;0;0;0;0;0;0;0;0;0;0;0;0;0;0;0
7;0;0;0;0;0;0;0;0;0;7;0;7;0;0;0;0;0;0;0;0;0;0;0;0;0;0;0;0;0;0;0;0;0;0;7;7;7;7;7;7;8;7;7;7;7;7;7;8;8;8;9;9;9;8;8;8;8;9;8;8;8;8;7;7;8;8;7;9;8;9;8;9;9;8;9;9;8;9;9;9;9;9;9;9;9;9;9;9;9;8;9;8;9;9;9;9;9;9;10;10;10;10;10;11;11;10;10;10;9;9;8;8;8;7;7;7;7;7;7;7;0;0;0;0;0;0;0;0;0;0;0;0;7;0;0;0;0;0;0;0;0;0;0;0;0;0;0;0;0;0;0;0;0;0;0;0;0;0;0;0;0;0;0;0;0;0;0;0;0;0;0;0;0;0;0;0;0;0
7;0;0;0;0;0;0;0;7;0;0;0;0;0;0;0;0;0;0;0;7;7;7;7;7;0;0;0;0;0;7;0;7;7;0;7;0;0;7;7;7;7;7;7;8;8;7;8;7;7;8;9;8;8;8;8;8;8;8;8;8;8;8;8;7;8;8;8;9;8;8;8;8;8;8;8;9;9;9;9;8;8;9;8;8;8;8;8;8;8;9;9;8;8;9;9;9;10;9;9;9;10;10;10;10;10;10;9;10;9;9;9;8;8;7;8;7;7;7;0;0;0;0;7;7;0;0;0;0;0;0;0;0;0;0;0;0;0;0;0;0;0;0;0;0;0;0;0;0;0;0;0;7;0;0;0;0;0;0;0;0;0;0;0;0;0;0;0;0;0;0;0;0;0;0;0;0;0;0
0;7;0;0;0;7;0;7;0;0;7;0;0;0;0;0;7;0;0;0;0;0;0;7;0;0;0;7;7;7;0;0;0;0;0;0;0;7;7;7;7;7;7;7;7;7;7;7;7;7;8;8;8;8;9;8;7;8;8;8;8;8;8;7;7;8;7;8;8;8;8;8;8;10;9;9;10;9;9;9;9;8;8;8;9;8;8;8;8;8;8;9;8;9;9;9;9;9;10;10;10;9;11;10;10;11;10;10;9;9;9;9;8;7;7;7;7;7;7;0;0;7;0;0;0;0;0;0;0;0;0;0;0;0;0;0;0;7;0;0;0;0;0;0;0;0;0;7;0;0;0;0;0;0;0;0;0;0;7;0;0;0;0;0;0;0;0;0;0;0;0;0;0;0;0;0;0;0;0
7;0;0;0;0;0;0;0;0;7;0;0;0;0;0;0;0;0;0;7;7;0;0;0;0;0;0;0;7;7;0;7;0;0;7;0;7;7;7;8;7;7;7;7;7;7;7;7;7;7;7;7;7;8;9;8;8;8;8;8;7;7;7;8;7;8;7;8;8;8;8;8;8;8;9;9;9;9;9;9;9;9;9;9;9;9;9;8;8;8;8;9;8;9;8;9;9;8;9;9;10;10;10;11;10;10;10;11;10;9;9;9;8;8;7;7;7;7;7;7;0;7;0;0;0;0;0;0;7;0;7;0;0;0;0;0;0;0;0;0;0;0;0;0;0;0;0;0;0;0;7;0;0;0;0;0;7;0;0;0;0;0;0;0;0;0;0;0;0;7;0;0;0;0;0;0;0;0;0
0;0;0;0;0;0;0;7;0;0;0;7;0;0;0;0;0;7;7;0;0;0;0;0;0;0;0;0;0;7;0;0;0;0;0;0;0;7;0;7;0;7;0;7;7;7;7;7;7;7;7;8;9;9;8;8;8;8;8;8;7;7;8;8;8;7;7;8;8;8;8;8;8;8;8;8;8;8;9;9;9;8;9;10;9;10;9;8;8;8;8;8;8;8;9;9;10;9;9;9;10;10;10;10;10;10;10;10;10;10;10;8;8;7;7;7;7;7;7;7;0;0;0;7;0;0;0;0;0;0;0;0;0;0;0;0;0;0;0;0;7;0;0;0;0;0;0;0;7;7;7;0;0;0;0;7;0;0;0;0;0;0;0;0;0;0;0;0;0;0;0;0;0;0;0;7;0;0;0
0;0;0;0;0;0;0;0;0;0;0;0;0;0;0;0;0;0;7;7;0;0;0;0;0;0;0;0;0;0;0;0;0;0;0;0;0;7;7;7;7;7;0;7;7;7;7;7;0;7;8;8;9;8;8;8;9;8;7;8;8;7;8;8;7;7;7;8;8;8;9;8;9;7;8;8;8;8;8;8;9;9;9;9;8;9;9;9;8;8;8;9;9;9;9;8;8;9;8;8;9;10;10;10;10;10;11;10;10;9;9;8;7;8;7;0;7;7;7;7;7;7;7;7;0;0;0;0;0;7;0;0;0;0;0;0;0;0;0;0;0;0;0;0;0;0;0;0;0;0;0;0;0;0;0;7;0;0;0;0;0;0;0;0;0;0;0;0;0;0;0;0;0;0;0;0;0;0;0
0;0;0;0;0;0;0;7;0;0;0;0;0;0;0;0;0;0;0;0;0;0;0;0;0;0;0;0;0;7;7;0;0;7;7;0;0;7;7;0;0;7;0;7;7;7;7;7;7;8;7;8;9;8;8;9;9;8;8;7;9;8;7;8;7;7;8;7;7;8;8;8;8;7;8;8;8;8;7;8;9;8;9;9;9;8;9;9;9;9;9;9;8;9;9;9;8;8;9;9;9;9;9;10;10;10;9;9;9;10;10;9;8;8;8;8;7;7;7;7;0;0;0;7;0;0;0;0;0;0;0;0;0;0;7;0;0;0;0;0;0;0;0;0;0;0;0;0;0;0;7;0;7;7;0;0;0;7;7;0;0;0;0;0;0;0;0;0;0;0;0;0;0;0;0;0;0;0;0
7;0;0;0;0;0;0;0;0;0;0;0;0;0;0;0;0;0;7;0;0;0;0;0;0;0;0;0;7;7;7;0;0;7;7;0;0;0;0;0;7;7;7;7;7;7;0;7;7;8;7;8;8;8;8;8;8;7;8;8;8;8;8;8;8;8;7;7;7;8;8;8;9;8;8;8;8;8;8;8;9;9;9;9;9;9;9;9;8;8;8;9;9;9;9;9;9;8;8;8;9;9;9;9;10;9;9;10;10;9;9;9;8;8;8;7;7;7;7;7;0;0;0;0;0;0;0;0;0;0;0;0;0;0;0;0;7;0;0;0;0;0;0;0;0;0;0;0;0;0;0;0;7;0;0;0;0;0;7;0;0;0;0;0;0;0;0;0;0;0;0;0;0;0;0;0;0;0;0
0;7;0;0;0;0;0;0;0;0;0;0;7;7;7;0;0;0;0;0;0;7;7;0;0;0;7;0;0;0;0;0;0;7;7;7;7;0;7;0;7;7;7;0;7;7;7;7;7;7;7;8;8;7;8;8;8;7;8;7;7;8;8;8;7;7;7;7;7;8;7;7;8;8;8;8;8;8;8;9;8;9;9;8;8;8;8;9;8;9;9;9;9;8;8;9;10;9;9;9;9;9;9;10;9;9;9;10;9;8;9;8;8;8;8;7;8;0;0;7;0;0;0;0;0;0;0;0;0;0;0;0;0;0;0;0;0;0;0;0;0;0;0;0;0;0;7;0;0;7;0;0;0;0;0;0;0;0;7;0;0;0;0;0;0;7;0;0;0;0;0;0;0;0;0;0;0;0;0
0;0;0;0;0;0;0;7;0;0;0;0;0;0;7;0;0;0;0;7;7;0;0;0;0;0;0;7;0;0;7;0;0;7;7;7;7;7;7;7;7;7;7;7;7;7;7;0;7;7;0;7;8;7;7;8;9;8;8;8;8;7;7;7;7;7;7;7;7;8;8;8;8;8;9;8;8;8;7;7;8;8;8;9;8;9;9;8;8;8;9;9;9;9;9;10;10;10;9;9;9;9;10;9;9;10;10;10;9;10;9;8;9;8;8;7;8;0;0;0;0;0;0;0;7;0;0;0;0;0;0;0;0;0;0;7;0;0;0;0;0;0;0;0;0;0;0;0;0;0;0;0;0;0;0;0;0;0;0;7;0;0;0;0;0;0;0;0;0;0;0;0;0;0;0;0;0;0;0
0;0;0;0;0;0;0;0;0;0;0;0;0;0;0;0;0;0;0;0;7;0;0;0;0;7;0;0;0;0;0;0;7;0;7;7;8;7;7;8;0;7;7;7;7;7;0;7;7;8;7;7;7;8;7;8;8;8;7;7;7;7;7;7;8;7;7;7;8;8;8;8;7;8;9;9;8;8;7;7;7;7;8;8;8;9;8;8;9;9;9;9;10;9;9;9;10;11;10;10;9;9;9;10;10;10;10;9;9;9;9;9;8;8;8;8;8;8;0;7;7;0;0;0;0;0;0;0;7;0;0;0;0;0;0;0;0;0;0;0;0;0;0;0;0;0;0;0;0;0;0;0;0;7;0;0;0;0;0;7;7;0;0;0;0;0;0;0;0;0;0;0;0;0;0;0;0;7;7
0;7;0;0;0;0;0;0;0;0;0;0;0;0;0;7;7;0;0;0;0;0;0;0;0;0;0;0;7;0;0;0;0;0;7;7;0;7;7;0;0;8;7;7;7;7;7;7;0;7;0;7;7;8;7;8;8;8;8;8;7;8;7;7;7;8;7;7;8;7;7;7;8;9;8;8;9;8;8;8;8;8;8;7;8;8;8;7;8;9;9;9;10;9;10;9;9;10;10;10;9;10;9;9;9;11;10;10;9;9;8;8;8;8;8;8;7;7;0;7;7;0;0;0;0;0;0;0;0;0;0;0;0;0;0;0;0;0;0;0;0;0;0;0;0;0;7;0;0;0;0;0;0;0;0;0;0;0;7;7;0;0;0;0;0;0;0;0;0;0;0;0;0;0;0;0;0;0;0
0;0;0;0;0;0;0;0;0;0;0;0;0;0;0;0;0;7;0;0;0;7;0;0;0;0;0;7;0;0;0;0;0;0;0;0;0;0;7;7;7;8;7;0;0;7;7;7;7;7;0;7;7;7;8;8;8;8;7;7;7;8;8;8;7;7;0;8;8;8;8;8;8;9;8;8;8;8;8;9;9;8;8;9;7;7;7;7;7;8;8;7;8;8;9;9;8;9;9;9;8;8;9;8;9;10;9;10;9;9;8;8;9;8;8;7;8;7;0;0;0;0;7;0;7;0;0;0;0;0;0;0;7;0;0;0;0;0;7;0;0;0;0;0;0;0;7;7;7;0;0;0;0;0;0;0;0;7;7;7;0;0;0;0;0;0;0;0;0;0;0;7;0;0;0;0;0;0;0
0;0;0;0;0;0;0;0;0;0;0;0;0;0;0;0;0;0;0;0;7;0;0;0;7;0;7;7;0;0;7;0;7;7;0;7;0;0;7;0;7;8;7;0;0;0;0;0;0;0;7;7;8;7;8;8;8;8;7;7;7;8;8;8;7;0;0;7;7;7;7;7;7;7;7;8;8;8;8;8;8;9;8;8;7;7;7;7;8;9;8;8;8;9;9;9;9;9;9;9;8;8;9;9;9;9;9;9;8;9;8;8;8;8;8;8;7;7;0;0;0;0;0;0;7;0;0;0;0;0;0;0;0;0;0;0;0;0;7;0;0;0;7;0;0;0;0;0;0;0;0;0;0;7;0;0;0;0;0;0;0;0;0;7;0;0;0;0;0;0;0;0;0;0;0;0;0;0;0
0;7;0;0;0;0;0;7;7;0;0;0;0;0;0;0;0;0;0;0;0;0;7;7;7;0;0;0;0;0;0;0;7;0;0;7;7;7;0;0;7;7;7;7;7;0;7;7;7;7;7;7;8;8;8;8;8;8;7;8;8;8;8;8;8;0;0;0;7;7;7;7;7;7;7;8;7;8;8;7;8;8;8;8;8;8;8;8;8;8;8;8;8;9;9;9;9;9;10;9;8;9;10;10;9;9;9;9;9;9;8;7;8;8;8;8;7;7;0;0;7;0;0;0;0;0;0;0;0;0;0;0;0;0;0;0;0;0;7;7;0;0;0;0;0;0;0;0;0;0;7;7;7;0;0;0;0;7;0;0;0;7;0;0;0;0;0;0;0;0;0;0;0;0;0;0;0;0;0
7;7;7;0;0;0;0;0;0;7;0;0;0;0;0;0;0;0;0;0;0;0;0;0;0;0;0;0;0;0;0;0;7;0;7;0;0;0;7;0;7;0;0;0;0;0;0;7;7;7;7;0;7;8;7;8;8;8;8;8;8;8;7;7;7;7;7;0;7;7;7;7;7;8;8;8;8;8;8;7;7;8;8;8;9;9;9;9;8;8;9;8;8;8;8;8;9;9;9;9;10;9;9;9;9;9;10;9;9;9;8;8;8;7;7;8;7;7;0;0;7;7;0;7;0;0;0;0;0;0;0;0;0;0;0;0;0;7;0;0;0;0;7;0;0;0;0;0;0;0;0;0;0;0;0;0;0;0;0;0;7;7;0;0;0;0;0;0;0;0;0;0;0;0;0;0;0;0;0
0;0;0;0;0;0;0;0;0;0;0;0;7;0;0;0;0;0;0;0;0;7;7;7;0;0;0;7;0;0;7;7;7;0;0;0;0;0;7;0;7;7;7;7;7;0;0;7;7;7;7;7;0;8;8;8;7;9;8;7;7;7;7;8;7;7;7;8;7;7;7;8;7;8;7;7;7;7;8;8;8;7;8;8;8;8;8;8;9;8;8;8;8;8;8;8;8;9;9;9;9;9;9;10;9;9;10;10;9;8;9;9;9;7;7;7;7;0;0;7;7;7;0;0;0;0;0;0;0;0;0;0;0;0;0;0;0;7;0;0;0;0;0;0;7;0;0;0;0;0;0;0;0;0;0;0;7;0;0;0;0;0;0;0;0;0;0;0;0;0;0;7;0;0;0;0;0;0;0
0;0;0;0;0;0;7;0;0;0;0;0;7;0;0;0;0;0;0;0;0;0;0;0;0;0;0;0;0;7;7;7;0;7;0;0;0;0;7;7;0;0;0;0;7;7;7;7;7;7;7;7;8;8;8;8;8;7;7;7;7;7;7;7;7;7;7;8;7;7;7;8;0;7;7;7;8;8;7;8;8;8;8;8;8;8;8;8;7;8;8;8;8;8;8;8;9;8;8;8;8;9;9;9;9;10;10;10;8;8;9;8;8;7;7;7;7;0;8;7;7;7;7;0;0;0;0;0;0;0;0;7;0;0;0;0;0;0;0;0;0;0;0;0;0;0;0;0;0;0;0;0;0;7;0;0;0;0;0;0;0;0;0;0;0;0;7;7;0;0;0;0;0;0;0;0;0;0;0
0;0;7;0;0;0;0;0;0;0;0;0;0;0;0;0;7;0;0;0;0;0;0;0;0;0;0;0;0;0;7;7;0;7;0;0;0;0;0;7;7;0;7;7;7;0;0;7;7;7;7;7;8;8;7;7;8;8;8;7;8;8;8;7;8;7;0;7;7;7;7;7;7;7;7;7;8;8;7;7;8;7;8;7;8;8;8;8;8;8;8;8;7;7;8;8;9;9;9;9;9;8;8;9;9;9;10;10;10;9;8;8;8;8;8;7;7;7;7;0;7;0;0;0;0;0;0;0;0;0;0;0;0;0;0;0;0;0;0;0;0;0;0;0;0;0;0;0;0;0;7;0;7;0;0;7;0;0;0;0;7;7;0;0;0;0;7;0;0;0;0;0;0;0;0;0;0;0;0
0;0;0;0;0;0;0;0;0;0;0;0;0;0;0;0;7;7;7;0;0;0;0;0;7;0;0;0;0;0;7;0;0;0;7;0;7;0;0;7;7;7;7;7;7;7;0;7;7;7;7;8;7;7;7;7;8;8;7;7;7;8;8;7;7;7;0;7;7;0;8;7;7;7;7;7;7;7;7;7;7;7;8;7;8;8;8;7;8;8;8;8;7;8;8;8;8;8;8;9;9;8;8;9;9;9;9;9;10;9;8;8;8;7;8;8;7;7;0;0;7;7;7;0;0;0;0;0;0;0;0;0;0;0;0;0;0;0;7;0;0;0;0;0;0;0;0;0;0;0;0;0;0;0;0;0;7;0;0;0;0;0;0;0;0;0;0;0;0;0;7;0;0;0;0;0;0;0;0
0;0;0;0;0;0;0;0;0;0;0;0;0;0;0;0;0;7;0;0;0;7;0;0;0;7;0;0;7;0;0;0;0;0;0;0;7;7;7;0;7;7;7;7;7;7;7;7;7;7;7;7;7;7;7;7;8;8;7;7;7;8;7;8;7;7;0;7;7;7;7;8;8;7;7;7;7;7;8;8;8;8;7;8;8;8;8;7;7;7;8;8;7;8;9;9;8;8;8;9;9;9;8;8;9;9;9;8;10;9;9;8;8;7;0;7;7;7;0;0;0;7;0;0;7;7;7;0;0;0;0;0;7;7;7;0;0;0;0;0;0;0;0;0;0;0;0;0;0;0;0;0;7;7;0;0;0;0;0;0;0;0;0;0;0;0;0;0;0;0;0;0;0;0;0;7;0;0;0
0;0;0;0;7;0;0;0;0;0;0;0;7;7;0;0;0;0;0;0;0;0;7;7;0;0;0;7;7;7;0;0;0;0;0;0;7;0;7;7;7;7;7;7;7;7;0;7;7;7;7;7;7;8;8;8;8;8;9;7;7;7;0;7;7;7;7;7;7;7;7;7;7;7;8;7;7;7;7;7;8;8;8;8;7;8;8;8;7;7;8;8;8;8;8;8;8;9;8;9;8;9;9;9;9;9;9;8;9;9;9;9;8;7;7;7;0;0;0;0;0;0;7;0;7;0;0;0;0;0;0;0;0;7;0;0;0;0;0;0;0;0;0;0;0;0;0;0;0;0;0;0;0;0;0;0;0;0;0;0;0;0;0;7;0;0;0;0;0;0;0;0;0;0;0;0;0;0;0
0;7;0;0;0;0;0;0;0;0;0;0;0;0;0;7;0;0;0;0;0;0;7;7;0;7;0;7;0;0;7;0;7;0;0;0;0;0;0;7;7;0;7;7;0;7;7;7;0;7;7;7;7;8;8;7;8;8;8;7;8;7;7;7;8;7;7;7;0;0;0;7;7;7;8;7;7;7;7;8;9;7;8;8;8;8;7;7;7;7;8;8;8;8;7;8;8;8;9;9;8;8;9;9;8;8;9;9;9;8;8;8;9;8;7;7;7;0;0;7;0;0;0;0;7;7;7;0;0;0;0;0;0;0;0;0;0;0;0;0;0;0;0;0;0;0;0;0;0;7;0;0;0;0;0;0;0;0;0;0;0;0;0;0;0;0;0;0;0;7;0;0;7;0;0;0;0;0;0
0;0;0;0;0;0;0;7;0;0;0;0;0;0;0;0;0;0;0;0;0;0;0;0;0;0;0;0;0;0;0;0;7;0;7;0;7;7;7;0;7;7;7;7;7;7;7;7;0;7;7;7;7;7;7;7;8;8;8;7;8;8;7;7;7;7;8;7;7;7;7;7;7;7;7;0;7;7;8;8;8;8;8;8;8;8;7;7;8;7;8;8;8;8;8;8;8;8;8;8;9;9;9;8;8;9;9;9;9;9;9;8;8;7;7;7;0;7;0;7;0;0;0;0;0;0;0;0;0;0;0;0;0;0;0;0;0;0;0;7;0;0;0;0;0;0;0;0;0;0;0;0;0;0;0;7;0;0;7;0;0;0;0;0;0;0;0;7;0;0;0;7;0;0;0;0;0;0;0
7;0;0;0;7;0;0;0;0;0;7;0;0;0;0;0;0;0;0;0;0;7;7;0;0;7;7;0;0;0;0;0;7;0;0;0;7;7;7;8;8;7;7;0;0;7;7;7;0;0;7;7;7;8;8;8;8;8;8;7;7;8;7;7;7;7;8;7;7;7;7;7;7;8;7;0;8;7;7;8;7;7;8;7;7;7;7;7;8;8;8;8;8;8;7;7;8;8;7;8;9;9;9;9;8;8;9;10;8;8;8;8;9;8;7;7;7;7;0;7;0;0;0;0;0;0;0;0;0;0;0;0;0;0;0;0;0;0;0;0;7;0;0;7;7;0;0;0;0;0;7;0;0;0;0;0;0;0;0;0;0;7;0;0;0;0;0;7;0;0;7;0;0;0;0;0;0;0;0
0;0;7;0;0;0;7;0;0;7;0;0;7;0;0;0;0;0;7;0;7;7;0;0;0;0;0;0;0;0;0;7;7;7;7;7;7;7;7;7;7;8;8;7;7;8;7;7;7;7;7;8;7;8;8;7;7;7;8;7;7;7;8;8;7;8;7;7;7;7;7;7;7;8;7;7;7;7;8;7;7;7;7;7;7;7;7;7;8;8;8;8;8;8;7;8;8;8;7;8;9;8;9;9;10;9;9;8;8;9;9;8;8;7;7;7;7;0;0;0;7;7;7;7;0;0;0;0;0;0;0;0;0;0;0;0;0;7;0;0;0;0;0;7;0;7;0;0;0;0;0;0;0;7;0;7;7;0;0;7;0;0;0;0;0;0;0;0;0;0;0;0;0;0;0;0;7;0;0
0;0;0;0;0;0;0;0;0;0;0;0;0;0;0;0;0;0;0;0;0;7;0;0;0;0;0;0;0;0;0;0;0;7;0;0;7;7;7;8;7;7;7;7;8;7;7;7;7;7;7;8;7;7;8;7;7;7;8;8;8;7;7;7;0;7;0;7;7;7;7;8;7;7;7;8;7;7;8;8;8;7;7;7;8;8;8;8;8;7;7;7;7;8;8;7;7;7;8;9;9;9;9;9;10;9;9;8;8;9;9;8;8;7;7;7;7;7;0;7;8;7;7;7;7;0;0;0;0;0;0;0;0;0;0;0;7;0;0;0;0;7;0;0;0;0;0;0;0;0;0;7;7;0;0;0;0;0;0;0;0;7;0;7;0;0;0;0;0;0;0;0;0;0;0;0;0;0;0
0;0;0;0;0;7;0;0;0;0;0;0;0;0;0;0;0;0;0;0;0;0;0;0;7;0;0;0;0;0;0;0;7;7;7;7;7;7;7;8;7;7;7;7;7;7;8;0;7;7;8;8;7;7;8;7;7;9;8;7;7;7;7;8;8;8;7;7;7;7;7;7;7;7;7;8;8;8;8;9;8;7;7;7;8;8;8;8;8;8;7;7;7;7;8;8;8;7;8;8;8;9;8;9;9;9;9;8;9;9;8;8;7;7;0;8;7;7;0;0;7;7;7;0;0;7;0;0;7;7;0;0;0;0;0;0;7;0;0;0;0;0;0;0;7;0;0;0;0;0;0;0;0;0;7;0;0;7;0;0;0;0;0;0;0;0;0;0;0;0;0;0;0;0;0;0;0;0;0
0;0;0;0;0;7;0;0;0;0;0;0;0;0;0;0;0;0;0;0;0;0;7;7;7;0;0;0;0;0;7;0;0;0;7;7;7;7;0;7;8;8;8;7;8;0;7;7;7;7;8;8;8;8;7;7;8;8;8;8;8;7;8;8;7;8;8;7;7;7;7;7;7;7;7;7;7;8;8;8;8;7;7;8;8;8;7;7;7;7;7;9;8;8;8;7;8;7;7;8;8;8;8;9;9;8;9;9;8;8;8;8;8;7;7;7;0;7;0;7;0;7;7;0;7;0;0;0;0;0;0;0;0;0;0;0;0;0;0;0;0;0;0;0;0;0;0;0;0;0;0;0;0;0;0;0;7;0;7;0;0;0;7;0;0;0;0;0;0;0;0;0;0;0;7;0;0;0;0
0;0;0;7;0;0;0;0;0;0;0;0;0;0;0;0;0;0;7;0;0;7;7;0;0;0;0;0;0;0;0;0;0;0;0;7;7;7;7;7;8;7;7;7;7;8;7;0;7;7;8;7;8;9;8;8;8;8;7;7;9;7;8;8;7;7;8;7;7;7;7;7;7;8;8;8;7;7;7;7;7;8;8;8;8;7;7;7;7;7;7;7;8;8;8;7;8;8;7;7;7;8;8;8;8;8;8;8;8;8;9;8;7;7;7;7;0;0;0;0;7;7;7;0;0;0;0;0;0;0;0;0;0;0;0;0;0;0;0;0;0;0;0;0;0;0;0;0;0;0;0;0;0;0;0;0;0;0;0;7;0;7;7;0;0;0;0;0;0;0;0;7;0;0;7;0;0;0;0
0;0;0;0;7;0;0;7;0;0;0;0;0;0;7;0;7;0;7;0;0;0;0;0;0;0;0;0;7;0;7;0;0;0;0;7;8;7;0;0;7;7;8;8;7;7;7;7;7;0;8;7;8;9;9;9;9;8;8;8;8;8;8;8;7;7;7;7;7;7;8;8;7;7;8;8;7;7;7;8;7;7;8;7;7;7;7;7;7;0;8;8;8;8;8;7;8;7;7;7;8;8;8;8;9;9;8;8;9;9;8;8;8;7;7;7;7;7;0;0;0;7;7;0;0;0;0;0;0;0;0;0;0;0;0;0;0;0;0;0;0;0;0;0;0;0;0;0;0;7;0;0;0;0;0;0;0;0;0;0;0;0;0;0;7;0;0;0;0;0;0;0;0;0;0;0;0;0;0
0;7;0;7;7;0;0;0;0;0;0;0;0;0;7;7;7;0;0;0;0;0;0;0;7;7;7;0;0;0;7;0;7;0;0;0;7;8;7;7;7;7;7;8;7;7;7;8;7;0;7;7;8;8;9;9;9;9;9;8;8;7;8;8;7;7;7;7;8;8;8;7;8;7;8;8;7;7;8;8;8;7;7;7;7;7;8;7;7;7;8;7;8;8;8;7;7;0;8;7;8;8;8;8;9;9;9;9;9;9;8;8;8;7;7;7;7;7;0;0;0;7;7;0;0;7;0;0;0;0;0;0;0;0;7;0;0;0;0;0;0;0;0;0;0;0;0;0;0;0;0;0;7;7;7;0;0;0;0;0;0;0;0;0;7;0;0;0;0;0;0;0;0;0;0;0;7;0;0
0;0;0;0;0;0;7;0;0;0;0;0;0;0;0;0;7;0;0;0;0;0;7;7;7;0;7;0;0;0;0;0;0;7;7;7;7;7;7;8;7;7;8;8;7;7;7;7;0;7;7;8;8;8;9;9;8;9;8;8;8;8;8;8;7;7;7;7;7;7;8;7;7;8;7;7;7;7;8;8;8;7;7;7;7;7;8;8;8;8;7;7;8;8;7;7;7;8;8;7;8;7;9;9;8;9;8;8;9;8;7;8;7;7;7;0;0;7;7;7;0;0;7;7;7;7;7;0;0;0;0;0;0;0;0;0;0;0;0;0;0;0;0;0;0;7;0;0;0;0;0;7;7;0;0;0;0;0;0;7;7;7;0;7;0;0;7;7;0;0;7;0;0;0;0;0;0;0;0
0;7;0;0;0;0;0;0;0;0;0;7;0;0;0;0;7;7;7;0;0;0;7;7;7;0;0;0;0;0;0;0;7;7;7;7;7;8;7;8;7;7;8;8;7;0;7;7;7;7;8;8;8;8;9;9;9;10;8;8;8;8;8;7;8;8;8;8;7;7;8;8;8;8;8;7;8;8;7;8;8;7;8;8;7;7;7;7;7;7;7;7;7;7;8;8;8;8;8;7;8;7;8;7;7;8;8;8;9;8;8;8;7;7;7;0;0;0;7;7;0;0;7;7;7;7;0;0;0;0;0;0;0;0;7;7;0;0;7;0;0;0;0;0;0;0;0;0;0;0;0;0;0;0;0;0;0;0;0;0;0;7;7;0;0;7;7;7;0;0;0;0;0;0;0;0;0;0;0
0;0;0;0;0;0;0;0;0;0;0;0;0;0;0;0;7;7;0;7;0;0;0;0;0;0;0;7;0;0;0;0;0;7;7;7;7;8;8;8;8;7;8;8;7;7;7;7;8;7;8;8;9;9;10;10;10;9;9;9;9;8;7;7;7;7;7;7;8;7;7;7;8;8;8;7;7;7;7;9;9;8;7;8;7;7;7;7;7;7;7;7;7;7;8;8;7;8;7;7;7;8;8;8;9;8;8;8;8;8;8;8;7;7;7;0;0;0;0;0;0;0;0;0;0;0;7;7;0;0;0;0;0;0;0;0;0;0;0;0;7;0;0;0;0;0;0;0;0;0;0;0;0;0;0;0;0;0;0;0;0;0;7;0;0;7;0;0;0;0;0;0;0;0;0;0;0;0;0
0;0;0;0;0;0;0;0;0;7;7;0;0;0;7;7;7;0;0;0;0;7;7;0;0;0;0;0;0;0;0;0;7;0;7;8;7;7;0;7;7;8;8;8;8;7;0;7;8;7;8;9;8;9;10;10;10;10;10;10;9;8;9;8;7;7;8;8;8;7;8;8;8;8;9;8;8;7;7;8;8;8;8;7;7;8;7;7;7;7;7;7;7;7;7;7;8;8;7;7;8;8;8;8;8;9;8;8;7;9;9;8;7;7;7;7;0;0;0;7;7;0;0;0;7;0;0;0;0;0;0;0;0;0;0;0;0;0;0;0;7;7;7;0;0;7;0;0;0;0;0;0;0;0;7;0;0;0;0;0;0;0;0;0;0;7;0;0;0;0;0;0;0;0;0;0;0;0;0
0;0;0;0;0;0;0;0;0;0;0;0;0;0;7;0;0;0;7;0;0;7;0;0;0;0;0;0;0;7;0;0;7;7;8;7;7;7;7;8;7;8;7;7;7;7;7;7;8;7;8;9;9;10;10;11;11;11;10;10;9;9;8;8;8;8;8;8;7;7;7;9;8;7;7;9;8;8;8;8;8;8;8;7;7;7;7;7;7;7;8;8;8;8;8;8;8;8;8;8;9;9;8;8;8;9;8;9;8;8;8;8;8;7;0;7;7;0;0;7;8;7;7;7;0;0;0;7;7;0;0;0;0;0;0;0;0;0;0;0;0;0;7;0;0;7;0;0;0;0;0;0;0;7;0;0;0;0;0;0;0;0;0;0;0;0;0;0;0;0;0;0;0;0;0;0;0;0;0
0;0;0;0;0;7;0;7;0;0;0;0;0;7;0;0;0;0;0;0;0;0;0;0;0;7;0;0;0;0;7;7;7;7;8;7;7;7;7;7;7;7;8;8;7;7;8;0;8;8;8;9;9;10;11;11;10;11;10;10;9;8;8;8;8;8;8;8;7;8;8;8;8;7;8;8;7;8;8;8;8;7;7;8;8;7;7;7;7;7;7;8;8;9;7;8;8;7;8;8;9;9;8;9;10;9;9;8;9;8;8;8;8;8;7;7;0;0;7;7;7;0;0;7;7;0;7;7;0;0;0;0;0;0;0;7;0;0;0;0;0;0;0;0;7;0;7;0;7;0;0;0;0;7;0;7;0;0;7;0;0;7;0;0;0;0;0;0;0;0;0;0;0;0;0;0;0;0;0
0;0;0;0;0;0;0;0;0;0;0;0;0;7;7;0;0;0;7;7;0;0;0;7;0;0;7;0;0;0;7;0;0;7;7;7;8;8;8;7;8;8;8;8;7;7;8;7;8;8;9;9;9;10;10;11;10;11;9;10;10;9;8;8;8;8;8;8;7;9;8;8;8;7;8;7;8;8;8;8;8;8;8;7;8;7;7;7;7;7;7;8;8;8;7;8;8;8;8;8;8;8;9;9;9;8;9;9;9;8;8;8;8;8;7;7;0;0;0;7;7;7;7;7;7;7;7;0;7;0;0;0;0;0;0;0;0;0;0;0;0;0;0;0;0;0;0;0;0;0;0;7;0;7;7;7;0;0;0;0;0;0;0;0;0;0;0;0;0;0;0;0;0;0;0;0;0;0;0
0;0;0;0;0;0;7;0;0;0;0;0;0;0;0;0;0;7;7;0;7;0;7;7;0;0;7;0;7;0;0;0;0;7;7;7;7;7;7;8;8;8;9;8;8;8;7;7;7;8;9;9;10;10;10;11;11;12;11;9;10;9;8;9;8;8;8;8;7;8;8;7;7;8;9;8;8;8;9;8;8;8;7;7;7;0;7;7;7;7;7;8;7;8;8;7;8;8;8;7;8;8;9;9;9;8;9;8;9;9;8;7;8;8;7;7;0;7;0;7;7;7;7;7;0;0;0;0;0;0;0;0;0;0;0;0;0;0;0;0;0;0;0;0;0;0;0;0;0;0;0;7;0;0;0;7;7;7;7;7;7;7;0;0;0;0;0;0;0;0;0;0;0;0;0;0;0;0;0
0;0;7;0;0;0;0;0;0;0;0;0;0;0;7;0;0;7;0;0;0;0;7;7;7;7;7;7;7;0;0;0;7;7;7;7;8;7;7;9;8;10;9;8;7;7;7;7;8;8;9;9;9;10;11;11;11;10;11;10;9;10;9;9;9;8;8;8;8;8;7;8;8;7;7;8;8;8;9;8;8;8;8;8;7;7;7;7;7;7;0;7;7;8;8;8;7;9;9;8;8;8;9;9;9;9;9;9;9;9;8;8;8;7;0;7;0;7;0;7;7;7;0;7;0;0;7;0;0;0;0;0;0;7;0;0;0;0;0;0;0;7;0;7;0;0;0;0;0;7;0;7;0;0;0;0;7;7;7;7;0;0;0;0;0;0;0;0;0;0;0;0;0;0;0;0;0;0;0
0;0;7;0;0;0;0;0;0;0;0;0;0;0;0;7;0;0;0;0;7;7;7;0;7;7;0;7;0;0;0;0;0;7;8;7;7;8;7;8;9;9;8;7;7;7;8;8;9;8;9;10;10;11;11;11;11;11;10;9;9;9;9;8;8;8;8;8;8;7;8;8;7;7;8;8;8;9;9;9;8;8;8;7;7;7;7;7;7;7;8;8;7;7;7;8;8;9;9;8;8;8;10;9;9;9;10;9;9;9;8;8;7;7;0;7;0;0;0;7;7;0;0;7;0;7;0;0;7;7;0;0;0;0;0;0;0;0;0;0;0;0;0;0;7;0;0;0;0;0;0;7;0;0;0;0;0;0;0;0;0;0;0;0;0;0;0;0;0;0;0;0;0;0;0;0;0;0;0
0;0;0;7;0;0;0;0;0;7;7;0;0;0;0;0;0;0;0;0;0;7;7;0;0;7;0;0;0;7;7;0;7;7;7;7;8;8;8;8;9;9;9;8;8;8;8;8;8;8;9;10;10;11;11;12;11;10;10;9;9;8;9;8;8;8;8;8;8;8;7;8;9;8;8;7;8;8;8;8;8;9;8;8;8;7;7;7;7;7;7;7;8;7;7;7;7;8;8;8;8;9;9;9;9;9;9;9;9;8;8;8;8;8;7;7;0;0;0;0;7;7;7;7;0;7;7;0;7;7;7;0;0;0;7;0;0;0;7;0;0;0;0;0;0;0;0;0;0;0;0;0;0;0;0;0;0;0;0;7;0;0;0;0;0;0;0;0;0;0;0;0;0;0;0;0;0;0;0
0;0;7;7;7;0;0;0;0;0;0;0;0;0;0;0;0;0;0;0;0;0;7;7;0;0;0;0;0;0;7;7;7;7;7;7;8;8;8;8;9;8;8;9;8;9;8;8;8;9;10;10;10;10;11;10;11;10;11;10;9;8;8;8;8;8;8;8;8;8;8;9;8;8;8;8;8;9;7;8;8;8;8;8;9;8;7;7;7;7;7;7;7;8;7;8;8;7;8;8;8;9;9;9;9;9;9;8;9;8;8;8;8;7;0;0;0;0;0;7;7;0;0;0;0;0;7;0;0;0;0;0;0;0;0;0;0;0;0;7;0;0;0;0;0;0;0;0;0;0;0;0;0;0;0;0;0;0;0;0;0;0;0;7;7;0;0;7;7;0;0;0;0;0;0;0;0;0;0
7;0;0;0;0;7;0;0;0;0;7;7;0;0;0;0;0;0;0;7;0;0;0;7;0;0;0;0;0;0;0;7;7;7;7;7;8;8;8;9;9;9;9;9;8;8;7;7;7;8;9;10;11;11;11;11;12;11;11;11;9;9;9;8;8;8;8;8;8;7;8;8;7;8;8;8;8;9;8;8;9;9;9;7;9;9;8;7;7;7;7;7;7;8;8;8;8;8;8;8;8;9;9;8;10;9;9;9;10;9;9;8;7;8;7;7;7;0;7;7;7;7;0;0;0;7;0;0;0;0;0;0;7;0;0;0;0;0;0;0;0;7;0;0;0;0;0;0;0;0;0;0;0;0;0;0;0;0;7;0;0;0;0;0;0;0;0;0;0;0;0;7;0;0;0;0;0;0;0
7;7;0;0;0;0;0;0;0;0;0;0;0;0;0;0;0;0;0;0;0;0;0;0;7;0;0;0;0;7;7;7;7;0;8;8;8;7;8;9;9;9;9;8;8;7;8;8;9;8;10;11;11;11;11;12;11;12;11;11;10;9;9;9;8;8;8;9;9;9;9;9;9;8;9;8;9;8;8;8;8;8;9;9;8;9;8;8;8;7;7;8;8;8;7;7;8;8;8;8;8;9;8;9;10;10;10;9;9;10;9;8;8;7;0;7;0;0;7;7;0;7;0;7;7;0;0;0;0;0;0;0;0;0;7;7;0;7;0;0;0;0;0;0;0;0;0;0;0;0;0;0;0;0;0;0;7;0;0;0;7;0;0;0;0;0;0;0;0;0;0;0;0;0;0;0;0;0;0
0;7;0;0;0;0;0;0;0;0;0;0;0;7;7;7;0;0;0;0;0;0;0;0;0;0;0;0;0;7;7;7;0;8;7;0;7;8;9;9;9;9;9;9;8;9;8;8;9;9;10;10;11;12;11;12;12;12;11;11;10;9;9;9;9;9;9;9;9;9;9;9;10;9;9;8;9;8;8;9;9;8;8;8;8;9;8;8;8;8;7;8;8;8;8;8;8;7;8;8;7;8;8;8;10;10;10;9;9;8;8;7;8;7;0;7;7;0;0;7;7;0;7;7;7;0;0;0;0;0;0;0;0;0;0;0;0;0;0;0;0;0;0;0;0;0;0;0;0;0;0;0;0;0;0;0;0;0;0;0;8;0;0;0;0;0;0;0;0;0;0;0;0;0;0;0;0;0;0
0;0;0;0;0;0;0;0;0;0;0;0;0;0;0;7;7;0;0;0;0;0;7;7;7;0;7;7;7;7;0;7;7;8;7;8;8;8;10;9;9;10;9;9;8;9;8;9;10;10;11;11;11;12;12;13;12;12;11;11;11;10;10;10;10;9;9;10;8;9;9;10;9;8;8;9;8;8;9;9;9;8;8;8;8;9;9;8;8;8;7;7;8;8;8;8;7;8;8;8;8;8;9;9;9;10;10;10;9;8;8;8;8;7;7;0;7;0;0;7;7;7;8;7;7;7;0;0;0;0;0;0;0;0;0;0;0;0;0;0;7;0;0;0;0;0;0;0;0;0;0;0;7;7;0;0;0;0;0;0;0;7;0;0;0;0;0;0;0;0;0;0;0;0;0;7;0;0;0
0;0;0;0;0;0;0;0;0;7;0;0;0;0;7;0;0;0;0;0;0;7;7;0;0;0;0;8;7;0;0;8;7;7;7;8;8;10;10;10;10;9;10;10;11;10;9;9;8;10;10;11;11;11;12;12;11;12;12;10;10;10;9;10;10;10;9;11;9;9;9;9;9;9;9;9;8;8;9;9;10;9;9;9;8;9;9;9;9;8;8;8;8;7;8;7;9;8;8;8;8;8;9;9;9;11;10;9;9;9;8;8;8;7;7;7;0;0;0;0;7;7;7;7;7;0;0;0;0;0;0;0;0;0;7;0;0;0;0;0;7;0;0;0;0;0;0;0;0;0;0;0;0;0;0;0;7;0;0;0;0;0;0;0;0;0;7;0;0;0;0;0;0;0;0;0;0;0;0
0;0;0;0;0;0;0;0;0;0;7;0;0;0;0;0;0;0;0;7;0;0;7;0;7;0;7;7;7;7;7;8;7;7;7;7;9;9;9;10;10;9;10;10;10;9;9;9;9;10;11;11;12;13;13;13;13;13;12;12;12;11;11;10;10;10;9;10;10;10;10;9;9;9;10;9;8;9;8;10;10;9;10;9;8;9;8;8;8;8;8;8;8;8;8;7;8;8;9;9;8;8;9;8;9;9;10;9;9;9;8;8;7;7;0;0;0;0;7;7;7;7;7;7;0;7;0;0;7;0;0;0;0;0;0;0;0;7;7;0;0;0;0;0;0;0;0;0;0;0;0;0;0;0;7;7;0;0;0;0;0;0;0;0;0;0;7;7;0;0;0;0;0;0;7;0;0;0;0
7;7;0;7;7;0;0;0;0;0;7;0;0;0;0;0;7;0;0;7;7;7;7;0;0;0;0;7;0;0;7;7;8;8;8;8;8;9;9;9;10;10;11;11;10;10;10;10;10;11;11;12;12;13;13;14;14;14;13;13;13;13;11;11;11;10;10;11;11;11;11;10;10;10;10;10;10;10;9;10;10;9;9;10;9;8;8;8;8;8;8;8;8;8;8;8;8;9;9;8;8;9;9;10;9;9;10;11;9;9;9;8;8;7;7;7;0;0;7;7;7;7;7;7;7;7;0;0;0;0;7;0;0;0;0;0;0;0;7;7;0;0;0;0;0;0;0;0;0;0;0;0;0;0;0;0;0;0;0;0;0;7;0;7;0;0;7;0;0;0;0;0;0;0;0;0;7;0;0
7;0;0;0;0;0;0;0;0;0;0;0;0;7;0;0;0;0;0;7;0;0;0;7;0;7;7;7;7;7;7;0;7;7;8;8;9;10;10;10;11;12;11;11;10;11;11;11;11;12;13;13;13;14;14;14;15;15;14;14;13;12;11;11;11;11;11;11;11;10;12;11;11;11;10;10;10;10;10;10;10;9;9;10;9;9;9;9;8;8;9;9;9;10;9;9;9;8;9;9;9;9;9;10;9;10;9;10;9;9;9;8;8;0;7;7;7;0;0;7;7;7;0;0;7;7;0;0;7;7;0;0;0;0;0;7;7;7;7;0;0;0;0;0;0;7;0;0;0;7;0;0;0;0;0;0;0;0;0;0;0;0;0;7;0;0;0;0;0;0;0;0;0;0;0;0;0;0;0
0;0;0;0;0;0;0;0;0;0;0;0;0;7;0;0;7;0;0;0;0;0;0;0;7;7;7;7;7;7;7;7;7;8;9;9;10;10;10;11;12;12;12;12;12;12;12;11;11;11;13;13;13;15;15;16;17;15;15;14;13;13;12;12;11;11;11;11;11;11;11;10;11;11;10;9;10;9;9;9;9;9;8;10;9;9;9;9;8;9;9;9;9;10;9;10;9;9;9;9;9;9;9;9;9;10;10;10;10;10;9;8;8;7;7;0;0;7;0;7;7;7;7;0;0;0;0;0;0;0;0;0;0;0;0;0;7;7;0;0;0;7;0;0;0;0;0;7;0;0;0;0;0;0;0;7;0;0;0;0;0;0;0;0;0;7;7;0;0;0;0;0;0;0;7;0;0;0;0
0;0;0;0;0;7;0;0;0;0;7;0;0;0;0;0;0;0;7;7;0;0;0;7;7;7;7;7;7;7;7;7;7;8;9;10;10;11;11;11;12;13;13;14;13;14;12;12;12;13;13;14;14;14;16;16;17;16;16;15;14;13;12;12;12;11;11;11;11;11;11;10;11;10;10;9;9;9;10;9;9;10;10;10;10;10;9;9;9;9;9;9;9;9;8;9;9;9;9;9;9;8;9;9;9;10;10;10;9;10;9;9;9;8;8;7;7;0;0;7;7;0;7;7;7;0;7;7;0;7;0;0;0;0;0;0;0;0;0;0;0;0;0;7;0;0;0;0;0;0;0;0;0;0;7;7;7;0;0;0;0;0;0;0;0;0;0;0;0;0;0;0;0;0;0;0;7;0;0
0;0;0;0;0;0;0;0;0;7;0;0;0;7;0;0;0;0;0;7;7;7;7;7;7;0;7;7;8;7;7;7;7;9;9;10;10;11;12;12;13;13;14;14;13;13;13;13;12;13;13;13;14;15;17;17;18;17;18;16;15;14;13;12;12;12;12;12;12;12;11;11;11;10;11;10;9;10;10;11;10;10;11;11;10;10;10;8;9;9;9;9;9;9;9;9;9;9;9;9;9;9;9;10;10;11;11;10;10;10;9;8;9;7;7;8;7;0;0;0;7;7;8;8;7;0;7;0;0;7;0;7;0;0;0;0;0;0;0;7;0;0;0;0;0;0;0;0;0;0;7;0;0;0;7;7;0;0;0;0;0;0;0;0;0;0;0;0;0;0;0;0;0;0;0;7;0;0;0
7;0;0;0;0;0;0;0;7;7;7;0;0;0;0;0;0;0;0;0;7;7;7;7;7;7;7;7;0;0;7;7;7;8;8;10;11;12;12;13;13;14;15;15;15;13;13;13;13;13;14;15;15;17;17;18;19;18;18;17;16;15;14;13;13;13;13;13;12;11;12;11;11;10;11;11;11;11;11;11;10;10;11;10;10;11;10;10;9;9;9;9;9;9;9;9;9;9;10;10;10;10;10;10;11;11;11;11;10;10;10;9;9;8;8;7;0;0;0;7;7;7;7;7;8;0;0;7;7;0;7;7;0;0;0;0;0;0;7;7;0;0;0;0;0;0;0;0;7;0;0;0;0;0;0;0;0;7;7;7;0;0;0;0;0;0;0;7;0;0;0;7;0;0;7;0;0;0;0
7;0;0;0;0;0;0;0;0;0;0;7;0;7;0;0;0;7;0;0;7;0;7;0;7;7;0;0;0;7;8;8;8;8;9;11;13;12;12;13;13;15;16;16;16;14;13;14;14;14;15;16;17;18;18;19;20;20;20;18;17;15;15;15;14;13;14;13;13;13;13;12;12;11;11;12;12;12;11;11;10;10;10;10;10;10;10;9;9;10;10;10;11;10;9;9;9;9;10;10;9;10;10;11;12;11;11;11;10;10;10;8;8;8;9;7;7;7;0;7;7;7;7;7;8;7;0;7;0;0;0;0;0;0;0;0;0;0;7;0;0;7;0;7;0;0;0;0;0;0;0;0;0;0;0;0;0;0;0;0;0;0;0;0;7;0;0;7;0;0;0;0;0;0;0;7;7;0;0
0;0;7;0;0;0;0;7;7;7;0;0;0;0;0;7;0;0;0;0;0;0;8;0;7;8;0;7;7;7;7;8;9;9;10;11;13;13;13;14;15;16;17;17;17;15;15;14;16;17;17;17;18;20;21;22;22;22;22;19;17;17;15;15;15;15;15;14;14;13;13;13;12;12;12;12;12;13;11;11;10;10;11;11;11;11;10;9;10;10;10;11;11;11;9;9;9;10;10;10;10;11;11;11;10;11;12;11;11;10;10;10;9;8;7;7;7;7;7;7;7;7;7;0;7;7;7;0;0;0;0;0;0;0;0;0;0;0;7;7;7;0;0;0;0;0;7;0;0;0;0;0;0;0;0;0;0;0;0;0;0;0;0;0;0;0;0;0;0;0;0;0;0;0;0;7;0;0;0
7;7;0;0;0;0;0;7;0;7;0;7;7;7;0;0;0;0;0;0;0;0;7;7;7;8;7;7;7;7;7;0;8;9;11;12;13;13;14;15;16;17;16;17;17;15;16;16;17;17;18;19;19;20;21;22;24;23;22;21;19;17;16;15;16;15;15;16;15;15;15;14;14;14;13;13;13;12;12;12;12;11;12;11;12;11;11;11;11;11;11;12;11;10;11;10;10;10;11;11;11;11;12;11;11;11;12;11;11;11;10;10;10;8;8;8;8;7;7;7;7;7;0;7;7;7;7;7;0;0;0;0;0;7;7;0;0;7;0;0;0;0;0;0;0;0;0;0;0;0;0;0;7;0;0;7;0;0;0;0;0;0;0;0;0;0;0;0;0;0;0;0;0;0;0;7;0;7;7
0;0;0;7;0;0;0;0;0;0;0;0;7;0;0;0;0;0;0;0;0;7;7;7;0;0;7;0;8;8;8;8;9;9;11;12;14;14;14;15;17;16;17;18;17;16;17;16;17;17;17;19;20;20;22;23;24;26;24;23;20;18;17;16;17;17;17;16;16;16;16;15;15;14;15;15;14;14;12;12;12;12;12;12;12;12;13;12;12;11;11;11;12;11;11;11;11;11;11;12;11;11;11;12;12;13;13;13;12;11;10;10;10;8;9;8;8;7;7;7;7;8;7;7;7;7;0;0;0;7;0;0;0;0;0;0;0;0;0;0;0;0;0;0;0;0;0;0;7;0;0;0;0;0;0;0;0;7;7;0;7;0;0;0;0;0;0;0;0;0;0;0;0;0;0;0;0;0;0
7;0;0;7;0;0;0;7;7;7;0;0;7;0;0;0;7;0;0;0;0;7;7;0;7;7;7;7;7;7;8;9;10;10;11;13;14;15;15;15;17;17;17;19;18;18;17;17;18;18;19;22;22;23;25;25;26;26;24;24;23;20;20;19;19;19;18;17;17;16;16;16;16;16;16;16;15;15;14;13;13;14;13;13;13;13;13;13;13;12;12;12;12;12;12;11;11;11;12;12;12;13;12;12;13;14;14;13;12;12;11;11;10;9;9;7;7;7;0;0;7;7;0;0;7;7;0;0;0;0;0;0;0;0;0;0;0;7;0;0;7;0;0;0;7;7;0;0;0;0;0;0;0;0;7;0;7;0;7;0;0;0;0;0;0;0;0;0;0;0;0;0;7;0;7;0;0;0;0
0;0;0;0;0;0;0;0;0;0;0;0;0;0;0;7;7;0;0;0;0;7;7;0;7;7;7;8;7;8;8;9;9;10;12;13;14;15;16;17;17;17;18;19;19;19;19;19;18;20;21;23;24;24;26;26;27;28;26;26;25;23;22;21;21;21;20;19;18;18;18;18;17;18;17;16;15;16;15;15;14;14;14;14;14;14;14;14;12;12;13;14;13;13;14;12;12;12;11;12;13;13;13;13;14;15;14;14;14;13;11;11;10;9;9;8;7;7;0;0;7;7;0;0;0;0;7;0;0;0;7;0;0;0;0;0;0;0;0;0;0;7;7;0;0;7;0;0;0;0;0;0;0;0;0;7;7;0;0;0;0;0;0;0;0;0;0;0;0;0;0;0;0;0;0;0;0;0;0
0;0;0;0;0;0;0;0;0;0;0;0;7;7;7;7;7;7;7;0;0;8;7;0;7;7;7;7;8;8;8;8;10;11;12;13;14;15;17;17;17;19;20;21;21;21;21;21;20;21;23;23;24;26;26;27;27;29;28;28;26;24;23;23;22;22;21;21;20;20;19;19;18;17;17;17;17;16;15;16;16;15;16;15;15;15;15;14;14;14;14;14;13;14;14;13;12;12;12;13;13;13;13;14;14;15;15;15;15;15;13;12;11;11;10;10;8;7;7;7;0;7;0;7;7;7;7;7;7;0;0;0;0;0;0;0;0;0;0;0;0;7;7;0;0;7;7;0;0;0;0;0;0;0;0;0;7;0;7;0;0;7;0;0;0;0;0;0;7;7;0;0;0;0;0;0;0;0;0
7;0;0;0;0;0;0;0;0;0;0;0;7;7;0;0;0;7;7;0;0;0;0;7;7;7;7;7;7;0;9;9;11;11;12;13;14;16;17;17;19;20;21;21;23;23;22;21;21;21;23;24;25;27;29;30;29;30;28;28;26;25;25;24;24;23;21;22;21;20;20;20;20;20;19;18;19;19;17;17;16;15;16;15;15;16;15;15;15;14;14;15;15;16;15;14;14;13;13;14;14;15;14;14;15;16;16;16;16;16;15;13;12;12;11;9;9;8;7;7;0;7;0;7;7;7;7;7;0;0;0;0;0;0;0;0;0;7;0;0;0;0;0;0;0;0;0;7;0;0;0;0;0;0;0;0;0;7;0;7;7;7;7;7;0;0;0;7;0;0;0;7;0;0;0;0;0;0;0
0;0;0;0;0;7;0;0;0;0;0;0;0;0;0;7;0;0;7;7;7;7;7;7;7;7;7;7;7;7;8;8;9;12;13;14;16;17;18;18;20;21;22;22;23;23;23;22;21;23;24;24;27;29;30;32;32;32;30;30;28;27;25;25;25;22;22;23;22;22;22;21;21;21;21;21;20;20;18;17;18;17;17;16;16;16;17;17;17;16;16;16;16;16;16;16;15;16;14;15;16;16;16;15;16;17;16;16;17;16;15;14;13;13;11;9;9;8;7;7;7;7;7;0;0;0;7;0;0;0;0;0;0;0;0;0;0;0;0;0;0;0;0;7;7;0;0;0;0;0;0;7;0;0;0;0;0;0;0;0;7;0;0;0;0;0;0;0;0;0;0;7;0;0;0;0;0;0;0
0;0;0;7;0;0;0;0;7;0;0;0;0;7;0;0;0;0;7;0;0;7;7;7;7;7;7;7;8;8;8;8;10;12;12;14;16;18;19;19;21;22;23;23;24;24;24;23;22;23;25;26;28;30;32;34;34;31;32;31;29;29;27;27;25;24;24;24;24;24;24;22;22;21;22;21;21;22;20;18;18;17;17;17;18;18;19;19;19;18;18;18;17;17;18;17;16;17;16;15;16;17;17;16;18;18;18;18;19;18;16;15;14;13;12;10;10;8;8;8;7;7;7;0;7;7;7;7;7;0;0;0;0;7;0;0;0;0;7;7;7;0;0;0;0;0;0;0;7;0;0;0;0;0;0;0;0;0;0;0;0;0;0;0;0;0;7;0;0;0;0;0;0;0;7;0;0;0;0
7;0;0;7;0;0;0;7;0;0;0;7;0;7;0;0;7;7;0;0;0;0;7;7;8;7;7;8;8;8;7;8;10;12;14;15;17;19;19;21;22;22;24;24;24;24;25;24;23;24;26;27;30;31;32;33;33;34;33;33;32;31;29;27;27;26;25;24;26;25;25;24;24;23;23;23;22;22;21;21;19;19;19;18;20;21;21;21;21;20;20;20;20;19;19;19;19;18;18;17;17;18;19;19;20;19;20;21;20;18;18;16;15;14;13;11;10;8;8;8;7;0;7;7;7;7;7;0;0;7;0;0;0;0;0;0;0;0;0;7;7;0;0;0;0;0;0;0;0;0;0;0;0;0;0;0;0;0;0;0;7;0;0;0;0;0;0;0;0;0;0;0;0;7;7;0;0;0;0
0;0;0;0;0;0;0;0;7;7;0;0;0;0;0;0;0;0;0;0;7;7;7;7;7;7;0;8;8;7;8;8;10;12;15;16;19;17;19;20;20;21;23;25;26;26;25;24;23;25;26;27;31;32;33;33;35;36;35;35;35;34;31;29;29;28;27;26;26;28;27;26;26;25;24;23;22;23;23;22;21;22;21;21;21;21;22;23;22;23;22;21;22;22;20;21;21;20;18;18;18;19;20;20;21;21;21;22;22;21;20;18;17;16;16;13;10;9;8;7;7;7;7;7;7;7;7;7;7;7;0;0;0;0;0;0;0;7;7;7;0;0;0;0;7;7;0;0;0;0;0;0;0;7;7;7;7;0;7;0;0;7;0;0;7;0;0;0;0;0;0;0;0;0;0;0;0;0;0
0;0;0;0;0;7;0;0;7;0;0;0;0;7;7;7;7;7;0;7;7;7;7;7;7;7;0;7;7;7;9;8;10;12;14;16;18;18;17;20;22;23;25;25;26;24;25;25;24;27;28;31;32;33;34;36;38;39;38;38;37;35;33;31;30;29;30;29;28;28;28;27;26;26;25;24;24;25;23;23;22;21;22;22;22;23;23;23;22;24;23;22;23;24;23;22;23;21;21;20;21;22;22;22;22;23;23;24;24;24;23;21;19;18;16;14;12;9;8;8;7;7;7;7;7;7;7;8;7;0;0;7;7;0;7;0;0;7;7;0;7;0;0;0;7;7;0;0;7;0;0;0;0;0;0;0;0;7;7;0;0;0;0;7;7;0;0;0;0;0;0;0;0;0;0;0;0;7;0
0;0;0;7;7;0;0;0;7;0;0;7;7;7;7;0;0;0;0;7;7;0;7;7;7;7;7;7;8;7;8;9;10;12;14;16;17;18;19;21;23;23;24;24;26;26;26;24;26;27;28;31;33;34;35;38;40;40;39;38;39;36;34;33;33;31;31;31;29;29;29;29;28;28;27;26;26;25;24;24;23;23;24;22;23;23;24;24;24;24;23;24;24;25;25;25;25;24;24;24;24;24;24;25;25;25;24;26;25;24;23;22;21;20;18;15;13;10;9;7;7;7;8;7;7;7;7;7;0;0;0;0;0;0;0;0;0;0;0;0;7;7;7;0;0;7;7;0;7;0;0;0;0;0;0;7;0;7;0;0;0;0;0;0;0;0;0;0;0;0;0;0;0;0;0;0;0;0;7
7;7;0;0;0;0;0;0;0;0;0;0;7;0;0;0;0;0;0;0;7;7;8;7;7;7;0;7;8;8;8;9;10;12;14;15;18;18;20;21;23;24;24;24;26;27;26;26;27;29;31;32;34;35;37;39;40;41;41;39;36;36;35;34;33;32;32;31;31;32;32;31;29;28;27;27;26;26;26;24;24;25;25;26;25;26;27;26;25;26;25;26;27;27;27;27;26;25;26;25;25;25;27;27;26;26;27;28;26;26;25;22;22;20;19;18;14;12;10;9;8;8;7;7;7;7;7;7;7;7;0;0;7;0;0;0;0;0;0;0;0;0;0;0;0;0;0;0;7;0;0;0;0;0;0;0;0;0;7;0;0;0;0;0;0;0;0;0;7;0;0;0;0;7;0;0;0;0;0
7;7;0;0;0;0;0;0;0;0;0;0;0;0;0;7;0;0;0;0;0;7;7;7;7;7;7;8;8;7;8;9;11;12;14;15;17;19;20;22;23;24;24;26;28;30;28;27;28;30;31;34;35;36;37;39;41;41;41;41;38;38;37;35;34;32;32;32;34;34;33;31;31;30;29;28;28;26;27;27;26;26;26;27;27;26;27;28;29;27;26;29;27;28;29;28;27;27;27;27;27;27;29;29;28;30;29;30;30;27;27;26;23;21;19;17;14;13;11;10;9;8;8;7;7;7;7;8;7;7;0;0;7;0;0;0;0;0;0;7;7;0;0;0;0;0;0;0;0;0;0;0;0;0;0;7;0;0;0;0;0;0;0;0;0;0;0;0;0;0;7;7;7;7;0;0;0;0;0
0;0;0;0;0;0;0;0;0;7;0;0;0;0;0;0;0;0;0;7;7;8;8;7;7;0;7;7;7;7;8;9;9;12;14;15;18;20;20;22;23;24;25;27;29;29;29;27;27;29;30;33;35;38;39;40;41;43;44;44;42;41;39;37;37;33;33;35;34;34;33;31;31;31;30;30;30;29;29;29;28;29;28;28;27;28;29;29;29;29;29;28;28;29;30;29;28;29;29;27;28;29;31;30;32;33;33;32;32;32;31;27;24;23;20;18;16;13;11;10;9;8;8;7;8;8;8;8;7;8;0;0;7;0;0;0;0;7;7;0;0;0;7;0;0;0;7;0;0;0;7;7;0;0;0;0;0;0;0;0;0;0;0;0;7;0;0;0;7;0;0;0;0;0;0;7;0;0;0
0;0;0;0;0;0;0;0;0;0;0;7;0;0;0;0;0;7;7;7;7;7;7;7;7;8;7;7;7;8;8;9;10;12;13;15;18;20;21;22;22;23;25;27;28;28;28;26;27;29;34;34;36;38;39;40;41;43;44;45;45;43;40;38;37;35;37;37;37;36;35;33;32;32;31;30;29;30;30;30;29;29;28;31;29;29;29;28;28;29;30;29;30;30;31;30;31;31;31;29;30;31;33;33;34;35;35;34;33;34;32;30;28;25;23;20;17;14;11;10;9;9;8;8;8;8;8;8;7;7;7;7;0;0;0;0;0;7;7;0;7;0;0;0;0;0;0;0;0;0;0;0;0;0;0;0;0;0;0;7;7;0;7;0;0;0;0;0;0;0;0;7;7;0;0;0;0;0;0
0;0;0;7;0;0;0;7;0;0;0;0;0;0;0;0;7;7;7;0;7;7;7;0;7;7;7;7;7;8;9;9;11;11;13;15;18;19;21;22;23;23;25;27;27;28;28;27;29;30;33;35;37;37;39;42;42;44;46;47;45;44;42;39;39;39;39;39;38;39;37;36;35;34;32;32;33;31;31;31;30;30;30;30;30;30;30;28;29;30;30;29;30;31;33;32;32;32;34;32;32;32;34;35;36;37;38;38;37;35;33;31;29;26;24;22;18;15;13;10;9;8;7;8;7;7;8;7;7;7;7;7;0;7;0;0;0;0;7;7;7;7;0;0;7;7;0;0;0;0;0;0;0;0;0;0;0;0;0;7;7;0;7;0;0;0;7;0;0;7;0;0;0;0;0;0;0;0;0
0;0;7;0;0;7;0;0;0;0;0;0;0;0;0;0;0;0;7;7;0;7;7;8;7;7;7;7;7;7;8;9;10;13;14;16;18;19;22;22;23;23;25;27;28;29;28;26;27;30;32;34;36;37;39;40;41;44;46;46;46;45;43;42;40;40;41;41;41;41;40;38;37;34;34;33;33;33;31;33;33;32;32;32;33;32;32;31;30;31;31;31;31;32;34;35;34;32;34;34;34;35;37;37;40;41;41;41;40;38;36;33;31;27;25;23;19;15;13;11;10;9;8;8;8;7;7;7;8;8;7;7;0;0;0;0;0;0;0;0;7;0;0;0;0;0;0;0;0;7;0;0;0;0;0;0;7;0;0;0;0;0;0;0;7;7;0;0;0;0;0;0;0;0;0;7;0;0;0
0;0;7;0;0;0;0;0;0;0;0;0;0;0;0;7;7;7;0;0;0;7;7;8;8;7;7;7;7;7;8;8;10;13;14;16;18;19;21;22;23;23;25;27;28;29;29;27;28;30;32;34;35;37;39;40;42;46;47;46;47;47;45;43;41;41;43;43;42;42;41;39;39;36;36;36;33;33;33;33;31;33;33;33;33;33;33;33;33;32;32;33;33;33;35;36;36;36;36;35;37;37;39;41;42;43;43;43;42;41;39;36;33;29;26;24;21;17;14;12;11;10;9;8;8;9;8;8;8;8;7;0;0;0;0;0;0;0;0;0;0;0;0;7;7;0;0;0;0;0;0;0;0;0;7;7;0;0;7;7;0;0;0;0;0;0;0;0;7;0;0;7;0;0;0;0;0;0;7
0;7;0;0;0;7;0;0;7;7;0;7;0;0;0;0;0;0;7;7;7;7;7;7;7;8;8;7;7;7;7;9;11;13;15;16;19;20;21;21;22;23;25;27;28;28;27;27;28;30;33;35;36;37;39;41;43;47;46;45;47;47;45;44;44;44;41;43;43;41;43;41;41;39;37;36;35;34;34;33;33;34;34;37;34;33;34;34;34;35;35;35;35;35;36;37;36;36;36;36;38;41;42;43;44;44;45;45;45;43;41;38;33;33;30;27;22;18;15;12;11;10;9;9;9;9;9;8;8;8;7;7;0;7;0;0;7;7;0;0;7;0;0;0;0;0;0;7;0;0;0;0;0;0;0;0;0;0;0;7;0;0;0;7;7;0;0;0;0;7;0;0;0;0;0;0;0;0;0
0;0;0;7;7;7;0;0;7;0;0;0;0;0;7;7;7;0;0;0;0;7;7;7;8;8;7;7;0;7;7;9;10;12;14;14;18;19;21;20;21;22;25;27;28;29;28;27;27;30;32;34;36;38;39;41;45;47;47;49;49;49;47;46;46;44;44;44;44;44;44;43;42;41;37;36;36;35;35;35;34;35;35;36;35;35;35;36;36;35;35;35;35;36;37;37;37;37;37;38;39;40;42;44;46;46;48;48;48;45;43;40;38;37;33;28;24;19;16;13;12;10;9;9;10;9;9;9;8;8;7;0;0;0;0;0;7;7;7;7;7;7;7;0;0;0;0;0;0;0;0;0;0;7;0;0;0;0;0;7;0;0;0;7;0;0;0;0;0;0;0;0;0;0;0;0;0;0;0
0;0;0;7;7;0;0;0;0;0;7;0;7;7;0;0;0;0;0;0;0;7;7;7;8;7;7;7;7;8;8;9;9;12;13;16;17;18;20;20;21;22;23;26;27;28;28;27;27;28;30;34;36;37;41;41;44;45;46;48;49;50;48;48;48;45;45;44;46;45;45;43;43;42;39;37;37;36;36;37;34;33;34;35;34;35;35;36;36;35;35;36;36;36;37;38;38;39;39;40;41;42;45;47;49;50;52;50;51;48;46;42;40;37;33;30;25;21;17;14;12;10;9;9;9;8;9;9;9;7;7;7;7;0;0;0;0;7;7;7;7;7;0;0;0;0;0;0;7;0;0;0;0;0;0;0;7;0;7;7;0;0;0;0;0;0;7;7;0;0;0;0;0;0;0;0;0;0;0
0;7;0;0;7;0;0;0;0;0;0;0;0;7;0;0;0;0;7;0;7;8;8;7;7;7;7;7;7;7;8;8;9;12;13;15;16;18;20;21;22;23;24;26;28;29;29;27;26;28;30;33;36;38;39;42;44;45;45;48;50;51;50;49;47;46;46;45;45;45;46;46;45;43;42;40;38;38;37;37;36;35;36;37;36;37;36;37;37;36;37;37;37;38;38;39;39;40;40;41;42;46;48;49;51;53;55;54;53;50;48;46;43;38;35;32;27;22;19;14;13;11;10;9;9;9;8;9;9;8;8;7;0;7;7;0;0;0;7;0;7;7;7;0;0;0;0;0;7;0;0;0;0;0;0;0;0;0;7;7;7;0;0;0;0;0;0;0;0;0;0;0;0;0;0;0;0;0;0
0;0;0;0;0;0;7;0;0;0;7;7;7;0;7;7;7;0;0;0;7;7;7;7;7;7;7;8;8;7;7;8;9;11;13;15;17;19;21;20;22;23;25;27;28;28;28;26;26;27;29;32;35;37;38;41;43;45;46;49;49;50;50;50;48;45;45;45;45;48;48;48;48;44;44;41;39;38;36;37;37;36;37;37;37;39;39;38;37;38;37;36;38;39;40;42;40;40;41;40;42;46;49;51;53;55;57;58;56;54;51;48;42;41;38;33;29;23;21;17;15;11;10;9;9;8;9;10;9;9;7;0;0;7;0;7;7;0;0;7;7;7;0;0;0;7;7;7;0;0;7;0;0;0;0;0;0;0;0;7;7;0;7;0;0;0;0;0;0;0;0;0;0;7;0;0;0;0;7
0;0;0;0;0;0;0;0;0;0;0;0;7;0;0;0;0;0;7;7;0;0;7;7;7;8;8;8;8;7;8;8;10;11;13;14;17;19;20;20;22;22;23;25;27;28;28;26;25;26;28;31;34;36;36;39;41;43;44;46;50;51;48;48;48;45;45;46;46;48;49;48;47;45;44;41;39;37;36;37;37;36;36;38;38;37;39;38;38;38;37;39;39;40;42;43;42;42;42;42;44;47;50;51;53;56;58;62;59;57;54;48;45;42;38;34;30;24;21;17;15;13;10;9;9;9;10;10;9;9;7;7;0;0;0;0;0;7;7;0;7;7;0;8;0;0;7;0;0;7;7;0;0;0;0;7;7;0;0;0;0;0;7;0;7;0;7;0;0;0;0;0;0;0;0;7;0;0;7
0;7;7;7;0;0;0;0;0;0;7;0;7;0;0;0;0;0;0;0;0;7;7;7;8;8;8;7;8;7;8;8;10;11;13;15;18;19;20;20;23;21;23;24;27;29;28;25;24;25;27;32;34;35;39;38;41;43;44;45;49;49;47;47;45;45;45;45;47;47;49;49;47;45;44;41;40;38;37;38;38;37;38;40;39;39;39;39;39;38;38;40;40;41;43;44;44;44;44;44;46;48;51;55;57;59;62;63;62;59;57;53;50;47;41;37;31;26;21;16;15;13;11;10;10;10;9;10;9;9;8;7;7;0;0;0;0;0;0;0;7;7;7;0;0;0;0;0;7;7;0;0;0;0;0;7;0;0;0;0;0;7;0;0;0;7;0;0;7;0;0;0;0;0;0;0;0;0;0
7;0;7;7;7;7;7;0;0;0;7;0;0;0;7;7;7;0;0;7;7;7;7;8;7;8;8;7;7;7;7;8;10;11;13;15;17;19;21;21;22;22;24;25;25;28;26;24;23;24;28;32;33;37;38;39;42;43;44;43;47;49;48;46;45;44;44;45;47;48;50;49;47;46;44;41;40;38;37;37;38;37;38;40;40;40;39;39;40;40;39;41;40;41;42;44;45;46;46;45;46;48;52;57;59;61;64;65;64;61;60;57;53;50;44;40;32;27;22;18;14;13;11;11;10;10;9;9;9;8;8;7;7;0;0;7;0;7;0;0;7;8;0;0;0;0;0;0;0;0;0;0;0;0;0;0;0;0;0;0;0;0;0;7;0;7;0;0;0;7;7;0;0;0;0;0;0;0;0
7;7;7;0;0;0;0;0;0;0;7;7;7;7;7;7;0;0;0;7;0;7;7;8;8;7;7;8;7;7;7;8;10;11;13;16;17;18;19;22;21;22;22;24;25;27;25;24;23;25;28;31;33;36;38;40;40;42;44;47;46;48;47;46;45;44;43;46;47;49;49;50;48;47;44;39;39;38;37;37;37;36;39;41;40;41;40;40;40;41;40;40;42;42;44;45;46;47;46;48;48;50;54;60;62;65;67;68;66;65;62;58;55;52;47;41;35;28;23;19;16;14;12;11;10;9;10;10;9;8;8;7;7;0;0;7;0;7;0;0;7;7;0;7;7;0;7;7;0;0;0;0;0;0;0;0;0;7;0;0;7;0;0;7;0;0;0;0;0;0;0;0;0;0;0;0;0;7;0
0;0;0;7;0;0;0;0;0;0;7;0;0;0;0;0;7;0;0;0;7;7;7;7;7;8;8;8;7;8;7;8;8;10;12;15;18;17;18;20;21;21;22;24;25;26;26;24;25;25;28;30;33;35;36;37;38;40;43;46;46;46;46;46;44;43;42;44;47;49;49;49;48;47;44;41;39;36;36;37;37;39;40;42;41;41;41;40;39;39;40;41;42;42;44;45;46;47;47;47;50;51;55;59;63;66;69;70;69;67;65;62;59;56;51;45;38;29;24;20;18;15;12;11;10;10;11;10;10;9;8;8;7;7;0;0;0;7;7;7;7;7;7;0;0;0;0;0;0;0;0;0;0;0;0;0;0;0;0;0;7;0;0;0;0;0;0;0;0;0;0;7;0;0;0;7;0;0;0
0;0;0;7;0;7;7;0;0;0;7;0;0;0;0;0;7;0;7;7;7;7;7;7;7;8;8;9;8;8;7;8;9;11;13;15;17;17;19;20;20;21;23;25;27;25;25;24;22;23;26;29;33;34;37;36;38;41;42;45;47;46;47;46;45;44;42;44;47;49;50;50;49;48;45;41;39;36;36;36;38;41;42;43;43;43;42;41;40;40;41;41;42;45;47;47;46;45;48;48;51;53;58;59;62;67;71;72;72;68;67;64;60;57;53;47;39;32;26;20;18;15;13;12;10;10;10;10;11;10;8;8;7;7;0;7;0;0;7;7;7;7;7;0;0;0;0;0;0;0;0;0;0;0;0;0;0;0;0;0;0;0;0;0;0;7;0;0;0;7;0;0;0;0;0;0;0;0;0
7;0;0;7;0;0;7;0;0;0;7;7;7;0;0;0;7;0;7;7;0;7;7;8;8;8;8;7;7;7;7;8;9;10;13;15;17;18;19;20;20;20;22;25;26;26;26;23;22;23;25;28;31;33;35;36;37;40;42;44;47;46;46;43;44;43;43;44;46;46;49;50;50;48;45;41;39;37;35;38;38;39;42;42;42;43;41;40;39;40;40;41;43;45;46;46;48;46;46;49;53;56;59;62;64;67;71;74;75;72;69;67;64;59;56;48;41;34;27;22;18;16;14;12;10;11;11;11;11;10;9;8;7;7;7;0;0;0;7;7;0;0;0;0;0;0;0;0;0;0;0;0;0;0;7;0;7;0;0;0;0;0;7;7;0;0;0;0;0;0;0;0;0;0;0;0;0;0;0
0;0;0;0;7;0;0;7;0;0;7;0;0;7;0;7;7;0;7;0;7;8;7;8;8;8;7;7;7;0;7;8;9;11;13;15;17;18;20;20;20;21;23;24;24;24;25;23;22;22;24;27;30;32;33;34;35;38;41;45;46;46;45;43;42;43;42;43;45;46;48;50;49;47;44;41;39;37;38;37;38;41;42;41;43;43;41;41;40;39;39;40;43;46;44;47;48;47;47;50;52;57;61;63;66;68;71;72;74;73;71;68;67;63;57;51;43;35;29;23;20;17;13;12;11;12;12;11;11;10;9;8;7;0;7;0;7;0;7;7;0;0;7;0;0;0;0;0;0;0;0;0;0;0;0;0;0;7;0;7;7;7;7;0;0;0;7;7;0;7;0;0;0;0;0;7;0;0;0
0;0;0;0;0;0;7;7;7;0;7;0;0;0;0;0;0;0;0;0;7;8;7;7;7;8;8;7;7;7;7;8;9;11;12;15;17;18;19;20;21;21;23;24;25;25;24;23;22;22;24;26;30;32;33;32;34;37;40;43;44;45;44;43;43;42;40;43;44;45;47;48;48;48;45;42;40;38;37;37;39;40;41;41;43;43;42;41;41;40;39;40;42;44;47;47;47;46;50;52;53;56;61;63;66;69;73;74;75;72;71;70;69;66;61;54;46;39;31;25;20;17;14;12;11;11;11;11;10;10;10;9;8;7;7;0;0;7;7;7;0;0;7;0;0;0;7;0;0;0;0;0;0;0;0;7;0;0;0;7;0;0;8;0;0;0;0;7;0;7;0;0;0;0;0;0;7;0;0
0;0;0;7;0;0;7;7;0;0;7;0;0;0;7;7;7;7;0;0;0;7;7;8;7;7;7;7;7;8;9;8;9;11;13;15;17;18;19;20;20;21;22;23;24;25;23;21;21;21;22;25;28;31;31;32;34;37;40;43;43;43;43;42;41;41;42;41;43;45;44;47;48;48;44;42;41;39;38;38;38;39;41;42;42;42;40;40;39;38;40;41;43;43;46;48;46;47;48;50;54;57;60;62;66;70;73;74;76;75;72;71;71;66;62;53;46;40;32;26;20;17;14;13;12;12;12;12;11;10;10;9;8;7;7;0;7;7;7;7;7;0;7;7;7;0;0;0;7;7;0;0;0;0;0;0;7;0;7;0;0;0;0;7;0;0;0;7;7;7;0;0;0;0;0;0;0;0;0
0;0;0;0;7;0;0;0;0;0;0;0;7;0;7;7;7;0;7;7;0;7;7;7;7;8;8;8;8;7;8;8;8;10;12;15;17;18;19;20;19;20;21;23;24;25;25;22;21;22;24;25;28;30;30;32;34;36;39;41;41;42;42;40;39;39;40;40;41;43;46;47;47;47;44;43;39;38;36;38;38;39;42;41;41;41;41;40;38;38;39;40;43;44;46;49;49;50;50;52;54;55;59;62;66;68;71;74;75;75;74;72;71;67;63;54;47;38;32;26;21;19;16;14;13;13;13;13;13;11;9;8;7;7;7;0;7;0;0;0;8;7;7;0;7;0;7;0;7;7;7;0;0;0;0;0;7;7;7;0;0;7;0;0;7;7;7;7;0;7;7;0;0;0;7;0;0;0;0
0;0;0;0;7;7;0;7;0;0;0;0;0;0;7;7;0;0;0;0;0;7;7;7;7;8;8;8;7;7;8;8;9;10;12;15;16;17;19;19;19;21;23;24;25;24;23;21;20;21;23;24;27;29;30;31;33;35;37;40;41;40;40;39;39;38;39;39;40;43;46;46;47;46;43;41;38;38;37;37;35;39;40;42;43;43;41;38;39;39;39;41;42;44;45;47;49;49;51;53;54;57;59;61;64;67;70;72;75;74;73;74;73;69;62;55;48;40;34;26;22;19;17;14;14;14;14;13;13;12;9;8;7;7;7;7;7;7;7;7;0;0;0;0;0;0;0;7;7;0;0;0;0;0;7;0;0;0;0;0;0;0;0;0;0;0;7;0;0;0;7;0;0;0;0;0;7;0;0
0;0;7;0;0;0;0;0;0;0;0;7;0;0;7;0;0;0;0;0;0;7;7;7;8;8;8;7;8;8;8;7;8;10;12;14;16;16;19;19;20;21;23;24;25;25;23;21;21;20;23;24;26;27;29;31;33;35;37;39;41;40;40;40;41;40;38;39;42;44;45;45;45;45;43;41;38;37;36;36;35;38;40;41;42;41;39;40;39;38;39;39;39;42;45;46;48;50;50;52;53;56;59;60;63;67;67;72;74;75;74;73;71;71;65;58;48;41;34;26;21;18;17;15;13;13;15;14;13;12;10;8;8;7;0;7;0;0;7;7;0;7;0;0;0;0;0;0;0;0;0;7;0;0;7;7;0;0;7;0;7;7;7;7;0;7;0;0;0;0;0;0;7;0;0;0;0;0;0
0;0;0;7;0;0;0;0;0;0;0;7;0;0;7;0;0;0;0;0;7;7;7;7;8;7;7;8;7;8;7;7;8;10;12;14;16;17;19;19;20;22;24;24;25;25;22;22;22;22;22;23;25;25;29;31;31;35;37;38;38;39;39;41;39;39;38;39;41;42;43;44;45;44;41;40;37;35;34;36;36;36;39;40;41;39;40;40;38;37;38;39;42;42;44;46;48;49;49;51;53;55;57;58;62;65;67;71;72;72;72;73;72;71;65;57;50;43;34;27;22;20;17;15;14;14;14;14;13;12;10;9;7;7;0;7;0;0;0;7;0;0;7;0;0;7;7;0;0;0;0;0;0;0;7;7;0;0;7;0;7;7;7;7;0;0;0;0;0;0;0;0;7;7;0;0;0;7;7
0;0;0;0;0;0;0;0;7;0;0;0;0;0;7;0;0;0;0;0;0;7;7;7;7;7;8;8;8;7;7;7;8;10;11;14;16;17;18;20;21;22;23;24;25;24;22;21;21;21;21;23;25;27;27;30;31;34;36;39;40;40;42;41;38;38;40;40;40;41;43;44;42;43;40;37;35;34;35;35;36;37;39;39;41;41;40;39;37;36;37;37;39;40;41;45;46;46;48;50;52;56;57;60;62;64;66;69;69;72;74;75;72;70;63;57;50;42;35;28;22;18;16;14;14;14;14;14;13;12;10;9;7;8;7;7;7;0;7;7;0;0;0;0;7;7;0;7;0;0;7;0;0;0;0;7;0;0;7;0;0;0;0;0;0;7;0;0;0;7;7;7;7;7;0;0;0;0;0
0;0;0;0;0;0;0;0;0;7;7;7;0;0;0;0;7;0;0;0;0;7;7;7;7;7;7;8;8;8;8;8;8;10;12;14;16;17;18;20;21;24;23;23;23;23;22;22;21;21;21;23;24;27;27;29;31;34;37;38;40;42;41;41;40;39;40;40;40;41;42;44;43;42;40;37;36;35;35;34;34;36;38;38;38;40;39;37;37;36;37;36;38;41;41;44;45;45;46;49;51;54;56;60;62;63;65;69;69;71;73;73;72;69;63;57;52;42;36;29;24;19;16;15;15;15;15;14;13;11;10;9;8;8;7;0;0;7;7;0;7;7;7;0;0;7;0;0;0;7;7;7;7;0;0;0;0;0;7;7;0;0;0;0;0;7;0;0;0;0;7;7;0;0;0;0;0;0;0
0;0;0;7;0;0;0;7;0;0;7;0;7;0;0;0;0;7;0;0;0;0;0;0;7;7;7;8;8;8;8;7;8;10;12;14;15;16;17;19;21;23;23;22;22;23;22;22;21;21;20;22;24;28;27;29;31;36;38;39;41;43;41;41;41;40;41;39;40;41;44;43;42;41;39;37;35;34;33;32;32;34;36;38;38;38;38;36;35;34;35;36;37;38;40;40;45;46;47;50;51;54;57;60;61;62;64;67;68;70;74;73;72;69;63;56;49;43;36;29;23;19;17;14;14;14;15;14;13;12;11;10;9;8;8;0;0;7;7;7;7;0;0;7;0;0;0;0;0;0;0;7;7;7;0;7;0;0;0;0;7;7;0;0;0;7;7;0;0;7;0;0;0;0;0;0;0;0;0
0;0;0;0;0;7;7;0;0;0;0;0;0;0;0;7;0;0;0;7;7;7;7;7;7;7;8;8;7;7;8;8;8;10;12;14;14;16;17;19;21;22;22;22;22;22;20;21;21;21;22;22;23;24;27;29;31;33;37;39;42;43;42;42;41;38;39;38;41;41;42;42;41;40;39;37;34;34;32;32;32;34;34;37;38;38;37;35;36;34;34;34;34;36;39;39;41;44;45;48;52;53;55;57;58;61;63;65;67;69;72;71;72;68;63;55;49;43;34;29;24;21;18;14;13;14;15;14;13;13;11;10;9;8;8;7;0;8;7;7;8;7;7;7;0;0;0;0;7;7;7;7;7;7;0;0;0;7;0;0;0;0;0;0;0;0;0;0;0;7;0;0;7;0;0;0;0;0;0
0;0;0;0;0;0;0;0;0;0;0;0;0;0;0;0;7;0;0;0;7;7;0;7;8;8;8;8;8;7;7;7;8;9;12;14;15;16;17;19;20;22;22;22;22;22;21;20;21;20;21;22;24;25;27;27;32;34;36;40;43;42;42;41;39;38;38;38;38;40;40;41;41;40;40;38;34;34;33;32;32;33;34;35;36;36;36;35;34;33;33;31;32;34;38;38;40;44;45;46;49;52;54;56;60;61;62;64;66;68;69;70;70;66;60;55;50;43;35;30;25;20;17;15;13;14;15;14;13;12;11;10;9;8;7;7;0;7;7;7;7;0;7;7;0;0;0;0;7;7;0;7;7;7;0;7;7;0;0;0;0;0;0;0;7;7;0;0;0;0;7;0;0;0;0;0;0;0;0
0;0;0;0;0;7;0;0;0;0;7;0;0;7;0;0;0;0;0;7;7;7;7;7;7;8;8;8;8;7;7;8;9;10;11;14;15;16;18;19;21;21;20;22;22;21;21;20;19;20;20;22;22;24;26;28;32;34;36;39;42;42;41;41;40;40;40;40;40;40;40;40;41;40;38;37;34;34;32;31;32;31;34;35;34;34;34;33;31;31;31;31;32;33;36;38;40;43;44;45;49;52;53;53;58;61;63;62;64;68;69;69;67;65;59;54;50;43;35;31;26;20;17;16;15;15;15;14;14;12;11;10;9;8;7;7;0;7;7;0;7;0;7;0;0;0;7;7;0;0;0;0;0;7;7;0;7;0;0;0;0;0;0;0;7;0;7;0;7;0;0;0;0;0;0;0;0;0;0
0;0;0;0;0;0;0;7;0;0;0;0;0;7;0;0;0;0;0;7;7;0;0;7;7;8;8;8;7;7;8;8;8;9;11;13;13;16;17;17;20;20;20;22;22;22;22;22;20;20;19;20;21;23;25;28;31;34;36;38;38;42;40;40;39;38;39;38;40;38;39;40;41;40;39;36;35;33;32;32;32;33;35;35;35;35;34;33;30;30;29;29;29;31;34;37;40;42;43;44;47;51;52;54;55;58;60;62;63;67;68;70;68;65;60;53;48;41;35;30;26;19;17;16;16;16;16;15;13;13;12;11;9;9;7;0;7;7;0;0;7;7;7;0;0;0;7;7;0;0;0;7;0;7;0;0;7;0;0;0;0;0;0;0;0;0;7;0;0;0;0;0;0;0;0;0;0;0;0
0;0;0;0;0;0;0;0;0;0;0;0;0;0;0;0;7;0;0;0;0;0;7;0;7;7;8;7;7;7;8;8;8;10;11;13;14;15;16;17;18;20;20;21;21;21;22;21;20;19;18;19;21;24;26;29;30;32;35;37;38;40;40;40;39;40;40;39;39;41;41;41;42;40;39;37;35;33;33;32;32;32;33;34;35;36;35;33;31;30;28;27;29;31;32;36;39;40;42;43;46;49;51;53;53;57;59;61;65;67;68;68;67;64;59;53;47;40;33;29;26;21;18;16;16;16;17;15;15;14;12;11;9;8;7;7;7;7;0;0;0;7;7;0;7;7;7;7;0;0;7;0;0;0;7;7;7;0;7;0;0;0;0;0;0;0;7;7;0;0;7;0;7;0;0;7;0;0;0
0;0;0;0;0;0;7;0;7;0;0;0;0;7;7;7;7;0;0;0;7;7;7;7;7;7;7;7;8;7;7;8;8;9;10;13;14;16;18;17;17;17;20;20;20;19;21;20;20;19;18;20;21;24;25;26;28;29;32;35;38;38;38;40;38;40;40;39;40;41;40;40;41;40;40;37;35;36;33;33;33;33;34;34;34;34;34;32;30;29;27;27;28;30;32;35;38;42;42;44;45;47;51;54;53;55;59;61;64;67;69;67;65;61;59;52;46;41;34;29;26;21;18;16;15;16;16;17;15;13;13;10;8;8;7;7;7;7;0;7;7;7;7;0;7;0;7;0;0;0;0;0;0;0;0;0;7;0;7;7;7;7;7;0;0;7;0;7;7;0;0;0;0;0;0;0;7;0;0
0;0;0;0;0;0;0;0;0;0;0;0;0;0;0;0;0;0;0;7;7;7;7;7;7;7;7;7;8;7;7;8;8;10;11;12;14;16;16;16;17;18;18;19;20;21;22;20;20;18;18;20;21;23;25;25;27;30;32;35;37;38;38;38;39;39;40;40;40;40;41;39;40;39;38;37;35;35;33;33;34;34;34;33;33;33;33;32;30;28;28;27;27;29;33;35;39;41;42;44;45;46;49;52;54;56;57;60;64;67;67;68;66;62;59;51;46;39;33;29;25;21;18;16;15;16;16;16;15;14;12;10;9;8;7;7;7;7;0;7;7;0;0;7;7;7;0;0;7;0;0;0;0;0;7;7;0;0;7;7;7;0;0;0;0;0;7;7;0;0;0;0;0;0;7;0;0;0;0
0;0;0;0;0;0;0;0;0;0;0;0;0;0;7;0;0;0;0;7;0;0;7;7;7;0;7;7;7;8;8;8;8;10;10;12;14;15;15;15;15;18;19;20;21;22;22;21;20;18;17;19;22;23;23;24;27;27;31;34;36;37;39;40;41;40;40;41;41;40;40;40;40;40;38;36;36;35;35;34;33;33;33;33;33;33;31;32;30;28;28;27;28;29;32;34;36;38;42;43;46;46;49;52;55;54;58;61;64;65;66;69;64;61;57;53;47;39;34;28;24;20;17;17;17;16;15;16;15;14;13;10;9;8;8;7;7;0;0;7;8;7;7;0;0;7;7;0;7;7;0;0;0;0;0;0;0;7;0;7;7;0;0;0;0;7;7;7;0;0;0;0;0;7;0;0;7;0;0
0;0;7;0;0;0;0;7;7;0;7;0;0;7;7;8;7;7;7;7;0;0;7;0;7;7;7;7;0;7;7;7;8;9;10;12;13;14;14;15;15;17;17;20;22;22;22;21;20;18;18;19;22;23;24;25;25;25;29;32;35;36;38;39;40;41;43;42;42;41;41;40;39;39;36;36;36;34;34;33;34;33;33;32;33;33;32;32;29;28;28;26;28;29;32;35;37;40;43;43;46;47;49;52;53;56;58;61;63;64;66;66;63;61;58;53;48;40;34;29;23;20;17;17;17;17;17;15;15;14;14;11;9;8;8;7;7;7;7;7;7;7;7;7;0;0;7;0;7;7;0;0;0;0;7;7;0;0;0;7;7;7;7;0;0;0;0;0;0;7;0;0;0;0;0;0;0;0;0
0;0;0;0;7;0;0;7;7;0;0;0;0;0;0;7;7;7;0;0;0;0;7;7;8;7;7;7;8;8;7;7;8;9;10;13;13;15;15;16;16;16;18;20;23;23;22;21;20;18;19;20;21;23;22;24;25;26;28;31;33;35;38;39;38;40;40;41;40;39;40;39;38;38;37;35;35;35;33;33;34;33;34;33;34;34;33;32;30;28;27;27;28;31;33;35;37;40;42;45;46;47;50;54;54;56;59;60;64;66;67;65;63;59;56;50;45;40;34;29;23;20;18;18;16;16;17;16;16;14;13;11;9;8;8;0;7;7;7;7;7;7;7;7;0;0;0;0;7;7;7;0;0;7;7;7;0;7;0;7;0;0;7;0;0;7;0;7;0;0;0;0;0;0;7;0;0;0;0
0;0;0;0;0;0;0;0;0;0;0;7;0;7;0;7;7;0;0;7;0;0;7;7;7;8;9;8;8;7;7;7;8;8;11;12;14;15;15;15;16;17;19;21;22;22;21;22;19;18;18;18;20;22;24;23;24;27;29;31;33;34;37;38;39;41;40;40;40;39;39;39;40;38;37;36;35;35;34;34;34;33;32;33;33;33;34;33;31;29;29;29;30;32;33;36;38;40;42;44;47;48;49;52;56;57;60;61;65;66;65;64;62;61;57;51;46;39;34;29;24;21;17;17;16;15;17;16;16;14;13;11;10;8;7;7;0;0;0;7;7;7;7;7;0;0;0;0;7;0;0;7;7;7;0;7;0;0;0;0;0;0;7;7;0;0;0;0;0;0;0;0;0;0;0;0;0;0;0
0;0;0;0;0;0;0;0;0;0;0;0;0;7;7;7;7;0;0;7;0;0;7;7;8;8;8;8;8;7;7;7;8;9;10;12;13;15;16;16;16;16;19;20;21;20;22;21;19;18;17;18;19;20;22;23;25;27;29;31;32;33;36;38;39;40;41;40;40;38;39;39;39;38;36;36;34;34;33;34;34;34;33;33;32;32;33;32;32;31;31;32;32;33;35;37;39;42;41;45;47;48;50;52;55;56;61;62;64;65;64;63;61;59;53;51;48;39;34;29;24;22;19;18;16;15;16;17;16;15;12;11;9;8;7;7;0;7;0;7;7;7;7;7;7;0;0;0;7;0;7;7;0;0;7;7;0;7;7;0;0;0;0;7;7;0;0;7;7;7;0;0;0;0;0;0;0;0;0
0;0;0;0;0;0;0;7;0;0;0;0;7;0;0;7;0;0;7;7;7;7;7;8;8;7;8;8;8;7;7;7;7;8;10;12;13;15;16;16;16;16;17;19;21;21;21;20;19;18;17;18;19;19;20;23;25;26;28;31;33;35;36;37;38;39;39;40;38;38;39;39;38;37;36;35;34;34;33;34;34;32;33;33;33;33;32;30;31;31;31;31;33;34;36;38;39;43;43;45;46;49;50;52;55;58;62;62;63;64;64;63;61;55;53;50;45;38;33;29;23;21;18;17;18;16;15;15;16;15;13;11;9;9;8;8;7;0;0;7;7;0;0;0;0;0;0;0;0;0;7;7;0;7;0;0;7;7;7;0;7;7;7;7;7;7;7;0;7;7;0;0;0;0;0;0;0;7;7
0;7;0;0;0;7;7;7;0;0;0;7;0;0;0;7;0;0;7;7;7;0;0;7;7;8;8;7;7;7;8;7;8;9;11;13;13;15;17;17;16;16;17;18;21;21;20;22;19;19;19;17;18;19;21;23;25;26;29;31;33;35;35;36;38;38;38;37;39;39;38;38;37;36;35;34;33;32;33;34;33;33;31;32;31;31;33;32;32;32;31;31;33;36;37;39;41;42;43;47;48;49;50;52;55;58;62;63;62;63;63;61;60;56;53;50;44;37;32;27;23;20;19;18;17;16;16;16;16;14;13;11;9;9;8;7;7;0;0;7;7;7;7;0;0;0;0;0;7;0;0;7;0;0;0;7;7;7;8;7;7;7;0;0;0;7;7;7;7;7;0;0;0;0;0;0;0;0;0
0;7;0;0;0;0;0;7;0;7;0;0;0;0;0;7;7;7;0;0;0;0;0;7;7;7;7;7;7;7;7;7;8;10;10;12;14;16;16;16;16;17;17;19;20;20;18;18;18;18;18;17;18;19;21;23;25;27;29;30;33;34;34;37;38;37;39;39;40;39;39;38;36;38;35;34;32;31;31;31;31;32;30;31;32;32;32;32;32;33;32;33;33;35;37;39;40;42;43;47;48;49;51;53;57;59;63;64;62;64;63;62;60;58;54;51;44;37;30;26;23;19;18;18;16;16;16;17;17;15;13;11;9;8;7;7;7;0;7;7;7;8;7;7;0;7;0;0;7;0;0;0;7;7;7;0;0;7;7;7;7;0;7;0;7;7;7;0;7;7;7;0;0;0;0;0;0;0;0
0;0;0;0;0;0;0;7;0;7;0;0;0;7;7;0;0;7;0;0;7;0;7;7;8;7;8;7;7;7;7;7;7;8;10;12;13;15;16;16;16;17;18;19;19;19;18;18;17;16;16;17;17;19;22;23;26;28;29;31;32;34;35;37;38;37;38;39;38;38;39;39;38;36;33;32;31;29;31;31;31;32;32;32;32;30;31;31;30;32;31;31;33;34;35;40;40;43;45;46;49;50;52;52;56;60;62;64;64;64;63;63;61;58;55;51;45;38;32;27;23;20;18;17;17;16;16;16;16;15;13;11;10;9;8;7;7;7;0;7;7;7;7;7;7;7;0;0;7;7;0;0;7;7;7;0;7;0;0;7;7;7;7;7;0;0;0;7;7;0;7;0;7;0;7;7;0;0;0
0;0;0;0;7;7;0;0;0;7;0;0;0;7;7;0;0;0;0;0;7;0;0;7;7;7;8;8;7;0;7;7;8;8;10;12;14;15;16;16;16;16;16;18;18;18;17;18;17;17;16;17;17;19;21;23;26;28;30;31;31;32;34;36;37;37;38;39;39;39;39;37;36;34;32;31;31;31;31;30;31;31;30;31;30;29;30;31;30;30;30;31;33;34;36;39;40;41;44;46;48;51;52;54;57;60;63;66;65;65;65;64;62;60;55;50;43;39;31;27;23;21;18;16;15;16;17;17;16;15;13;11;10;8;8;7;7;7;7;7;8;7;0;7;7;7;0;0;0;0;0;0;7;7;7;0;0;7;0;0;7;0;0;0;0;7;7;0;7;0;0;0;7;0;0;0;0;0;0
0;0;0;0;0;0;0;0;0;7;0;0;0;7;0;0;7;7;0;0;0;0;7;7;7;7;7;0;7;7;8;7;8;8;10;12;14;15;15;15;15;16;16;16;17;17;16;17;16;16;15;16;17;18;21;23;26;27;28;30;32;34;34;35;36;38;41;40;40;39;39;37;34;32;32;31;31;31;30;30;30;30;30;31;30;28;31;29;30;32;32;30;31;33;36;38;40;43;43;46;48;50;52;54;57;59;62;66;68;66;65;64;63;62;57;51;46;40;31;27;23;21;19;16;16;15;16;17;16;14;13;11;10;8;8;7;0;7;0;7;7;7;0;0;0;0;0;0;0;0;0;0;7;7;8;0;0;0;0;0;0;0;0;0;0;7;7;7;0;0;0;0;0;0;7;7;7;7;0
0;0;0;0;0;0;0;0;0;7;0;0;0;0;0;0;7;7;0;0;0;0;7;7;7;7;8;7;7;7;7;7;8;8;10;12;14;15;14;16;15;16;16;16;17;17;17;16;16;16;15;15;18;19;21;23;25;27;28;29;31;33;34;36;37;39;40;40;41;40;40;37;34;32;32;30;30;29;28;31;30;30;29;29;29;27;29;28;30;31;31;30;32;33;35;38;40;42;43;43;46;48;51;54;57;60;61;66;67;67;67;66;64;61;57;52;47;40;33;27;23;21;19;17;17;16;16;17;16;15;13;11;10;8;8;7;0;8;7;7;7;8;0;7;0;0;0;7;0;0;7;0;7;8;7;0;0;0;0;7;0;7;7;7;7;7;0;7;7;7;0;0;0;7;0;7;0;0;0
0;0;0;7;0;7;0;0;0;0;0;0;0;0;7;7;7;0;0;7;0;0;7;7;7;7;7;7;7;8;7;7;7;8;10;13;14;14;14;15;15;15;14;15;15;16;17;17;18;16;15;15;17;19;20;23;25;26;28;28;31;32;33;36;36;40;41;40;41;41;39;35;34;33;31;31;30;29;29;30;29;27;28;29;28;28;28;28;29;31;32;31;32;33;35;37;38;41;42;45;47;49;51;55;56;58;61;65;66;67;67;65;63;60;58;52;46;40;34;28;23;21;19;18;17;16;17;17;16;15;14;11;9;7;7;8;0;7;7;0;7;7;7;7;0;0;0;0;0;0;7;0;7;7;7;7;0;0;0;7;0;7;7;7;7;7;0;7;0;0;0;0;7;0;0;7;0;0;0
0;0;0;0;0;7;7;0;0;0;0;0;0;0;0;7;7;0;7;0;0;0;0;0;0;7;7;7;7;8;7;7;7;8;11;12;14;14;15;15;15;16;15;16;15;16;17;16;17;16;15;16;16;18;20;21;23;25;26;27;30;31;32;36;39;39;41;41;40;39;37;36;33;33;31;31;30;28;28;30;28;28;28;28;28;28;27;28;28;30;31;31;31;32;34;35;36;38;40;43;46;48;50;54;56;57;60;62;65;68;66;63;62;60;58;53;47;39;32;28;23;20;18;16;15;16;17;17;17;16;14;11;9;8;7;7;7;7;0;7;0;7;7;7;0;0;0;0;0;0;0;0;0;7;7;0;7;0;0;0;0;0;7;7;7;7;0;0;0;0;0;0;0;0;0;0;0;0;0
7;7;7;7;0;0;7;0;0;0;0;0;0;0;0;7;7;7;0;0;0;7;0;0;7;7;7;0;7;8;0;0;7;8;10;12;13;15;15;16;16;15;15;15;16;16;17;16;17;15;15;16;15;17;19;21;23;24;24;27;30;32;33;36;38;39;41;41;40;38;37;36;34;32;31;30;28;29;28;28;28;28;29;28;27;29;28;27;28;29;30;31;32;33;34;36;37;38;41;42;44;48;50;53;56;58;60;61;63;67;67;65;63;60;57;53;49;42;36;29;23;20;17;16;16;17;17;17;17;16;14;12;10;9;7;7;7;7;0;7;7;7;7;7;0;7;0;7;0;0;7;7;0;7;7;7;7;7;7;7;0;7;7;7;7;0;0;0;0;0;7;0;0;0;0;0;0;0;0
7;7;7;0;0;0;0;7;7;0;0;7;0;0;0;7;7;7;0;7;0;7;0;7;7;7;7;7;0;8;7;7;8;9;11;12;14;15;14;16;15;15;16;16;16;16;17;16;16;15;15;15;17;17;19;21;24;25;26;27;29;31;33;35;36;38;40;40;40;38;37;35;34;32;31;29;28;27;28;28;28;27;27;27;27;27;27;27;29;29;29;30;32;34;35;35;37;38;41;42;43;46;49;53;56;58;59;61;65;68;67;66;64;61;57;53;48;42;37;31;25;21;18;17;17;17;17;18;16;15;14;12;11;9;9;7;0;0;0;7;0;7;0;0;0;0;0;0;0;0;0;7;0;7;0;0;0;7;7;0;7;0;7;7;7;0;7;7;0;0;0;7;0;0;0;0;0;0;0
7;0;0;0;0;0;0;0;0;0;0;0;0;0;7;0;7;7;0;0;0;0;0;7;7;7;0;7;7;0;7;7;7;9;11;13;13;14;15;16;15;15;16;15;16;16;17;17;16;15;15;16;16;16;19;20;22;23;25;26;27;27;32;34;35;37;39;40;38;38;37;34;34;32;32;31;29;28;27;28;28;28;27;27;27;26;26;26;27;29;28;30;32;32;33;35;37;37;40;42;43;46;49;53;55;57;59;61;62;65;66;64;63;60;57;54;49;44;37;30;25;21;19;17;17;17;17;17;16;15;14;12;11;10;9;7;7;0;0;7;0;7;7;0;0;0;0;0;0;0;7;7;7;0;0;7;7;7;0;0;7;0;7;7;7;0;7;7;7;7;0;7;7;0;0;0;0;0;0
7;0;0;0;0;0;0;0;0;0;0;0;7;0;7;0;7;0;0;7;7;0;7;7;7;7;7;7;7;7;7;7;7;9;11;12;13;16;16;16;16;16;16;16;17;16;15;16;16;15;14;15;15;15;17;19;22;23;25;27;27;28;29;30;34;36;37;37;37;38;36;35;33;33;32;31;31;29;28;28;28;27;27;28;26;25;26;26;27;29;30;31;32;33;33;36;37;38;40;42;44;45;48;51;54;58;58;60;62;64;67;66;63;59;55;50;48;44;37;31;25;21;19;17;18;18;18;18;16;15;14;11;10;9;8;7;7;0;0;7;7;7;0;7;7;0;0;0;7;0;0;7;7;0;7;0;0;0;0;0;7;7;7;0;7;7;7;7;7;0;0;0;7;7;0;0;0;0;0
0;0;0;0;0;0;7;0;0;0;0;0;0;0;0;0;0;0;0;0;0;0;7;7;7;7;7;7;7;7;7;7;7;9;10;11;13;14;15;15;16;16;16;17;17;17;14;16;16;15;15;15;15;15;17;20;21;25;26;25;27;28;28;31;33;34;34;34;35;36;36;36;33;32;32;30;29;27;27;27;27;26;28;27;26;26;26;26;26;28;30;30;30;33;35;36;36;37;39;42;42;44;47;50;54;57;59;60;61;62;67;65;63;60;56;50;47;43;38;33;26;21;18;17;17;18;18;17;16;15;14;12;10;8;8;8;7;0;0;0;7;0;7;7;0;0;0;0;0;0;0;7;7;0;0;7;7;7;0;7;0;0;0;0;7;7;7;0;0;0;0;0;7;7;0;0;0;0;0
0;0;7;7;7;7;0;0;0;0;0;0;0;0;0;7;0;0;0;7;0;0;7;7;7;7;8;8;7;0;7;7;9;9;10;11;14;15;16;16;17;17;16;17;17;16;16;16;16;16;15;14;15;15;17;21;24;26;25;26;26;30;30;31;30;33;33;33;33;34;34;32;33;31;30;30;29;27;26;26;26;26;26;26;27;26;26;26;26;27;30;30;32;32;36;36;38;38;39;39;40;44;46;50;54;58;60;60;60;61;64;64;62;60;55;52;47;42;37;32;25;21;17;17;18;19;18;16;15;15;13;12;11;9;8;7;0;7;0;0;7;7;8;7;0;0;7;0;0;0;0;7;7;7;7;7;7;0;0;0;0;0;0;7;7;7;7;7;7;0;0;0;0;0;0;7;7;7;7
0;0;0;7;0;0;0;0;0;0;0;7;7;0;0;7;0;0;0;0;0;0;7;7;0;7;8;8;7;7;0;8;8;8;10;12;14;14;16;16;18;17;17;17;18;17;16;15;15;16;15;15;16;15;17;20;24;26;28;27;27;29;29;30;30;30;32;32;33;34;34;33;34;30;30;29;28;27;26;25;26;26;26;24;26;26;26;25;27;28;30;32;33;33;33;35;36;39;39;39;41;42;44;48;54;59;60;61;60;61;62;64;62;59;56;53;46;43;37;30;25;21;18;17;18;19;18;18;17;15;13;13;11;9;9;8;7;7;0;7;7;0;7;7;7;7;7;0;7;0;7;7;7;7;7;7;7;0;0;0;0;7;0;7;7;7;7;7;7;7;0;0;7;0;0;7;0;7;0
0;0;0;7;0;0;0;0;0;0;0;7;7;0;0;0;7;7;0;0;0;0;0;0;7;7;7;7;7;7;0;7;8;9;11;11;14;15;17;16;17;17;17;18;18;17;15;15;16;17;15;15;16;16;18;21;25;26;28;28;28;29;28;27;29;30;31;34;34;33;35;33;33;32;31;28;28;26;25;24;25;25;25;25;26;26;26;25;27;27;29;30;32;33;34;35;36;38;39;39;41;42;44;47;52;57;59;61;61;61;63;64;60;60;57;53;49;44;36;30;24;19;18;17;18;18;19;19;17;15;13;13;11;10;8;7;7;7;0;7;7;7;7;7;7;7;7;0;0;0;7;0;7;8;7;7;0;0;7;0;0;7;0;0;0;0;7;7;0;0;0;7;0;0;7;0;0;7;0
7;0;0;0;0;7;7;0;7;0;0;0;0;0;7;0;0;0;0;0;0;7;7;0;7;7;7;7;0;7;7;7;8;9;10;11;13;15;15;15;17;17;17;18;17;16;17;15;15;15;16;15;15;17;19;21;24;26;28;28;29;30;29;28;30;30;30;32;33;33;34;33;32;31;31;28;28;27;25;25;25;24;26;25;25;26;26;25;25;27;28;28;31;31;34;35;37;37;37;39;42;42;43;47;52;54;58;62;62;63;63;61;61;61;58;54;50;46;36;30;24;20;18;17;17;19;19;19;18;15;13;12;11;10;8;7;7;0;0;0;7;7;7;0;0;0;0;0;7;7;7;7;7;7;7;7;0;0;0;0;7;0;0;7;0;0;0;7;0;0;0;0;0;0;7;0;0;0;0
0;0;0;0;0;0;7;0;0;0;0;0;0;0;7;7;7;7;7;7;0;0;7;0;7;7;7;7;7;0;7;7;9;9;10;11;13;14;15;16;16;17;18;18;18;16;16;15;15;15;15;15;16;18;19;21;24;26;29;30;30;28;29;28;28;30;30;32;33;33;34;33;33;31;31;28;27;25;26;24;24;25;25;25;25;25;26;25;26;27;27;28;29;29;31;33;34;38;38;40;40;42;43;47;50;52;56;59;63;63;63;61;63;61;59;55;50;42;36;31;25;20;18;18;18;18;18;19;18;16;14;12;11;9;9;8;7;0;0;8;8;7;7;7;0;0;0;0;7;7;7;0;7;7;0;0;0;7;0;7;7;7;7;7;7;0;0;0;0;0;0;0;0;0;0;0;0;0;7
0;0;0;0;0;7;0;0;0;0;0;0;0;0;0;0;0;7;0;0;0;0;7;7;7;7;7;0;0;0;7;8;9;9;10;11;13;14;16;16;17;17;18;18;17;16;15;14;14;15;15;16;16;17;20;21;25;28;30;31;30;30;30;30;31;31;33;33;34;34;34;34;34;32;30;28;27;26;26;24;24;24;24;25;26;25;26;26;26;26;26;28;28;29;30;33;33;35;36;41;42;42;42;46;49;52;56;58;60;62;62;62;62;61;58;53;50;41;35;30;25;20;18;17;17;18;18;19;18;16;14;12;11;10;9;7;7;7;7;8;8;7;7;0;0;0;0;0;0;0;0;7;0;7;7;7;7;7;0;0;0;0;7;7;7;7;0;0;0;0;0;0;0;7;0;0;0;0;0
0;0;0;0;7;7;0;7;0;0;0;7;7;0;7;0;7;0;0;0;7;0;7;7;7;0;7;0;7;0;0;7;8;9;10;12;12;14;16;16;17;18;18;18;18;17;15;15;15;15;15;17;17;19;21;22;25;27;29;29;32;31;31;32;33;33;32;33;34;35;36;35;34;33;32;29;28;27;26;23;24;25;24;25;25;26;26;26;25;26;26;27;27;28;30;32;33;34;36;40;41;41;43;44;48;51;53;56;59;62;64;64;62;63;60;55;49;41;34;28;24;20;17;16;15;18;18;19;19;17;14;12;11;10;9;7;7;0;7;7;7;8;7;0;7;7;7;7;0;0;0;7;7;7;7;7;7;0;0;0;0;7;7;7;7;7;7;7;7;7;0;0;0;0;0;0;0;0;0
0;0;0;0;7;0;0;7;7;0;0;0;7;7;7;0;0;0;0;0;0;0;7;7;7;0;7;7;7;8;7;7;8;10;11;12;13;14;16;16;16;18;18;18;17;17;17;17;16;15;14;18;18;20;22;24;25;27;30;31;33;32;34;33;32;33;33;34;35;36;37;36;35;35;34;31;30;28;26;24;25;25;25;24;24;25;26;26;25;25;25;26;26;27;28;30;32;33;37;39;40;41;43;43;43;48;51;57;59;60;61;62;63;64;60;56;49;40;32;27;24;20;17;16;16;18;18;18;19;17;15;13;11;10;9;8;7;0;7;7;7;7;7;7;0;7;0;0;0;0;0;0;7;7;7;7;7;7;0;0;0;0;7;7;7;7;0;7;7;7;0;0;7;7;0;0;0;0;0
0;0;0;0;7;0;0;0;0;7;0;0;7;0;0;0;0;7;7;0;0;7;7;0;0;7;7;7;0;7;8;8;9;10;11;11;13;14;15;16;17;18;18;18;18;18;18;16;14;15;15;17;19;21;23;25;26;27;29;31;33;34;35;34;34;34;35;35;36;37;37;37;37;34;34;31;30;28;27;25;24;26;25;24;26;25;25;24;25;25;25;24;26;27;29;30;32;35;38;40;43;43;44;44;45;49;52;53;57;59;61;63;63;64;61;58;49;41;33;28;23;20;17;16;16;17;18;19;19;17;15;12;10;9;9;9;7;7;7;7;7;7;0;7;7;7;0;0;0;0;0;0;0;0;7;7;7;7;7;7;0;0;7;7;7;7;0;7;7;0;0;0;0;0;0;0;0;7;0
0;0;0;0;7;7;0;0;0;0;0;0;0;0;0;0;0;7;7;0;7;0;7;7;7;8;7;7;7;8;7;7;9;10;11;11;13;13;16;17;17;17;18;18;19;19;19;17;15;15;16;18;20;22;24;25;26;27;28;30;31;34;36;37;36;36;36;35;37;39;38;39;40;36;34;32;30;28;26;25;26;27;25;26;26;25;25;25;26;25;25;25;25;27;29;29;33;35;38;39;43;44;44;44;45;48;48;51;57;61;62;63;64;62;60;57;50;42;34;28;23;20;17;16;15;17;18;18;18;17;15;13;11;10;10;8;7;0;0;7;7;7;7;8;8;7;7;0;0;7;0;7;7;7;7;7;7;7;7;0;0;7;7;0;0;7;7;7;7;7;0;0;0;7;0;0;0;0;0
0;0;0;0;0;0;0;0;0;0;7;0;0;7;7;0;0;7;7;0;0;0;0;0;7;7;7;7;7;8;8;8;8;9;11;12;14;14;16;16;17;17;18;20;20;19;18;17;15;15;15;17;20;22;23;25;26;28;29;30;33;34;36;37;36;39;36;36;39;39;40;40;41;38;35;33;31;29;27;26;26;26;25;26;26;27;25;26;26;26;26;27;26;27;30;31;34;35;38;39;42;45;46;46;46;47;49;53;58;60;61;62;62;61;60;55;49;41;34;29;24;20;17;16;16;17;17;17;16;17;15;13;11;10;9;8;8;0;0;7;7;7;7;7;7;7;7;7;0;7;7;0;0;0;7;7;7;7;7;7;7;7;7;7;7;7;7;0;7;7;0;0;0;0;0;0;0;0;0
0;0;7;7;7;0;7;7;0;7;0;0;0;0;0;0;0;0;0;0;0;0;0;7;7;7;7;7;8;7;7;8;9;10;12;12;14;15;17;17;17;18;19;20;20;20;19;17;15;15;16;18;20;21;23;25;26;27;29;29;32;33;35;36;36;37;36;36;37;40;42;41;41;41;37;34;31;30;28;27;26;25;26;27;26;26;26;26;26;27;26;28;27;28;29;32;35;36;38;40;43;44;45;45;47;48;49;52;56;59;61;62;62;61;59;56;48;41;34;29;23;20;18;18;16;16;17;17;17;16;14;12;11;10;9;8;7;7;0;7;7;7;7;7;7;0;0;0;0;7;0;0;0;7;7;7;7;0;0;7;7;7;0;7;7;7;0;7;7;0;7;7;0;0;0;0;0;0;0
0;0;0;0;7;7;7;7;0;0;0;0;0;0;0;0;0;0;0;0;0;0;0;0;7;7;7;7;7;7;8;7;9;10;11;13;14;15;16;17;18;17;18;20;19;20;19;18;17;16;16;17;19;20;22;23;26;27;29;29;31;34;36;37;38;38;38;38;38;40;42;43;43;42;40;36;33;30;30;29;29;27;27;27;27;26;26;27;27;27;28;28;29;31;32;33;35;36;39;40;43;45;45;47;47;47;46;50;54;57;60;62;62;60;58;54;48;40;34;29;24;21;18;17;17;15;17;18;18;16;14;13;12;11;9;7;7;7;0;7;7;8;7;7;7;7;0;0;0;0;0;0;7;0;0;0;7;7;7;7;0;7;0;7;7;7;0;7;7;7;0;0;0;7;7;0;0;7;0
0;7;0;0;7;7;0;7;0;0;0;0;0;7;0;0;0;0;0;0;0;0;7;0;7;8;7;7;7;7;7;8;8;10;12;13;13;15;16;17;18;18;18;18;19;19;18;18;17;16;17;18;19;21;22;22;25;27;28;30;32;34;36;37;38;38;39;39;40;42;43;44;44;42;39;38;33;31;30;30;29;28;28;27;27;28;26;28;28;29;29;30;32;32;34;36;36;37;41;41;43;46;47;48;48;48;49;52;54;56;60;62;62;60;58;53;47;39;34;29;24;21;18;17;16;16;17;18;18;16;13;12;11;10;9;8;7;7;7;7;7;7;7;7;0;0;0;0;0;0;7;7;7;0;0;0;7;7;0;7;7;0;7;8;8;7;0;7;0;0;0;0;0;0;0;0;0;0;0
7;7;0;0;7;7;0;7;0;0;0;0;0;0;0;0;0;0;0;7;0;0;0;0;0;0;8;8;8;7;7;8;8;10;12;14;15;15;15;17;18;19;19;20;19;19;19;18;17;17;18;18;20;21;22;22;25;27;29;31;33;33;35;36;37;37;38;39;41;42;43;45;45;42;40;37;34;32;31;29;29;29;28;27;29;28;29;30;30;30;30;31;33;34;36;37;37;38;40;42;45;44;48;49;50;50;50;51;54;56;58;60;61;60;58;54;48;38;33;29;23;20;18;17;17;16;17;18;18;17;14;12;10;10;9;8;7;7;7;7;7;7;7;7;7;0;0;0;0;7;7;7;7;0;0;0;7;0;0;7;7;0;0;7;7;7;7;7;7;0;0;0;0;7;0;0;0;0;0
7;7;0;0;0;0;0;0;0;7;0;0;0;0;7;7;0;0;0;0;7;7;0;0;7;7;7;7;8;7;7;8;9;11;13;13;15;16;17;16;17;17;18;20;20;20;21;20;19;18;19;19;21;21;22;23;25;27;30;32;34;34;34;35;36;37;38;39;42;43;43;45;44;42;40;38;35;34;31;30;31;29;29;29;30;30;30;31;31;31;30;31;33;35;37;37;38;41;41;44;45;46;47;49;51;50;52;54;56;57;59;61;62;59;57;53;47;40;33;27;23;20;18;18;16;16;17;17;18;17;15;13;10;9;9;8;7;7;0;7;7;0;7;7;0;0;7;7;0;7;7;7;7;0;0;7;0;0;0;0;7;0;0;0;7;7;0;7;7;7;0;0;0;0;7;7;0;7;0
0;7;7;0;0;0;0;0;0;0;0;0;0;0;7;0;0;0;7;0;0;0;0;7;7;8;7;7;7;7;8;8;9;11;13;13;14;16;16;15;17;18;18;20;21;21;21;20;19;19;18;20;21;20;22;23;25;28;31;34;34;36;36;36;35;37;38;42;43;43;45;45;44;41;41;39;35;33;31;30;29;30;28;30;30;32;31;33;33;34;33;33;34;36;38;38;40;41;41;43;46;48;48;51;51;51;51;53;56;60;61;62;62;59;57;52;48;41;33;28;23;20;19;17;16;16;17;18;18;17;15;12;11;10;9;8;7;7;7;0;7;7;7;7;7;0;0;7;0;0;7;7;7;0;7;7;7;7;7;0;0;0;0;0;0;7;7;7;0;0;0;0;0;0;7;0;0;0;0
0;0;0;0;7;0;7;0;0;0;0;0;0;7;0;0;0;0;0;0;0;0;7;7;8;8;7;7;7;8;7;8;9;10;13;14;15;15;15;17;17;18;19;20;21;21;20;19;19;18;18;20;20;21;23;25;27;29;31;34;36;37;36;37;37;38;39;42;42;44;44;43;43;42;42;40;36;34;33;30;30;30;31;32;31;32;33;34;33;34;34;34;34;36;36;39;41;41;44;44;46;47;48;50;51;52;53;55;57;60;62;64;62;60;57;53;48;42;34;27;22;20;17;17;17;17;17;19;18;17;15;13;12;10;9;8;8;0;7;7;7;7;7;7;7;7;7;0;0;0;0;0;7;0;7;7;7;7;7;0;7;0;0;0;7;7;7;7;7;7;0;0;0;0;0;0;0;0;0
0;0;0;0;0;0;0;0;0;7;7;0;0;0;0;0;7;0;0;0;0;0;0;7;7;7;7;8;7;7;7;8;9;11;14;13;14;14;15;17;18;19;21;21;21;22;20;19;19;18;19;20;22;23;25;26;28;30;33;34;37;37;38;38;37;38;38;41;43;44;44;44;43;43;41;40;36;35;32;30;30;30;31;32;33;33;35;36;35;35;35;36;35;37;38;39;41;43;43;44;46;47;50;52;53;53;56;58;59;60;64;65;64;60;57;53;48;41;34;27;23;20;18;17;15;16;17;18;18;17;15;14;12;10;8;8;8;7;0;7;7;7;7;7;7;7;7;0;0;7;7;7;0;0;7;7;7;7;7;0;0;0;7;7;7;7;7;7;7;0;0;0;0;0;0;0;0;0;0
0;0;0;0;0;0;7;0;0;7;0;0;0;0;7;0;0;0;7;7;7;0;7;7;8;8;7;7;7;7;8;9;9;11;13;13;14;15;16;17;18;19;21;21;21;22;21;19;18;19;20;20;23;25;25;26;27;32;34;36;39;39;40;39;38;39;40;41;43;45;45;43;43;41;40;40;36;34;31;30;30;30;31;33;34;35;36;36;35;35;34;35;35;37;38;39;41;43;44;44;45;47;49;54;53;55;58;58;59;61;64;65;64;61;57;53;48;42;34;27;23;20;18;17;15;15;17;18;18;18;17;15;12;10;9;9;7;7;0;0;7;7;7;7;7;7;7;0;7;0;0;7;7;7;7;7;0;7;7;7;7;0;7;0;7;7;7;7;0;0;0;0;0;0;0;0;0;7;0
0;0;0;7;7;0;0;0;7;7;0;0;0;0;0;0;0;0;0;0;0;7;7;7;8;8;8;7;7;7;7;9;10;11;12;13;15;16;16;17;18;19;21;21;21;22;21;20;19;19;20;21;22;24;25;27;29;33;34;36;39;40;42;41;40;40;41;43;43;44;44;43;44;41;40;39;36;34;31;32;31;31;33;35;35;36;37;36;35;34;36;35;36;37;38;40;41;43;45;45;45;46;49;53;54;58;59;60;62;64;64;65;64;61;57;52;48;41;35;29;24;19;17;17;16;14;16;17;17;18;17;14;12;10;9;8;7;7;7;7;7;8;7;7;7;7;7;0;7;0;0;7;7;7;0;7;7;0;7;7;7;7;0;0;7;7;7;8;7;0;0;0;0;0;0;0;0;0;0
0;7;0;0;0;0;0;7;7;0;0;0;7;0;0;0;7;7;0;0;7;7;0;7;8;8;7;7;8;8;8;9;10;12;13;14;15;17;17;17;18;19;21;21;23;22;22;21;21;19;21;22;22;25;27;30;32;34;34;37;40;41;42;41;40;41;41;43;44;44;45;45;43;43;40;38;36;34;31;32;33;32;33;35;36;37;38;38;36;36;36;36;37;38;39;40;43;45;44;45;46;48;50;54;57;59;61;64;67;67;65;65;64;62;58;52;48;42;35;30;24;20;18;16;16;15;15;17;18;18;17;15;12;10;10;8;7;0;0;7;7;7;7;7;7;7;0;0;0;0;7;0;0;0;0;0;7;7;7;7;0;0;7;7;7;7;0;7;7;0;7;0;0;0;0;0;0;0;0
7;7;7;0;0;7;0;0;0;0;0;0;0;0;0;7;0;0;0;0;0;7;0;7;8;8;7;8;8;8;8;9;10;11;13;15;15;16;17;17;18;20;21;22;23;24;24;23;20;20;22;22;24;26;27;29;32;33;35;38;39;40;41;40;41;42;42;42;44;46;47;46;44;41;39;38;36;32;33;32;31;33;34;36;37;39;39;36;36;37;37;36;37;37;39;41;43;44;45;46;46;48;50;55;58;60;62;66;68;69;69;67;66;62;60;53;48;43;36;30;25;20;18;17;16;15;15;16;18;18;17;15;12;10;9;7;7;0;7;0;7;7;7;7;7;0;0;0;0;0;0;0;0;7;7;0;8;7;7;0;7;0;7;7;0;7;7;7;7;0;7;0;0;0;0;0;0;0;7
7;0;7;0;0;0;0;0;0;0;0;0;0;0;0;7;0;7;0;7;7;7;7;7;0;8;7;8;8;8;8;9;10;10;13;14;16;17;18;19;20;20;22;22;23;24;24;22;21;21;22;22;24;25;27;29;31;35;36;38;40;40;42;43;42;43;43;43;45;47;46;45;44;42;40;38;36;34;33;33;32;33;35;37;39;41;40;38;38;40;36;36;36;37;38;40;41;43;45;46;46;48;52;54;58;61;65;67;68;69;68;67;67;65;62;55;49;43;37;31;25;21;19;16;16;15;15;16;18;18;16;14;13;11;9;7;7;0;7;0;7;7;7;7;7;7;7;0;0;0;7;7;0;7;7;7;7;0;7;7;0;0;0;0;0;7;7;7;7;7;7;0;0;0;0;7;0;0;0
0;0;7;7;0;7;0;0;0;0;0;0;0;7;0;7;0;7;7;0;0;7;8;7;7;8;8;9;8;8;8;8;9;10;12;13;15;17;18;17;19;20;22;22;24;25;25;24;22;21;22;21;23;25;28;31;33;35;37;38;40;41;42;43;43;43;43;44;46;46;47;46;42;40;40;39;37;35;34;33;33;34;34;36;38;39;40;40;39;37;37;38;36;37;37;39;41;43;44;46;46;49;52;55;58;63;66;67;67;68;67;66;69;65;61;56;49;44;38;32;26;22;19;16;16;15;16;16;17;17;16;14;12;10;9;8;7;0;0;0;7;7;7;7;7;0;0;7;7;0;0;0;0;0;7;0;0;7;7;7;7;7;7;0;0;7;0;0;7;0;7;7;7;0;0;0;0;0;0
0;7;0;7;0;7;7;0;0;0;7;0;0;7;0;0;7;0;7;7;7;7;7;8;8;8;8;8;7;7;8;8;10;10;12;13;15;16;18;18;19;20;22;23;25;25;25;24;24;21;21;21;23;26;28;31;34;35;36;37;38;41;42;43;44;45;45;44;46;47;47;46;43;40;41;38;37;35;34;34;34;34;34;37;40;38;39;40;39;38;38;38;37;37;37;39;40;41;44;46;47;50;53;56;60;64;66;66;68;68;67;68;68;66;62;57;50;45;38;32;26;22;18;16;15;15;15;17;16;17;17;15;13;11;9;8;7;0;7;7;0;7;7;8;7;0;0;0;0;0;0;0;7;0;7;7;7;0;0;0;7;7;7;7;0;0;7;7;7;0;0;7;0;7;0;0;0;0;0
0;7;0;0;0;7;7;0;0;0;0;7;0;7;7;0;7;7;0;7;7;7;8;9;9;8;8;8;8;8;8;8;9;10;11;13;16;17;17;18;20;20;22;22;24;25;25;23;24;22;22;22;24;26;28;31;33;39;37;38;39;41;42;44;47;46;46;45;45;46;45;46;44;41;40;39;37;37;35;35;35;35;35;38;38;39;38;39;39;39;37;36;37;36;37;38;41;41;44;47;50;52;54;57;61;64;66;66;68;67;68;70;70;68;62;58;51;47;39;32;26;22;18;16;15;16;15;16;16;16;16;15;14;12;9;8;7;7;7;8;7;7;7;8;7;0;7;0;0;0;0;0;0;0;0;7;7;0;0;7;7;7;0;0;7;7;7;7;0;0;0;7;0;0;0;0;0;0;7
7;0;0;7;7;0;7;0;7;0;0;0;0;7;7;7;7;0;7;7;0;7;7;8;8;8;8;8;8;8;8;8;9;11;11;13;15;17;17;18;19;21;22;24;24;25;25;24;24;22;21;22;24;25;28;31;33;38;39;40;41;42;42;44;45;46;46;46;45;44;44;43;43;40;39;38;37;37;36;37;34;36;37;37;37;39;40;40;39;39;40;37;39;38;37;37;40;43;45;47;50;52;54;58;61;64;66;68;68;68;69;70;70;68;64;59;52;46;41;33;27;22;18;17;15;15;16;15;16;17;16;15;13;12;9;8;7;7;7;7;7;8;8;7;0;0;0;0;0;0;0;0;0;0;7;0;7;0;0;7;0;7;7;0;0;7;7;7;7;7;0;0;0;0;0;7;0;7;7
0;0;0;7;0;0;7;7;7;0;0;0;0;0;0;0;0;7;7;0;7;0;7;7;8;8;8;8;8;7;9;8;9;10;11;13;14;16;17;19;20;23;23;24;24;25;24;24;23;22;22;23;24;25;28;31;34;38;39;39;40;41;42;44;46;48;47;47;46;47;45;43;43;41;40;40;38;38;38;37;36;37;35;36;38;39;40;39;39;40;40;39;39;39;40;40;41;43;45;47;50;52;54;59;61;64;67;70;69;70;71;71;69;66;64;58;52;46;40;33;26;22;19;17;15;15;16;15;16;17;17;16;14;12;11;8;8;7;0;7;7;7;8;7;7;7;0;0;0;0;7;0;0;7;7;7;8;7;0;7;7;7;7;0;0;0;0;7;7;7;0;0;0;7;0;7;7;0;0
7;0;7;0;0;7;0;7;0;0;0;7;0;0;7;0;0;0;0;0;0;0;7;8;7;8;8;8;8;7;8;9;10;10;10;13;14;16;16;19;20;22;23;24;24;24;24;23;23;23;23;23;24;26;29;32;35;36;39;39;39;41;42;44;47;48;47;46;47;47;45;44;43;42;43;40;37;36;38;37;36;35;35;36;37;38;39;39;38;41;41;40;40;39;39;40;41;43;45;48;50;53;55;60;62;65;67;67;68;71;71;73;72;68;65;58;52;44;40;32;26;20;17;16;17;16;16;15;15;16;17;15;13;11;10;8;8;7;7;0;7;7;8;7;7;7;0;0;0;0;0;0;0;7;7;7;0;0;0;0;0;7;0;0;0;7;7;7;0;0;0;0;0;0;0;0;0;0;0
0;0;7;0;0;7;0;0;0;0;0;0;7;0;7;0;0;0;0;0;7;7;7;8;7;7;8;8;7;7;9;9;9;11;11;12;14;15;16;18;19;22;23;24;26;25;24;24;24;23;24;23;25;26;28;32;35;37;40;39;39;42;42;43;45;46;46;46;46;46;43;43;43;41;41;40;39;38;38;37;37;36;36;36;36;36;38;39;40;41;39;40;41;40;39;40;39;41;45;48;49;53;56;58;63;64;66;68;68;71;71;73;74;70;65;57;52;45;40;31;26;21;18;17;17;16;16;16;16;16;16;15;13;11;10;9;8;7;7;0;0;8;7;7;7;7;0;0;0;0;0;7;7;7;7;8;7;7;7;7;7;0;0;0;0;7;7;7;7;0;0;7;0;0;7;7;0;0;0
0;0;0;7;0;7;0;0;0;7;0;0;0;0;0;0;7;0;0;7;7;7;7;7;8;8;9;8;7;7;8;9;9;9;11;12;15;16;16;19;19;22;23;25;24;24;23;24;24;23;23;23;26;27;28;32;35;37;39;41;41;43;43;44;46;46;45;45;45;47;43;42;41;41;42;41;38;38;38;36;36;35;35;35;36;36;38;38;40;41;40;39;39;40;40;40;41;43;45;47;49;52;56;57;61;63;66;68;67;70;71;73;73;71;66;59;54;46;39;31;26;21;18;17;17;17;16;16;15;15;15;15;14;11;10;9;7;0;7;0;0;7;7;7;7;7;7;7;7;7;0;0;7;7;7;7;0;0;0;0;7;0;7;7;7;7;7;7;0;0;0;0;0;0;0;0;0;0;0
0;0;0;0;0;0;0;0;0;0;0;0;0;7;7;7;7;7;0;7;7;0;7;8;8;9;9;9;8;7;8;8;9;10;11;12;15;16;17;17;19;22;25;25;24;24;24;24;24;24;24;24;23;26;28;30;33;36;39;41;42;44;43;43;45;44;44;45;46;45;44;43;41;41;41;40;39;39;36;36;35;34;35;34;33;34;37;38;38;40;41;42;40;41;41;41;42;43;44;45;48;52;55;56;61;64;67;69;68;71;72;73;73;72;67;60;54;45;38;32;27;21;18;17;17;17;17;15;16;15;15;15;13;11;10;9;7;7;0;0;0;7;7;7;7;0;7;7;0;0;7;0;7;7;7;7;0;0;0;0;0;7;7;0;7;7;8;7;0;0;7;0;0;0;0;0;0;0;0
7;0;0;7;7;7;0;0;0;0;0;7;0;0;7;0;7;0;0;0;7;7;7;8;9;8;9;8;8;7;8;8;9;11;12;13;15;15;18;17;18;21;24;25;25;26;25;24;25;24;24;24;24;25;28;29;33;36;38;41;43;43;43;43;42;44;45;44;46;45;44;45;42;40;40;39;38;39;37;36;35;33;34;33;33;34;36;37;38;40;42;42;42;40;41;41;41;42;43;45;48;52;55;57;59;64;67;68;67;70;74;75;74;72;66;59;54;46;38;32;26;21;18;17;17;18;19;17;16;16;16;14;13;11;10;8;7;7;7;7;8;8;7;7;7;7;7;7;7;0;7;0;7;0;0;7;0;0;0;0;0;7;7;0;7;7;7;7;0;0;0;7;0;0;0;0;0;0;0
0;7;0;7;0;7;0;0;0;7;0;0;0;0;7;7;7;0;0;0;0;8;8;7;9;9;10;8;8;7;7;8;9;10;13;14;16;16;18;18;20;20;24;27;25;26;25;25;24;24;23;23;24;24;26;28;33;36;39;42;42;44;44;43;43;43;44;45;45;46;43;43;41;39;39;39;40;38;36;35;35;33;34;32;32;34;34;36;38;40;42;43;43;42;42;42;41;42;42;45;48;51;54;55;59;63;65;68;70;71;74;75;72;72;66;61;53;46;37;32;26;21;17;17;16;18;19;17;17;16;16;14;12;10;9;8;7;7;0;7;7;7;7;7;7;7;7;7;7;0;0;7;7;0;0;7;0;0;7;7;0;0;7;0;7;7;7;7;0;7;0;0;0;0;7;0;0;7;0
0;7;7;8;7;0;0;7;7;7;0;7;7;7;7;0;0;7;7;0;7;7;7;8;8;9;9;9;8;7;8;8;9;11;12;14;16;17;17;18;20;21;24;26;26;26;25;25;24;23;23;23;24;25;26;29;33;37;40;41;42;45;45;44;44;44;43;45;45;43;42;43;41;39;40;40;38;37;35;34;34;34;32;31;31;34;34;36;38;39;41;41;41;42;42;41;39;41;41;42;45;48;52;56;60;62;64;66;68;70;73;72;73;72;66;61;54;46;38;32;27;22;17;16;17;17;18;17;17;16;15;14;12;10;10;8;7;7;7;7;7;7;7;7;0;7;0;0;7;7;0;7;7;0;0;7;7;7;7;0;0;0;0;7;7;7;7;7;7;7;0;0;0;0;0;0;0;0;0
7;7;7;0;7;0;0;0;0;7;7;0;7;7;7;0;0;7;0;0;7;7;8;8;8;8;8;9;7;7;8;8;8;11;12;14;16;17;18;19;20;22;23;27;26;25;26;24;23;24;22;23;23;24;25;27;31;36;40;41;43;46;45;44;43;43;42;43;45;44;44;44;41;39;39;38;37;36;34;34;33;32;31;31;31;32;32;36;38;39;41;42;42;41;43;41;40;40;41;41;43;48;51;54;58;61;63;63;67;70;70;73;72;70;68;61;54;45;38;32;26;22;17;16;16;16;18;17;17;17;15;14;13;11;9;8;7;7;7;0;7;7;7;7;7;7;0;0;0;0;0;7;7;7;7;0;0;0;0;0;7;7;8;7;7;7;7;7;7;7;0;0;7;0;0;7;0;7;0
0;0;0;0;0;7;0;7;7;0;7;7;7;0;0;0;0;7;0;7;7;7;7;8;8;8;8;9;8;8;8;8;9;10;13;14;15;17;18;19;21;22;24;26;25;25;26;26;25;24;23;22;23;24;25;28;32;36;38;40;42;44;44;43;42;43;43;44;45;46;45;44;42;41;39;37;34;36;35;34;33;32;32;33;32;33;34;34;37;38;38;41;42;43;44;41;40;41;42;42;44;47;51;53;58;61;64;66;68;70;70;71;70;69;66;60;53;45;37;30;26;21;17;15;16;16;17;17;17;17;16;14;13;12;10;8;8;0;0;0;7;0;7;7;7;7;0;7;0;0;0;0;7;7;7;7;0;0;0;0;0;7;7;7;0;8;7;7;7;0;0;0;0;0;7;0;0;7;7
0;0;7;7;7;7;7;0;0;0;7;7;7;7;7;0;0;7;0;0;7;7;7;8;8;8;8;9;8;7;7;8;9;10;12;14;15;17;19;19;20;23;24;25;25;26;26;26;25;24;24;23;23;25;26;28;33;35;38;40;41;43;43;41;43;44;44;43;44;46;44;44;42;40;38;36;35;33;34;34;33;34;34;32;33;33;34;35;38;37;39;42;43;44;44;43;41;41;42;43;46;49;51;54;59;61;64;67;69;72;71;71;72;72;67;61;53;45;37;31;26;20;17;15;16;16;17;17;16;16;16;15;12;11;9;8;7;7;0;7;7;7;0;0;0;0;0;0;0;0;0;7;7;7;7;7;7;7;0;7;0;7;7;0;0;7;7;0;7;0;0;7;0;0;0;0;0;0;0
0;0;7;0;0;0;0;0;7;0;0;7;0;7;0;0;0;7;0;0;7;7;8;8;8;7;9;9;9;8;7;8;9;11;12;14;16;17;19;20;21;23;23;25;24;26;26;26;25;24;24;23;25;24;26;28;32;36;40;40;40;43;42;41;43;42;44;44;45;46;46;45;43;40;37;35;35;33;33;33;32;32;32;31;31;32;33;35;37;39;41;43;43;44;43;44;44;42;43;44;48;49;51;56;60;62;66;68;70;71;71;71;72;72;68;64;56;46;39;32;26;22;17;15;15;16;16;17;17;17;16;13;12;11;9;7;7;7;0;8;7;7;7;0;0;0;0;0;0;0;0;0;7;7;7;7;7;7;0;7;7;7;7;7;7;7;7;7;7;0;7;7;0;0;0;0;0;0;0
0;0;0;0;7;0;0;0;7;7;7;0;7;7;0;7;0;0;0;7;7;7;8;8;8;8;9;9;8;8;8;8;10;11;12;14;16;17;19;21;22;22;23;24;24;25;25;25;26;25;25;24;25;25;26;29;32;36;41;41;41;42;42;41;43;44;45;46;47;46;46;45;43;40;37;35;35;33;32;32;32;32;31;31;31;32;34;34;37;39;41;43;44;44;46;45;45;43;44;45;47;49;52;56;59;61;64;67;69;70;70;70;69;70;67;62;56;49;41;33;27;22;17;16;15;16;17;17;17;17;16;14;13;10;9;7;0;7;0;7;0;7;7;7;7;7;7;7;7;0;0;7;0;0;0;7;7;0;0;0;7;0;7;7;7;7;7;8;8;0;7;0;0;0;0;0;0;0;0
7;7;7;0;0;7;7;0;0;0;7;0;7;0;0;0;0;0;0;0;7;7;7;8;8;9;9;9;8;8;8;8;9;9;12;14;16;17;19;21;22;24;24;25;26;25;25;26;26;27;26;24;25;24;27;30;34;36;38;39;41;41;40;40;41;42;42;45;46;45;46;45;43;41;36;35;35;33;32;32;32;33;32;31;31;31;33;34;36;39;41;42;47;46;45;45;44;44;46;46;47;49;55;54;57;62;65;66;68;69;70;71;72;71;68;63;57;51;43;35;27;22;17;16;15;16;17;17;17;17;16;14;13;11;9;7;7;7;0;7;7;7;8;8;8;0;0;0;0;7;0;0;7;7;7;7;0;0;7;7;7;7;0;7;7;7;7;8;8;0;7;0;0;0;0;0;0;7;0
7;0;0;0;0;0;0;0;0;7;0;7;7;7;0;0;0;7;7;0;0;7;7;8;8;9;9;8;8;9;8;8;10;10;12;14;16;17;18;21;22;23;23;26;26;26;25;26;26;26;25;24;24;26;27;30;33;35;37;39;41;42;41;41;41;42;44;46;47;46;45;45;40;40;38;37;33;31;32;31;31;32;32;31;31;28;31;33;36;39;41;42;44;45;45;45;44;45;47;47;48;50;53;56;58;62;65;65;68;69;69;71;72;71;69;64;57;49;42;34;27;22;18;17;16;16;17;17;17;17;16;14;13;10;8;8;7;7;7;7;0;0;7;7;7;0;7;7;7;0;7;7;7;7;7;7;7;7;7;7;0;7;7;7;7;7;7;7;7;7;7;0;0;0;0;7;0;0;0
0;0;0;0;0;0;0;0;7;0;0;0;7;7;0;7;0;0;0;7;0;0;7;7;8;8;8;8;8;8;8;8;10;11;12;14;16;17;18;21;23;24;26;26;25;25;25;26;26;26;26;24;26;27;28;31;34;35;36;39;41;40;42;42;41;44;45;47;49;48;46;45;42;40;36;34;32;30;31;31;31;32;31;32;30;30;32;33;36;39;41;44;45;45;47;46;46;49;47;48;47;49;53;56;59;61;64;67;70;70;71;72;71;70;69;65;58;52;43;35;27;22;18;16;16;16;17;17;18;17;16;15;13;11;9;8;8;7;7;7;7;0;0;7;7;7;0;0;0;0;0;0;0;7;0;0;0;0;7;0;0;0;7;7;7;0;0;7;7;8;7;0;0;0;0;0;0;0;0
0;0;0;0;0;0;0;0;7;0;0;0;0;7;0;7;7;0;0;7;7;0;7;7;8;8;8;8;8;8;9;8;10;11;13;15;17;17;19;21;23;24;26;26;27;26;26;27;26;26;26;26;28;28;29;33;36;37;39;40;43;41;41;41;42;43;44;45;47;47;45;44;41;41;36;34;32;30;31;31;31;33;32;31;32;32;34;33;38;41;43;44;45;45;48;48;48;48;48;49;50;50;53;58;59;63;65;67;70;72;72;72;71;70;68;64;59;53;44;37;28;22;18;16;15;15;16;16;17;17;16;15;13;11;10;8;7;7;0;7;7;7;8;7;0;8;7;0;0;0;0;0;0;0;7;7;7;7;7;0;0;7;7;7;7;0;0;7;0;7;7;0;7;0;0;7;0;7;0
0;0;7;0;7;0;0;0;0;0;7;0;0;0;0;7;7;0;0;0;7;0;7;7;8;8;8;8;8;8;8;8;10;12;13;16;17;18;19;21;23;24;25;26;27;27;26;27;27;27;26;27;28;27;31;34;37;39;40;41;42;41;41;42;42;43;44;45;46;46;45;44;41;39;37;34;31;31;31;32;32;34;33;32;31;32;33;35;38;40;42;44;45;46;47;48;48;48;49;48;49;49;50;56;58;62;66;68;71;71;71;72;73;70;69;64;61;54;44;37;30;22;18;16;14;15;16;16;18;17;15;14;13;11;10;9;7;7;7;7;7;8;7;7;7;7;7;0;0;0;0;7;7;0;0;7;7;0;0;0;0;7;7;7;7;0;7;7;7;7;7;7;7;0;0;0;0;0;7
7;0;0;0;7;0;0;7;7;7;0;0;7;7;0;0;8;7;7;7;0;0;0;8;9;9;7;8;8;8;8;9;9;12;14;16;19;19;20;22;24;25;27;27;28;29;27;27;26;25;26;27;27;29;34;36;36;38;40;40;41;42;41;41;42;43;45;46;46;46;45;43;41;39;35;33;31;30;32;32;32;32;34;32;31;32;34;36;39;40;42;44;45;45;45;48;48;49;47;48;49;51;52;56;59;61;64;68;71;71;72;69;71;70;67;65;62;54;46;39;31;25;19;16;15;15;15;16;16;16;15;14;13;11;10;9;8;7;7;0;7;7;7;8;0;0;0;0;0;0;0;0;0;0;0;7;7;7;0;7;7;0;7;7;7;0;7;7;7;7;7;7;7;0;0;7;0;0;0
0;0;0;0;7;7;7;7;7;0;0;7;0;7;7;0;0;0;7;0;7;7;8;8;8;8;8;7;8;8;8;9;11;13;14;17;18;19;21;22;23;26;26;27;27;28;26;26;24;25;25;27;27;30;34;37;37;38;40;41;42;42;43;42;44;44;46;48;47;47;45;44;41;38;35;33;31;31;31;31;30;32;33;33;32;33;35;37;38;40;41;43;45;47;47;47;48;49;48;49;49;48;52;57;59;61;65;69;71;71;72;71;71;69;68;66;64;55;48;40;32;26;21;17;15;14;14;16;15;16;16;15;13;11;10;9;8;7;7;7;7;7;8;7;0;7;0;0;7;0;0;7;0;7;7;0;0;0;0;7;7;0;7;0;0;0;0;0;7;7;0;0;0;7;0;0;7;0;0
0;0;0;7;7;0;0;7;7;0;0;0;0;0;7;7;7;0;0;0;0;7;8;7;7;8;8;8;7;7;8;9;10;12;15;18;19;20;21;22;23;25;25;28;28;28;27;27;26;26;24;25;27;29;35;37;40;42;42;41;41;43;44;44;45;44;45;45;47;48;47;46;42;38;35;33;31;30;31;31;33;33;34;34;33;33;34;36;38;41;42;44;45;48;49;49;48;48;48;49;50;49;52;56;60;62;65;69;71;73;72;72;72;69;67;65;63;54;49;42;33;27;22;17;16;15;15;15;15;15;15;15;13;11;10;9;8;8;8;7;7;7;7;7;7;0;7;7;7;7;0;0;0;7;7;7;0;0;0;0;7;0;7;0;7;7;0;7;7;7;0;7;0;0;0;0;0;0;0
0;0;0;0;7;0;0;7;0;0;0;0;0;7;0;0;0;0;0;7;7;7;8;8;8;9;8;8;8;8;8;9;11;12;14;17;19;19;20;22;25;26;27;29;28;27;27;25;25;25;25;25;28;32;37;37;39;41;43;45;45;44;44;44;45;43;45;47;49;50;49;46;42;38;34;33;32;31;29;32;32;33;35;35;34;34;34;35;38;39;42;44;44;46;47;47;48;48;48;49;50;50;52;56;61;62;65;69;69;71;72;73;71;69;67;63;62;56;50;43;34;28;23;19;16;16;15;15;15;16;16;15;13;11;10;9;8;8;8;7;0;7;7;7;7;7;7;7;7;0;0;7;7;0;7;7;0;7;0;0;7;7;7;7;7;7;7;7;0;0;0;7;0;0;0;0;0;0;0
0;0;0;0;0;7;7;7;7;0;0;0;7;7;7;7;0;0;0;7;7;7;8;8;8;8;8;8;8;8;8;10;11;12;14;18;20;20;21;24;26;26;27;28;29;27;27;26;25;25;25;27;30;33;36;39;39;41;43;43;44;43;43;44;44;44;45;47;49;50;49;46;42;38;34;32;31;31;30;32;32;34;34;34;34;34;35;34;38;39;41;43;45;47;48;47;48;49;48;50;50;50;52;55;60;63;66;70;69;70;71;70;69;68;67;64;64;59;52;43;33;27;24;21;18;16;14;14;15;15;14;14;13;12;10;9;7;7;7;0;7;7;7;7;7;7;7;7;7;0;0;7;7;0;7;7;0;7;7;0;7;7;7;8;8;7;7;7;7;0;0;0;0;7;0;0;0;0;0
0;0;7;7;7;7;7;7;0;0;0;0;0;0;0;7;0;0;0;0;7;8;8;8;7;8;8;8;7;8;8;9;10;12;14;17;20;21;23;23;24;26;26;28;27;27;27;27;26;26;25;27;29;33;36;38;40;42;43;44;46;46;45;46;45;44;45;48;50;51;47;45;42;39;34;32;31;31;30;32;32;33;34;34;35;34;35;35;37;39;41;43;45;47;48;49;49;51;50;51;50;50;51;55;60;64;67;71;71;73;73;71;69;69;69;67;62;58;52;44;34;28;24;20;18;16;14;14;15;15;15;15;13;12;10;9;8;8;7;7;7;7;7;7;7;0;0;0;0;0;0;0;0;0;7;7;0;7;0;0;0;7;7;7;8;7;7;7;0;7;7;0;0;0;0;0;0;0;0
0;0;7;0;7;0;0;8;0;0;0;7;0;0;0;7;7;7;0;0;7;7;7;7;8;8;8;9;7;7;8;9;11;12;15;18;20;21;23;26;25;27;28;29;28;28;28;28;27;27;26;27;29;34;36;38;40;42;43;44;47;47;46;46;45;45;47;49;50;52;50;47;42;39;35;32;31;31;32;31;33;34;35;34;35;35;35;36;37;39;42;43;44;46;47;48;49;51;52;52;51;52;53;55;60;63;67;72;71;73;73;72;71;71;69;67;63;58;54;45;36;29;25;22;19;16;15;14;15;15;16;16;14;12;10;8;8;8;8;7;0;0;0;7;0;0;0;0;0;0;0;0;0;0;7;0;0;7;0;0;0;7;7;8;7;0;7;7;7;7;0;7;0;0;0;0;0;0;0
0;7;7;0;0;0;0;7;7;0;0;0;0;7;7;7;7;0;0;0;7;7;7;7;8;8;8;8;8;8;7;9;11;13;15;18;21;23;24;26;26;27;29;29;28;29;29;28;26;26;26;29;32;35;36;39;40;42;46;45;47;46;47;46;45;46;48;49;50;51;50;48;46;41;37;35;33;31;31;33;34;35;35;34;34;34;35;36;37;39;41;44;45;46;46;49;50;51;51;51;51;51;54;57;61;65;68;71;71;73;73;71;70;70;67;65;64;60;52;45;36;30;25;23;20;16;15;14;14;15;17;16;14;13;11;9;7;7;7;7;7;7;7;8;8;7;0;0;7;7;0;7;0;0;0;0;0;7;7;7;0;7;7;7;7;0;7;0;0;0;0;0;7;0;0;0;7;0;0
0;0;7;0;0;0;0;0;0;0;7;7;7;7;7;7;0;0;0;7;0;7;7;7;7;8;8;8;8;7;7;8;11;13;15;19;22;24;27;27;27;28;30;30;29;30;29;28;27;26;27;31;33;36;38;39;40;42;46;48;48;47;48;45;45;46;47;48;50;51;50;49;46;41;38;35;33;32;32;33;34;35;35;35;37;34;35;36;39;40;41;42;45;47;47;49;49;51;50;52;53;52;54;57;61;65;68;72;73;75;72;72;72;70;69;68;67;63;54;45;36;30;25;22;20;17;16;14;15;15;15;16;14;12;10;10;8;7;8;0;7;8;8;8;7;7;7;0;0;7;0;0;7;0;0;0;0;0;7;0;0;7;7;7;7;7;7;7;7;0;0;0;7;7;0;0;0;0;0
0;7;0;0;7;0;0;0;0;0;0;7;0;0;0;0;0;0;0;7;7;7;7;7;8;7;8;8;8;7;8;9;11;14;16;19;23;24;26;27;28;29;31;31;31;30;30;28;27;27;27;31;33;36;39;41;43;43;47;49;50;47;47;45;45;45;45;47;50;51;50;49;46;42;38;34;33;32;32;32;33;34;35;34;35;34;35;37;38;42;42;43;45;48;49;51;50;52;52;52;53;52;54;58;63;67;69;71;73;73;75;73;71;70;68;68;68;63;55;46;39;32;26;21;19;16;15;14;14;16;16;16;13;12;10;10;9;8;7;7;7;8;7;7;7;7;7;0;0;0;0;0;0;7;0;0;0;0;0;0;7;7;7;7;7;7;7;0;0;0;0;0;0;0;0;0;0;0;0
7;0;0;7;0;0;0;0;7;7;0;0;0;7;7;0;7;7;0;7;7;7;8;8;8;8;8;8;8;7;7;9;12;14;16;19;22;23;25;26;28;30;33;32;31;30;30;28;28;27;28;30;33;38;40;41;41;44;46;48;49;48;48;46;45;44;44;47;49;49;51;52;48;42;38;36;33;32;32;33;35;35;34;35;36;36;38;38;39;40;43;44;44;47;49;50;50;52;53;52;51;52;56;59;62;65;69;72;72;75;75;75;72;71;67;70;70;65;58;48;41;35;27;22;19;16;14;14;14;15;16;16;14;12;10;10;9;8;7;7;0;7;7;8;8;7;0;0;7;0;0;0;0;7;7;0;0;7;0;0;0;8;7;7;7;0;7;7;0;0;7;7;0;7;0;0;7;0;0
0;0;0;7;0;0;0;7;0;0;0;0;0;0;0;0;0;7;0;0;7;7;8;7;7;8;8;8;7;8;8;9;12;14;15;19;21;23;24;26;27;29;32;33;33;33;30;29;28;28;29;32;35;38;40;41;42;45;47;49;49;49;49;48;47;48;46;49;48;50;50;50;48;42;39;36;33;33;32;33;34;34;36;37;35;36;37;37;40;41;44;46;44;47;46;49;51;52;50;51;51;54;57;59;62;68;72;75;75;77;75;74;72;73;72;71;71;65;60;51;42;34;27;22;18;16;15;14;14;15;15;15;14;12;11;10;9;8;7;7;7;0;7;8;7;7;7;0;7;0;0;0;0;7;7;7;0;0;7;7;7;7;0;7;7;7;7;7;0;7;0;0;0;0;0;0;7;0;0
0;0;0;0;0;7;7;7;0;0;7;0;0;0;0;0;7;7;0;0;0;0;7;7;7;8;7;7;8;8;9;10;11;14;17;19;22;25;27;28;28;30;33;34;34;33;31;29;28;29;29;32;35;37;40;42;45;46;49;51;50;51;49;48;47;48;48;49;51;52;52;49;48;43;40;37;34;32;33;34;36;35;37;39;38;36;37;39;40;40;43;46;45;49;49;50;53;51;50;50;51;53;55;56;61;66;70;74;76;78;78;76;74;74;73;72;70;66;60;51;42;35;27;22;19;18;16;13;13;15;16;15;13;12;12;10;10;8;7;0;7;7;7;8;8;7;0;0;0;0;0;0;0;0;0;0;0;0;0;7;7;7;7;0;7;7;7;7;0;0;0;0;0;0;0;7;7;7;0
0;0;0;0;0;0;0;7;0;0;7;0;0;0;7;7;7;7;0;7;0;7;0;7;7;7;7;7;7;8;8;9;11;14;16;20;23;26;27;28;29;30;32;33;35;34;31;30;29;29;31;33;36;39;42;44;47;48;49;52;52;51;49;50;49;50;49;52;53;53;53;52;49;45;40;37;37;35;34;34;37;37;39;39;39;38;36;38;39;40;44;47;49;49;49;50;51;51;50;51;53;54;54;56;60;65;68;72;75;76;76;77;74;74;73;72;70;66;59;51;43;34;28;23;20;19;16;14;13;15;16;15;14;12;11;11;10;8;7;7;0;0;8;8;7;7;0;7;0;0;0;7;0;0;7;0;0;0;7;7;7;7;7;0;0;0;7;0;0;0;0;7;0;0;7;7;0;0;0
0;7;0;0;0;7;0;0;0;0;0;0;0;7;7;7;0;0;0;7;0;7;7;7;8;9;7;8;7;8;9;10;11;14;16;20;23;26;27;28;29;30;32;34;35;35;33;30;29;30;31;33;35;40;42;45;46;48;50;50;51;51;51;50;50;50;51;53;54;55;54;54;51;45;41;37;35;35;35;36;38;38;38;39;38;38;38;40;40;42;45;48;49;50;50;50;50;51;52;51;53;55;55;57;61;64;68;72;77;77;77;77;75;75;75;72;70;68;62;52;44;35;28;24;21;19;16;14;14;15;15;14;13;12;10;10;9;9;7;0;0;0;7;7;7;7;7;7;0;0;7;7;0;0;7;0;7;0;7;0;7;0;7;7;7;7;7;0;0;0;7;0;0;7;0;0;7;7;0
0;7;0;0;0;0;7;0;0;0;0;0;0;7;0;0;7;7;7;7;7;7;7;7;8;9;8;8;7;7;8;9;11;14;18;21;24;25;27;28;29;31;32;35;37;36;35;33;33;31;31;34;36;41;43;45;46;49;51;53;55;54;53;52;52;52;51;55;56;55;55;54;50;46;42;37;35;34;35;35;37;40;39;39;37;39;40;41;41;43;45;47;49;49;49;50;50;50;52;51;52;53;55;57;62;66;70;73;76;77;78;78;77;77;76;74;71;66;62;53;45;36;29;25;23;20;16;14;14;16;15;14;14;12;10;9;9;8;8;7;7;0;7;7;7;7;7;0;0;0;7;7;7;0;7;7;0;0;7;7;7;7;7;7;7;7;7;7;7;7;0;0;7;0;0;0;7;7;0
0;7;0;0;0;0;0;0;0;0;0;0;0;0;0;0;7;7;0;7;7;7;7;7;8;8;8;7;8;8;8;9;11;14;18;21;25;25;27;29;29;31;34;36;39;38;36;35;34;33;32;34;37;42;46;48;51;52;54;55;56;54;54;54;53;55;55;56;58;57;58;56;51;47;44;40;38;37;36;36;38;39;39;40;40;40;40;42;43;43;45;47;49;50;50;51;53;52;53;52;51;52;54;58;63;67;71;74;76;79;76;78;77;78;77;76;72;68;61;52;43;36;30;26;23;20;17;15;14;16;16;15;14;13;11;9;8;8;7;0;7;7;7;7;7;0;0;0;0;0;0;0;0;7;0;0;0;7;7;7;7;7;7;0;0;7;7;7;7;7;0;0;0;0;0;0;7;0;0
0;0;0;0;0;0;0;7;0;0;0;0;0;0;0;0;8;7;0;7;0;7;7;8;9;8;7;8;8;8;8;9;11;13;18;21;23;27;28;30;32;32;34;36;38;38;37;36;35;33;33;35;38;41;46;49;53;54;55;57;57;56;55;56;55;58;59;59;61;62;60;57;54;48;45;41;37;38;38;39;39;39;40;40;41;41;40;43;45;46;46;48;48;51;50;52;53;54;54;51;51;52;53;58;63;66;71;73;77;77;77;78;79;79;78;75;74;70;61;53;43;36;29;26;23;19;17;15;15;15;15;15;15;13;10;10;9;7;7;7;7;0;7;7;8;7;7;7;0;0;0;0;0;7;7;0;0;7;0;7;7;0;7;7;0;0;7;7;0;0;0;0;0;0;7;7;7;0;0
0;0;0;0;0;0;7;7;0;0;0;0;0;0;7;7;7;7;7;7;7;7;0;7;8;8;8;8;8;8;8;9;11;14;19;22;24;27;29;31;33;34;34;37;39;39;39;37;36;33;35;37;40;43;48;51;52;55;57;59;59;59;59;59;58;59;59;61;62;63;62;57;55;50;46;43;41;39;39;39;40;40;40;40;40;41;42;44;46;47;47;50;49;51;50;53;53;54;54;52;53;53;55;60;63;67;72;73;78;81;81;79;79;78;78;77;72;68;63;54;44;37;31;27;24;20;17;15;15;16;17;17;15;13;11;10;9;8;8;7;7;7;7;8;7;8;0;0;0;0;0;0;0;7;7;7;0;0;0;7;7;0;0;0;0;0;0;0;0;7;0;0;0;0;0;0;0;0;0
0;0;0;0;7;0;0;7;0;0;0;0;0;0;0;7;7;7;7;7;7;7;0;7;9;9;8;8;7;8;9;9;12;15;19;22;25;27;30;32;34;34;36;38;40;40;40;37;36;35;36;37;41;44;48;52;54;57;59;61;62;60;60;60;58;59;59;58;62;63;62;62;58;54;50;45;42;42;40;40;41;40;41;41;42;43;44;45;46;47;48;47;48;49;51;51;51;54;54;54;54;55;57;60;66;69;73;75;77;78;81;81;80;79;78;78;76;70;63;53;45;38;32;28;24;21;18;15;15;17;18;17;16;13;12;11;9;8;8;7;7;7;7;8;7;7;7;0;0;7;0;0;0;0;0;0;0;7;0;7;0;0;0;0;0;0;0;0;7;7;0;0;0;0;7;0;0;0;7
0;0;0;0;7;0;0;0;0;0;0;0;0;0;0;7;7;7;0;7;0;7;7;8;9;8;8;8;8;8;8;10;13;15;19;23;26;28;32;34;34;35;37;39;41;41;41;38;37;37;37;40;43;46;52;55;55;59;61;63;63;62;61;61;61;61;61;63;64;65;66;64;61;56;53;48;46;43;41;40;42;41;41;43;43;44;45;45;46;47;48;48;51;51;53;52;53;54;54;53;53;55;58;60;66;70;73;76;75;79;82;81;79;79;79;78;78;72;64;55;46;38;31;25;22;20;18;16;16;18;18;18;15;13;11;10;9;9;8;7;7;7;8;8;8;7;7;7;0;0;0;0;0;7;0;0;0;7;0;7;7;0;0;0;0;0;7;7;7;0;0;7;7;0;7;0;0;0;0
0;7;0;7;7;0;8;0;0;0;0;0;0;0;0;7;7;0;0;0;7;7;7;8;9;9;8;8;8;8;9;10;13;16;19;23;26;29;33;36;37;37;37;41;43;43;41;39;37;37;39;42;45;49;53;53;60;62;64;64;65;65;64;62;63;64;64;66;66;69;69;65;63;59;55;49;47;46;45;44;46;43;43;45;46;46;46;45;47;47;48;47;50;51;53;53;55;55;55;54;54;53;57;61;67;69;74;78;80;81;83;82;81;79;80;80;79;74;67;57;47;39;31;25;23;21;18;16;15;17;19;18;16;14;12;10;9;8;8;7;7;7;8;8;7;7;7;0;0;0;0;0;0;7;7;0;0;0;7;7;7;0;0;0;0;0;0;7;7;0;7;7;0;7;0;0;0;0;0
0;7;7;0;0;0;0;0;0;0;0;0;7;0;0;7;7;0;0;7;7;0;0;8;9;9;8;8;8;8;9;11;13;17;20;22;26;30;33;36;38;39;40;42;44;45;43;41;39;39;40;44;48;52;54;56;59;62;64;66;66;67;66;64;66;64;66;67;69;69;70;68;66;61;55;51;49;47;46;45;46;44;45;46;46;46;46;47;47;47;48;48;50;51;52;54;55;55;55;57;58;59;62;62;69;72;76;78;81;83;85;83;83;83;80;82;82;74;68;58;49;40;32;27;24;22;18;16;16;17;18;19;17;13;12;11;10;9;8;7;7;7;8;7;7;7;7;7;0;0;0;0;0;7;7;0;0;0;0;7;7;7;0;7;7;0;7;0;7;7;7;7;0;0;0;0;0;0;0
7;0;0;0;0;0;0;0;0;0;0;0;0;0;0;7;7;0;7;7;7;7;8;8;9;9;8;8;8;8;10;12;14;16;18;23;26;31;34;37;38;39;41;43;47;48;47;43;41;40;42;44;49;53;56;58;60;66;68;70;70;68;68;67;66;66;69;69;70;68;70;70;67;61;56;53;50;49;47;47;47;46;45;48;46;47;46;47;48;48;50;51;52;51;52;55;55;56;56;58;59;60;64;66;70;73;75;79;82;83;85;84;84;83;81;82;82;77;70;60;50;40;32;28;25;22;19;17;16;19;19;19;17;14;12;10;10;9;8;8;0;0;0;8;7;7;0;7;0;0;7;0;0;7;7;0;0;0;0;0;0;0;7;7;7;7;7;7;8;7;7;0;0;0;0;0;0;0;7
0;7;7;7;7;0;7;0;0;0;0;0;0;0;0;7;0;7;7;7;7;7;7;7;9;9;9;7;8;9;10;12;14;16;19;23;27;33;37;40;41;43;45;47;50;50;48;44;41;40;42;47;51;53;57;60;63;66;69;74;72;71;71;68;69;69;69;70;70;73;72;71;68;66;61;58;55;54;52;50;50;48;46;48;48;49;48;48;50;52;51;53;53;54;54;59;58;58;58;58;59;61;65;69;72;75;77;79;83;84;85;84;85;85;84;84;83;78;71;62;51;41;34;29;25;22;20;17;17;18;21;19;17;14;12;11;10;9;8;7;0;7;7;8;8;7;7;7;7;0;7;0;7;7;0;0;0;0;0;0;7;0;0;0;7;0;7;7;7;7;7;7;7;0;0;0;0;0;7
0;7;0;0;0;0;0;0;0;0;7;7;0;0;0;7;7;0;0;0;7;7;7;8;8;9;9;9;8;9;10;12;15;17;20;23;29;34;38;42;43;45;46;49;51;51;49;45;43;42;43;47;52;55;59;62;65;66;69;72;72;72;74;73;72;71;71;71;70;74;74;75;72;70;65;61;59;57;54;53;53;51;50;51;51;49;50;51;51;52;51;53;53;56;58;61;61;61;61;61;61;62;65;70;73;76;80;80;83;86;86;86;86;86;86;85;85;81;73;63;52;42;36;30;26;24;21;16;17;18;20;20;17;14;11;11;10;9;8;7;7;7;7;7;8;7;7;0;0;0;0;7;7;0;0;0;0;0;0;7;7;0;0;0;0;0;7;8;7;7;0;7;7;0;0;0;0;7;0
7;7;0;0;0;0;0;7;0;0;0;0;7;7;0;7;7;7;7;7;7;7;7;8;8;9;8;8;9;8;10;12;14;17;20;25;30;34;39;43;44;45;46;49;51;50;48;46;44;45;45;47;52;56;60;63;66;69;71;74;75;75;75;75;73;74;74;73;73;76;75;74;74;73;67;64;61;57;56;56;55;54;54;53;52;52;53;53;53;52;52;53;55;57;57;59;61;63;63;64;66;64;67;71;73;77;80;78;81;84;86;86;87;89;88;87;87;82;74;65;55;45;38;30;27;24;19;17;17;18;22;20;18;15;12;10;9;9;8;7;7;7;7;8;8;7;7;7;7;7;0;7;7;7;7;7;0;0;0;0;0;0;0;0;0;7;7;7;8;0;0;0;7;7;0;0;0;0;0
7;0;0;0;0;0;0;0;7;7;0;0;7;7;0;7;7;8;7;7;0;7;7;8;9;8;8;7;8;9;11;13;15;17;21;26;31;36;41;45;46;46;47;49;52;53;51;47;44;46;45;50;53;56;62;64;67;72;75;76;78;76;76;76;76;77;76;78;78;79;78;77;76;75;71;68;63;61;59;59;56;55;55;54;54;54;53;55;55;53;53;54;56;56;58;59;61;63;65;65;66;68;71;74;76;80;80;80;82;85;86;85;85;89;91;92;89;83;74;64;56;46;37;32;28;25;21;17;18;19;23;21;19;15;13;11;10;9;7;7;7;7;7;8;7;8;7;0;7;7;0;7;7;7;7;0;0;7;0;7;0;7;0;0;0;0;7;7;0;0;7;0;7;0;0;0;7;0;0
0;0;0;7;0;0;0;7;7;0;0;0;7;7;7;7;7;7;7;0;7;7;7;8;8;8;8;8;9;9;10;12;15;17;21;26;32;38;42;44;44;44;47;51;54;54;51;48;45;47;49;52;55;59;64;66;71;75;79;81;80;77;78;78;79;81;82;81;80;80;79;79;79;77;73;71;67;64;64;61;59;57;56;57;57;56;57;57;55;56;55;55;57;58;61;62;63;63;63;65;66;67;72;77;79;81;81;82;84;87;88;88;88;90;92;93;94;87;76;65;56;48;39;32;30;26;22;17;18;20;22;21;19;16;13;11;10;9;8;7;7;7;7;7;8;7;0;7;7;7;0;0;7;7;7;0;0;0;7;7;0;0;0;0;7;7;7;7;0;0;0;0;0;0;0;0;7;0;0
7;0;0;0;0;0;7;7;0;0;0;0;7;7;7;7;7;7;7;7;7;7;7;8;8;8;9;9;9;9;10;12;14;17;22;27;33;39;42;44;44;45;49;53;55;53;50;49;46;46;51;54;57;61;65;67;70;75;79;82;82;78;81;82;82;82;82;82;81;82;82;81;81;80;77;75;70;67;66;65;64;60;60;60;59;58;59;60;58;57;56;57;58;60;62;64;64;63;66;65;67;70;74;78;80;81;82;84;87;89;91;90;91;93;95;96;96;88;78;66;57;49;40;33;29;25;21;19;19;20;22;22;20;17;13;12;11;8;7;7;0;0;7;7;8;7;7;7;7;0;0;0;7;7;7;0;7;7;7;7;7;0;7;7;0;7;7;7;7;0;0;0;0;0;0;0;0;0;0
7;7;7;7;7;0;0;0;0;0;0;0;0;7;7;7;7;7;0;0;0;0;7;9;9;9;9;9;9;10;11;12;15;17;23;28;34;40;43;44;45;46;51;54;56;54;52;51;49;48;51;53;57;61;64;69;72;77;78;83;83;83;83;84;84;83;83;84;84;86;86;85;83;82;80;75;73;68;67;67;65;63;62;62;62;61;62;61;59;58;58;58;59;59;62;64;64;67;68;66;69;71;76;79;79;81;84;84;88;88;89;90;93;94;96;98;94;90;80;68;57;48;39;35;30;25;21;19;19;21;23;22;18;16;14;12;11;9;8;7;0;0;7;8;7;7;7;0;7;0;0;0;7;7;7;0;0;7;7;0;0;0;7;0;0;0;7;7;8;0;0;0;0;0;0;0;0;0;0
7;7;7;0;0;0;0;7;0;7;7;0;0;7;7;7;7;0;7;7;0;0;7;8;9;9;9;9;9;11;13;13;16;20;24;28;35;40;42;43;46;49;52;54;56;55;53;51;49;50;51;55;56;61;64;68;72;76;80;87;89;87;85;85;85;85;85;86;87;87;89;88;87;83;81;75;72;72;69;66;66;66;65;66;65;65;65;62;61;60;60;58;59;60;63;64;67;68;68;68;72;74;78;80;81;84;85;86;90;91;90;91;92;95;96;98;98;95;83;71;58;49;41;36;30;26;21;19;19;21;22;22;19;16;15;12;12;11;10;8;7;0;7;8;7;8;7;7;7;0;7;7;7;7;0;0;7;7;7;7;0;0;0;0;0;7;7;7;8;0;0;0;0;7;0;0;0;0;0
0;0;0;0;0;7;0;7;0;0;0;0;7;7;7;7;0;7;7;0;7;0;7;8;9;9;9;9;9;10;11;12;15;20;25;27;34;40;44;45;47;50;54;58;59;59;54;52;50;49;52;57;58;61;65;71;74;79;85;88;89;90;87;87;88;89;86;87;89;90;91;91;88;86;82;76;74;72;69;66;66;68;66;67;67;67;66;63;64;62;61;60;61;62;65;66;69;69;70;70;74;75;77;81;83;84;86;88;90;91;90;92;94;97;97;100;101;95;85;72;60;48;42;36;32;27;22;20;21;22;22;21;19;16;14;13;12;11;9;7;7;7;7;7;7;7;0;7;7;0;0;7;7;7;7;7;7;7;7;0;0;0;0;0;7;7;0;7;7;0;0;7;0;0;0;7;0;0;0
0;7;0;0;7;7;0;0;0;0;0;0;7;7;7;7;7;7;8;7;7;7;8;8;9;8;9;9;10;10;10;12;16;20;26;29;37;42;47;49;49;54;57;59;60;58;55;51;51;51;54;58;61;65;66;71;75;80;86;88;89;92;90;90;90;92;89;90;91;93;94;93;92;90;85;80;77;72;68;67;66;66;66;67;68;68;68;66;66;64;59;63;63;64;66;68;70;68;71;71;74;77;79;83;84;87;90;89;89;92;92;94;96;97;99;100;103;96;85;73;61;51;44;36;31;27;22;21;21;22;22;21;18;15;14;13;11;11;9;7;0;7;8;7;7;7;7;7;7;0;7;7;7;7;7;7;7;7;7;7;0;0;0;0;0;7;7;7;7;7;0;0;7;0;0;0;7;0;0
0;7;7;0;0;7;0;0;0;0;0;7;0;7;7;7;7;0;7;7;7;7;7;8;9;9;9;10;10;10;11;12;16;21;26;32;38;43;48;51;53;57;59;60;59;57;55;52;52;53;57;60;63;67;69;72;75;80;87;92;96;95;97;95;94;93;93;93;94;96;99;97;97;92;89;85;81;75;71;70;67;68;69;70;71;70;69;69;68;66;64;65;63;65;66;68;69;71;73;73;75;76;81;84;86;89;90;91;92;95;95;96;96;99;101;103;102;98;88;75;64;53;44;38;32;27;23;21;21;23;23;21;19;16;15;13;13;12;9;8;7;7;7;7;8;7;7;7;0;7;7;0;7;7;7;0;0;7;8;7;0;0;0;0;0;7;7;7;7;0;0;0;0;0;0;0;0;0;0
7;0;7;7;0;0;0;0;0;0;0;0;0;0;7;7;8;7;7;0;0;7;7;8;9;9;9;10;11;9;10;13;15;20;26;33;37;42;47;50;53;57;60;63;62;60;57;54;53;54;58;62;67;68;73;76;80;84;90;96;99;96;98;99;97;96;96;98;99;100;100;99;98;95;91;89;84;79;75;73;70;69;69;71;74;74;73;72;70;67;65;65;65;64;65;70;71;73;74;74;75;77;82;85;88;89;92;94;93;95;96;97;99;102;104;105;105;102;92;79;67;55;45;38;32;26;23;21;22;23;24;22;19;17;15;13;12;11;9;8;7;7;8;7;0;7;7;8;8;7;7;0;7;0;7;0;7;7;7;7;0;0;0;0;7;7;7;7;7;7;0;0;0;0;0;0;0;0;0
0;0;7;7;7;0;0;0;0;0;0;0;0;7;7;7;7;7;7;7;7;7;7;8;9;10;10;10;9;10;11;14;16;21;26;32;39;44;49;53;55;60;63;64;64;61;58;55;55;56;60;64;67;70;76;80;83;87;92;97;99;100;100;100;99;101;100;100;100;101;102;101;101;97;92;89;85;81;76;74;72;70;72;71;74;75;76;76;73;69;67;66;65;65;65;69;72;76;77;78;80;81;83;86;87;90;94;97;95;97;99;99;101;103;104;108;107;102;95;81;68;54;45;38;32;26;23;22;22;24;23;22;20;17;15;14;13;11;9;7;7;7;8;8;7;7;7;7;7;0;0;7;7;7;0;0;0;7;7;7;7;0;7;0;0;0;7;8;7;7;0;0;0;0;0;0;0;0;0
0;7;0;7;7;7;7;7;7;0;0;7;0;7;7;7;7;7;7;7;0;7;8;7;9;9;9;10;10;10;11;14;17;22;27;34;40;44;48;53;58;62;65;65;63;61;58;56;56;57;60;67;70;73;77;82;87;92;95;98;99;101;101;102;103;105;104;103;104;107;108;108;105;98;95;91;86;82;79;77;74;74;74;75;74;75;76;77;76;72;69;67;67;66;67;70;73;76;76;79;82;83;85;89;91;93;96;98;99;99;101;104;105;107;109;110;110;104;95;83;68;55;45;38;32;26;22;22;22;24;25;22;20;19;15;14;13;11;8;7;7;7;8;8;8;7;7;7;7;7;7;7;7;7;7;7;0;0;0;7;7;0;0;0;0;0;7;7;7;7;7;7;7;0;0;0;0;0;0
0;7;0;7;7;0;0;0;0;0;0;7;7;7;7;7;7;8;7;0;7;7;8;9;9;9;10;10;10;10;12;14;17;22;29;34;40;46;49;53;58;63;66;66;64;62;60;58;57;59;61;68;73;77;79;83;85;91;95;100;102;104;105;107;105;105;106;109;109;111;114;114;111;105;99;94;89;84;82;80;79;78;77;78;78;78;79;79;77;76;72;70;70;67;69;71;74;76;78;79;84;86;89;91;94;96;97;99;101;104;104;107;109;110;112;113;109;106;97;81;68;56;46;37;32;27;22;21;21;23;24;22;20;19;17;15;13;11;9;7;7;7;8;8;8;8;8;7;7;0;7;7;7;7;7;7;0;7;7;7;0;0;0;0;0;0;7;7;7;7;7;7;7;0;0;0;7;7;0
0;0;0;0;7;0;0;7;0;0;0;0;0;0;7;7;7;7;7;0;0;7;8;8;9;9;10;10;10;11;12;15;18;23;30;35;40;45;48;53;60;65;68;67;66;64;61;60;59;60;65;71;75;79;82;87;90;94;98;103;106;107;109;110;110;107;110;112;112;114;116;119;112;107;103;99;93;88;83;82;82;81;82;83;83;83;84;83;80;78;74;72;71;69;72;74;77;78;81;81;85;86;89;92;97;99;101;103;105;105;106;108;110;112;116;115;111;105;97;83;71;59;47;38;33;27;23;22;22;24;25;24;22;20;18;15;13;12;9;8;7;7;7;8;7;8;8;7;7;0;7;7;7;7;8;7;7;7;7;7;0;0;0;0;0;0;7;0;7;0;7;7;7;0;0;0;7;0;0
7;7;0;0;0;0;0;0;0;0;0;0;0;0;0;0;0;7;7;0;7;0;7;8;9;10;9;10;11;12;12;15;19;24;30;37;42;46;49;55;61;67;69;68;69;65;63;61;61;63;66;70;77;82;87;90;94;98;101;104;107;105;111;112;112;114;113;114;117;118;119;120;116;111;107;100;94;92;87;86;87;84;85;85;87;87;88;86;84;81;79;78;75;73;75;77;80;83;84;83;86;86;90;94;99;101;104;106;106;105;107;108;108;112;116;116;114;107;95;82;71;59;49;39;34;27;22;21;22;25;25;24;23;20;18;16;14;12;9;7;0;0;7;7;9;8;7;8;8;0;7;0;7;7;7;7;7;7;7;0;7;0;0;0;0;0;7;0;0;0;0;7;7;0;0;0;7;0;0
7;7;0;0;0;0;0;0;7;0;7;0;0;0;7;7;7;7;0;7;7;0;7;8;9;10;10;10;11;12;13;16;19;25;30;38;43;47;52;57;64;72;73;71;71;69;67;64;63;64;67;72;77;83;86;90;95;100;103;106;110;111;114;115;116;118;118;119;123;125;127;124;120;118;110;103;97;91;88;87;88;88;89;90;93;92;93;92;88;85;82;79;77;75;77;79;80;84;87;86;89;89;90;96;101;103;105;109;110;108;110;111;113;117;118;117;115;109;97;85;75;59;48;41;34;27;23;22;22;25;25;24;22;21;19;16;13;10;9;7;7;7;8;8;9;8;7;7;7;7;7;0;8;7;7;7;0;0;7;7;0;0;0;0;0;7;7;7;7;7;7;7;7;0;0;0;0;0;0
7;7;0;0;0;0;7;0;7;7;0;0;7;7;7;7;7;7;7;7;7;7;7;9;9;10;10;11;11;11;14;16;21;25;31;37;43;48;54;59;66;72;74;73;72;71;69;67;65;66;70;76;81;84;87;91;96;101;105;110;113;116;118;119;121;123;123;125;128;129;132;130;124;121;114;107;97;92;88;89;90;92;94;95;96;96;97;95;92;90;88;85;83;81;81;81;86;87;90;92;94;94;96;99;103;106;108;110;112;113;112;112;115;117;117;117;115;109;99;87;74;61;51;43;34;27;23;22;23;24;25;24;21;20;19;16;13;10;9;7;0;7;8;8;9;8;8;7;0;0;0;7;7;7;7;7;7;7;7;0;0;0;0;7;7;7;7;0;0;0;0;0;0;0;0;0;0;7;0
0;0;0;0;0;0;0;0;0;0;0;7;0;7;7;7;8;8;7;7;7;7;7;9;9;10;10;12;12;12;14;16;21;27;33;39;44;50;55;62;68;72;74;74;73;71;72;70;68;68;70;76;82;87;90;94;97;102;106;110;115;120;123;122;124;126;126;130;132;135;138;135;134;126;117;106;99;95;93;91;92;94;97;98;99;99;99;97;96;93;92;90;87;86;84;86;89;92;93;96;98;100;102;104;108;109;113;115;114;115;114;116;118;121;122;121;117;110;102;88;73;61;52;44;36;29;24;22;24;25;25;24;22;21;19;17;14;11;9;7;7;7;8;8;9;9;8;0;0;7;7;7;7;7;7;7;7;7;7;0;0;0;0;0;7;7;7;7;7;0;0;0;0;0;0;0;0;0;0
0;0;0;0;0;0;7;0;7;7;7;7;7;7;8;9;8;8;7;7;7;7;8;9;9;10;11;11;11;12;13;17;22;28;33;40;45;50;57;64;69;74;77;77;77;74;74;72;70;69;70;77;83;90;93;97;99;103;108;112;118;120;121;123;124;127;129;137;140;143;145;142;137;130;122;111;102;101;99;97;98;98;100;101;103;102;102;101;100;96;96;93;90;89;90;93;93;96;99;100;101;104;109;108;112;115;119;120;118;118;118;121;125;126;126;125;120;114;104;90;76;63;52;45;38;31;24;22;24;26;25;25;23;21;19;16;14;12;9;7;7;7;7;8;8;9;8;7;7;0;0;0;8;8;7;7;7;7;7;0;7;7;7;7;7;7;7;7;7;0;0;7;7;0;0;0;0;0;0
0;7;7;0;0;0;7;0;7;7;7;7;7;7;8;8;8;8;0;7;7;8;8;9;11;11;12;12;12;13;14;17;22;29;35;41;48;52;58;65;71;76;79;80;78;76;74;72;71;71;76;80;86;88;93;97;99;102;108;113;117;121;123;125;126;130;133;141;148;152;153;150;143;134;125;117;107;103;103;103;102;104;108;108;107;107;109;107;103;100;99;97;96;96;96;98;99;100;102;103;105;106;109;113;117;121;123;126;125;125;127;127;128;132;134;134;125;117;107;91;77;65;55;46;38;31;24;22;24;25;25;24;23;22;19;16;13;11;9;7;7;7;8;8;8;8;8;8;7;0;0;0;0;7;7;7;7;7;7;7;0;0;0;7;0;8;7;7;7;7;7;0;0;0;7;0;0;0;0
0;7;7;0;7;7;0;0;0;7;0;7;0;7;8;7;0;7;7;0;7;8;8;10;10;10;11;12;12;13;15;18;22;30;36;42;49;53;59;65;74;79;81;81;79;77;77;75;74;76;78;83;88;91;93;99;101;106;115;121;122;124;129;129;131;133;139;147;153;156;160;157;147;139;130;122;113;108;107;106;108;111;113;115;114;112;112;111;108;106;104;103;103;100;101;105;106;106;107;108;108;111;115;118;124;127;130;133;133;131;132;129;133;136;137;136;128;120;109;95;80;68;57;47;39;30;25;23;25;25;25;24;23;21;19;16;14;11;9;7;7;7;7;7;9;8;8;8;8;7;7;7;7;7;0;7;8;0;7;7;0;0;0;0;7;7;7;7;8;8;0;0;0;7;0;0;7;0;0
7;7;7;7;7;7;0;0;0;0;0;7;0;7;8;8;7;7;7;0;7;8;8;9;9;10;11;11;12;13;14;17;22;29;37;43;49;54;60;68;76;79;81;81;78;78;77;76;73;78;81;86;90;94;98;98;105;111;119;125;127;132;132;133;137;138;143;153;158;163;168;161;153;143;134;124;116;112;108;109;113;113;115;116;117;116;114;111;114;112;112;107;107;106;107;110;111;111;110;113;114;118;122;124;129;135;134;137;135;133;136;139;141;141;142;139;132;124;114;99;82;71;59;51;40;31;25;23;25;25;26;25;23;20;19;16;14;11;9;7;7;7;7;7;8;9;8;7;7;0;7;7;0;7;7;7;7;7;7;0;0;0;0;0;7;7;7;8;8;7;7;0;7;0;0;0;0;7;0
7;7;7;7;7;0;0;7;0;0;0;7;7;7;7;7;7;0;7;0;0;7;8;9;9;9;11;12;13;14;15;18;23;30;39;43;49;54;60;67;76;81;83;81;78;78;78;79;78;79;81;87;91;94;97;101;108;113;121;125;128;133;134;134;140;142;148;151;159;164;167;162;155;146;137;128;120;114;112;112;115;117;118;119;121;121;115;116;117;114;114;112;111;114;114;116;115;117;116;119;122;125;127;128;134;138;140;140;138;138;140;144;146;148;146;142;139;130;119;101;85;74;61;53;42;34;28;24;25;26;26;26;24;22;20;17;15;12;9;0;7;7;8;8;8;9;9;7;7;7;7;7;7;7;7;7;7;7;7;0;0;0;7;0;7;7;7;7;7;7;7;0;0;0;0;0;0;7;0
0;0;7;0;0;0;0;0;0;0;0;0;7;0;7;7;7;7;7;0;7;7;8;8;9;9;11;12;14;14;16;19;24;30;38;44;50;55;61;68;75;81;83;83;81;81;79;78;80;81;84;90;94;96;97;101;109;114;120;123;128;132;134;137;140;142;148;155;160;164;168;163;156;147;139;131;122;118;115;117;118;120;122;121;122;120;118;118;119;117;118;117;116;117;119;120;121;122;121;123;126;129;130;133;139;143;146;146;143;143;144;148;149;153;152;147;142;133;122;104;89;76;64;55;45;35;29;25;24;26;26;27;26;23;20;17;15;12;9;7;7;7;7;9;9;9;9;0;7;7;7;7;7;8;7;7;7;7;7;0;7;0;7;7;0;8;7;7;7;7;7;0;0;7;7;0;0;0;0
0;0;7;0;7;7;0;0;7;0;7;7;7;7;7;0;0;7;7;7;7;7;7;8;8;10;11;13;14;14;16;20;25;31;38;44;49;54;62;69;75;82;84;85;84;83;81;80;84;84;89;94;96;97;98;104;107;113;118;123;128;130;134;137;139;144;149;159;166;175;175;169;158;152;142;130;122;119;116;117;120;121;122;125;127;124;121;123;123;123;123;125;121;123;126;123;124;124;127;127;128;130;134;138;143;147;152;153;153;153;152;152;155;160;158;155;150;140;125;107;93;78;65;55;43;36;32;27;27;26;25;27;25;23;21;18;15;12;9;8;7;7;7;9;9;9;8;8;7;0;0;0;7;7;7;7;8;7;7;0;7;0;0;7;7;8;8;8;7;0;7;0;0;8;7;0;0;0;0
0;0;0;7;7;0;0;0;0;0;7;0;7;7;7;7;7;0;0;7;8;8;8;8;9;10;12;13;14;15;17;20;25;32;39;46;51;55;64;69;75;80;84;87;88;84;83;82;84;88;94;96;98;98;99;103;107;113;121;127;130;134;136;140;141;147;153;163;170;175;174;171;163;156;142;131;123;120;118;118;119;123;124;127;132;129;126;125;128;126;124;125;125;129;127;127;127;126;126;129;132;135;140;145;149;154;158;163;161;160;160;160;161;164;164;160;155;142;129;111;96;82;68;57;46;37;32;29;29;28;27;28;25;24;22;18;16;12;9;8;0;7;7;8;8;9;8;7;7;0;0;7;8;7;7;7;7;7;0;7;7;0;7;7;8;8;7;7;0;0;0;0;0;0;0;0;0;7;0
0;0;0;0;7;7;7;0;7;7;7;0;0;0;0;7;8;8;7;7;7;8;8;8;9;10;12;13;14;15;17;21;27;34;42;48;53;57;63;68;73;82;88;89;90;87;83;83;85;89;95;98;100;100;101;106;112;118;127;132;132;135;136;139;143;151;158;166;173;176;177;172;167;156;144;134;125;121;118;120;120;122;125;129;132;130;130;128;129;128;128;129;131;133;133;134;134;130;129;131;134;138;145;150;152;158;162;168;166;166;166;168;168;168;168;162;159;148;134;114;99;84;72;59;48;38;33;30;29;29;28;27;25;24;22;18;15;11;9;7;7;7;8;8;9;8;8;8;8;7;0;7;7;7;7;7;7;8;8;7;0;0;7;7;8;8;8;8;0;7;7;7;7;0;0;0;0;0;0
7;0;0;0;0;0;7;7;7;7;7;0;0;0;7;7;8;7;7;7;8;8;8;9;10;11;11;12;14;15;17;22;28;34;41;48;54;58;63;67;75;83;89;93;90;87;84;87;87;90;93;96;98;99;104;110;117;123;129;132;133;134;134;141;146;154;161;169;176;178;179;175;169;156;144;134;129;123;120;122;124;124;124;128;131;127;129;129;131;132;133;132;135;138;139;140;138;137;135;135;138;140;145;151;155;161;165;169;172;171;172;175;174;174;174;169;163;152;135;114;100;85;73;60;49;41;33;31;29;30;30;28;26;25;23;19;16;13;10;8;7;7;8;8;10;9;8;7;8;7;7;7;7;7;7;7;7;0;7;7;0;0;7;8;8;8;7;8;7;0;7;7;7;0;0;0;0;0;0
0;0;0;7;7;0;0;7;0;0;7;7;7;0;7;7;0;7;7;7;8;8;8;8;10;11;12;12;14;15;19;23;28;34;41;48;53;56;60;68;76;84;90;94;92;88;85;86;85;89;92;95;100;101;105;110;119;125;129;134;136;137;138;142;147;154;161;170;176;179;180;174;166;154;145;135;128;121;123;123;124;123;125;128;126;128;129;129;134;133;134;134;137;140;139;141;140;141;141;140;143;145;148;154;161;165;168;171;175;178;181;184;182;181;181;177;169;155;140;121;103;86;74;61;51;43;35;33;31;31;31;30;27;26;23;19;15;12;9;7;7;7;8;9;9;9;9;8;8;7;7;7;7;7;7;0;0;7;7;0;7;7;7;8;8;8;8;8;7;7;0;0;0;0;0;0;0;0;0
7;0;0;0;0;0;0;8;0;0;7;7;0;7;8;0;7;7;8;7;7;8;8;9;9;12;12;13;14;15;19;23;29;35;42;50;54;57;62;68;76;83;90;94;93;89;86;85;87;91;93;96;100;103;106;112;121;126;132;136;138;134;139;143;145;153;161;170;175;179;179;175;165;155;142;136;130;125;122;123;122;122;125;126;127;129;131;132;133;131;134;136;140;143;142;142;140;142;143;143;145;149;154;158;161;166;174;176;179;182;188;191;188;188;188;185;174;162;145;127;105;88;75;63;51;42;38;34;33;32;32;30;28;26;24;20;16;13;10;8;7;7;8;9;9;9;8;8;7;7;7;7;7;7;7;7;7;7;0;0;7;7;7;7;7;7;8;8;7;7;7;7;7;0;0;0;0;0;0
0;0;7;7;0;7;0;7;0;0;0;7;7;7;7;8;7;7;7;8;7;8;9;9;10;10;12;13;14;16;18;23;29;35;43;50;55;59;63;69;77;84;90;93;92;89;86;86;88;93;94;98;100;103;109;114;122;128;135;138;139;139;143;145;149;154;164;171;175;179;179;174;167;158;147;139;131;125;122;124;123;123;123;125;129;131;129;132;133;135;135;138;139;143;143;142;141;142;143;144;149;152;159;165;165;166;174;180;183;187;193;193;194;192;191;191;179;166;146;130;110;94;76;64;52;43;39;36;35;33;33;31;30;28;25;20;16;12;10;8;7;7;8;9;9;9;8;8;8;7;7;7;7;7;7;0;7;7;0;0;0;0;0;7;7;7;8;7;8;7;7;7;7;0;0;0;0;7;0
0;0;7;7;0;0;0;7;0;0;7;7;7;7;7;7;0;7;7;7;8;8;8;9;11;11;12;13;14;16;19;23;28;35;44;51;57;62;64;69;76;83;92;95;95;92;87;87;89;92;96;100;102;104;111;115;125;131;137;142;143;144;144;146;151;158;164;171;174;177;177;174;168;160;152;142;135;126;124;125;124;126;127;128;130;133;133;133;138;137;137;141;140;143;143;142;144;147;145;145;150;156;162;166;164;171;174;180;187;189;197;198;199;198;199;194;184;172;150;133;114;95;78;65;53;44;39;39;36;35;35;32;31;29;26;20;16;12;10;8;0;8;8;9;9;9;9;8;7;7;7;7;8;7;7;7;7;7;7;7;7;0;0;7;7;8;8;7;7;7;7;7;7;0;0;7;7;0;0
0;0;0;7;0;7;0;0;0;7;7;7;7;7;7;7;0;7;8;8;8;8;9;9;10;11;12;13;13;15;18;23;29;36;46;53;59;63;64;69;77;85;94;95;95;92;88;88;91;95;96;99;101;103;113;119;125;135;139;144;145;145;146;147;154;163;168;175;177;178;177;177;170;162;151;142;135;131;126;126;126;128;130;131;133;135;137;136;137;137;136;140;144;146;145;145;145;148;148;149;154;157;164;166;168;172;176;184;190;196;201;203;203;204;202;198;188;170;154;137;116;97;80;65;53;45;41;38;36;36;36;34;31;29;25;23;17;13;11;8;7;7;8;9;9;9;8;8;8;7;7;7;8;7;7;7;7;8;7;7;7;7;0;7;7;8;8;7;7;7;0;0;7;0;0;7;7;0;0
0;0;0;0;0;7;7;7;0;0;7;7;7;7;7;7;0;0;7;7;8;8;9;10;11;12;13;13;13;15;19;23;29;36;46;55;59;62;65;70;76;85;92;96;93;90;88;88;92;96;99;99;102;106;111;120;127;134;140;145;146;146;148;151;158;163;167;171;175;177;178;175;167;158;150;143;135;130;126;123;127;127;126;131;132;134;138;138;139;140;140;141;143;144;145;146;147;149;150;153;153;158;165;167;170;173;182;186;191;198;203;208;204;207;207;204;192;175;160;139;117;98;79;67;55;46;42;40;39;39;38;36;31;30;26;22;19;14;11;8;7;7;8;9;9;9;9;8;8;7;8;7;7;7;7;7;7;7;7;7;7;7;0;7;8;0;7;7;7;7;7;7;7;7;7;0;7;0;7
0;0;0;0;0;0;0;0;0;0;0;7;0;8;7;0;0;7;7;0;8;8;9;9;10;12;12;12;13;16;20;24;30;37;45;55;61;62;64;68;76;85;91;95;95;91;88;88;91;94;98;100;104;107;112;119;126;134;139;144;149;150;151;151;158;162;167;170;172;175;175;173;167;157;149;141;134;129;125;124;126;128;126;129;131;135;137;140;140;141;141;142;141;144;146;145;147;150;151;154;157;162;167;172;177;179;185;189;195;202;207;212;213;209;207;208;198;181;163;142;120;102;83;68;55;46;43;41;39;39;38;37;35;32;27;22;18;15;12;9;7;7;8;9;9;9;9;8;7;7;7;7;7;8;8;7;7;7;0;8;7;7;0;0;7;7;7;7;7;7;7;7;7;7;0;0;7;0;0
0;0;0;7;7;7;0;0;0;0;7;7;7;8;7;7;0;0;0;7;8;8;9;9;10;12;12;12;13;16;20;25;31;38;46;54;59;62;64;69;76;85;92;95;94;90;88;87;89;95;99;101;103;108;113;119;125;133;140;144;147;147;152;153;158;161;167;169;168;172;172;171;169;160;148;139;132;127;125;123;124;126;128;130;134;133;136;139;141;142;141;140;144;144;144;144;147;150;155;159;164;169;171;175;177;183;188;193;198;203;210;216;218;214;215;211;202;187;167;145;122;104;86;69;58;48;43;42;38;38;38;39;36;32;29;23;18;15;11;9;7;7;8;10;9;9;9;8;7;7;7;7;7;7;7;7;8;7;7;7;7;7;0;7;7;7;7;7;7;7;7;7;7;0;0;0;7;0;0
7;7;7;0;0;0;0;0;0;0;7;7;7;7;8;7;7;7;7;7;8;8;9;9;10;11;11;12;15;17;20;23;31;38;46;53;58;61;65;69;76;86;92;94;92;88;87;86;88;94;100;103;107;112;117;120;126;130;138;142;144;150;152;154;161;161;166;168;169;171;169;168;167;158;150;140;132;125;122;121;124;125;128;128;133;134;137;139;141;141;140;138;139;139;143;145;149;152;156;162;166;172;174;174;180;185;189;199;204;208;212;218;221;218;216;213;205;189;173;150;128;106;87;70;58;50;45;41;38;40;41;40;37;33;29;22;19;15;11;8;7;7;8;9;9;9;9;8;8;7;7;7;7;7;8;8;8;8;7;7;7;7;7;7;0;7;7;7;7;7;7;0;7;7;0;0;7;7;7
0;0;7;0;0;0;0;0;0;0;7;7;7;7;7;7;7;7;7;7;7;8;9;10;10;11;11;12;15;18;21;24;30;36;45;53;58;61;64;68;75;83;90;92;92;87;86;85;88;94;99;101;107;113;115;117;125;129;136;142;145;148;151;154;158;160;162;166;170;174;170;167;164;156;148;138;129;127;123;122;124;125;129;130;131;133;138;139;140;140;138;139;140;138;139;141;144;150;153;159;163;169;175;177;182;188;192;198;204;211;213;215;217;218;215;213;201;188;172;150;131;109;88;73;61;51;45;41;40;41;42;39;37;34;30;24;19;15;12;9;7;7;8;9;9;9;9;8;8;7;7;7;7;7;7;8;8;7;7;7;7;0;7;7;8;7;0;7;8;7;7;7;0;0;0;0;7;0;7
0;0;0;7;0;0;0;0;0;0;7;7;0;7;7;8;7;7;7;7;7;8;9;10;9;10;11;11;15;19;22;24;30;36;44;53;58;60;62;67;74;83;89;92;92;88;87;86;90;95;100;102;104;109;112;116;121;127;135;141;148;150;153;155;159;162;163;162;167;170;169;166;163;157;147;139;131;124;119;121;123;123;131;133;132;137;137;137;136;136;137;141;141;140;141;142;145;152;155;157;162;167;173;176;180;186;195;199;206;207;215;218;219;222;215;210;201;188;174;156;133;110;90;75;64;53;46;40;41;42;41;40;38;35;29;25;20;15;12;9;7;7;8;9;10;10;10;9;8;7;0;7;0;7;7;8;8;8;7;7;7;0;7;7;8;7;7;8;8;7;0;7;7;7;7;0;0;0;0
0;0;0;0;7;0;0;0;0;0;7;7;0;0;0;7;7;7;7;7;8;9;10;11;10;11;11;12;16;17;21;25;29;37;45;51;57;59;60;65;72;82;88;90;92;88;86;84;87;92;98;99;104;108;110;117;120;124;131;139;147;152;154;156;154;161;164;166;166;169;169;165;160;154;146;138;130;123;120;122;123;124;130;134;133;134;132;135;134;135;138;139;142;143;144;145;145;151;155;157;163;165;171;176;182;187;195;204;209;211;216;221;219;215;215;212;203;191;175;160;138;116;94;76;63;54;48;44;42;44;42;41;39;35;30;26;22;16;12;9;7;7;7;9;10;10;10;9;8;7;7;7;7;0;7;7;7;7;0;7;7;0;7;7;8;7;7;7;7;0;0;7;0;0;0;7;0;0;0
0;0;0;0;0;0;0;0;0;7;7;0;7;0;7;7;7;7;7;7;8;9;10;10;10;10;10;13;15;18;21;25;29;35;43;50;57;58;59;64;73;79;87;91;91;87;85;83;85;90;96;96;100;104;110;116;119;125;131;138;145;150;153;155;157;160;161;163;165;165;167;164;159;150;146;138;126;123;120;121;120;124;128;127;130;130;130;131;131;133;137;139;141;143;143;146;150;149;155;158;161;164;169;175;183;186;195;203;210;216;218;222;219;219;218;214;204;192;176;157;142;121;98;78;65;55;49;45;43;45;44;43;40;36;31;28;21;16;12;10;8;7;8;9;10;10;10;9;7;7;7;0;7;7;8;8;8;8;7;7;0;0;7;7;7;8;8;7;0;0;0;0;0;0;0;7;7;0;7
0;0;0;0;0;0;0;0;7;7;7;7;7;0;0;7;8;8;7;7;8;9;10;10;10;10;10;12;14;17;20;25;30;38;43;49;54;56;60;65;71;80;88;88;88;86;84;82;82;85;90;95;101;103;110;117;120;122;128;137;143;148;151;152;155;160;161;162;164;164;162;160;156;149;142;134;126;120;118;119;121;125;125;127;128;125;128;128;129;130;134;137;137;138;140;141;150;152;156;162;164;168;170;174;181;186;193;202;210;213;219;223;220;222;221;216;205;193;175;160;143;120;100;82;68;56;49;45;43;44;47;45;40;36;31;27;22;17;12;9;7;7;7;9;9;10;10;9;8;0;0;7;8;7;7;8;9;8;7;7;7;7;7;0;7;8;8;7;7;0;0;0;0;0;0;7;7;7;7
0;7;7;7;0;0;7;0;7;7;0;7;7;7;7;7;8;7;7;8;8;8;9;10;9;11;11;12;14;17;20;25;29;36;42;49;52;55;59;64;69;77;84;87;87;86;82;79;79;81;86;93;99;102;109;116;119;123;127;135;142;148;150;150;150;156;158;158;158;158;157;153;150;145;138;132;125;119;114;117;119;121;126;126;124;125;125;125;126;129;133;136;135;135;139;144;147;151;157;161;162;167;171;175;182;188;193;200;207;212;219;221;222;223;222;218;208;190;175;159;141;121;102;85;67;57;50;45;43;44;47;45;39;37;33;28;23;19;13;9;8;7;7;8;9;10;11;9;8;7;0;7;7;7;7;8;8;8;7;0;0;7;7;7;7;8;8;8;7;7;7;0;0;0;0;7;7;7;7
0;0;7;0;0;0;7;7;0;7;7;0;7;7;7;7;8;7;7;8;8;8;10;10;10;9;11;12;15;17;20;24;28;35;41;48;53;57;60;63;68;74;80;84;84;83;79;74;74;80;87;93;99;103;107;112;116;120;125;131;138;141;147;148;150;150;153;154;157;155;153;150;146;142;134;128;123;118;115;115;115;120;124;121;124;123;121;118;122;125;128;130;132;135;138;143;145;152;156;160;165;168;172;177;184;188;192;200;205;208;211;214;221;222;221;218;210;197;182;163;144;122;101;89;71;58;49;45;45;46;47;46;42;37;33;28;24;20;14;10;8;7;8;9;10;11;10;9;7;7;0;0;7;7;7;8;8;8;8;7;0;0;0;7;7;7;8;8;7;7;7;7;7;0;0;7;7;7;7
0;0;7;0;0;7;0;0;0;7;7;0;0;0;0;7;7;0;7;8;7;9;10;10;10;9;9;13;15;17;20;22;27;35;41;48;52;53;58;61;67;73;77;81;84;82;78;74;74;79;86;90;97;100;103;107;114;116;121;128;136;139;143;144;148;150;151;154;155;154;153;148;144;136;133;127;122;118;114;114;116;116;119;122;121;120;119;117;121;123;126;132;132;134;138;143;145;149;154;157;162;167;174;178;183;187;193;199;202;212;212;215;221;221;220;214;212;199;183;160;141;121;106;87;73;60;49;45;46;48;48;47;42;38;33;30;25;21;14;10;8;8;8;9;10;10;10;9;8;7;0;0;7;7;7;8;7;7;7;7;0;0;7;7;7;7;8;8;7;7;0;7;0;0;7;7;8;8;7
7;0;0;0;0;7;0;0;0;7;0;0;0;7;0;7;7;7;7;7;8;8;9;10;9;10;11;12;14;16;19;21;27;35;42;47;51;52;55;57;63;68;75;77;80;80;73;73;74;75;83;87;93;98;101;106;110;115;121;127;134;137;139;143;147;149;152;155;156;156;152;144;140;134;129;125;119;116;114;114;115;115;118;120;119;116;117;116;117;120;123;129;132;133;136;139;143;145;147;156;160;167;173;178;182;185;191;198;201;206;209;216;218;221;223;216;211;198;182;161;142;125;107;89;74;61;50;46;45;47;48;46;44;40;33;29;25;20;14;10;8;8;9;9;10;11;11;9;8;7;0;0;7;7;8;8;8;8;7;7;7;7;7;7;7;7;7;8;7;0;0;0;0;0;0;0;7;7;7
0;0;0;0;7;0;0;0;7;0;0;8;0;0;7;8;7;7;7;7;8;8;9;10;10;9;11;11;14;17;19;21;26;34;41;45;46;49;52;55;60;64;70;77;78;77;72;70;71;76;81;85;90;95;100;105;108;114;122;126;132;137;139;142;144;150;152;154;158;156;151;142;138;130;125;119;113;110;113;113;114;116;119;122;120;118;116;113;114;117;121;128;130;133;135;138;141;143;144;151;160;168;173;178;180;186;193;199;204;207;210;213;216;221;222;221;214;198;182;162;142;126;109;92;74;61;49;45;43;46;48;47;45;42;35;31;27;20;14;10;8;8;8;9;10;11;10;10;8;8;0;0;7;7;7;7;8;7;7;0;0;0;8;7;7;8;7;8;8;7;7;0;7;0;0;0;7;8;8
0;0;0;0;0;7;0;0;7;7;0;0;0;0;7;8;7;7;0;7;7;8;9;11;10;9;10;11;13;15;18;21;26;32;39;43;45;48;52;54;57;61;68;75;75;74;71;71;70;75;80;83;88;93;96;102;104;111;116;122;129;135;138;140;143;147;151;153;154;153;148;141;133;127;119;113;107;107;108;109;114;114;117;115;118;117;113;114;114;117;120;125;127;129;133;135;138;141;144;151;158;165;170;179;180;183;192;197;202;206;208;210;213;220;224;224;215;198;182;164;143;125;107;89;74;61;51;46;44;47;51;49;46;40;36;31;25;20;15;11;8;8;9;10;10;11;9;9;8;8;7;7;8;8;8;8;8;7;7;0;0;0;7;0;7;7;8;8;7;7;7;7;0;0;0;7;0;7;8
0;7;0;7;0;0;0;0;7;7;7;0;0;7;0;7;8;7;7;7;7;8;9;10;9;9;10;11;12;14;17;20;26;32;36;41;42;46;49;53;58;62;66;71;71;71;71;67;67;72;76;80;85;92;94;100;106;110;114;118;125;131;136;137;141;145;147;152;151;150;144;139;128;121;113;108;105;104;105;106;108;109;114;113;112;113;110;110;111;115;118;122;125;128;132;133;135;138;142;146;156;164;172;178;179;185;187;194;199;203;206;208;211;217;223;222;214;199;182;161;142;124;107;90;75;61;52;46;42;46;49;50;46;41;36;32;26;21;16;12;8;7;8;10;11;11;9;8;7;8;7;0;7;8;7;7;8;7;7;7;7;7;7;8;7;7;7;7;7;7;0;7;7;0;0;0;0;8;7
7;7;0;7;0;0;0;0;7;7;7;0;7;7;7;7;7;7;7;0;7;9;9;10;10;10;9;10;12;15;16;19;25;29;34;39;41;44;46;51;55;59;63;66;67;67;65;64;65;70;76;78;80;86;90;98;103;106;112;115;121;124;132;137;139;141;143;146;146;144;139;133;126;117;110;102;100;99;102;101;103;105;107;109;108;107;107;107;109;112;115;118;120;122;128;130;131;136;139;147;156;162;170;176;179;183;185;190;193;197;200;207;209;214;219;220;214;201;184;162;144;123;107;91;75;60;52;47;43;45;48;50;48;43;37;32;26;22;17;12;9;8;8;10;11;11;10;9;8;8;0;7;7;7;8;8;8;7;7;7;7;7;7;7;8;8;8;7;7;7;0;7;7;0;0;7;0;7;7
7;0;7;0;0;0;7;0;0;0;0;0;8;7;7;7;7;7;7;7;7;8;9;10;9;10;10;11;12;14;16;19;24;29;33;36;39;41;45;51;55;58;62;65;67;64;63;63;62;67;73;77;80;84;88;93;99;103;110;114;120;126;129;136;138;137;137;138;140;139;136;131;124;114;109;103;97;96;97;98;97;99;102;101;102;102;102;101;104;106;108;114;117;120;126;128;130;134;138;144;150;161;169;174;178;179;179;185;190;193;197;202;207;210;215;220;218;202;185;163;144;124;107;90;74;61;52;48;44;44;46;50;48;44;38;32;27;20;16;12;9;7;8;10;11;11;10;8;8;8;7;7;7;7;8;8;8;7;7;7;7;7;7;7;7;0;8;7;8;8;7;7;7;0;0;7;7;0;7
7;7;0;0;7;0;7;0;0;0;0;0;7;0;0;0;7;8;7;7;7;8;9;9;9;10;11;11;13;14;16;19;23;28;33;35;38;39;42;49;53;55;59;60;63;62;60;60;61;66;71;74;76;82;85;88;93;101;107;110;118;123;126;126;132;133;133;135;136;136;131;126;119;112;106;101;95;92;90;92;93;96;99;100;99;101;101;99;99;101;106;112;115;117;120;122;129;131;134;138;148;157;166;173;176;180;180;183;186;190;194;198;203;205;209;213;210;200;184;165;147;125;105;89;73;61;53;47;44;45;48;49;49;45;39;32;27;21;15;11;9;8;8;9;11;11;10;8;9;8;7;7;7;7;8;8;8;7;8;7;0;0;0;7;8;7;8;7;7;7;0;0;0;0;0;7;7;0;7
7;7;7;7;7;0;0;0;0;0;7;7;0;7;0;0;7;8;8;7;7;8;9;9;9;10;11;12;13;13;15;18;22;27;31;32;34;38;42;46;50;53;56;59;61;59;57;57;59;63;67;71;74;75;81;84;87;97;104;108;112;117;121;127;129;131;130;132;132;131;128;120;114;107;99;96;91;87;86;88;90;92;92;96;96;94;96;96;99;100;103;107;111;114;116;118;122;126;129;137;148;155;162;169;172;178;180;183;186;190;192;191;197;204;206;210;207;200;180;166;149;126;103;86;71;61;53;47;45;46;48;51;50;46;38;32;26;21;16;12;9;8;8;8;11;12;11;9;9;9;7;7;7;8;7;8;8;7;7;0;0;0;0;0;8;8;8;7;7;7;7;0;0;7;7;0;0;7;7
0;7;8;7;7;0;0;0;0;0;7;0;0;7;7;7;7;8;8;8;8;8;8;9;9;10;10;11;12;14;15;18;22;26;30;31;33;36;41;44;47;50;53;54;57;55;54;54;57;60;65;69;69;72;75;81;84;91;98;104;109;113;120;124;124;127;127;130;127;125;123;114;109;103;95;90;86;82;82;83;85;87;89;91;93;93;92;94;95;97;103;104;108;109;112;114;119;120;127;133;143;153;157;162;170;174;177;183;183;187;189;194;198;207;206;204;200;192;181;165;146;127;107;86;71;60;51;46;45;45;48;49;48;44;39;33;26;21;16;12;8;8;8;9;10;11;11;10;8;8;8;7;7;7;7;8;8;8;7;0;0;0;0;0;7;7;7;7;7;0;0;7;8;7;7;0;0;7;7
0;0;7;7;0;7;0;0;7;7;7;0;7;7;0;0;7;8;7;8;7;8;8;9;10;10;10;10;12;14;16;18;22;26;31;32;33;36;37;41;44;47;50;52;52;52;52;51;53;57;62;64;67;69;72;76;83;88;94;101;105;111;115;117;120;123;123;125;122;120;118;111;105;100;91;87;83;79;80;81;82;82;84;86;88;89;89;89;91;93;98;102;105;106;109;111;117;118;123;128;139;149;155;159;166;171;174;179;182;182;187;192;196;198;201;201;195;188;178;166;148;128;107;85;69;57;52;48;46;47;50;50;48;44;38;33;27;22;16;12;9;8;9;9;10;10;10;9;8;8;8;7;0;7;8;9;7;8;7;0;0;0;0;7;8;7;7;7;7;7;7;7;8;7;7;0;7;0;7
7;0;0;7;0;7;0;0;7;7;0;0;0;0;7;7;7;7;7;8;8;8;8;9;10;10;11;11;11;13;15;19;21;25;27;29;32;34;36;38;42;45;48;51;52;51;52;49;50;54;57;59;62;64;69;72;78;84;90;95;100;106;110;113;118;120;119;118;116;115;112;109;104;97;89;84;79;77;74;75;76;78;81;82;84;85;85;86;87;91;93;97;101;103;106;109;112;112;116;125;135;145;155;159;163;167;170;173;179;181;186;190;195;195;197;196;192;183;170;160;144;126;104;84;69;58;53;49;46;48;51;52;50;45;39;32;27;22;16;12;9;8;8;8;9;10;10;9;9;8;8;7;7;7;7;7;7;8;7;0;7;7;0;7;0;7;7;7;0;7;0;7;7;0;7;0;7;8;0
7;7;7;7;0;7;0;7;0;0;0;0;0;0;7;8;7;7;7;7;8;8;8;9;9;9;10;11;11;12;16;18;21;24;27;30;32;32;33;37;40;44;48;49;50;49;46;45;47;49;51;54;58;61;66;69;74;81;88;93;97;101;105;109;114;111;113;113;112;110;107;103;100;92;85;80;76;74;72;70;71;73;76;79;82;82;81;81;81;84;87;93;95;98;100;103;105;108;113;122;131;140;150;156;156;163;165;166;171;179;185;189;192;192;195;191;188;178;170;155;138;119;101;81;66;57;53;49;48;48;52;52;49;45;38;33;27;22;16;12;10;8;7;7;9;10;10;9;8;7;7;0;7;0;7;7;7;8;8;7;0;7;0;0;7;7;7;7;7;7;0;0;0;0;0;7;7;0;0
7;0;7;7;7;7;7;7;0;0;7;7;7;0;7;7;0;7;7;7;7;7;8;9;9;9;9;10;11;13;15;17;21;24;26;29;31;31;32;36;39;43;45;46;46;45;44;44;46;47;48;53;56;58;62;67;71;76;83;86;90;94;99;103;106;110;111;111;109;107;104;99;94;88;82;77;73;71;69;67;67;69;71;72;75;77;77;78;78;81;83;87;90;93;96;100;102;104;111;120;131;138;144;149;153;157;160;163;169;174;176;182;185;185;188;189;186;178;167;151;133;116;99;79;64;55;51;49;49;48;50;52;49;43;39;34;27;22;16;12;9;9;7;8;9;10;9;9;8;7;7;7;7;0;0;7;8;8;7;0;0;0;0;0;7;7;7;8;8;7;0;0;7;0;0;0;7;0;7
7;7;0;0;7;0;0;0;0;0;7;7;7;0;0;7;7;7;7;7;0;8;8;8;9;9;9;10;12;13;15;18;20;23;25;28;30;31;32;35;38;41;43;44;44;44;42;41;43;45;46;50;52;57;59;64;69;72;77;81;86;91;96;100;101;104;105;107;106;105;101;96;91;86;79;75;73;70;66;65;66;67;69;70;72;72;72;75;74;76;78;82;85;89;92;96;97;102;110;121;125;132;140;142;149;154;157;160;165;168;171;176;179;182;184;186;180;173;163;147;129;113;97;80;66;54;50;49;49;48;50;51;50;43;38;33;28;22;16;12;10;8;7;8;9;9;9;9;8;7;7;7;7;7;7;7;7;7;7;7;0;7;7;0;0;7;8;8;7;0;0;7;0;0;7;7;7;7;0
0;0;0;0;0;0;0;7;7;0;7;7;7;7;7;7;7;7;7;0;7;8;8;9;9;9;8;10;12;15;15;17;20;23;25;27;28;31;32;33;36;39;41;43;44;43;41;41;41;42;46;48;51;55;57;61;65;69;73;78;83;87;93;98;100;100;101;102;102;102;97;91;86;80;76;72;69;67;64;62;62;62;65;67;69;70;71;73;72;70;74;78;81;82;87;91;93;98;105;112;118;125;135;140;143;150;155;159;162;164;166;168;172;176;182;179;175;170;162;144;127;111;94;78;62;54;50;48;46;48;50;52;49;43;38;31;27;21;16;13;11;8;7;7;9;9;9;9;8;8;7;7;7;7;8;7;0;0;7;7;7;7;7;0;0;0;7;7;7;0;0;0;0;0;7;7;7;7;7
7;0;7;0;0;7;0;0;0;0;0;0;7;7;7;8;7;7;7;0;7;8;7;9;9;9;9;10;12;14;16;17;20;22;24;28;28;30;31;32;34;38;40;43;42;39;39;39;41;42;43;45;47;52;55;59;64;68;71;75;80;83;86;92;95;95;98;99;99;98;95;89;83;78;76;70;68;65;62;61;59;59;62;65;65;68;68;69;70;69;72;75;77;79;83;85;88;93;99;104;111;121;130;136;141;147;151;153;156;159;161;164;166;168;175;174;171;166;156;141;126;109;92;75;61;53;48;47;47;48;51;51;47;44;38;32;27;23;18;14;11;8;7;7;9;9;9;9;8;8;7;7;7;0;0;7;7;7;7;7;7;0;0;7;0;0;8;7;7;7;7;7;7;0;7;7;7;7;7
7;7;0;7;7;7;0;0;7;7;0;0;0;7;0;7;7;0;7;0;7;8;7;8;9;9;10;11;12;13;15;17;19;21;24;28;28;28;30;31;33;36;39;42;41;39;38;39;40;40;40;42;45;50;55;59;62;66;71;74;78;81;83;85;89;91;94;97;97;96;93;85;81;78;73;69;66;64;60;59;56;57;60;63;65;66;66;65;64;66;68;70;73;75;78;81;82;87;94;98;107;115;122;131;136;141;143;146;150;156;158;160;161;167;170;171;168;160;151;138;124;108;91;75;59;51;47;46;47;48;49;49;45;42;38;33;27;23;18;13;10;8;8;8;8;9;9;9;8;7;7;0;0;7;0;0;7;8;8;0;7;0;0;0;0;7;0;0;7;7;0;0;7;0;7;0;0;7;0
0;7;0;0;7;0;0;7;7;7;0;7;7;7;7;7;7;7;7;7;7;7;8;8;9;10;10;10;11;13;16;17;19;21;24;26;28;28;28;28;30;35;38;41;40;37;37;38;39;40;40;40;43;47;52;57;62;63;68;70;74;78;81;83;85;87;90;92;92;92;91;84;79;74;69;67;64;60;57;56;55;56;57;60;63;63;65;64;65;65;64;67;69;74;75;78;82;83;89;94;99;108;117;124;130;135;138;142;146;149;150;155;156;159;163;169;163;157;145;130;119;107;90;74;59;49;46;45;46;49;50;50;45;40;37;33;28;24;19;13;10;7;7;7;8;9;10;10;9;8;7;0;0;7;0;7;7;0;8;7;7;0;0;7;7;7;7;0;7;7;0;0;0;0;7;7;7;7;7
0;7;0;0;0;0;0;7;7;7;7;7;7;0;0;0;7;7;7;7;7;7;8;8;9;10;9;9;11;13;15;16;19;22;24;26;27;28;28;28;30;33;37;39;40;37;37;38;38;40;38;37;41;45;50;53;58;61;65;70;72;75;78;79;82;86;88;90;89;90;90;84;78;72;67;64;60;57;55;53;53;54;55;57;61;61;63;63;64;63;63;66;67;70;71;75;78;80;84;89;96;104;113;119;124;126;131;136;141;145;147;152;152;155;162;163;157;151;140;129;117;103;88;72;59;51;45;43;45;47;48;47;43;39;36;31;26;23;18;14;10;7;7;7;9;9;9;9;9;8;7;7;7;7;7;7;7;7;7;7;7;0;0;7;7;7;7;7;7;0;7;7;7;7;7;7;7;7;7
0;0;7;0;0;0;7;7;7;0;7;7;7;0;0;0;7;7;7;7;7;7;8;8;8;9;10;9;11;13;15;16;19;22;23;26;27;27;28;28;30;32;36;37;38;37;36;37;37;38;37;38;41;44;49;54;57;61;65;68;71;73;76;77;81;80;82;88;86;89;90;84;78;72;66;61;57;55;52;52;52;54;54;55;57;59;61;63;62;63;64;62;64;66;69;72;75;77;81;86;93;99;109;116;121;123;128;131;135;140;143;148;149;150;154;155;154;149;137;125;114;100;86;72;60;51;44;43;42;44;46;45;42;37;35;31;26;22;18;14;10;7;7;7;9;10;9;9;9;9;7;7;7;0;7;0;7;7;7;7;0;0;0;0;0;7;7;7;7;7;7;7;7;7;0;0;7;7;7
0;0;7;7;7;0;7;7;7;7;0;7;0;0;7;7;8;7;7;7;7;8;8;8;8;9;10;11;11;14;16;17;18;21;23;24;26;28;28;28;31;33;36;37;36;36;35;34;35;36;35;39;41;43;49;53;57;62;64;66;69;69;72;75;78;79;80;81;85;88;86;83;76;70;64;59;55;51;50;49;50;51;52;53;56;59;59;60;60;62;62;62;62;63;66;70;70;74;79;84;90;96;105;110;117;120;124;127;130;132;135;142;146;147;153;151;149;143;135;123;111;96;84;70;59;49;43;41;40;42;44;43;40;37;34;29;26;22;18;14;10;8;7;8;9;9;8;9;9;9;7;7;7;7;7;7;7;7;7;7;0;0;0;7;7;7;7;7;7;7;7;0;7;7;0;0;0;0;7
0;0;7;0;0;0;7;7;0;7;7;0;0;0;0;0;8;7;7;7;7;8;8;8;8;9;9;11;12;13;16;18;18;21;23;24;28;27;26;26;30;33;35;36;35;35;34;35;36;36;36;38;40;43;47;53;56;60;63;66;67;68;69;73;77;79;78;80;81;80;81;78;71;67;62;58;55;50;48;47;49;50;51;54;56;58;59;59;59;59;59;62;61;63;65;69;70;71;77;81;86;93;99;106;112;118;119;122;125;131;134;138;142;145;150;150;146;140;132;120;108;95;78;67;57;49;42;40;38;41;42;41;40;37;32;29;26;21;17;14;11;7;7;8;10;9;9;8;9;9;7;7;7;7;0;7;7;7;7;7;7;7;7;7;7;8;7;7;7;7;0;0;0;0;0;0;0;7;7
0;0;7;7;7;0;0;7;7;0;7;7;0;0;0;0;7;7;7;7;8;8;9;8;8;9;9;10;12;14;15;17;18;21;22;24;27;27;26;26;29;32;35;36;36;34;34;34;35;35;36;37;40;43;47;52;55;59;63;64;67;69;70;72;76;76;76;79;78;77;78;74;71;66;60;55;51;48;46;46;48;48;51;53;54;58;59;59;58;59;59;58;62;64;66;66;68;71;74;77;83;89;97;103;110;114;115;119;121;126;130;135;140;143;145;145;142;138;129;118;108;93;77;66;56;48;41;39;38;39;40;41;40;37;33;29;26;23;18;14;11;8;7;7;9;9;9;9;9;10;7;7;7;7;7;7;7;8;7;7;0;7;0;0;7;7;7;7;7;7;0;0;0;7;0;0;0;7;7
0;0;0;7;7;0;0;0;0;7;7;7;7;7;7;0;7;0;7;7;8;8;9;9;9;9;9;10;11;13;15;17;19;22;24;26;26;25;25;26;28;31;33;34;35;35;34;34;34;36;37;38;41;44;46;51;54;58;60;63;65;67;68;70;74;76;77;78;77;77;75;72;68;63;56;53;49;46;46;45;46;49;51;52;54;56;58;58;57;59;57;58;61;62;64;64;65;69;73;78;82;88;95;97;104;109;112;118;119;122;126;132;136;139;139;140;139;134;126;117;104;92;76;64;55;46;43;41;40;38;39;39;39;37;33;29;25;22;18;12;10;8;7;8;9;10;9;9;9;7;7;7;7;0;0;7;0;8;7;7;0;7;7;0;7;7;7;7;7;7;0;0;0;0;7;7;7;7;7
0;0;7;7;7;7;0;0;0;7;8;7;7;7;0;0;7;7;7;7;9;9;9;9;9;8;8;10;12;13;15;17;20;23;24;26;26;26;26;26;28;30;33;34;35;34;32;33;33;35;35;37;40;43;48;50;52;56;59;62;63;66;67;68;72;73;76;76;75;75;72;70;67;61;56;53;49;46;45;44;46;48;48;50;52;54;57;58;57;57;58;58;59;60;63;64;64;67;71;77;82;86;91;94;100;105;110;113;117;120;123;128;130;134;135;135;135;129;121;116;103;89;74;61;52;48;42;40;37;36;38;38;38;35;31;28;26;21;17;13;10;8;7;8;8;9;9;9;8;8;8;8;0;0;0;7;8;8;7;7;0;0;0;0;7;7;7;7;7;7;0;7;7;7;7;7;0;7;0
0;0;7;0;0;0;0;0;0;0;7;7;8;7;0;0;0;0;7;8;8;8;9;9;9;9;8;9;11;13;15;17;19;23;25;26;27;27;27;27;28;30;34;35;35;33;32;32;31;34;35;37;40;41;44;48;52;55;59;60;62;64;68;69;72;73;74;75;73;72;71;69;63;61;56;52;49;46;44;45;45;47;47;50;52;54;55;55;53;54;56;59;59;60;61;63;64;67;72;77;80;86;88;92;98;102;106;109;112;118;120;125;128;130;131;131;132;127;122;113;102;88;74;59;51;45;40;39;37;38;37;39;37;34;30;27;24;20;17;13;10;8;7;8;9;9;9;9;8;8;8;7;0;0;7;7;8;8;8;7;7;0;7;7;0;7;7;8;7;7;0;0;0;7;7;7;0;0;0
7;7;7;7;0;0;0;0;0;7;7;7;7;0;7;7;0;0;8;8;8;7;9;9;9;9;9;9;11;13;15;17;20;23;24;27;28;28;27;27;27;30;33;34;34;33;33;32;32;33;34;35;39;41;43;48;49;52;57;59;61;64;68;70;71;71;72;73;73;71;69;67;63;60;56;52;48;46;43;43;44;44;45;49;52;51;53;53;53;53;53;54;57;58;60;62;64;66;71;77;77;82;87;92;96;100;104;107;112;115;121;122;123;123;128;127;126;126;119;109;98;85;73;59;48;42;38;36;36;37;37;37;35;33;30;27;24;21;17;13;9;8;8;8;8;9;9;8;8;8;7;7;7;0;0;0;7;7;8;7;8;0;0;0;0;7;7;7;7;0;7;0;7;0;7;0;0;7;7
0;7;7;7;0;0;0;7;0;7;8;7;7;7;0;0;0;0;0;7;8;9;9;9;9;8;8;9;11;12;15;18;20;23;25;27;28;28;28;27;26;28;31;35;34;34;33;31;31;32;34;36;39;41;43;46;48;53;57;59;62;63;66;67;67;71;73;74;72;71;69;66;65;61;56;52;48;45;43;41;43;44;45;49;49;50;52;52;52;52;54;53;55;56;59;61;68;68;71;75;78;80;85;90;91;97;103;108;111;113;118;122;123;123;124;123;124;122;116;106;94;83;69;58;49;41;37;35;35;38;37;36;35;32;29;26;24;21;17;12;10;8;8;8;8;9;8;8;8;8;8;7;0;7;7;7;7;7;7;7;7;0;0;0;0;8;7;7;7;7;7;0;0;0;7;0;7;7;7
0;0;8;7;0;0;0;0;0;7;7;7;7;7;7;7;7;0;7;7;7;9;9;9;9;9;8;9;11;13;16;19;20;21;25;27;28;28;28;27;27;28;31;34;34;34;33;31;30;31;33;35;40;41;43;45;48;53;58;58;61;63;64;68;69;71;74;73;71;69;69;66;65;59;56;53;50;45;43;42;42;43;44;46;48;50;50;50;51;51;53;52;55;57;60;59;62;66;72;74;77;80;83;87;90;93;100;106;110;114;117;121;119;120;120;122;122;121;115;105;93;82;68;55;47;40;37;36;35;36;38;36;35;32;29;26;23;21;16;11;9;7;8;8;9;8;8;8;7;8;8;0;0;7;0;7;8;7;7;7;7;7;7;0;0;7;8;7;7;0;7;0;7;7;7;0;7;0;7
0;7;0;7;0;0;7;7;7;7;7;0;0;0;0;0;0;0;7;7;8;9;9;9;10;9;9;9;11;14;16;19;21;21;24;27;28;28;27;27;28;29;32;33;33;33;32;30;29;32;33;35;37;41;43;45;47;51;55;57;60;63;65;67;68;71;72;71;70;68;67;65;63;59;56;51;49;46;44;43;42;45;43;45;47;49;49;50;50;50;50;50;53;54;55;60;61;64;69;74;77;81;84;86;88;95;99;103;109;113;114;117;118;118;118;119;120;120;114;105;93;80;68;56;46;39;36;35;36;36;37;35;34;32;28;27;23;20;16;11;9;8;7;8;9;9;9;8;8;8;7;7;7;0;7;7;8;8;7;0;7;0;0;0;0;7;7;7;7;7;7;7;0;0;7;7;7;0;7
0;7;7;7;0;0;7;7;0;0;7;7;0;0;0;0;0;0;7;7;7;8;9;9;10;9;9;9;10;14;17;19;20;22;24;27;28;28;29;29;29;29;31;32;33;33;32;30;29;31;33;32;36;39;42;43;46;49;53;57;60;61;63;65;68;68;70;72;70;68;68;65;63;59;56;53;49;46;45;43;42;42;42;46;46;48;49;49;50;50;51;51;51;52;55;58;59;64;69;73;78;79;82;84;89;94;97;103;109;113;113;115;118;117;116;117;119;119;112;104;91;77;66;54;45;39;37;35;35;35;35;33;32;32;29;26;23;19;15;11;9;8;7;8;9;8;9;8;8;8;7;7;7;7;7;7;7;8;8;7;0;0;7;0;0;7;7;7;0;0;0;0;0;0;7;7;7;0;0
0;0;7;7;0;0;0;0;0;0;7;0;0;0;0;7;7;7;7;8;7;8;8;8;10;10;8;8;10;13;17;18;21;22;24;27;28;29;31;30;29;30;31;32;32;32;31;31;30;30;32;34;36;38;40;43;46;50;52;56;58;59;61;64;67;67;69;71;69;68;68;65;61;59;57;55;49;47;46;45;44;42;42;44;44;46;49;47;49;50;50;51;51;53;56;58;60;65;69;73;74;76;83;86;90;91;97;103;106;110;113;116;117;116;115;115;113;113;109;102;90;77;64;51;44;39;37;35;35;35;34;33;33;31;30;26;22;19;15;11;8;8;7;8;9;8;9;8;7;7;7;8;7;7;7;7;7;8;7;7;0;7;0;0;0;0;7;7;0;0;0;0;0;0;7;0;7;0;0
7;0;7;0;0;0;0;0;7;7;7;7;7;0;0;7;7;7;7;8;8;8;8;8;9;9;9;9;11;13;16;19;22;23;24;26;28;30;31;29;29;29;31;32;32;32;31;30;30;28;31;33;35;39;41;43;46;50;53;55;56;58;59;63;66;67;69;69;67;67;68;65;62;58;55;54;50;46;45;45;45;43;42;43;44;46;47;48;50;49;50;50;52;53;56;59;61;66;67;69;72;76;80;86;91;94;97;102;103;107;111;113;112;113;114;113;113;111;107;101;91;77;63;50;43;38;36;38;35;34;33;34;32;30;31;26;23;19;15;11;9;7;7;7;9;9;9;8;8;7;7;7;7;7;7;7;7;7;7;7;7;0;0;7;0;0;7;7;0;0;7;7;7;7;7;7;7;7;0
0;0;7;7;0;0;0;0;7;7;7;7;7;0;0;7;7;7;7;7;8;8;9;8;9;9;9;9;10;14;17;20;22;23;24;28;28;30;31;29;29;29;31;33;33;33;31;30;29;29;31;33;35;39;41;43;46;49;53;55;57;58;57;60;63;66;67;68;68;68;67;65;63;60;56;52;49;46;45;44;43;42;42;43;44;44;46;48;48;47;50;49;51;53;56;57;59;64;67;70;72;76;80;84;88;92;95;101;103;107;109;112;112;109;112;111;110;109;106;100;90;76;62;49;41;37;36;37;35;33;33;32;30;30;28;26;24;18;13;11;8;7;7;0;8;9;10;8;8;8;0;7;0;0;7;7;7;7;7;0;7;7;7;7;0;0;0;7;7;0;7;0;7;0;0;7;0;0;7
0;0;7;7;7;7;0;7;7;7;7;8;0;0;0;7;0;7;7;7;8;8;8;8;9;9;9;9;11;14;17;21;22;23;24;27;30;30;30;29;29;31;33;34;33;32;30;29;28;29;30;33;34;37;42;43;45;47;52;54;55;55;56;59;64;66;67;71;69;69;67;65;62;62;57;52;48;46;45;45;44;43;43;43;44;43;44;45;47;48;49;49;51;53;55;56;58;62;67;71;75;78;82;85;90;93;94;98;102;107;108;110;114;112;113;110;107;107;105;98;89;77;61;49;41;37;36;37;36;35;33;31;29;28;28;26;23;18;13;12;9;7;7;7;8;8;9;8;8;7;7;7;7;0;7;7;7;7;7;7;7;7;7;0;0;0;0;7;7;0;7;7;0;0;0;7;7;7;7
0;7;7;0;0;0;0;7;7;0;7;7;7;7;0;0;7;7;7;8;7;7;7;8;9;9;9;9;11;14;19;22;23;24;26;27;29;31;30;30;31;32;33;33;33;32;31;30;29;28;30;32;34;37;40;42;45;47;51;52;53;55;56;60;64;65;68;69;68;67;66;64;62;60;58;53;51;46;44;43;43;42;42;42;44;43;44;46;47;48;48;49;51;51;53;56;60;63;68;72;73;75;81;84;89;92;94;97;102;104;108;112;111;112;112;110;107;106;105;98;90;78;63;49;41;37;35;37;36;34;32;32;29;27;26;25;22;18;14;11;8;7;7;7;7;8;9;9;7;7;7;7;0;0;7;7;7;7;0;0;0;0;7;0;7;0;0;7;7;7;7;7;7;0;7;7;7;7;0
0;0;0;0;0;7;0;7;7;0;7;7;7;0;0;0;7;8;7;8;8;8;7;8;8;8;9;9;11;14;19;23;23;24;25;27;30;32;32;33;31;31;31;34;33;32;31;30;29;28;30;32;35;38;40;43;46;48;52;53;53;56;57;59;63;65;68;68;70;67;66;65;63;61;59;55;51;48;45;43;42;41;41;42;43;44;43;45;47;48;48;50;49;51;55;58;60;63;67;71;73;76;79;83;89;91;93;97;100;105;109;111;112;111;107;108;106;106;104;99;91;77;63;49;39;36;34;35;37;34;31;29;29;28;26;25;23;18;14;10;8;7;0;8;7;8;8;9;8;7;7;7;7;0;7;7;7;7;7;7;0;0;0;7;7;0;0;8;0;7;7;0;7;7;7;0;7;7;0
0;0;7;7;0;7;0;0;7;7;7;7;7;7;0;7;7;8;8;8;8;8;7;8;8;8;9;9;11;15;19;22;24;25;25;26;30;32;32;31;30;31;32;33;33;33;32;30;28;28;29;32;35;38;39;43;47;48;52;53;53;55;56;58;61;64;68;69;70;68;66;65;64;61;59;54;51;49;46;45;43;42;42;42;43;42;41;44;45;46;50;49;50;54;54;57;60;63;68;71;73;77;80;85;88;90;93;97;100;104;105;109;112;110;108;106;105;104;103;99;89;75;63;49;40;35;32;34;34;33;32;30;27;26;25;24;22;18;14;11;8;8;8;7;8;8;7;8;8;8;7;7;7;0;0;0;7;7;7;0;0;7;0;7;0;0;0;0;0;7;0;0;7;0;7;7;7;7;7
0;7;7;7;0;0;0;0;0;7;7;7;7;7;7;7;7;8;8;8;8;7;7;7;9;8;8;9;11;15;20;23;24;24;26;27;30;32;31;31;30;31;33;33;35;34;32;29;28;28;28;32;35;37;39;43;47;49;51;53;53;55;55;58;62;65;68;68;69;69;66;64;62;60;59;56;53;50;47;45;42;41;41;41;41;42;43;41;44;46;48;49;50;51;54;57;60;64;67;70;73;76;80;82;84;87;89;93;97;101;104;109;111;109;108;106;103;103;102;97;88;75;62;49;41;35;33;34;33;33;32;31;27;26;25;25;22;19;14;10;8;0;7;8;8;7;8;8;8;7;7;7;0;0;0;7;7;0;0;0;0;0;0;7;0;0;0;0;0;0;0;0;0;0;7;7;7;7;0
7;7;7;7;0;0;7;0;7;7;7;7;7;0;7;7;7;7;7;8;8;8;8;8;8;8;8;9;11;14;18;22;24;26;28;30;30;31;29;30;30;32;33;33;34;34;32;29;28;28;30;32;35;37;39;41;47;49;52;52;53;55;56;57;62;64;66;67;69;68;68;66;64;64;61;59;56;51;51;46;43;41;41;40;41;41;42;42;42;45;47;49;51;51;53;55;60;63;66;70;73;76;78;81;82;85;87;90;97;100;103;107;109;111;108;105;103;103;99;95;84;74;61;49;41;35;33;34;31;32;31;29;27;26;25;24;22;19;14;11;8;0;7;8;7;8;8;8;8;7;7;7;0;7;0;0;7;0;0;7;0;0;7;0;0;7;7;0;0;0;0;0;0;0;7;7;0;0;0
7;0;0;0;0;0;0;0;7;7;7;7;7;7;0;7;7;7;7;7;8;8;8;8;8;7;8;9;10;14;17;21;26;27;29;30;32;31;28;29;29;31;33;33;34;33;32;29;27;30;30;32;35;37;41;43;46;49;52;53;54;56;57;58;61;65;65;65;67;68;68;66;65;64;61;59;57;52;49;47;44;41;39;40;42;41;42;43;43;44;45;47;48;50;52;56;59;63;67;71;75;77;79;82;84;84;85;91;92;98;104;107;108;110;105;104;102;102;98;94;84;72;60;49;38;33;32;31;32;32;30;28;27;27;25;24;22;19;15;11;9;7;7;8;7;8;9;8;8;7;7;7;0;0;0;0;7;7;7;7;7;7;7;7;0;7;7;0;0;0;0;0;0;0;7;7;0;0;0
7;7;0;0;7;7;0;0;0;0;7;8;7;7;7;0;0;7;7;8;8;9;9;9;9;8;8;8;10;14;17;20;24;27;28;30;32;31;29;28;29;28;30;32;34;34;33;29;28;30;31;33;36;38;42;44;47;50;54;54;55;55;57;58;61;64;65;66;69;69;68;66;64;63;61;59;56;53;49;46;43;43;41;40;40;40;43;42;42;43;43;46;47;51;52;55;58;63;66;70;75;78;79;83;82;84;85;88;91;97;102;105;110;110;107;105;104;99;96;90;82;71;60;48;39;33;32;32;32;30;29;27;26;26;25;23;22;19;15;11;9;7;7;7;0;8;7;8;8;7;7;7;0;0;7;7;0;7;7;7;7;7;0;7;7;7;7;7;7;0;0;0;0;0;7;7;7;0;0
0;0;0;0;0;0;0;0;0;7;0;7;7;7;8;7;0;0;7;8;8;8;9;9;9;9;9;9;11;14;17;21;24;27;29;30;32;31;29;28;28;29;29;31;34;35;33;29;28;29;30;32;35;38;42;44;49;50;53;54;57;57;58;59;61;64;66;67;70;70;69;67;65;64;62;60;59;55;51;47;44;42;41;41;42;39;43;43;41;43;44;46;47;49;51;55;57;62;66;71;74;77;82;82;81;82;85;87;89;94;100;104;107;109;108;108;102;97;95;87;80;72;60;46;37;32;31;31;31;30;28;26;26;25;23;23;22;19;14;11;8;7;0;7;7;7;8;9;9;8;7;8;7;0;7;0;0;8;7;7;7;7;0;7;7;7;7;8;0;0;0;7;0;0;7;7;7;7;0
7;0;0;0;0;0;0;0;0;0;7;0;7;7;0;7;0;7;8;8;8;9;9;9;9;7;8;9;11;13;16;20;25;27;29;30;32;32;30;29;28;28;29;31;33;34;32;29;28;28;30;32;35;39;42;43;47;50;54;56;57;60;59;59;62;63;66;67;69;70;69;68;66;64;63;60;59;55;51;48;45;44;43;41;41;40;41;42;42;42;43;45;46;48;50;53;58;62;66;69;72;75;79;80;81;82;83;86;89;91;96;103;107;109;109;107;102;94;90;84;79;71;59;46;36;31;30;30;29;29;27;26;26;25;23;22;22;19;15;11;8;7;7;7;7;7;8;9;8;8;7;7;0;0;7;0;0;7;7;0;7;7;0;7;7;7;7;7;0;0;7;0;0;0;7;0;0;7;0
7;0;0;0;0;0;0;0;7;0;7;7;7;7;0;7;0;7;7;9;9;9;8;9;8;8;9;10;10;13;17;21;24;26;29;30;31;31;29;28;29;28;28;30;31;33;32;30;30;30;31;31;36;39;41;44;48;50;52;56;57;59;59;60;62;64;65;65;68;70;69;66;64;62;62;60;60;54;51;49;44;43;43;42;41;40;41;41;43;43;44;44;45;46;49;52;56;59;64;68;70;74;78;78;79;83;84;86;89;90;94;101;105;107;106;106;100;92;88;83;77;68;57;47;37;32;30;30;30;29;27;26;25;25;23;22;19;20;16;12;9;7;7;0;7;7;8;9;8;8;7;7;0;0;7;7;7;7;7;0;7;7;0;0;7;0;0;0;0;7;7;0;0;0;7;0;0;7;7
7;0;0;0;0;0;0;0;0;0;7;7;7;7;7;7;0;0;7;8;9;8;8;9;8;9;9;9;10;13;16;20;23;26;27;30;31;32;30;29;30;28;26;27;30;32;32;31;31;31;34;35;37;39;41;44;49;50;53;55;57;58;61;61;62;62;62;65;68;69;68;66;64;61;61;58;56;54;50;48;43;41;41;40;39;39;41;42;42;42;42;43;46;46;48;50;54;58;63;67;70;74;79;78;80;81;83;85;87;90;92;98;103;106;106;107;99;91;87;83;75;67;58;46;37;31;29;29;29;28;27;28;25;24;23;22;21;20;15;12;9;7;7;7;7;8;8;9;8;7;7;0;7;7;7;7;7;7;7;7;7;0;7;0;7;0;7;0;0;0;7;7;0;0;7;0;0;7;0
7;7;7;0;0;0;0;0;0;0;7;0;7;7;7;0;0;0;7;7;9;9;8;9;8;9;8;10;11;15;17;20;23;26;27;29;30;31;33;31;29;28;26;28;29;30;30;32;31;31;34;36;38;40;43;46;47;49;53;55;55;57;60;62;64;63;63;65;67;66;65;64;63;60;57;56;54;53;49;46;43;41;42;40;40;42;41;42;42;40;41;41;44;45;46;48;52;57;60;65;67;73;78;80;81;81;81;82;83;88;92;95;102;105;105;104;99;93;86;78;71;66;55;44;37;32;29;28;27;28;27;26;26;24;23;21;21;19;15;12;8;0;8;7;7;8;8;8;8;8;8;7;7;7;0;0;7;0;0;7;7;0;0;0;0;0;7;0;0;0;0;0;0;7;7;7;7;0;7
7;7;7;0;0;0;0;0;7;0;0;0;7;7;7;0;0;0;0;7;8;8;10;8;8;8;9;10;12;14;18;20;23;25;26;28;30;29;32;32;29;29;28;28;29;30;30;31;30;32;35;37;38;40;42;45;46;48;53;54;56;60;59;62;63;63;63;64;64;65;64;64;62;58;55;53;52;51;50;48;45;43;42;41;41;43;42;43;42;41;42;42;44;44;46;48;51;57;59;63;67;72;77;80;79;81;81;79;80;84;88;92;99;102;103;102;96;87;83;77;72;63;56;44;37;32;27;26;26;26;28;26;25;24;22;21;21;19;15;11;8;7;7;7;7;8;8;8;8;8;8;7;7;7;7;7;7;7;7;7;0;0;0;0;0;0;0;0;0;0;0;0;0;7;7;7;7;0;0
0;0;0;0;0;0;7;0;7;7;0;7;0;0;7;0;7;7;7;7;8;8;8;8;8;8;10;10;12;14;18;21;23;24;25;27;29;28;31;31;30;27;27;27;27;30;30;29;29;32;35;36;38;40;42;41;44;47;49;52;55;59;62;63;61;61;62;64;63;63;63;62;60;57;56;53;52;52;48;47;45;44;42;42;40;43;43;44;43;42;44;42;43;43;45;46;49;53;57;61;65;70;74;79;81;83;83;82;81;82;86;90;95;97;99;98;95;87;82;77;69;61;52;43;36;31;27;25;25;25;27;26;26;23;22;21;20;18;15;12;9;8;7;7;0;7;8;8;8;8;8;8;0;7;7;7;0;7;7;7;7;0;7;7;7;7;0;0;0;0;0;7;7;7;7;7;7;7;0
0;0;0;0;7;0;0;0;0;0;0;0;0;7;7;0;0;7;8;8;8;7;8;8;7;8;9;10;12;13;17;19;23;25;26;26;29;29;30;31;30;28;28;26;28;29;30;29;30;32;35;37;39;40;41;41;44;45;47;50;53;56;59;60;62;61;60;62;60;60;59;58;57;57;55;53;52;50;46;47;45;43;42;43;42;43;43;45;44;42;43;42;41;41;43;44;49;51;55;62;66;71;76;80;83;84;84;83;82;83;85;89;91;97;98;96;90;84;79;72;67;61;52;42;37;31;27;24;24;25;25;26;26;23;21;22;20;18;15;11;9;8;7;8;7;7;8;8;8;7;7;7;7;0;7;7;0;7;7;7;8;0;0;0;0;7;7;0;7;0;0;0;0;0;0;7;7;0;0
0;0;0;0;7;0;0;0;0;0;7;0;0;0;7;7;7;7;7;8;8;7;8;8;8;8;9;10;12;14;17;20;23;24;26;27;27;28;29;30;30;28;28;28;28;28;28;28;30;32;34;38;40;41;41;41;43;44;44;48;51;55;57;60;62;62;62;61;59;59;59;58;57;55;54;53;51;48;46;44;44;44;43;44;43;44;44;45;44;41;43;42;41;40;41;44;48;50;54;58;64;70;75;80;83;84;84;83;84;83;84;87;92;96;95;96;90;83;76;71;66;59;51;42;35;32;27;25;26;25;24;25;24;24;22;21;20;18;15;12;10;7;7;8;8;8;8;8;8;8;8;7;7;7;7;7;7;0;7;7;7;7;0;0;0;0;7;0;7;0;0;0;7;7;7;7;8;7;7
0;0;0;0;0;0;0;0;0;7;7;7;0;7;7;7;7;7;7;7;7;8;8;7;7;8;9;11;12;15;17;20;23;25;25;25;26;28;29;28;29;27;28;28;29;28;28;29;29;32;34;37;41;41;41;42;43;44;46;46;50;53;59;60;60;61;61;59;58;59;59;58;56;53;53;52;50;47;44;43;43;43;43;43;45;46;45;46;44;43;44;42;42;42;42;44;47;50;54;57;62;67;73;78;84;86;86;83;81;81;82;86;90;93;95;93;90;83;76;72;63;57;50;42;34;30;27;24;24;24;24;25;24;23;21;20;18;17;14;11;8;7;7;7;8;8;7;8;8;8;7;0;7;0;0;7;7;7;7;7;7;7;0;0;0;0;7;0;7;7;0;0;0;0;7;0;0;0;0
0;0;0;0;0;7;7;7;0;0;0;7;7;0;0;7;7;7;7;7;7;7;7;7;7;8;9;11;14;15;17;21;23;25;24;26;26;28;28;28;29;30;29;29;29;29;28;28;28;31;34;37;40;41;42;42;43;43;44;46;48;51;55;57;60;60;59;61;57;57;57;56;55;53;53;51;47;44;43;43;43;43;43;43;44;46;44;46;47;46;46;44;44;43;43;45;47;50;54;58;63;67;70;76;82;84;83;82;79;77;79;83;87;88;93;91;87;81;74;69;63;55;48;42;34;29;26;24;23;24;25;25;23;22;21;19;18;16;13;12;8;7;7;7;8;8;7;8;8;9;8;7;7;7;0;0;7;7;7;7;7;0;0;0;0;0;7;0;7;0;0;0;0;7;7;0;0;0;0
0;0;0;7;7;7;7;0;0;7;7;7;7;0;7;0;7;7;0;7;8;8;8;7;7;7;9;10;13;15;18;22;24;26;26;26;25;28;28;28;28;28;28;29;30;30;29;28;28;30;34;38;41;42;43;43;42;43;44;46;48;50;53;57;58;59;59;57;55;56;55;54;54;51;50;49;45;44;43;42;42;41;42;44;44;46;46;47;46;47;46;44;44;42;42;45;49;52;55;58;61;65;71;77;80;82;82;81;78;76;76;80;83;87;88;89;85;80;72;69;62;56;47;41;36;29;26;25;23;23;24;25;24;22;21;18;17;16;14;11;8;8;8;7;8;7;7;9;8;8;8;7;7;0;0;0;7;7;7;7;7;7;0;0;0;0;7;7;0;0;0;0;0;7;7;0;0;0;0
0;7;7;0;0;0;0;7;0;0;7;7;0;0;0;0;0;7;7;7;8;8;8;8;7;7;8;10;12;15;18;21;24;26;26;26;26;28;28;29;28;28;30;31;31;32;29;29;28;31;34;38;41;42;42;43;43;44;46;46;48;50;53;55;57;57;59;57;56;56;53;52;50;50;49;45;44;44;42;40;41;39;41;44;44;46;46;48;46;47;46;43;43;43;44;47;50;52;53;57;62;66;71;77;80;83;82;80;80;77;77;79;82;86;88;86;83;79;71;66;59;53;47;39;34;29;26;24;23;23;24;24;24;24;22;19;16;16;14;11;10;8;8;8;7;7;8;8;8;7;7;7;7;7;7;0;0;0;0;0;7;7;0;0;0;7;0;0;0;7;0;0;0;7;7;7;7;0;0
0;0;0;7;0;0;0;7;7;7;7;7;7;0;0;0;0;0;0;7;8;9;9;8;8;8;8;10;12;16;19;22;24;25;25;27;27;27;28;28;27;27;29;31;33;32;29;28;29;29;33;37;39;42;43;44;45;45;46;47;48;50;51;52;57;57;58;57;55;54;53;50;49;48;47;45;44;44;41;40;40;41;40;41;43;44;45;46;46;47;46;44;43;43;44;47;49;50;53;55;61;65;70;76;79;81;80;81;79;75;76;78;81;83;85;85;82;77;70;65;57;52;47;40;34;29;26;25;23;22;22;23;23;23;21;18;16;15;14;12;9;8;8;8;8;8;7;7;7;8;7;7;0;7;7;7;7;7;7;7;7;7;0;0;0;0;0;7;0;7;7;0;0;0;7;7;0;0;7
7;0;0;7;0;0;7;7;7;7;7;7;0;0;0;0;0;0;7;7;7;8;9;8;7;8;8;10;13;15;19;22;24;26;26;27;28;29;29;28;26;28;30;32;33;33;31;28;28;28;33;37;39;40;42;44;45;47;47;49;50;50;50;52;53;55;55;55;54;53;50;50;49;46;45;45;43;42;41;38;38;38;38;40;42;43;46;46;45;46;45;44;45;44;45;48;50;49;51;54;59;64;70;77;79;82;83;82;80;76;76;77;79;80;82;86;81;75;68;63;56;51;44;38;33;29;26;24;21;21;22;22;23;21;19;16;15;14;12;12;9;8;7;8;8;8;7;7;7;8;7;7;7;7;7;7;7;0;7;7;7;7;0;0;0;0;0;7;0;7;7;0;7;7;7;7;0;0;0
0;0;0;0;0;0;0;7;7;0;7;7;7;0;7;7;0;0;7;7;8;8;8;9;8;7;9;10;13;15;18;21;23;25;26;27;28;28;28;28;26;29;31;32;33;33;31;29;29;29;33;37;39;41;43;46;47;48;47;50;51;52;50;51;51;53;54;54;54;54;52;50;46;45;44;43;43;41;41;39;37;37;39;41;43;45;46;46;45;45;44;45;45;45;44;45;48;49;51;54;59;66;68;74;78;82;83;82;82;76;75;75;77;79;80;82;80;75;71;63;56;49;41;37;32;28;25;23;22;22;22;22;22;22;20;17;15;13;12;11;8;7;7;7;8;8;7;7;8;8;7;7;7;0;0;7;7;0;0;7;7;7;0;0;0;0;7;0;0;7;0;7;7;7;7;7;7;0;7
0;0;0;7;0;7;7;7;7;0;0;7;7;0;7;0;7;7;7;8;9;8;9;8;8;8;9;10;12;15;18;20;23;25;27;26;28;28;28;27;27;27;30;32;34;33;31;29;30;31;34;37;37;40;42;45;46;48;49;50;51;52;52;51;51;51;53;54;54;53;53;50;46;44;42;43;42;40;39;38;38;36;39;41;42;45;46;45;44;45;44;45;46;45;43;46;48;50;50;53;58;64;67;73;79;81;82;83;79;77;75;74;75;77;78;80;80;76;71;65;58;49;42;36;32;28;25;22;21;21;21;22;21;21;19;16;15;12;12;11;9;7;7;7;8;7;7;7;8;8;0;0;0;7;7;7;7;0;0;8;0;0;0;0;0;0;0;0;0;7;7;7;7;8;7;7;0;7;7
7;7;0;7;0;0;0;0;7;0;7;7;0;0;7;0;0;7;7;8;8;8;8;8;8;8;9;9;12;14;17;20;24;25;25;26;29;29;28;28;28;28;29;32;34;34;33;31;30;32;35;35;37;39;40;42;43;46;48;50;52;53;52;50;50;51;52;53;54;53;53;49;46;44;43;42;42;40;40;38;37;36;38;40;42;44;46;46;46;46;45;45;46;45;46;48;46;49;50;52;58;64;69;73;79;81;81;83;79;77;74;74;74;76;78;79;79;75;72;65;56;49;42;36;33;28;24;22;20;19;19;20;22;21;18;16;14;13;12;10;9;8;7;8;8;8;7;7;7;7;0;7;7;7;7;7;7;0;0;7;0;7;7;0;0;0;0;0;0;0;0;0;0;0;8;7;0;0;7
7;7;0;0;7;7;7;0;0;0;0;7;0;7;7;0;0;7;0;7;8;8;7;8;8;8;9;10;12;14;17;19;22;24;25;27;28;31;30;30;27;28;30;34;33;33;31;31;31;32;34;35;37;39;41;42;43;46;49;52;52;53;52;52;50;50;52;54;55;54;53;50;46;45;43;41;41;41;40;37;39;38;38;39;42;43;46;45;46;45;46;45;45;45;47;48;48;50;52;53;57;62;68;73;78;82;83;83;80;78;75;72;74;76;78;75;79;78;74;65;57;50;42;35;31;28;25;23;21;19;19;20;21;20;18;16;13;13;12;10;9;8;7;7;8;8;7;7;7;7;7;7;7;7;7;7;7;0;7;7;7;7;7;0;0;7;0;0;0;0;0;7;0;0;0;0;0;0;0
0;0;7;0;0;0;7;7;0;0;7;7;0;0;7;7;7;7;7;7;8;9;9;9;9;9;10;10;12;14;17;19;21;24;25;27;29;30;29;29;29;29;30;31;32;31;31;31;31;33;34;36;38;39;39;42;44;46;48;53;53;53;52;54;52;51;53;54;56;55;53;50;49;47;45;43;41;40;40;40;39;38;40;40;43;46;47;47;46;45;45;45;45;47;47;50;49;49;51;52;56;62;67;72;77;82;84;84;81;79;76;72;72;72;75;78;79;79;72;64;59;49;41;35;32;28;25;24;21;19;19;20;21;20;18;15;13;13;11;9;8;8;7;7;8;8;7;0;7;7;8;7;7;7;0;0;0;0;0;7;7;7;7;7;0;7;0;0;0;0;7;7;0;0;0;0;0;0;0
0;0;7;0;0;0;0;7;7;7;7;7;7;0;7;0;7;7;7;7;8;8;9;9;8;8;10;10;12;14;16;18;21;24;25;27;28;29;29;30;30;30;30;32;34;33;31;32;32;33;34;37;38;39;39;41;43;44;48;51;53;55;56;57;55;53;51;52;54;53;52;52;49;47;44;43;41;38;38;39;39;39;39;40;44;45;46;47;48;47;45;46;46;49;49;50;51;50;50;51;55;59;65;71;75;80;84;84;82;80;78;74;73;74;75;78;78;81;73;64;58;51;42;36;31;28;26;23;21;20;19;19;20;20;18;16;13;13;12;11;8;7;7;7;8;7;7;7;7;8;7;7;8;7;0;0;7;0;0;7;7;7;7;0;0;0;7;0;7;0;7;7;0;0;0;0;0;0;0
0;0;0;0;7;0;0;0;0;7;7;0;7;7;0;7;7;0;0;0;7;7;8;8;8;8;10;11;12;14;16;18;20;24;26;27;29;31;32;31;31;32;31;32;33;32;31;31;31;33;36;37;38;38;40;41;43;46;48;50;53;55;57;57;54;53;50;52;53;52;52;51;50;48;46;44;41;40;38;38;39;40;40;39;43;45;46;47;48;48;49;48;48;48;50;50;51;51;51;52;54;57;62;68;74;78;82;83;82;81;78;75;73;73;76;79;78;79;74;67;60;51;43;36;31;29;25;24;22;19;18;18;21;19;18;16;14;13;12;10;8;7;7;7;8;8;7;7;7;7;0;8;7;7;0;0;7;7;7;7;7;0;7;7;0;7;7;0;7;0;0;7;7;7;0;0;0;7;0
0;0;7;0;0;0;0;0;0;7;0;0;0;7;0;7;7;0;0;7;7;7;8;8;8;9;10;11;12;13;16;18;21;22;26;27;29;30;32;32;32;33;32;32;32;31;31;30;31;34;36;38;39;40;41;40;43;46;49;51;54;56;57;57;55;54;51;52;52;52;51;51;51;49;46;45;42;40;38;40;39;40;40;42;42;45;48;50;49;49;50;51;51;51;51;50;49;50;50;52;54;59;62;67;73;78;82;84;83;80;78;77;74;75;77;77;76;77;73;68;61;50;43;35;31;28;26;24;21;19;17;19;20;19;17;16;15;14;12;10;9;7;8;8;9;8;7;7;7;7;7;7;7;7;7;7;7;0;7;7;7;7;7;7;0;0;0;0;0;7;0;0;0;7;0;0;7;7;7
7;0;0;0;0;0;0;0;0;0;0;0;0;7;0;7;7;7;0;0;0;7;8;8;8;9;10;11;13;14;16;18;21;22;24;27;29;30;31;32;33;33;32;32;32;32;30;30;31;34;35;38;39;42;43;41;42;44;47;51;54;56;59;58;56;54;53;51;51;52;51;51;50;49;48;44;42;41;39;40;40;41;41;42;40;43;46;49;51;49;50;51;50;50;49;51;50;50;50;51;52;57;62;68;74;77;81;84;84;81;78;76;75;76;77;79;77;75;72;67;59;51;44;38;30;27;25;21;21;20;18;18;19;18;17;16;15;13;11;9;8;7;8;8;8;9;7;7;7;7;7;0;7;0;7;7;7;0;7;0;0;7;7;0;0;0;0;0;0;7;0;0;7;0;0;0;0;0;7
0;0;0;0;0;0;0;0;0;0;0;0;0;7;7;7;0;0;7;7;7;7;8;8;7;9;10;12;13;14;16;18;19;22;24;26;29;30;31;33;34;33;33;33;32;32;30;33;32;33;34;39;40;42;42;42;42;43;47;50;53;56;58;58;58;55;54;52;51;51;50;49;51;51;47;45;43;41;39;39;39;39;39;40;41;44;44;48;50;49;49;49;49;50;50;52;52;51;51;51;53;56;61;66;74;77;82;82;83;80;78;75;75;78;79;81;77;76;72;66;59;51;43;37;30;26;24;23;22;19;18;18;19;19;17;15;13;12;11;9;8;7;7;7;8;8;7;7;7;7;7;7;8;7;0;0;7;0;0;0;7;7;0;0;0;0;0;0;0;0;0;7;0;0;0;0;0;7;7
7;0;7;0;0;0;0;0;0;0;0;0;0;0;0;7;0;0;0;0;7;7;7;8;8;9;10;12;14;15;16;18;19;21;24;26;29;31;31;33;32;34;34;33;31;31;30;30;31;32;36;38;40;41;42;43;42;44;47;49;53;57;59;60;59;57;55;53;52;49;51;50;51;50;48;46;43;41;39;39;39;38;39;38;40;43;44;47;49;49;49;48;50;50;49;52;53;51;51;51;53;57;61;66;72;75;79;81;81;78;77;75;76;77;78;81;77;75;70;65;58;51;43;36;31;26;24;23;22;20;18;18;19;20;18;15;14;12;11;9;8;0;7;7;7;7;7;7;7;7;7;7;7;7;0;0;0;0;0;7;7;7;0;0;0;0;0;0;0;7;0;7;0;0;0;0;0;7;0
0;7;7;0;0;0;7;7;0;0;0;0;0;7;7;7;0;0;0;7;7;7;8;9;8;9;10;13;14;15;16;18;18;21;24;26;28;30;31;33;34;35;35;32;31;30;30;30;30;32;35;37;41;42;42;44;45;45;47;49;52;56;59;61;60;58;55;52;50;50;50;49;49;49;49;46;44;41;40;38;38;38;38;39;41;42;44;47;47;48;48;48;50;51;51;54;53;51;50;52;53;56;62;66;70;74;76;79;82;80;77;75;75;78;78;81;79;75;69;64;57;49;42;36;30;26;23;23;21;19;18;18;19;20;19;16;14;13;11;9;8;8;8;7;8;8;8;7;7;7;7;7;7;0;7;7;0;0;0;7;7;0;0;0;0;0;0;0;0;7;0;0;0;7;7;0;7;0;0
0;0;0;0;0;7;0;0;0;0;0;7;0;7;0;7;7;0;7;7;7;7;9;9;8;10;11;13;15;15;16;17;19;21;24;27;28;30;31;33;35;36;35;34;33;30;30;29;30;32;34;37;42;44;42;43;44;47;48;49;52;57;60;61;59;58;55;53;51;50;48;47;49;48;49;47;45;42;40;38;38;37;38;39;41;42;44;46;47;48;49;49;50;50;51;51;51;52;51;52;54;57;62;66;70;74;77;78;80;79;79;76;76;78;80;81;79;76;70;64;58;48;41;34;31;26;23;22;20;18;18;19;20;19;18;16;14;13;11;9;8;8;7;7;8;8;8;7;7;0;7;7;7;0;7;7;0;7;0;7;7;0;0;0;0;0;0;0;0;7;7;0;7;7;7;0;0;0;7
0;0;0;0;0;0;0;0;0;7;7;7;0;7;7;0;7;7;0;0;7;7;8;8;8;9;10;12;14;15;16;16;18;21;24;27;28;28;30;32;32;36;36;35;32;30;30;28;29;31;34;37;42;44;44;44;45;45;49;50;52;56;58;60;60;59;56;55;52;50;48;49;48;47;48;46;46;42;40;39;38;38;38;41;40;42;44;46;46;46;49;49;50;49;50;51;52;51;52;53;53;56;60;66;69;74;77;79;81;78;77;76;76;74;76;76;78;76;70;63;55;47;40;34;31;27;25;22;19;18;17;19;21;21;19;17;14;12;10;9;8;8;7;7;7;7;8;8;7;7;7;7;7;7;7;7;7;7;0;0;0;7;7;0;7;0;0;0;0;0;7;7;0;0;7;0;0;0;0
0;0;0;0;0;0;7;7;0;0;0;0;7;7;7;0;0;7;7;0;7;7;8;7;8;9;9;12;15;16;16;17;18;21;25;27;28;29;30;33;34;35;36;34;33;30;28;29;31;33;33;36;41;45;45;45;47;46;48;50;53;56;57;59;60;58;59;56;53;50;49;50;48;48;48;46;45;43;40;38;37;38;38;40;39;43;43;45;47;46;47;47;49;49;50;53;52;51;50;50;52;56;59;66;70;74;78;80;82;82;79;78;76;74;76;79;77;76;70;63;54;48;39;34;30;27;25;23;19;17;17;17;20;21;19;16;14;13;11;9;8;8;7;7;9;8;8;8;7;7;0;0;0;7;7;7;7;7;7;7;0;0;0;0;0;0;7;0;0;0;0;0;0;7;0;0;7;0;0
0;0;0;7;7;7;7;7;0;7;0;0;0;0;7;7;0;7;7;7;7;7;8;8;8;9;9;11;14;16;16;17;18;21;24;27;29;30;30;33;35;36;35;34;33;30;27;27;29;31;33;36;40;44;44;46;47;47;47;49;52;55;56;60;61;59;59;56;54;53;51;50;49;48;47;46;45;42;41;38;37;37;38;40;41;42;44;46;46;46;46;47;48;50;52;51;51;50;50;51;51;55;59;63;69;74;78;82;84;83;81;78;76;76;80;80;78;75;71;63;55;45;38;33;28;25;23;23;20;18;16;18;19;20;19;16;14;12;10;9;8;7;7;8;9;8;8;7;7;7;0;0;7;8;7;7;0;7;7;8;7;0;0;0;0;0;7;0;0;0;7;0;0;0;0;0;7;7;0
0;0;0;0;0;8;7;0;7;7;0;0;0;0;7;7;7;7;0;7;8;7;7;8;8;9;9;11;13;16;16;17;19;21;25;26;29;31;30;31;34;36;37;36;34;31;28;26;28;30;33;37;39;41;43;46;48;48;49;50;52;55;57;60;59;59;59;56;55;54;51;50;49;48;47;46;45;43;40;38;37;38;38;40;41;43;43;45;46;48;47;48;48;49;50;50;50;51;50;49;50;54;57;60;66;72;77;82;85;83;83;80;78;78;80;80;80;76;68;63;54;47;40;32;26;23;22;20;19;18;17;18;20;20;18;16;14;12;10;9;8;7;7;7;8;8;8;8;8;8;7;0;7;7;7;7;7;7;0;7;7;7;0;0;7;7;7;0;0;0;7;7;7;0;0;7;7;7;0
0;7;7;0;0;0;0;7;7;0;0;0;0;0;0;0;7;0;0;7;7;7;7;7;9;8;9;11;12;15;16;17;20;23;26;27;30;30;32;33;35;36;37;35;33;31;27;28;28;30;32;36;40;43;44;46;48;49;50;52;53;55;58;58;59;58;59;59;57;54;52;51;49;48;46;45;45;42;40;39;37;37;36;38;40;42;42;45;46;47;47;49;49;50;52;52;51;53;51;49;51;55;57;62;68;74;79;83;84;83;81;79;80;78;80;79;78;75;67;61;54;47;39;31;26;24;22;20;19;17;17;18;19;20;19;17;14;12;10;9;8;7;7;7;0;7;7;7;8;7;7;7;7;7;7;7;7;7;7;7;7;0;0;0;0;7;7;0;0;0;0;7;0;0;0;0;7;7;0
7;7;0;0;0;0;0;0;0;0;0;0;0;0;0;0;0;7;7;7;8;7;7;7;8;8;8;10;12;15;16;18;20;24;26;28;30;30;31;33;35;37;38;35;32;30;28;28;28;31;33;37;39;43;44;46;46;50;52;52;54;55;58;58;60;58;59;58;57;57;54;53;52;48;46;46;44;42;38;37;37;36;37;38;40;40;43;44;45;47;46;47;51;51;52;52;52;53;51;50;52;56;59;64;70;75;79;83;84;83;81;79;78;78;79;78;76;74;68;62;55;47;39;31;27;24;23;22;19;17;17;18;19;20;20;16;14;13;11;9;8;8;8;7;7;7;8;8;7;7;0;7;7;7;7;7;7;7;7;0;0;0;0;0;0;0;0;0;0;0;7;0;0;7;7;0;7;7;7
0;7;7;7;0;7;0;0;0;7;0;0;0;0;0;7;0;0;7;8;8;7;8;8;8;9;8;10;12;15;17;19;21;24;26;29;30;30;31;32;34;37;37;35;31;28;27;26;28;31;33;36;39;42;43;45;48;51;56;56;56;57;57;57;59;59;59;59;58;57;55;55;54;50;49;46;44;42;39;37;37;37;38;38;40;42;45;43;46;47;47;48;50;54;53;53;53;51;52;52;53;57;62;66;70;75;78;83;85;85;84;81;80;79;79;78;75;72;64;60;54;46;38;30;26;22;22;21;19;16;17;18;19;19;18;15;14;12;10;9;7;8;7;7;7;7;7;7;7;0;7;7;0;7;7;7;7;7;7;7;0;0;0;0;0;0;0;0;0;7;7;7;7;7;7;7;0;7;7
0;0;0;7;7;0;7;0;0;7;0;0;0;0;7;0;0;0;0;7;8;8;8;8;8;8;8;9;12;14;16;18;21;25;29;30;30;30;31;33;34;37;36;34;32;28;26;26;29;31;32;36;38;40;44;47;50;53;56;57;57;57;57;57;57;57;60;60;59;58;57;55;54;50;50;47;43;42;40;39;36;37;37;39;40;42;43;45;47;48;48;49;50;51;53;53;52;52;52;54;55;58;63;65;70;76;79;83;86;88;87;85;81;83;82;80;77;72;65;59;54;46;38;30;26;23;21;20;19;18;17;18;19;20;18;15;15;13;10;9;7;8;7;7;8;8;8;8;7;0;7;7;0;7;7;0;0;7;7;7;7;7;0;0;0;7;0;0;0;0;7;7;0;7;0;0;7;7;0
0;0;0;7;7;0;7;0;0;0;7;0;0;0;0;0;7;7;7;7;8;8;8;7;7;8;9;11;12;14;16;18;21;25;28;30;30;32;32;33;36;37;37;34;31;28;27;27;29;30;34;36;37;40;44;47;50;54;56;56;58;58;58;57;57;57;57;58;58;57;55;54;53;52;50;47;43;42;40;39;37;37;35;38;41;43;44;45;47;48;48;49;52;50;51;53;52;53;55;54;56;59;61;65;69;75;79;82;86;89;88;87;85;84;83;80;76;73;66;60;55;45;37;31;27;23;21;19;18;18;18;18;19;19;19;16;14;13;10;9;8;8;7;7;7;7;8;8;7;7;7;7;7;7;7;7;7;7;7;7;7;7;0;0;0;0;0;0;7;0;0;0;0;0;0;0;0;0;0
0;0;0;0;0;0;0;0;7;0;7;0;0;0;0;0;0;0;7;7;7;8;8;8;8;8;9;10;11;13;15;17;21;25;28;31;30;32;33;35;38;39;38;35;32;29;27;26;28;31;33;35;38;41;44;48;50;53;54;57;58;59;57;56;57;56;56;57;57;58;57;54;53;52;49;47;44;43;39;39;37;37;37;39;40;42;43;46;46;47;48;50;50;50;50;52;53;54;55;57;59;61;65;68;70;75;78;79;84;87;87;88;86;84;85;81;76;72;68;61;54;46;39;32;26;23;21;19;19;18;18;17;18;18;17;16;14;13;11;9;8;8;7;8;7;7;8;8;8;8;0;0;7;7;7;7;0;8;7;7;7;7;0;7;0;0;0;0;7;0;0;7;7;7;7;7;0;0;7
0;7;0;0;0;0;7;0;7;7;7;7;0;0;0;0;0;0;0;0;7;7;8;8;9;8;8;10;11;13;16;18;20;23;27;31;33;33;34;36;38;39;38;36;33;29;26;25;26;30;33;35;37;41;44;47;49;50;54;56;56;59;58;57;57;55;56;58;57;58;58;57;55;53;48;46;43;41;39;38;38;37;37;38;41;41;44;45;46;47;47;47;49;51;50;51;53;54;55;58;61;63;66;69;73;75;78;80;86;89;87;88;87;84;84;82;78;73;68;61;54;46;39;31;26;24;20;19;19;18;18;18;18;18;17;16;15;13;11;9;8;8;7;7;7;8;8;8;8;7;7;7;7;7;0;7;0;7;0;7;7;7;0;0;0;0;0;0;0;0;0;7;7;0;7;7;0;0;7
0;0;0;0;0;0;7;0;7;7;0;0;7;0;0;0;7;0;7;0;7;8;8;8;9;8;8;10;11;12;13;17;20;24;27;30;33;35;36;37;37;40;38;35;33;29;26;26;28;31;33;36;37;40;44;46;51;52;54;55;58;59;60;60;59;57;58;58;59;59;59;59;58;53;49;47;44;39;39;38;37;37;39;40;40;40;44;46;46;46;47;47;49;51;51;51;54;55;56;57;62;64;67;72;76;78;79;81;84;85;89;89;86;85;84;81;78;73;68;61;55;46;38;31;26;23;20;20;20;18;17;18;19;19;17;16;14;13;11;9;8;7;7;7;7;7;8;8;7;7;7;0;7;7;0;7;7;7;7;7;0;0;0;0;0;0;7;0;0;0;0;7;7;7;0;0;0;0;0
0;0;0;7;0;0;0;7;7;0;0;0;7;0;7;7;7;7;7;7;8;8;8;9;8;8;9;9;11;12;15;18;20;25;28;30;34;35;36;36;38;40;40;37;33;28;25;25;27;30;32;36;39;41;45;47;50;53;54;57;60;60;61;62;61;59;59;59;62;61;59;59;57;55;51;47;44;40;40;39;38;37;38;40;40;41;43;45;47;47;48;48;51;52;52;53;52;55;57;60;64;66;70;74;78;82;84;84;86;89;93;91;91;88;84;82;78;73;67;62;57;48;38;31;26;22;20;19;18;18;18;19;19;19;17;16;13;11;10;9;8;7;7;7;7;8;8;7;7;7;7;7;7;0;7;7;8;8;7;7;7;0;0;0;0;0;7;0;7;0;0;0;7;7;7;7;0;0;7
0;0;0;0;0;7;7;7;0;0;0;0;7;7;7;7;0;0;7;8;8;8;8;9;9;8;9;10;12;14;16;18;21;24;28;32;34;35;35;36;39;41;40;38;33;30;27;26;27;29;32;35;38;41;45;47;49;52;57;58;61;61;64;64;62;62;61;60;60;59;58;59;57;55;51;46;45;42;41;40;40;41;39;41;41;41;44;44;46;47;49;49;51;53;52;54;54;55;57;60;62;67;71;75;80;83;85;87;86;90;93;94;92;88;84;83;77;73;67;62;57;49;38;31;26;22;20;19;18;18;20;19;19;18;17;15;13;12;11;9;8;0;0;7;8;8;8;7;7;7;0;7;7;0;0;7;7;7;7;7;7;0;0;0;0;0;0;0;0;0;0;0;7;7;7;0;0;0;7
0;0;0;0;0;7;0;7;0;0;0;7;0;0;0;0;0;0;8;8;8;8;8;8;9;9;9;10;12;14;15;17;21;23;27;32;35;36;36;38;41;40;39;37;34;30;27;25;27;29;32;36;38;40;44;49;51;54;58;59;63;63;65;66;64;64;63;62;61;59;60;58;55;53;52;48;45;42;42;41;39;41;40;41;42;42;44;44;45;46;48;51;51;51;52;54;56;58;59;62;64;68;72;77;80;82;84;88;89;93;96;97;94;92;86;82;77;73;68;65;56;49;40;32;26;22;21;20;19;18;18;19;20;19;17;15;13;12;11;8;7;7;7;7;7;8;8;8;7;7;7;7;7;0;0;0;7;7;7;0;7;0;0;7;0;7;0;0;0;0;0;0;0;0;0;0;7;0;0
0;7;7;7;0;0;7;7;0;0;7;0;0;7;7;7;7;7;7;7;7;7;8;8;8;9;9;10;11;13;15;18;21;23;27;32;35;38;40;41;40;40;39;36;34;31;27;25;27;29;32;36;38;41;44;48;50;53;56;59;62;64;66;65;64;64;63;63;62;59;60;59;55;54;53;50;46;45;44;43;41;41;42;41;41;41;43;44;44;49;49;51;51;52;53;56;57;58;60;62;64;67;71;74;78;80;84;88;88;93;96;98;96;93;88;84;80;77;71;65;57;50;40;32;25;22;21;20;18;18;19;18;19;19;17;15;14;12;10;8;7;7;7;8;7;7;8;8;7;7;7;7;7;7;7;7;7;7;7;7;7;0;0;7;0;0;0;0;7;7;7;0;0;0;7;7;7;0;0
0;7;0;0;0;0;0;0;7;0;0;0;0;7;7;0;0;0;0;0;7;7;8;9;9;9;10;11;11;13;15;17;20;24;27;31;35;37;39;41;42;42;40;37;33;30;28;26;26;28;32;36;38;41;44;46;50;53;55;58;62;62;66;66;66;64;64;64;64;60;59;57;56;56;54;52;49;48;46;44;43;43;42;42;42;42;46;46;47;49;51;53;52;52;54;56;57;59;60;63;66;70;72;75;76;82;87;90;94;97;100;102;96;93;90;85;81;77;72;66;58;47;38;31;26;22;21;20;19;18;19;19;19;19;18;16;14;12;9;8;7;7;8;8;8;7;7;7;7;0;0;7;7;7;7;8;8;0;7;0;0;0;0;0;7;7;0;7;0;7;7;7;7;7;0;0;0;0;0
0;7;7;0;0;7;0;0;0;7;0;0;7;7;7;0;7;7;8;7;8;8;8;9;9;9;10;11;11;12;14;17;19;23;26;32;35;38;39;40;41;43;40;37;33;28;27;26;27;29;33;34;39;42;46;47;51;55;56;59;63;64;63;65;66;64;66;63;62;61;60;59;60;59;55;53;50;47;45;44;44;45;43;41;42;43;45;46;48;50;51;53;53;53;53;54;56;59;61;64;66;70;73;77;80;82;87;91;96;99;99;99;96;93;89;85;81;77;71;67;59;48;37;30;25;22;21;20;20;19;18;19;19;18;17;16;15;12;9;8;7;7;7;8;8;7;7;7;7;0;0;0;7;7;7;7;7;7;0;0;0;0;0;0;0;7;7;7;7;0;0;0;0;0;0;7;0;0;0
7;7;0;0;7;7;7;0;0;0;7;0;0;0;0;0;7;0;8;7;7;8;8;9;8;8;9;10;12;12;13;16;19;23;27;32;35;38;38;40;43;43;42;38;33;28;27;26;27;30;33;37;40;41;46;49;52;55;58;61;62;64;64;66;66;65;66;64;64;63;62;60;60;58;56;53;50;47;45;43;43;44;43;43;43;43;45;46;49;51;52;53;54;55;56;56;58;59;61;65;66;70;73;77;80;83;86;91;96;100;99;98;95;93;88;84;80;76;70;68;59;50;39;30;24;21;21;21;21;19;19;19;19;18;17;16;15;12;9;8;8;8;7;7;8;8;7;7;7;7;7;0;7;0;7;7;0;7;0;7;7;7;0;0;0;7;7;0;0;0;7;0;0;7;7;7;0;0;0
0;7;0;0;7;0;0;0;0;0;0;7;7;0;0;0;0;7;7;0;7;7;7;8;8;8;10;10;11;12;13;16;19;22;27;32;34;37;39;40;42;44;42;40;34;29;26;27;28;31;35;38;40;43;49;51;53;57;59;61;62;65;66;67;68;67;67;67;67;65;64;63;62;57;55;53;49;47;45;43;42;42;42;42;43;43;45;47;50;52;52;53;55;53;55;57;59;59;61;64;66;69;71;75;79;81;85;90;95;99;101;98;94;92;87;83;80;77;70;66;59;50;41;32;25;21;21;21;20;21;20;18;19;19;19;16;14;11;9;8;7;8;8;8;8;8;8;7;7;7;0;0;7;0;7;7;7;7;7;7;0;0;0;0;7;7;7;7;7;0;7;0;0;0;7;0;0;0;7
0;0;7;0;0;0;0;0;0;0;0;0;0;0;0;0;7;7;0;7;7;8;8;8;9;9;9;10;11;12;13;16;19;23;26;31;34;37;40;41;42;45;43;40;34;28;26;26;28;31;34;38;42;45;49;53;54;57;58;63;64;66;68;69;71;69;68;67;66;67;65;64;60;55;53;51;48;46;43;43;42;42;41;42;43;44;47;47;49;52;53;54;55;55;56;57;58;58;62;64;67;70;73;77;79;79;83;87;93;98;102;101;96;95;91;87;82;78;71;65;60;50;41;32;25;21;21;21;20;21;21;20;20;20;18;16;14;11;9;8;7;7;7;7;7;8;8;8;7;0;7;7;7;7;7;7;7;7;8;7;7;0;7;0;7;7;0;7;7;0;0;0;7;7;7;7;7;7;7
0;0;0;0;0;0;0;0;0;0;0;7;0;0;0;0;7;7;7;7;7;8;8;8;10;10;10;11;12;13;14;15;18;22;25;31;35;37;39;41;43;46;45;41;34;28;26;27;29;31;34;38;42;46;49;53;56;59;62;63;66;67;68;71;72;70;68;68;65;65;63;60;58;54;51;50;47;45;44;43;42;42;41;40;42;44;47;49;49;52;55;56;56;57;57;58;57;60;62;65;69;72;75;77;78;81;83;88;94;99;101;102;100;97;92;87;82;77;71;65;59;50;41;33;26;22;22;21;21;21;20;19;20;19;18;17;15;12;9;8;7;7;0;7;8;9;8;8;7;7;7;0;7;7;7;0;7;7;7;0;7;7;7;7;7;0;0;0;0;0;7;7;0;7;7;7;7;7;7
0;0;0;0;0;0;0;0;0;0;0;0;0;0;0;0;7;0;0;7;7;9;9;9;9;10;10;10;12;14;14;16;19;22;26;31;34;36;38;41;43;44;44;41;35;29;26;26;28;30;35;39;43;48;50;53;54;59;62;62;64;67;68;71;73;70;70;67;64;63;60;57;57;53;51;50;47;46;46;44;42;42;40;42;43;44;46;48;50;54;56;58;58;57;58;59;59;62;63;67;71;74;77;78;78;82;82;86;94;99;101;102;101;98;94;89;83;76;73;67;60;49;41;33;27;23;22;21;22;22;21;19;18;18;17;16;14;11;9;8;7;8;7;7;8;8;8;7;7;7;7;7;7;7;7;7;7;7;7;7;7;0;0;0;0;0;0;0;0;0;7;0;0;0;0;0;0;0;0
0;0;0;0;0;0;7;7;0;0;0;7;0;0;0;0;7;7;7;8;8;8;9;9;9;10;10;11;11;12;14;16;19;23;27;31;33;36;38;41;43;44;45;42;37;31;27;26;29;31;35;39;43;47;51;53;55;57;60;62;64;66;69;70;70;70;67;66;65;63;60;57;54;53;51;48;47;46;45;44;43;42;42;43;43;44;46;48;50;53;56;57;58;58;58;60;63;65;67;71;73;76;77;78;76;80;82;85;93;98;100;102;101;99;96;90;86;81;73;68;60;50;41;33;27;24;22;22;22;23;21;20;18;17;17;16;13;12;9;8;7;7;7;7;9;8;8;8;7;7;0;7;0;0;0;0;7;7;7;0;0;0;0;0;7;7;0;0;0;0;0;0;0;0;0;0;0;0;7
0;0;0;0;0;0;0;0;0;7;0;0;0;7;7;0;0;0;7;8;7;8;9;9;9;9;10;11;10;12;15;16;19;23;27;30;33;35;37;40;42;44;43;41;37;32;28;26;29;32;35;40;42;46;49;54;55;57;60;62;65;66;69;69;67;67;67;65;62;61;60;57;54;51;49;49;48;46;45;45;45;44;42;42;43;44;46;48;49;51;55;58;59;60;60;61;66;67;70;73;74;74;74;76;78;79;83;86;92;99;103;104;102;101;95;90;88;82;75;67;59;50;41;34;27;24;21;22;22;24;24;20;19;17;17;15;13;11;9;8;7;7;7;7;8;8;8;8;7;0;7;7;0;0;0;0;7;7;0;0;0;0;0;0;0;0;7;7;7;7;7;7;7;7;7;7;0;0;7
7;0;0;0;7;7;0;0;7;7;7;0;0;0;0;0;0;7;0;8;8;9;9;9;9;10;11;11;11;12;15;17;20;24;26;30;34;35;36;38;42;42;41;40;36;32;28;28;30;33;36;40;43;48;49;52;54;57;59;61;66;66;69;70;68;66;65;65;61;59;57;55;52;49;48;48;47;46;45;45;43;43;41;42;43;45;45;47;47;50;52;56;59;62;63;65;66;67;69;72;74;75;76;76;78;80;84;89;94;101;105;106;104;101;99;94;90;85;77;69;59;50;41;34;28;25;23;22;23;24;23;21;19;18;17;15;14;11;9;7;7;7;8;7;8;8;7;8;0;0;7;0;7;7;7;7;7;7;7;0;7;7;0;0;0;0;7;0;7;7;0;0;0;0;7;7;0;0;0
0;0;0;0;0;7;7;7;0;0;7;7;0;0;7;0;0;7;7;8;7;8;8;10;9;10;12;11;11;11;14;17;20;24;26;29;32;35;36;38;39;41;41;40;37;34;30;30;31;33;35;40;44;47;49;50;52;56;59;62;65;66;68;68;66;67;64;62;62;58;57;54;51;50;48;47;45;45;44;45;42;42;43;41;42;43;43;46;46;49;52;56;58;60;62;63;66;67;69;70;74;76;79;81;81;83;84;89;95;102;105;106;104;102;100;97;91;84;75;69;60;51;42;34;29;25;23;21;24;25;24;22;20;18;18;16;14;11;9;8;7;8;8;9;8;9;8;8;7;7;7;7;7;7;8;7;7;7;7;7;7;0;0;0;0;7;7;7;7;7;7;7;7;0;0;7;7;7;0
0;0;0;0;0;7;0;0;0;7;0;0;0;0;0;0;0;0;0;7;7;8;8;9;9;10;11;11;11;13;14;17;20;24;25;28;32;35;35;36;39;41;42;40;37;34;32;31;30;34;36;41;45;47;48;52;52;56;59;61;64;67;67;68;66;64;62;59;59;58;57;54;51;49;47;46;44;45;44;43;41;41;41;41;39;43;44;46;48;50;51;55;57;59;59;60;63;66;68;70;74;77;80;83;84;86;86;91;94;101;105;105;105;104;101;97;91;83;77;70;61;51;43;36;30;26;23;23;23;24;24;23;21;20;18;16;14;10;9;8;7;7;8;9;9;9;8;7;0;0;7;0;7;0;7;0;7;7;7;7;7;0;0;0;0;7;0;7;7;0;0;7;0;7;7;7;0;0;0
0;0;7;0;0;0;0;0;0;0;0;0;0;0;0;0;0;0;0;7;8;8;8;9;9;10;11;11;10;13;14;17;21;24;25;28;30;32;33;37;39;41;42;41;38;36;33;33;32;34;37;41;44;46;48;50;52;56;59;60;63;68;68;67;67;62;59;59;58;57;57;55;51;49;46;47;44;42;42;42;40;40;41;42;42;42;44;47;49;50;52;53;54;54;56;60;62;65;67;72;75;78;83;85;85;87;89;93;94;99;104;104;105;105;101;98;93;84;77;68;59;50;42;35;30;26;24;23;24;23;22;21;21;20;18;16;13;10;8;7;7;7;8;8;8;9;7;7;7;7;7;0;0;0;7;7;7;0;0;0;0;0;0;0;0;7;7;0;7;7;0;7;7;0;0;0;0;0;0
7;0;0;0;0;0;7;7;7;0;0;0;0;0;7;0;0;0;0;7;8;9;8;9;10;10;10;11;11;13;15;17;20;23;25;27;29;31;34;37;39;41;41;41;39;36;34;31;32;34;37;41;43;46;44;48;51;56;58;59;62;66;66;66;63;60;57;57;57;54;55;53;48;48;46;44;44;42;41;39;42;42;43;43;44;45;45;48;50;53;52;52;52;56;54;58;62;65;66;73;76;80;85;86;88;92;91;92;92;97;102;103;104;103;101;101;95;87;79;70;60;51;41;34;29;26;25;23;24;24;23;22;21;21;18;15;13;11;8;7;7;7;8;8;8;8;7;7;0;7;7;7;7;7;7;7;7;7;7;7;7;0;0;0;0;7;7;7;7;7;7;0;0;0;0;7;7;7;7
0;0;0;0;0;0;0;0;7;0;0;7;7;0;0;0;0;0;0;7;8;9;9;10;10;10;10;11;11;13;15;16;20;23;24;26;29;30;34;37;39;41;40;40;38;35;35;33;32;34;36;40;39;44;46;46;50;53;56;57;61;64;66;66;63;62;59;57;55;55;53;51;49;49;47;44;43;42;41;40;42;42;44;44;45;45;46;48;50;51;51;52;52;53;55;59;62;65;65;69;74;79;83;86;88;90;91;91;95;97;101;101;100;101;102;100;95;88;79;69;60;50;40;34;29;27;25;23;24;23;24;21;21;21;19;16;13;9;8;7;0;7;8;8;9;8;8;8;0;7;0;7;7;7;0;0;7;7;7;7;0;0;0;0;0;7;7;0;7;7;7;0;0;0;7;7;7;7;7
0;0;0;7;0;0;0;0;0;0;7;7;0;7;0;0;0;0;7;7;8;10;10;9;9;10;11;10;12;13;15;16;19;21;23;26;28;30;33;37;39;41;42;40;38;35;35;33;33;34;36;40;43;45;46;50;50;51;55;58;61;63;64;65;63;63;61;58;56;55;54;51;50;49;46;45;44;42;41;41;42;42;44;45;46;46;47;48;50;51;50;52;52;53;54;57;60;64;66;68;72;75;80;86;89;92;92;93;96;95;96;98;100;100;101;99;95;90;80;70;60;50;41;34;28;26;25;25;24;22;21;20;21;21;19;16;12;11;9;7;7;7;8;8;8;9;7;7;0;7;7;7;0;7;7;7;7;7;7;7;0;0;0;7;0;0;0;0;7;7;7;0;0;0;7;0;0;0;7
7;7;0;0;0;0;7;0;7;7;7;7;7;7;0;0;0;0;0;7;7;9;10;9;9;11;12;11;12;13;16;18;20;22;23;25;27;29;32;36;38;40;40;38;37;34;33;34;34;35;37;39;42;45;48;50;51;53;56;58;60;63;63;62;63;63;61;61;57;55;54;52;51;48;46;45;43;43;41;42;44;45;44;46;47;47;49;49;50;51;54;53;52;55;55;57;59;64;66;69;70;74;79;83;88;92;93;95;97;95;97;97;99;100;99;100;95;88;80;72;60;48;41;34;30;26;25;25;24;22;21;20;20;21;19;15;12;10;8;7;7;7;8;8;9;9;8;8;0;0;0;7;7;7;0;0;7;7;7;7;0;0;0;0;0;0;0;0;7;7;7;0;0;0;0;0;0;0;0
7;0;0;7;7;0;7;7;0;7;7;0;0;0;0;0;7;0;0;0;7;9;9;9;9;10;12;12;13;14;16;19;21;22;23;24;25;27;31;35;39;41;40;39;36;34;33;33;34;36;37;39;42;45;48;51;51;53;55;57;60;62;64;63;64;65;63;61;59;55;55;53;50;49;47;46;43;43;42;43;44;46;46;45;47;48;48;49;50;51;52;51;52;53;55;57;60;62;64;66;68;73;78;83;88;94;98;100;99;99;98;97;98;100;100;98;95;87;80;69;60;50;43;33;29;27;26;25;24;22;21;21;21;22;19;16;13;10;8;7;7;8;7;8;9;8;8;7;0;0;7;0;7;0;7;7;7;7;7;0;7;7;0;0;0;0;0;7;0;0;7;0;0;7;7;7;7;0;0
0;0;7;0;7;7;0;0;0;0;0;0;0;0;7;7;0;0;0;7;7;8;8;9;9;10;12;13;14;15;17;19;21;21;22;24;26;28;32;33;37;40;41;39;36;36;33;32;33;35;37;40;43;45;48;50;51;53;55;59;61;62;64;63;64;63;63;62;60;57;56;53;50;48;46;45;44;43;44;43;44;45;47;47;47;48;49;50;51;51;52;50;51;52;55;57;59;60;64;66;67;72;77;84;89;95;99;100;99;98;96;95;96;97;100;97;94;86;78;69;61;51;41;34;29;27;25;26;25;24;22;22;21;22;19;16;13;10;8;7;7;8;7;7;8;7;8;8;7;7;0;0;0;0;0;0;7;7;7;0;0;7;7;7;0;0;0;0;0;0;7;0;0;0;7;7;0;7;7
7;7;0;7;0;0;0;0;0;0;0;7;0;0;0;7;7;0;0;8;8;8;9;10;9;11;12;13;14;17;18;19;21;21;22;23;25;28;31;36;39;41;41;39;36;34;33;31;31;33;36;39;43;45;48;51;52;54;56;59;59;62;63;62;61;63;62;59;59;58;55;53;49;47;45;46;45;44;44;43;44;45;47;49;49;50;49;51;50;52;52;52;53;53;54;56;58;62;64;66;67;71;77;83;89;94;97;100;100;100;98;97;97;97;98;94;90;85;76;68;60;49;39;34;29;27;27;26;25;25;22;21;21;21;19;17;13;11;8;8;7;8;7;8;8;9;8;8;7;7;0;0;0;0;0;7;8;7;7;0;7;0;0;0;0;7;0;0;7;7;7;0;7;7;7;0;0;0;7
7;0;0;0;7;0;0;0;0;0;0;0;0;0;0;0;7;0;0;8;8;9;8;9;9;10;12;14;15;16;17;19;20;22;22;23;25;27;31;36;40;42;42;40;37;35;33;31;30;32;36;40;44;47;48;52;52;55;57;59;59;61;63;63;63;63;62;61;59;59;54;51;49;47;46;45;45;44;44;44;43;45;47;49;48;50;51;52;51;51;51;51;52;53;54;57;58;61;63;64;67;69;74;81;89;92;98;100;101;100;98;99;95;97;98;91;88;83;76;69;59;48;41;34;29;26;27;26;25;23;22;22;22;20;18;16;14;11;8;7;7;7;8;8;7;8;8;8;7;0;0;0;0;0;7;7;7;0;0;0;0;7;0;0;0;0;0;0;0;7;7;7;7;7;0;0;0;0;7
0;0;0;0;0;0;7;0;0;0;7;0;0;7;0;0;7;7;7;7;8;8;7;8;9;11;13;14;15;16;17;19;20;21;22;23;24;27;31;35;39;42;42;41;38;35;33;31;30;33;36;41;43;46;49;52;55;57;58;60;60;61;62;63;63;63;62;61;58;57;55;51;49;47;45;44;44;44;44;44;45;46;47;47;48;48;49;50;50;47;49;52;51;53;55;58;59;62;61;62;66;69;75;82;89;93;96;97;98;99;96;97;97;96;97;93;88;83;76;68;59;49;41;33;28;26;26;25;26;24;22;21;21;20;18;16;13;11;8;7;7;7;8;8;8;8;8;7;0;0;0;0;0;7;7;7;7;7;7;7;0;0;0;0;0;0;0;0;0;0;0;7;7;7;0;0;0;7;7
7;7;7;0;0;0;0;7;7;7;7;0;0;7;0;0;0;0;7;8;8;8;8;8;9;11;13;14;14;16;16;18;19;20;21;22;23;26;31;34;39;43;42;40;38;36;33;31;30;32;36;41;43;46;50;54;55;58;58;59;61;61;63;65;64;64;61;59;59;57;54;50;48;47;45;43;43;44;44;44;45;45;46;45;46;46;47;48;47;47;49;50;52;54;56;57;58;60;59;63;66;69;76;83;87;91;94;96;96;97;97;99;98;97;96;92;86;81;76;69;60;50;41;34;28;26;26;26;26;25;22;22;21;19;18;15;12;11;9;7;7;7;8;8;8;8;8;7;7;7;7;0;0;0;7;7;7;8;7;0;0;0;0;0;0;0;0;0;0;7;0;7;0;0;0;7;7;7;0
7;7;0;0;0;7;0;7;0;7;0;0;0;7;7;0;0;0;0;7;7;8;7;8;9;11;13;15;16;16;16;18;20;20;21;22;24;27;30;34;39;41;40;38;38;36;34;29;31;33;36;40;44;47;51;54;56;57;58;58;61;62;64;67;66;64;60;59;58;56;53;51;46;45;43;43;42;44;43;43;43;44;45;45;44;45;46;46;47;49;48;51;53;57;57;57;57;59;59;62;65;70;77;81;87;90;91;93;94;96;97;97;97;97;93;90;83;79;74;66;59;50;40;34;29;27;25;26;25;25;23;21;21;19;18;15;12;10;8;7;7;7;7;7;8;8;9;8;7;0;0;0;0;0;0;7;7;7;8;7;0;7;0;0;0;0;0;0;0;7;7;7;0;0;0;0;0;0;0
7;0;0;0;7;0;0;7;7;8;0;0;7;7;7;0;0;7;0;7;9;8;8;8;9;11;14;15;16;16;17;19;20;20;22;22;25;27;30;35;38;39;39;38;36;35;34;32;31;32;36;39;44;49;51;53;57;59;60;59;61;63;65;66;65;63;64;60;58;55;52;50;47;44;42;42;43;45;44;44;44;44;45;43;44;44;45;46;47;48;49;53;55;57;58;58;59;59;61;63;66;72;78;82;86;89;89;90;92;92;96;98;98;96;93;90;83;78;72;65;60;51;41;34;29;27;26;26;25;25;24;20;20;19;18;16;13;11;9;8;7;8;7;7;8;7;8;7;7;0;0;7;7;0;7;7;7;8;8;7;0;0;0;0;0;0;0;7;0;7;0;7;7;0;0;0;0;0;0
7;7;0;7;0;0;7;0;0;0;0;0;0;7;7;0;0;7;7;7;7;7;8;8;9;11;13;14;17;17;18;19;19;20;20;22;25;28;31;36;38;38;37;37;35;32;32;32;32;34;37;41;45;48;52;56;57;59;59;60;63;64;64;66;64;63;61;60;58;55;52;49;47;44;42;42;43;42;46;44;44;44;44;43;43;43;43;44;47;50;51;53;57;58;59;61;59;59;61;62;66;72;77;81;86;88;89;90;91;92;97;98;99;97;96;91;83;80;74;68;59;49;40;33;28;27;27;27;25;23;21;20;21;20;18;16;14;11;9;8;7;7;7;8;8;8;8;7;7;7;0;7;7;0;7;7;0;7;8;7;0;0;0;0;0;0;0;7;0;7;7;7;7;0;0;0;0;0;7
7;7;7;7;0;7;7;0;0;0;0;7;7;7;7;0;7;7;8;7;7;8;8;8;8;10;12;14;17;18;19;19;19;20;21;22;24;27;32;35;37;37;37;33;33;33;32;32;33;35;39;43;47;50;51;55;57;58;59;61;64;64;64;65;66;63;61;60;57;54;52;48;47;44;43;44;43;43;43;43;43;43;43;42;43;41;43;43;46;48;51;54;56;60;60;60;58;61;63;65;67;71;75;82;84;85;85;87;91;94;97;98;99;98;95;91;83;79;72;69;58;49;40;33;29;26;27;26;25;23;24;23;21;19;17;16;14;11;9;8;0;7;7;7;7;7;8;8;8;7;0;7;0;7;7;7;7;7;8;7;7;0;0;0;0;7;7;7;0;7;7;7;0;0;0;7;7;7;7
7;0;7;0;0;0;0;0;0;0;7;7;7;7;7;7;7;8;8;8;8;8;7;7;9;10;12;14;16;17;19;18;18;19;20;22;25;28;33;37;38;37;36;33;32;32;31;32;34;36;40;44;48;51;53;56;58;59;60;61;63;66;66;66;66;64;61;58;55;53;51;47;45;43;42;42;43;41;41;42;41;41;41;41;41;40;41;43;45;47;50;52;54;56;57;59;60;61;63;66;69;72;75;77;81;85;85;87;90;94;97;99;99;97;94;92;86;81;73;65;56;48;40;34;29;26;25;25;26;26;24;22;20;18;17;16;14;11;9;7;7;7;8;8;8;7;8;8;8;7;7;7;0;7;7;7;7;7;7;7;7;0;0;0;0;0;7;0;0;0;7;7;7;0;0;7;0;0;0
7;7;7;0;0;0;0;0;0;0;7;7;7;0;7;7;7;7;8;8;7;7;7;7;7;9;12;15;16;17;18;19;19;19;20;23;26;30;33;39;38;37;35;33;31;29;30;32;34;39;43;47;50;52;55;58;60;60;60;63;64;67;66;66;66;65;62;58;55;53;50;46;44;41;42;40;39;40;39;39;39;40;39;39;39;39;41;43;41;46;48;50;53;54;54;57;58;60;62;65;68;71;76;78;81;82;84;87;87;92;96;98;99;99;95;91;85;81;73;65;56;47;41;35;28;25;24;23;25;25;23;21;21;19;18;16;14;11;8;7;0;7;7;8;8;7;8;7;7;7;0;0;0;0;0;7;0;7;7;8;7;0;0;0;0;0;0;0;0;0;8;0;0;0;0;0;0;0;0
7;7;7;0;0;0;7;0;0;7;7;7;0;0;7;7;7;7;7;8;7;8;7;7;7;9;12;14;17;18;19;19;20;19;20;23;27;31;33;36;37;36;33;31;30;30;31;33;34;39;45;48;52;55;56;57;60;63;65;65;66;69;69;68;68;65;61;57;53;51;48;45;42;40;39;38;37;37;37;37;37;37;38;38;38;40;40;41;44;43;44;48;50;51;53;55;57;59;61;65;67;71;75;77;81;81;83;85;87;92;94;98;99;99;95;91;85;79;71;63;54;46;40;35;30;26;25;25;25;25;23;22;21;19;17;15;14;10;8;7;0;7;7;7;8;8;7;8;7;7;0;0;0;0;7;7;7;7;7;0;0;0;7;0;0;0;0;7;0;0;7;0;0;0;0;0;0;0;0
7;7;0;0;0;0;0;0;0;0;7;7;7;0;0;0;7;8;9;9;8;8;7;7;8;9;11;14;16;18;19;19;18;19;20;24;27;31;34;36;36;34;32;31;30;31;32;33;36;40;45;51;53;55;57;59;62;64;66;67;67;68;68;67;66;64;60;57;52;52;50;45;42;40;37;37;35;35;37;38;36;37;37;38;37;38;40;41;44;44;45;47;49;48;49;53;56;59;62;66;68;70;74;77;79;80;84;85;87;91;94;96;97;98;95;90;84;77;70;61;53;46;40;35;30;26;25;25;25;24;24;23;21;19;16;14;12;11;9;8;7;7;7;7;8;9;8;8;0;0;0;0;0;0;7;0;0;7;7;0;0;0;7;0;0;0;0;7;0;0;0;0;7;7;0;7;7;7;0
0;7;7;7;0;0;0;0;7;7;7;7;7;7;0;7;7;8;8;8;8;7;7;7;7;9;11;14;15;17;18;20;19;20;22;24;28;32;34;36;34;33;32;32;30;31;31;33;36;42;47;53;57;56;60;62;64;64;66;66;66;66;65;65;64;62;62;57;53;53;51;46;43;40;37;37;35;36;37;37;37;37;37;37;37;37;39;40;41;43;45;46;48;48;49;53;55;59;62;66;70;73;75;76;76;77;81;84;87;91;92;94;97;97;95;92;84;77;70;60;51;45;40;36;30;27;25;25;24;24;24;22;21;19;16;14;12;10;7;7;7;0;7;7;8;9;8;7;0;0;7;0;7;7;7;0;7;7;7;7;0;0;0;0;0;0;0;7;0;0;0;0;7;0;7;7;7;7;7
0;0;0;0;0;0;0;7;0;0;7;7;7;7;7;7;8;8;8;9;8;8;7;7;8;9;10;13;14;16;17;18;19;20;22;25;29;31;34;34;34;33;34;32;31;32;33;34;38;45;51;55;58;59;61;62;63;64;65;65;66;64;64;63;62;60;59;55;54;52;49;45;43;40;37;37;36;36;35;36;36;37;37;36;36;38;39;40;41;43;45;45;47;47;49;53;56;59;62;65;70;73;74;75;75;76;79;81;86;89;89;95;95;96;96;94;88;81;70;61;52;46;41;35;31;27;26;24;24;24;24;23;22;19;15;14;12;10;8;7;0;0;7;8;9;9;7;7;7;0;7;7;7;7;7;7;7;8;7;7;7;7;0;0;0;0;0;0;0;0;0;7;7;0;0;0;0;7;7
7;0;7;7;0;7;0;0;0;7;7;7;7;0;0;7;7;7;8;8;8;8;0;7;8;10;12;14;15;16;17;17;19;20;23;26;29;31;35;35;34;32;31;30;31;32;34;35;41;46;52;57;59;61;62;62;62;63;63;63;63;61;64;63;62;60;59;57;53;51;49;45;44;41;39;38;36;35;36;36;35;36;37;37;37;37;38;39;39;41;44;45;46;46;51;53;55;60;64;67;72;74;75;76;76;78;81;83;87;90;91;92;93;96;97;95;88;81;69;60;51;45;42;35;30;27;25;26;25;23;23;22;21;17;15;14;12;10;8;7;7;7;7;8;8;8;7;8;7;0;0;0;0;0;7;8;7;7;8;7;7;0;0;0;0;0;0;0;0;0;0;7;7;0;7;7;7;7;0
7;7;0;7;0;7;7;0;0;7;7;7;7;0;7;7;7;0;8;9;8;8;7;7;8;9;12;14;16;16;16;16;18;20;22;26;29;34;35;35;33;33;30;30;32;33;34;36;41;46;52;58;61;63;64;62;62;64;63;61;63;61;62;63;61;59;59;56;52;49;47;44;43;42;41;39;38;36;36;36;35;36;37;36;37;37;37;39;39;41;42;44;45;47;49;53;55;59;62;64;70;74;76;79;79;81;84;83;85;88;91;93;94;97;99;97;91;82;69;58;50;43;38;35;30;27;26;25;24;23;22;21;21;17;14;14;12;10;8;7;0;7;7;8;8;7;7;7;7;0;0;7;0;0;7;7;7;7;0;0;7;7;0;0;0;0;7;0;0;7;7;0;7;7;7;0;0;0;0
7;7;0;7;0;0;0;7;7;7;7;7;7;7;7;8;8;8;9;10;9;8;7;7;7;9;12;15;16;17;16;17;19;22;25;27;29;32;34;34;32;31;30;29;31;34;35;38;42;46;53;59;63;65;66;64;62;63;62;60;60;59;59;60;60;58;59;57;52;49;47;44;42;41;41;40;38;36;36;35;36;36;38;37;38;37;39;39;39;40;40;41;44;45;47;50;54;58;61;66;71;75;79;81;81;83;83;82;87;86;87;90;94;98;100;97;93;82;70;59;49;43;39;35;29;26;25;25;23;22;22;21;20;17;15;13;11;10;8;7;0;0;7;8;7;8;8;8;7;7;0;0;0;0;7;7;7;7;7;7;7;0;0;0;7;0;0;0;0;0;7;7;7;0;0;0;7;0;0
7;7;7;7;7;7;0;7;7;7;7;7;7;7;7;8;7;8;9;10;9;7;7;7;7;9;11;14;16;15;16;17;20;23;26;29;31;32;33;32;32;31;28;29;29;33;35;39;42;47;52;59;64;65;65;64;62;62;62;58;58;57;59;59;58;58;57;55;51;49;47;45;43;42;41;40;38;36;35;36;36;36;37;38;40;40;40;40;39;39;39;40;43;43;46;47;52;57;59;65;72;78;82;84;84;83;83;87;85;85;85;89;94;98;101;98;93;83;71;60;48;43;38;33;29;26;25;25;23;22;22;22;21;17;16;13;13;10;8;7;0;7;7;8;8;8;8;8;7;7;7;0;0;7;7;7;7;7;7;7;0;0;0;0;0;0;0;7;7;0;7;7;0;0;0;0;7;7;7
0;0;7;7;7;0;0;7;7;7;7;8;8;7;7;7;8;8;8;8;8;7;7;7;7;9;12;13;15;15;16;18;21;24;27;31;33;33;32;32;32;30;28;28;28;32;35;39;45;48;51;59;61;63;65;65;62;62;59;57;57;58;56;57;58;57;56;53;53;49;47;45;42;42;41;40;37;37;37;37;37;38;38;38;40;41;41;40;40;40;39;41;42;42;43;46;51;55;61;67;72;77;82;83;84;85;84;83;82;84;85;89;96;100;102;98;92;82;71;58;48;43;39;34;30;27;25;24;22;22;23;23;22;19;16;13;10;9;8;7;0;7;7;7;8;8;8;7;0;7;0;0;7;7;7;7;7;7;7;8;0;0;7;0;0;0;7;7;0;0;0;7;7;0;0;7;7;0;0
7;7;7;0;7;0;0;7;7;7;8;9;8;7;7;7;7;7;8;8;8;7;7;7;8;9;11;12;13;14;16;19;22;24;28;31;34;34;33;32;32;30;30;30;31;33;34;39;45;52;55;57;58;59;62;63;61;61;59;58;58;57;56;55;56;55;56;55;54;50;49;46;43;41;40;39;37;36;37;36;38;39;39;39;39;41;41;41;40;40;40;40;41;42;43;47;52;55;60;67;73;78;82;84;87;89;86;84;82;80;85;89;94;100;104;100;94;82;72;60;49;41;39;35;31;28;26;24;22;22;23;23;22;19;16;12;10;9;9;7;7;7;7;7;7;8;8;7;7;7;0;0;0;7;0;0;7;7;7;7;0;0;0;0;0;0;0;0;0;0;0;0;7;7;0;7;7;0;7
7;0;0;0;7;0;0;0;7;8;8;8;8;7;7;8;8;8;7;7;8;7;7;7;8;9;11;12;14;15;16;19;22;27;29;32;34;34;33;32;31;30;30;31;32;33;36;41;46;50;54;57;60;61;61;61;62;61;60;59;56;54;54;55;55;55;56;55;54;52;49;46;46;44;42;40;38;37;36;37;38;37;39;39;39;40;40;41;41;41;41;41;42;44;44;47;51;55;61;68;75;80;84;86;90;90;88;86;82;82;84;90;96;103;104;101;94;83;71;58;48;44;39;35;31;28;26;24;22;22;23;23;22;18;15;12;10;9;8;7;7;7;7;8;8;8;7;7;7;0;0;7;7;7;7;7;7;7;0;7;7;7;0;0;7;0;7;7;0;0;7;7;0;0;0;7;0;0;0
0;0;7;7;7;7;7;7;7;8;8;8;7;7;7;8;7;8;7;8;8;7;7;7;9;10;11;12;13;14;17;19;23;27;29;35;37;36;35;33;31;29;30;31;32;35;38;43;47;51;55;59;61;61;61;61;62;60;61;60;58;55;54;55;55;57;56;55;55;52;48;47;45;44;42;40;39;37;37;37;37;37;37;38;39;39;39;39;40;40;39;41;42;44;47;47;50;54;60;68;75;82;88;90;92;90;90;85;82;82;84;89;94;103;104;101;94;83;70;59;51;45;39;34;31;28;26;25;23;23;23;23;21;18;15;11;9;8;8;7;0;0;7;8;8;8;7;7;8;0;7;7;0;7;7;7;7;7;7;0;7;7;7;7;7;0;7;0;0;0;7;7;7;0;0;0;0;0;0
0;7;7;7;0;7;7;7;7;8;7;7;7;7;7;7;7;7;8;8;8;7;7;8;9;10;11;11;12;13;15;19;23;28;33;36;38;38;35;34;31;29;29;31;32;36;39;43;47;51;56;58;60;61;60;60;61;58;59;58;59;57;55;57;54;55;54;53;54;52;50;48;46;43;42;40;39;39;37;37;36;38;37;38;39;39;40;39;40;40;39;41;43;44;45;47;51;55;61;71;78;85;92;95;96;93;93;86;82;81;83;89;96;103;104;101;96;86;73;60;52;45;40;34;31;29;26;26;23;23;22;22;21;19;15;11;9;9;9;8;7;0;8;8;8;8;7;7;8;8;7;7;0;7;7;7;7;7;7;7;7;0;7;0;0;0;0;0;7;0;0;0;0;0;0;7;7;7;0
0;7;7;7;0;7;0;0;7;7;8;7;7;0;7;7;7;8;8;8;8;7;7;8;9;9;11;11;12;14;15;20;24;29;34;37;38;37;36;35;30;29;29;31;32;35;39;43;47;51;55;58;60;59;59;58;59;58;58;57;56;56;55;55;55;57;55;55;54;52;52;50;46;45;42;41;38;38;38;38;37;38;36;37;39;37;39;39;40;41;41;42;42;43;44;48;50;56;62;72;79;87;93;98;99;97;91;85;81;81;82;89;96;100;101;100;95;85;74;62;53;45;39;34;31;30;28;26;23;22;21;22;20;18;14;12;10;9;9;0;0;7;7;8;8;8;8;7;7;7;0;0;0;0;0;7;8;8;7;0;7;7;7;0;0;7;0;0;0;0;0;7;0;7;7;0;0;0;0
0;0;0;7;7;7;7;7;7;0;7;7;7;0;7;7;0;7;7;7;7;7;8;8;9;10;10;10;11;12;16;20;24;29;34;36;38;38;36;35;33;31;29;31;33;37;41;45;48;51;56;57;59;59;58;56;56;56;55;56;56;55;56;56;57;58;56;57;56;53;53;50;47;46;44;41;40;39;39;39;38;38;37;38;40;39;41;40;39;41;42;41;42;43;45;47;51;58;64;74;83;91;96;100;101;98;91;86;84;82;84;90;95;100;102;102;97;89;79;65;54;44;37;33;32;30;29;25;22;22;22;21;20;19;15;13;11;10;8;0;7;7;7;8;8;8;8;7;7;7;7;7;0;7;7;7;7;7;7;0;0;0;7;7;0;7;0;0;0;0;0;0;0;7;0;0;0;0;7
0;0;0;7;7;0;0;7;0;7;7;7;7;7;7;7;0;7;7;7;7;7;8;9;9;9;9;10;11;12;15;19;25;30;31;35;36;37;38;36;34;31;31;32;34;37;41;45;49;51;56;57;57;57;57;55;55;55;54;54;55;55;57;56;56;57;57;56;57;54;54;52;49;46;44;42;41;41;39;39;39;39;39;38;39;39;42;42;41;42;43;43;43;44;45;46;51;56;65;75;83;92;98;101;101;96;91;87;84;84;88;92;97;101;104;105;102;92;81;66;53;42;36;34;33;31;26;25;22;22;21;21;22;18;14;13;11;9;8;0;0;0;7;7;8;8;7;7;0;7;7;7;0;0;7;7;7;7;7;0;0;0;0;0;0;7;7;7;0;0;0;0;7;0;0;0;0;0;0
0;0;7;7;0;0;0;7;7;7;7;7;7;0;0;7;7;7;8;7;7;8;8;9;9;10;10;11;11;13;14;19;23;29;33;35;36;38;36;35;33;32;31;32;34;37;42;46;50;52;53;55;55;55;53;53;54;52;53;54;53;54;56;58;57;58;57;59;58;56;54;53;50;47;45;43;42;41;41;41;40;41;42;40;40;40;42;42;42;43;43;43;43;43;46;49;51;58;67;73;84;93;99;103;101;96;91;89;86;86;88;92;97;101;103;105;101;93;83;66;51;40;36;35;33;31;26;24;22;24;22;22;21;18;15;13;11;9;7;7;0;7;7;7;8;8;7;7;7;8;7;7;0;0;7;7;7;7;7;7;7;0;0;0;0;0;0;0;7;0;0;7;0;0;0;7;7;0;0
0;7;7;0;0;0;0;0;7;7;0;7;7;7;7;7;7;7;7;7;7;8;7;8;9;10;10;10;10;13;15;18;23;29;33;35;38;37;35;35;34;33;31;33;35;38;42;46;51;53;53;54;53;54;51;51;51;51;54;54;53;53;55;56;56;59;58;59;58;56;55;53;50;48;46;43;42;41;41;42;43;43;41;40;41;41;43;44;44;43;43;43;43;43;46;48;53;59;66;74;85;93;99;104;101;99;93;90;86;88;90;96;97;100;101;100;99;92;80;65;52;42;35;35;33;30;27;24;23;23;22;22;22;18;15;13;11;8;7;7;0;0;7;8;9;8;8;7;7;7;0;0;0;7;7;0;7;7;7;7;0;0;0;0;7;0;7;0;0;7;0;7;0;7;0;7;7;7;0
0;0;0;0;0;0;0;0;7;7;0;0;0;0;7;7;7;0;0;0;7;7;8;9;9;10;11;11;10;12;13;18;23;28;32;34;35;34;34;34;34;33;32;33;34;37;41;45;47;52;53;54;54;54;52;51;51;51;52;51;52;52;54;55;56;58;57;58;56;55;55;53;51;46;44;42;42;40;41;43;43;42;42;41;42;42;43;44;44;44;44;45;45;45;46;49;53;56;68;75;86;92;99;104;102;98;92;88;88;91;94;97;99;101;101;100;99;90;78;63;52;42;36;35;33;30;27;26;23;22;22;21;21;19;15;12;11;8;7;0;0;0;7;9;9;9;8;0;0;7;0;0;0;7;7;0;8;7;0;7;7;0;0;0;7;0;0;0;0;0;7;7;0;7;0;0;7;7;0
0;0;0;7;0;7;0;0;7;7;0;0;0;0;0;7;7;7;7;7;7;7;8;9;8;10;11;10;11;12;14;17;22;27;33;34;35;35;34;34;34;34;34;34;36;39;41;45;46;49;51;53;53;54;51;49;49;50;50;49;51;52;54;54;56;56;56;56;56;55;54;53;50;45;45;42;41;41;42;43;43;43;43;44;43;43;43;45;44;44;44;44;45;44;47;50;55;60;68;76;85;93;101;104;103;99;95;90;90;92;96;97;98;100;102;101;98;91;79;64;51;41;37;36;32;30;26;24;24;22;22;22;20;18;15;12;11;9;7;7;0;0;7;8;9;8;8;7;0;7;0;0;7;0;0;7;8;7;7;0;0;0;0;0;7;0;0;0;0;0;0;0;0;0;0;0;0;0;0
7;0;0;7;0;7;7;0;0;0;0;0;0;7;0;0;7;8;7;7;7;8;7;9;9;10;10;11;11;12;13;17;21;25;30;33;34;34;34;34;33;34;35;36;36;39;40;43;45;48;50;52;52;50;49;48;48;47;49;48;49;50;52;52;56;56;56;55;53;54;52;51;50;46;44;42;41;41;42;43;44;45;45;45;44;44;43;44;43;43;44;42;42;44;48;51;56;60;66;74;84;92;98;104;104;99;96;95;95;95;96;95;98;100;99;100;98;90;75;64;51;41;38;36;32;28;27;24;23;22;21;21;20;19;17;13;12;10;7;0;0;7;7;7;8;8;7;7;0;0;0;7;7;7;0;0;0;7;7;0;0;0;0;0;0;0;7;7;0;0;0;0;0;0;0;0;0;0;0
7;0;0;7;7;0;0;0;0;0;0;0;0;0;0;0;0;7;7;0;0;7;7;9;10;11;11;12;12;13;14;17;21;25;28;32;34;34;33;32;33;33;35;37;37;39;40;41;42;47;49;50;48;48;46;46;46;45;45;46;47;48;51;53;56;57;56;54;52;52;52;51;49;47;44;41;41;41;43;45;45;45;45;46;44;44;44;43;43;43;43;42;44;46;48;51;55;60;67;75;84;89;96;103;104;101;99;99;97;95;95;97;98;101;102;99;98;90;77;63;51;43;38;36;32;30;27;24;23;22;21;20;20;19;15;13;11;9;7;0;0;7;7;7;9;8;7;7;0;0;0;0;7;7;0;7;0;7;0;0;0;0;0;0;7;7;0;7;0;7;0;0;0;0;7;7;7;7;0
0;0;0;0;0;0;0;0;0;7;0;0;0;7;7;8;8;7;7;7;7;7;8;9;9;11;11;12;13;13;15;17;21;24;27;31;33;33;30;31;32;32;34;37;38;40;41;42;43;46;47;47;46;46;44;44;44;43;44;45;47;49;51;53;55;56;55;56;53;51;50;50;48;46;44;42;41;42;42;44;45;46;47;47;46;44;44;43;44;44;45;44;45;48;50;52;54;60;65;74;82;90;99;103;104;104;100;100;97;95;93;96;98;98;102;100;96;88;76;62;52;42;37;34;32;30;27;26;23;22;21;20;20;19;16;13;11;9;8;0;7;7;7;8;8;8;7;7;7;0;0;7;0;7;0;0;7;8;7;0;0;0;0;0;7;7;7;0;0;0;0;0;7;7;7;7;7;7;0
7;0;0;0;7;0;0;0;0;0;0;7;7;7;7;8;8;8;0;7;7;7;8;9;9;11;10;12;13;13;15;17;21;24;28;29;31;31;30;31;31;32;34;37;39;41;42;42;43;45;48;45;45;45;44;43;43;43;43;44;44;46;50;51;53;55;54;53;52;51;50;48;47;46;45;44;42;41;43;44;45;47;48;47;46;44;43;44;45;44;45;45;46;48;51;53;57;60;64;70;78;88;98;102;104;106;103;97;94;93;94;92;95;98;101;103;96;87;75;62;51;42;36;33;31;28;28;27;24;21;20;19;20;19;16;12;10;8;8;0;0;7;7;8;8;9;7;0;7;0;0;0;0;0;0;7;7;7;7;0;0;0;0;0;7;7;7;0;7;0;0;0;0;0;0;7;0;0;7
7;7;7;0;0;0;0;0;0;0;0;7;7;0;7;7;8;8;7;7;7;7;7;9;9;10;11;12;13;13;15;17;20;24;29;30;29;29;29;29;29;31;33;36;38;40;42;42;43;44;44;44;45;45;44;44;43;43;45;44;44;45;49;48;51;53;53;52;50;48;48;46;45;46;44;42;42;41;42;44;45;47;46;46;46;44;44;44;46;47;46;46;47;48;52;54;56;58;65;71;79;89;98;103;106;104;101;96;94;91;92;93;95;96;98;99;95;86;74;60;49;40;34;29;29;30;28;27;24;20;19;19;20;19;15;13;10;0;7;7;0;7;8;8;8;8;8;7;0;0;0;0;0;0;0;7;7;7;7;0;0;0;0;0;0;7;0;0;0;0;0;0;0;0;0;0;0;7;7
0;0;7;7;7;0;0;0;0;0;0;7;7;8;8;7;8;7;7;7;0;7;7;9;9;10;11;12;14;13;15;17;20;24;27;30;30;29;28;28;29;31;32;35;37;40;40;41;42;43;43;44;45;43;43;43;43;43;43;44;43;45;45;47;51;51;51;50;48;46;46;45;44;43;41;40;40;41;42;44;44;45;44;44;43;43;44;46;46;46;45;45;49;49;50;54;55;58;63;69;78;88;98;102;105;103;101;96;95;93;93;94;96;97;100;98;93;84;71;59;48;40;33;30;29;30;29;26;23;20;20;20;20;18;15;12;9;8;7;7;7;7;8;8;8;8;8;7;7;7;7;7;0;7;7;0;7;7;7;0;7;0;0;0;7;7;7;7;7;0;0;0;0;7;7;0;7;0;0
0;0;7;7;7;7;0;7;0;0;0;7;7;7;7;7;8;7;7;7;0;7;7;8;8;9;10;11;12;13;15;17;20;24;26;29;30;29;27;27;28;30;33;36;37;39;40;41;41;42;43;44;43;41;42;41;42;41;42;43;43;45;45;47;47;50;51;51;50;47;46;44;43;42;40;41;40;41;42;43;44;44;43;44;43;42;44;43;44;45;45;46;47;51;51;54;54;57;64;70;77;88;98;102;105;104;105;100;97;94;94;94;96;98;101;98;92;82;70;60;49;39;32;29;29;29;28;27;23;20;20;21;21;18;15;13;10;8;7;0;7;7;7;8;8;9;8;7;0;7;7;7;0;0;7;7;7;7;7;7;0;0;0;0;7;7;7;0;0;0;7;8;7;7;0;0;7;7;7
0;0;7;0;0;7;0;7;7;7;7;0;0;0;7;7;8;7;8;7;7;7;8;9;9;8;9;11;13;13;15;17;20;23;26;28;28;27;26;26;27;28;32;34;37;39;39;38;40;41;42;42;41;41;43;41;43;42;42;43;44;45;46;48;49;50;52;52;50;49;48;45;43;42;41;40;42;41;42;42;43;43;42;44;43;43;43;43;44;44;44;46;46;49;48;50;53;57;65;70;78;89;97;104;106;104;104;100;99;93;92;92;94;97;99;96;92;83;71;59;48;38;31;28;28;28;28;26;22;20;20;20;20;18;16;13;10;7;0;7;7;7;7;8;8;9;8;7;7;7;7;0;0;7;0;0;7;8;7;7;7;7;0;0;0;0;0;0;7;0;7;0;0;7;7;0;7;0;0
0;7;7;7;7;0;0;7;7;7;7;7;7;7;7;7;7;7;8;8;7;7;7;7;9;9;9;12;13;13;14;17;20;24;27;29;28;27;25;25;26;28;32;34;37;40;40;41;41;40;41;41;41;39;40;39;42;41;42;42;42;43;45;46;48;51;50;52;50;49;48;45;42;41;41;39;39;41;41;41;42;44;43;44;45;44;43;44;44;43;43;42;46;48;48;49;51;54;61;68;78;87;94;102;103;102;103;99;95;94;91;90;92;93;96;94;90;81;70;58;46;36;31;26;27;28;28;25;22;20;19;20;20;18;15;12;9;7;7;7;8;0;7;8;8;9;8;8;7;7;7;0;0;7;0;0;7;8;7;7;0;7;7;0;0;0;0;0;0;0;7;7;0;0;0;0;0;0;0
7;7;7;7;7;7;0;7;7;7;8;7;7;7;7;8;7;8;8;7;7;7;7;8;9;10;10;12;12;13;15;16;20;23;26;29;28;27;25;25;26;29;31;32;35;39;39;41;41;41;41;40;39;39;39;39;40;41;42;42;42;43;45;47;50;50;51;55;51;49;46;45;43;42;41;39;38;39;39;40;42;44;44;44;45;46;43;43;43;43;43;43;46;46;47;49;50;54;60;66;76;87;95;101;102;102;101;99;94;90;85;86;88;90;92;91;87;79;68;56;42;33;29;25;25;27;26;24;22;19;19;20;20;18;15;12;10;7;7;7;7;0;7;8;8;8;8;8;7;0;0;0;0;0;0;7;8;8;7;7;0;7;7;7;0;0;0;7;0;0;7;7;0;0;0;7;7;0;0
7;7;7;7;0;7;7;7;7;7;7;7;7;7;0;7;7;8;8;8;7;7;7;8;8;9;9;11;12;13;15;16;20;24;28;29;30;29;27;26;25;27;29;31;33;37;38;39;40;40;40;39;39;39;40;39;40;42;41;42;44;43;45;48;49;49;51;52;50;48;46;44;42;41;40;38;37;38;38;40;41;43;44;47;45;45;44;43;43;43;43;43;45;45;46;48;50;52;59;65;76;87;96;101;100;102;99;97;94;89;86;84;84;85;88;89;85;77;67;52;40;31;25;25;26;29;27;24;20;20;20;20;19;18;16;12;10;7;7;7;7;7;7;8;9;9;8;7;0;0;7;7;7;7;7;0;8;8;7;7;0;0;0;0;7;7;7;7;0;0;0;7;7;7;7;0;7;0;0
7;7;7;7;0;0;0;7;7;8;0;0;0;0;7;7;7;7;8;8;8;7;7;7;8;8;8;11;12;13;15;16;20;25;28;30;32;28;27;26;24;26;28;30;33;37;38;40;41;40;42;40;38;39;40;41;42;42;42;44;44;45;45;47;49;51;49;50;48;48;46;44;43;40;39;37;38;38;39;41;42;44;44;45;45;45;44;43;43;42;43;43;43;44;45;47;50;53;59;67;76;84;94;100;101;101;96;93;91;87;82;79;78;83;87;86;85;76;63;49;38;30;26;25;26;28;27;24;20;18;18;19;20;18;16;12;9;8;0;7;7;7;7;8;9;8;8;7;0;0;0;0;0;0;7;7;8;8;7;7;0;0;0;0;7;7;7;0;7;7;7;0;0;0;0;0;8;7;0
7;7;7;7;0;0;0;7;7;0;0;0;7;0;7;7;7;8;8;8;8;8;8;7;8;9;9;10;11;13;14;16;19;23;27;30;31;28;26;24;24;26;28;30;33;35;36;39;41;41;42;41;40;40;40;40;42;42;43;43;44;46;45;47;49;50;51;50;49;47;44;43;40;38;37;37;38;38;40;42;43;46;44;44;44;44;43;42;44;42;43;42;42;45;45;47;50;55;61;67;77;85;94;98;98;98;94;90;87;83;78;77;79;84;87;86;83;74;61;47;35;30;27;25;26;27;26;24;20;18;19;19;20;18;15;11;9;7;0;0;7;7;7;8;8;8;8;7;0;7;0;0;0;0;7;7;8;7;7;0;0;0;0;8;7;7;7;0;7;7;0;0;0;0;0;0;7;7;0
0;0;0;0;0;0;0;7;0;0;0;7;0;0;7;0;7;7;8;8;8;8;7;7;8;8;9;10;10;13;14;17;20;23;26;29;30;28;26;24;24;25;27;29;31;33;35;38;39;39;39;40;39;39;39;40;42;43;44;43;44;45;45;47;48;51;52;52;50;47;44;42;38;37;36;36;37;38;40;42;43;44;42;42;43;43;43;42;43;43;41;42;42;45;44;47;50;54;61;68;78;85;93;98;95;95;91;88;83;79;77;75;79;83;87;85;83;74;60;46;35;28;28;25;25;26;24;22;19;19;19;19;19;19;15;10;8;7;7;7;0;7;8;8;8;9;7;7;0;0;0;0;0;0;0;7;8;7;7;0;0;0;0;0;0;7;0;0;7;0;0;7;0;0;7;7;7;7;0
7;0;0;7;7;7;0;0;7;7;0;7;7;0;7;7;7;7;7;7;7;8;8;8;9;9;9;9;10;13;16;16;20;23;26;28;28;28;26;24;24;25;27;27;29;32;34;35;37;38;38;38;37;37;39;39;40;43;43;41;43;43;45;45;48;49;49;49;48;45;44;42;39;35;35;35;37;38;40;41;44;45;44;45;44;44;42;43;42;41;40;41;41;43;45;47;51;56;61;67;76;83;87;93;93;94;88;85;82;77;75;75;80;82;85;85;80;70;55;43;36;30;27;25;25;25;23;22;19;18;19;20;20;18;14;11;8;7;7;7;7;7;8;8;8;9;8;7;7;0;0;0;0;0;7;8;8;8;0;0;0;0;0;0;0;7;7;7;0;0;7;7;7;0;0;7;7;7;0
0;0;0;7;7;0;7;0;0;0;7;7;7;0;0;7;7;7;7;7;7;8;7;8;8;8;9;11;12;14;14;15;20;23;27;28;28;28;25;24;24;25;26;26;27;28;31;34;36;37;38;37;35;35;37;38;37;41;42;43;44;44;46;45;47;48;50;49;47;46;43;41;38;36;35;36;36;38;40;41;42;43;43;43;42;42;40;40;40;40;39;38;39;41;44;47;50;54;61;70;77;81;88;93;92;91;86;82;78;75;74;75;78;80;84;84;78;68;54;42;34;27;25;24;24;24;22;22;19;18;20;19;20;18;14;11;8;7;0;0;7;7;7;7;8;7;7;7;0;0;0;7;7;0;7;8;8;7;0;0;0;0;0;7;0;7;0;0;0;0;0;7;7;0;0;7;7;0;0
0;7;0;0;7;0;0;0;0;7;0;0;0;0;0;7;7;7;7;7;7;8;8;8;8;9;9;11;11;13;14;16;18;22;26;27;29;29;25;25;24;25;25;26;27;28;30;33;34;35;36;36;35;36;35;36;36;39;41;42;45;47;47;47;48;47;47;46;45;45;43;41;39;37;37;35;35;36;37;41;41;41;42;41;41;41;39;38;38;38;37;38;38;40;43;46;50;55;62;70;76;84;89;94;91;90;85;80;76;73;72;73;76;80;85;83;76;66;53;41;32;26;25;25;23;21;20;19;19;18;19;20;19;17;14;10;8;7;0;7;7;7;8;0;8;8;8;7;0;0;7;7;0;7;7;8;7;7;0;0;7;0;0;0;7;8;7;0;0;0;0;0;0;0;0;0;7;7;7
0;7;0;0;0;0;0;0;0;0;0;7;0;0;0;0;7;7;7;7;7;7;8;8;8;9;9;11;11;12;13;15;18;21;26;27;28;27;25;24;25;25;25;27;27;28;29;32;33;35;35;37;36;37;36;37;37;39;38;40;43;45;46;47;47;46;47;47;46;44;44;41;39;37;36;35;36;35;36;39;39;39;40;40;39;39;40;39;38;38;36;38;39;41;42;46;51;55;62;69;77;85;87;91;90;88;82;76;73;70;71;73;79;82;84;81;75;64;52;40;33;28;25;22;22;22;20;19;18;19;19;20;19;17;13;10;8;7;7;0;7;7;7;7;7;7;7;7;0;0;0;7;7;7;7;8;7;7;7;0;0;0;0;0;7;0;7;0;0;0;0;0;0;0;7;7;7;0;0
0;0;0;0;0;0;0;0;0;0;7;7;7;0;0;0;0;7;7;7;7;8;8;8;8;9;9;10;11;12;13;14;17;21;24;27;28;28;27;25;25;25;25;27;26;27;28;30;33;35;36;37;36;37;37;37;38;39;39;40;42;44;46;46;47;47;48;47;45;43;41;40;39;37;35;34;34;34;35;37;38;37;39;38;38;37;38;35;37;37;37;36;39;42;45;47;52;56;64;70;78;85;90;90;88;82;78;73;70;69;70;73;79;83;84;81;73;61;50;40;32;26;23;22;22;21;20;19;17;18;19;20;20;17;13;10;8;8;0;0;7;7;8;8;8;7;7;0;7;0;0;0;0;0;0;7;7;7;7;0;0;0;0;0;0;7;7;0;0;0;0;7;0;0;8;7;0;0;0
0;0;0;7;0;0;0;0;7;7;0;0;7;7;0;7;0;7;7;7;7;8;7;8;8;8;9;10;10;12;13;14;17;20;23;26;27;27;26;27;26;27;28;26;25;26;29;30;32;34;36;36;36;36;38;38;38;38;38;39;40;42;45;46;49;47;48;47;43;40;37;38;37;36;35;32;33;33;36;35;36;35;36;37;36;37;37;35;36;36;37;37;38;42;46;49;53;58;67;73;81;85;87;86;84;80;75;70;69;68;68;73;78;82;83;78;71;59;47;38;31;24;22;23;22;21;20;18;18;18;19;21;20;16;12;9;7;7;0;0;0;7;8;8;7;0;0;0;0;0;0;0;0;0;7;7;8;7;7;0;8;7;0;7;7;7;7;0;0;7;0;7;0;0;7;7;0;0;0
0;0;0;0;0;7;7;0;0;0;0;0;0;0;0;7;0;0;7;7;7;7;0;8;8;10;10;10;11;11;12;14;16;19;22;25;27;28;27;26;26;27;27;27;28;28;29;30;31;33;35;35;36;37;38;38;38;37;39;39;42;43;43;44;47;47;47;44;41;38;35;34;34;33;33;33;33;34;34;34;35;35;36;37;35;35;34;35;35;36;38;38;40;43;46;51;56;62;69;75;80;83;86;86;82;78;72;69;69;68;70;73;76;81;80;76;69;58;45;34;28;24;22;20;21;21;18;18;18;19;19;20;19;16;12;9;8;8;7;0;7;7;8;7;7;7;0;7;0;0;0;7;0;7;7;7;8;7;0;7;7;0;0;0;0;7;7;0;0;0;7;7;7;0;7;8;7;0;0
0;0;0;0;7;0;0;0;0;0;7;7;0;0;0;7;7;7;8;8;8;7;7;8;8;9;10;11;11;11;12;13;16;20;21;24;26;25;26;26;26;28;28;28;28;29;28;29;30;33;34;37;37;37;38;37;39;39;39;38;43;44;43;45;45;45;44;42;40;38;34;33;33;32;30;30;31;31;32;34;34;34;35;34;34;35;34;34;35;36;38;37;40;43;47;51;56;62;68;75;80;84;87;87;83;77;75;69;67;69;70;73;77;81;79;76;67;55;43;34;26;23;21;21;21;20;19;19;19;20;21;22;19;16;12;9;8;7;7;0;7;7;8;8;8;7;7;7;0;0;0;0;0;7;7;7;7;7;7;0;0;0;0;0;7;7;7;7;0;7;7;7;0;0;7;8;7;7;0
0;0;0;0;0;0;7;0;0;7;7;7;0;0;7;7;7;0;7;7;7;7;7;8;9;9;10;11;11;12;12;14;16;20;21;24;25;26;26;25;27;28;27;28;28;28;30;30;30;31;34;36;36;38;38;37;39;39;39;41;41;42;41;44;44;44;44;42;38;36;34;32;31;30;27;27;28;29;29;31;32;33;34;34;34;34;34;34;37;37;38;39;38;41;45;51;57;62;69;76;79;82;84;85;82;78;75;70;67;68;70;73;78;79;79;72;63;53;41;33;26;24;22;21;22;20;19;19;18;20;21;22;19;15;12;9;8;7;7;0;7;8;8;8;8;7;7;0;0;0;0;0;0;7;7;7;7;0;7;7;0;0;0;7;0;7;7;7;0;0;7;7;0;0;0;7;0;0;7
0;7;0;0;0;0;7;0;0;0;7;8;0;7;0;7;7;0;0;7;7;7;0;8;8;9;10;11;12;12;13;14;16;17;20;23;25;26;26;26;27;28;27;27;28;29;30;31;31;32;33;36;36;38;37;39;40;41;40;40;40;41;40;42;42;43;42;41;39;37;34;32;30;29;28;28;27;28;28;30;31;31;33;33;33;33;35;35;35;35;35;37;39;42;45;50;56;64;69;75;78;82;84;82;80;76;72;70;68;68;71;74;78;79;74;71;61;51;42;33;27;24;22;21;20;19;18;17;18;20;21;20;18;15;12;10;8;0;7;7;7;7;8;8;8;7;7;0;0;0;7;0;0;7;7;7;7;7;0;7;7;0;7;0;0;7;0;7;0;7;0;0;0;0;7;0;0;0;7
0;0;0;0;0;0;0;0;0;0;7;8;7;7;7;7;0;0;7;0;7;0;7;8;8;9;10;11;12;12;14;15;16;17;21;23;24;24;25;27;28;28;28;28;30;29;29;29;30;32;32;34;34;36;38;40;41;41;40;41;40;39;40;41;41;41;41;40;39;36;33;30;30;27;28;28;28;27;28;29;29;31;32;33;33;33;35;35;35;35;38;38;40;43;46;51;56;62;67;72;76;80;84;81;79;76;71;69;67;68;70;73;76;75;72;68;60;50;42;34;27;23;22;22;21;20;18;17;18;19;19;19;17;14;11;9;8;0;7;7;7;0;7;8;8;7;7;7;7;7;7;0;7;7;7;7;7;7;0;0;0;0;0;0;7;7;0;7;0;0;0;0;7;0;7;0;0;0;0
7;0;0;0;0;0;0;0;7;7;0;0;0;0;0;7;7;7;7;7;7;7;7;7;8;9;10;11;12;13;14;15;16;19;22;23;23;25;25;27;28;27;27;27;28;28;29;29;30;31;33;34;34;35;38;40;40;40;40;40;39;39;40;39;40;42;42;42;39;36;33;29;29;28;26;26;28;27;27;27;27;29;31;32;32;33;34;34;35;36;38;39;43;46;49;51;56;62;68;72;76;80;79;79;76;73;69;67;64;66;68;71;74;74;72;67;58;48;40;33;26;23;22;21;20;20;18;17;17;19;19;19;17;14;12;9;8;7;7;7;7;7;7;8;8;7;7;0;0;7;0;7;0;0;0;7;8;8;7;0;0;0;0;0;7;7;0;7;7;7;0;7;7;7;0;7;7;7;0
0;0;0;0;0;0;0;0;7;7;7;0;7;0;0;0;0;7;8;7;7;7;0;7;8;10;10;11;13;15;14;15;18;18;21;23;25;26;26;28;28;27;27;27;27;28;29;29;30;32;33;34;36;36;37;38;39;41;39;40;41;39;39;39;39;42;42;41;38;36;33;30;28;29;28;28;27;26;26;27;26;26;28;30;31;32;34;34;35;36;39;41;44;46;50;53;58;63;66;71;72;78;78;77;71;71;69;66;63;64;67;69;72;74;73;66;57;47;38;32;26;24;22;21;21;19;18;18;18;19;20;19;17;14;11;9;8;7;7;7;7;7;7;7;7;7;0;7;0;0;7;0;0;7;8;7;7;7;7;0;0;0;0;7;8;7;0;0;0;7;0;0;0;7;7;7;0;0;0
0;0;7;0;0;0;0;7;7;0;7;0;7;7;7;7;7;8;8;7;7;7;7;7;7;9;10;11;12;13;14;16;17;19;21;24;25;26;27;28;27;27;26;27;27;27;29;28;29;31;33;34;35;36;38;40;40;42;41;40;41;42;40;40;41;40;41;40;39;36;33;31;28;28;28;27;26;26;26;25;25;27;29;30;31;33;34;33;36;37;38;41;43;46;49;52;56;60;64;70;73;75;76;75;72;69;68;65;63;63;67;69;73;77;73;66;57;48;38;31;27;24;21;21;20;19;19;18;18;19;19;19;18;14;11;9;7;7;0;7;0;7;8;8;7;7;7;7;0;0;0;0;0;7;0;7;0;7;7;0;0;0;7;7;7;7;7;7;7;0;0;0;0;0;7;7;0;0;0
7;7;7;0;7;0;0;0;0;7;7;7;7;7;7;7;7;8;8;7;8;7;7;7;8;9;10;12;11;12;14;15;17;20;23;24;25;26;26;27;27;27;26;26;25;27;29;28;30;30;33;34;34;37;38;39;41;41;42;43;43;43;41;42;41;41;41;42;39;35;34;32;28;28;26;26;26;26;27;27;27;27;29;30;31;32;33;34;36;37;39;40;42;45;49;50;54;58;63;68;70;72;74;73;70;68;66;65;64;64;67;71;75;75;72;66;59;46;36;30;26;25;23;21;20;19;18;18;19;20;20;20;16;14;11;8;8;8;0;7;7;7;8;8;7;7;7;0;0;0;0;0;0;7;7;7;7;7;0;0;0;0;0;7;7;7;7;7;0;7;7;0;0;0;7;7;7;7;0
0;7;7;7;0;0;0;7;7;7;7;7;0;7;0;7;8;8;7;7;7;7;8;7;8;8;10;11;12;12;13;15;17;20;22;25;24;26;26;28;27;27;26;26;26;28;28;27;29;30;33;34;34;36;38;39;40;41;43;45;46;45;44;42;41;43;42;40;40;36;33;30;29;28;27;27;26;26;28;28;28;28;29;30;30;31;33;34;34;35;38;39;41;43;47;50;53;57;62;67;70;71;71;69;66;67;65;63;64;65;68;71;73;73;72;66;58;46;36;31;28;26;23;21;20;19;18;17;18;20;20;19;16;13;11;9;8;8;7;7;7;7;7;8;7;7;7;0;0;0;0;0;7;7;8;7;7;7;0;0;0;0;0;7;7;7;0;0;0;7;7;0;7;7;7;7;7;0;7
0;7;0;0;0;0;0;0;0;0;7;0;0;0;0;7;8;8;8;8;7;7;7;7;8;8;9;11;12;13;13;14;16;19;21;24;26;25;25;27;27;26;26;25;25;27;27;29;28;31;33;34;36;37;38;40;42;43;45;46;47;46;45;44;44;43;43;41;39;37;33;31;30;28;27;26;26;27;26;27;29;28;28;29;30;30;32;34;35;36;36;39;41;43;44;47;51;56;60;64;69;68;69;67;66;64;63;62;64;64;66;70;74;73;72;65;56;46;37;30;28;26;24;22;19;18;17;17;18;19;19;18;16;12;11;9;8;8;7;7;7;7;7;8;7;7;0;0;0;7;0;0;0;0;7;7;7;7;0;0;0;0;0;7;7;7;0;0;0;7;0;0;0;0;7;7;0;0;0
0;0;0;0;0;0;7;0;7;0;7;7;7;7;0;7;7;7;8;8;7;8;7;8;9;9;10;11;11;12;12;15;16;19;22;25;26;26;26;27;27;26;26;25;25;26;26;28;30;31;33;35;36;37;40;41;44;46;46;47;47;47;47;46;44;43;43;41;39;38;34;31;30;28;26;26;26;26;26;27;29;28;27;29;30;31;33;34;34;37;38;37;40;42;43;45;48;51;56;60;65;67;68;64;63;61;62;62;63;63;67;70;73;73;71;65;55;44;36;31;27;26;23;22;20;18;17;18;19;20;20;18;15;13;11;9;8;8;7;7;7;7;8;8;7;7;0;0;7;7;0;0;0;0;7;7;0;0;0;7;7;0;0;7;0;0;0;7;7;0;0;8;0;7;0;7;7;0;0
0;0;0;0;0;0;0;0;7;7;7;7;7;0;7;7;0;0;7;8;8;8;7;7;7;9;10;11;12;12;12;14;17;19;21;22;25;26;26;27;26;25;26;24;23;24;25;27;29;31;33;35;37;39;39;41;44;46;46;47;47;46;46;45;46;44;43;43;38;36;33;29;28;27;26;26;26;26;27;26;27;28;28;30;31;32;33;34;34;37;38;37;39;41;42;45;48;51;55;60;63;65;63;63;61;57;57;60;63;66;69;71;73;73;70;66;56;45;35;32;29;26;25;22;20;17;17;18;20;21;20;17;14;12;10;8;8;8;7;7;7;8;9;8;7;7;0;7;7;0;0;7;7;7;7;7;0;0;0;0;7;0;0;0;0;0;7;0;7;0;7;7;0;7;0;7;7;7;0
0;0;0;0;0;0;7;0;7;7;7;7;7;7;7;7;7;7;7;7;8;8;7;8;8;10;10;12;12;14;13;14;16;19;20;21;24;26;27;27;26;24;24;24;23;23;24;26;27;30;32;36;38;39;39;41;43;45;45;46;46;47;47;46;45;43;43;41;38;34;33;30;30;28;27;27;26;26;26;26;26;27;28;29;31;31;32;33;35;37;39;37;39;41;44;45;48;53;52;56;59;59;59;59;56;55;56;59;63;65;68;73;75;74;73;63;54;43;36;32;30;28;24;22;19;17;17;17;20;21;20;17;14;11;10;9;8;8;7;0;0;8;9;8;7;7;7;7;7;0;0;0;7;7;7;7;0;0;0;0;0;7;7;0;0;0;7;0;7;0;0;0;7;7;7;7;0;7;0
0;0;0;0;0;0;0;0;0;0;7;0;7;0;7;0;0;7;7;7;7;7;7;8;7;9;11;12;12;13;13;14;16;18;22;22;24;25;25;27;26;25;24;23;22;22;24;25;27;29;31;35;36;38;39;41;43;46;46;45;46;48;47;47;46;44;44;41;37;34;33;31;30;29;28;27;26;26;26;27;28;27;28;28;29;31;33;34;34;36;37;39;39;41;42;45;47;51;52;54;57;57;56;56;56;55;56;57;61;66;68;73;75;73;70;63;54;44;37;34;31;29;25;21;19;17;18;18;20;22;20;17;14;10;9;9;9;7;7;7;7;7;8;9;8;0;0;7;8;0;7;7;7;7;7;8;0;0;0;0;0;0;7;7;7;7;0;0;0;7;0;0;7;0;7;7;0;0;0
0;0;0;7;7;0;0;0;0;0;7;0;0;0;7;7;7;7;7;7;7;7;7;8;8;9;11;12;14;14;14;14;16;17;19;22;24;26;25;26;26;25;24;22;22;21;23;24;26;29;30;33;34;37;39;41;42;44;45;46;47;47;46;45;48;45;44;43;38;35;34;32;30;29;28;27;27;27;27;28;29;28;29;29;29;30;34;34;35;37;38;39;39;41;43;45;45;49;52;52;55;55;55;54;55;54;55;58;61;66;71;74;74;73;71;63;51;43;37;36;35;30;26;21;19;17;18;19;20;21;19;16;13;11;10;9;9;8;7;0;7;7;7;8;7;7;7;7;7;0;7;7;8;8;7;8;0;0;0;0;0;0;7;7;7;0;7;0;7;0;0;0;7;7;7;7;7;7;7
7;0;0;7;0;0;0;7;7;0;0;7;0;7;0;0;7;7;7;7;7;7;7;8;8;9;11;13;14;15;14;14;15;17;19;21;23;25;25;26;25;25;24;23;21;21;22;24;26;28;31;32;33;37;39;42;43;44;45;46;48;46;46;46;47;44;44;42;40;35;33;32;29;28;27;25;26;27;26;28;28;28;28;29;30;32;33;33;34;35;37;38;41;42;44;45;47;49;51;53;53;55;55;55;53;54;56;58;63;66;71;76;76;73;70;61;51;45;39;36;36;32;26;21;18;18;18;20;21;22;19;16;13;11;10;11;9;8;0;0;7;7;7;8;7;7;7;7;0;0;0;0;7;7;0;7;0;0;0;0;0;7;7;7;7;0;7;0;0;0;0;7;7;7;7;7;7;7;7
0;0;0;0;0;0;0;7;7;0;0;0;0;7;0;0;0;7;7;8;7;7;7;8;8;9;10;12;13;15;15;15;16;17;19;22;24;25;26;26;25;25;23;23;22;21;22;22;23;27;29;30;33;35;38;40;42;43;43;45;47;46;45;45;46;45;45;43;40;37;33;31;30;28;28;27;26;27;27;27;29;28;28;28;29;30;31;33;34;35;36;36;40;42;42;44;46;49;48;52;52;53;54;55;54;55;57;60;65;68;72;75;75;72;69;59;50;45;41;37;37;31;26;22;19;18;18;21;22;22;18;15;13;11;10;11;9;8;0;7;8;7;7;8;7;7;7;7;0;0;7;0;0;0;7;7;0;0;0;0;0;7;0;0;0;0;0;0;0;0;7;7;7;7;7;7;7;7;7
0;0;0;0;0;0;0;7;0;7;0;0;0;7;0;0;7;8;7;7;8;7;7;7;8;8;10;12;14;14;15;15;16;17;19;20;23;25;26;26;26;26;24;23;23;21;22;21;23;25;26;30;32;35;38;41;42;44;44;45;45;46;46;46;45;45;45;45;40;37;34;31;29;28;28;26;26;27;26;26;27;27;28;28;29;30;32;33;35;35;37;38;39;41;42;42;42;46;47;49;51;52;52;51;52;54;56;62;66;69;71;74;73;71;66;57;50;45;42;39;35;31;25;21;19;18;20;22;22;21;18;14;13;12;11;12;9;8;7;0;8;8;8;7;7;0;7;7;0;7;7;0;0;0;7;7;7;7;7;0;0;7;7;0;0;0;0;0;0;7;7;7;7;7;0;7;7;7;7
0;0;0;0;0;0;0;0;0;0;0;0;0;0;0;0;7;7;0;0;7;7;7;7;7;9;11;13;14;15;16;16;15;17;20;21;24;24;25;25;26;27;26;25;23;22;22;22;24;25;26;29;31;34;37;40;42;44;46;48;47;46;47;46;46;44;45;42;39;37;34;31;28;28;27;27;25;27;27;27;27;27;28;29;29;31;32;34;36;37;38;39;41;42;41;40;42;44;46;47;48;50;50;51;53;57;59;63;67;71;72;72;72;69;64;56;50;46;42;40;35;30;25;21;17;19;21;23;22;21;18;14;12;12;11;10;9;8;0;0;8;8;7;7;7;0;0;7;0;0;7;0;0;0;8;0;7;7;0;0;0;0;7;7;0;7;7;7;0;7;7;7;7;7;7;7;7;0;0
0;0;0;0;0;0;0;0;7;0;0;7;0;0;0;0;7;7;7;7;7;7;7;8;8;9;10;12;14;16;17;16;15;17;20;21;23;23;24;26;27;27;26;24;23;22;22;24;25;26;26;28;31;33;36;39;42;44;47;49;49;48;47;47;47;48;45;43;41;37;34;31;30;28;27;27;27;27;27;27;27;28;30;30;31;32;33;33;35;37;38;37;40;41;38;40;41;42;45;45;46;48;48;50;52;56;61;65;69;71;72;73;72;68;62;58;51;47;45;41;35;31;26;22;18;19;21;23;23;20;17;14;13;12;12;11;9;8;7;7;7;7;7;7;7;7;7;7;7;0;0;7;7;7;0;0;7;7;0;0;7;7;0;7;7;0;7;7;7;7;0;7;0;0;0;0;0;0;0
7;7;7;0;0;0;0;0;0;0;7;7;0;0;7;7;7;7;7;7;8;8;8;8;8;10;12;13;15;16;16;16;16;17;19;20;22;23;25;25;26;26;25;24;23;22;22;24;24;26;27;29;31;33;37;39;43;44;46;48;49;49;48;48;47;46;45;42;41;38;33;32;29;28;29;27;27;26;27;28;29;30;30;30;32;31;32;33;36;37;38;38;38;38;38;40;40;41;43;44;45;47;48;50;54;56;63;66;69;71;74;72;70;68;61;56;52;47;45;43;36;32;26;21;18;20;21;23;23;19;15;14;14;14;12;12;8;7;0;7;7;7;7;7;7;0;7;7;7;7;7;7;0;7;7;0;7;7;0;0;0;7;7;7;7;0;0;7;7;7;0;7;7;0;0;7;0;0;0
0;0;7;0;0;0;0;0;0;0;7;0;0;7;7;7;7;8;7;7;8;7;7;8;8;9;11;13;16;17;17;17;17;18;19;20;22;23;24;24;25;25;25;25;24;23;24;24;24;26;25;29;31;34;37;39;42;44;47;48;49;50;49;47;47;46;46;43;41;37;33;30;28;28;28;27;29;28;29;29;30;30;30;32;31;31;34;34;36;37;38;38;37;37;37;39;41;41;41;42;46;47;49;50;55;58;63;65;68;71;71;71;68;65;61;55;51;48;45;43;38;33;25;20;19;21;22;22;21;19;16;15;15;14;12;11;8;7;0;7;7;7;7;7;7;8;8;7;0;7;0;7;7;7;7;7;7;7;0;0;0;7;7;0;0;7;7;7;7;7;0;0;7;7;7;7;7;7;0
0;7;7;0;7;0;0;7;0;0;0;7;0;7;0;0;7;7;7;7;7;7;8;8;9;9;11;13;15;17;18;17;17;19;19;20;21;22;23;23;25;25;25;25;23;23;25;24;25;27;27;29;31;34;36;40;42;45;48;49;49;50;50;47;47;49;47;45;42;39;35;32;29;29;29;29;30;29;30;29;30;30;29;31;32;34;34;35;37;38;37;37;36;35;37;38;39;40;41;43;45;45;48;51;55;60;64;65;66;67;67;67;65;63;60;58;51;48;44;42;37;31;24;21;21;22;22;22;20;18;16;15;14;14;12;11;8;0;7;7;7;8;7;7;0;7;7;7;0;0;0;8;7;0;0;0;7;7;7;0;0;0;7;0;0;0;7;8;7;7;0;0;7;7;7;0;0;7;0
0;0;0;0;0;7;0;0;0;0;0;0;0;0;0;7;7;7;7;7;7;7;7;8;9;10;12;14;16;17;19;18;17;19;19;19;20;21;23;24;24;25;26;25;24;22;24;24;25;28;28;29;32;34;36;39;41;44;46;49;49;49;48;48;47;48;48;47;44;41;36;34;31;30;30;30;31;31;32;31;30;31;29;30;31;33;33;33;37;38;37;36;37;35;36;36;37;40;41;42;43;46;49;53;59;62;64;64;65;64;65;66;64;62;59;57;54;49;46;41;35;31;25;20;21;22;23;23;20;18;15;15;14;14;12;10;8;7;7;7;7;7;7;7;0;7;7;7;0;0;0;7;0;0;0;7;7;7;7;7;0;0;0;0;0;0;0;0;0;0;0;7;7;0;7;0;0;0;0
0;0;0;0;0;0;7;0;0;0;0;7;0;0;0;0;7;7;7;7;7;7;8;8;9;10;12;15;17;17;19;20;19;19;19;20;21;21;23;23;23;24;26;26;24;23;23;24;25;27;28;29;31;32;36;38;41;44;47;49;49;49;48;47;47;47;47;46;42;41;38;34;31;30;29;31;32;32;32;32;31;31;30;31;32;33;35;35;36;37;37;37;36;34;35;35;37;39;41;42;45;48;51;55;58;60;62;63;63;63;62;65;63;62;60;56;52;49;46;41;35;29;24;22;21;21;22;21;19;18;17;16;15;15;13;10;8;7;7;0;7;7;7;7;7;7;0;7;0;0;0;0;7;7;0;0;7;7;7;7;0;0;0;7;7;0;0;0;0;7;7;7;7;7;7;7;7;7;0
0;0;0;0;0;0;7;0;0;0;0;7;0;7;7;7;7;7;8;8;7;8;8;9;9;10;12;14;16;17;18;18;20;20;20;21;22;21;23;23;22;23;25;26;25;24;23;24;26;27;26;27;30;33;35;37;41;43;46;47;48;47;46;47;46;48;47;46;45;41;38;35;32;32;32;32;32;32;32;32;31;31;32;31;33;34;34;35;35;37;36;35;34;34;34;35;36;38;41;43;45;49;52;55;58;59;62;61;62;62;63;63;62;61;59;55;52;49;46;41;35;28;24;21;20;22;21;20;19;18;17;16;16;15;13;10;8;7;0;7;7;7;7;7;0;7;7;7;0;0;7;7;7;7;7;7;7;7;7;0;0;7;7;7;0;0;0;0;0;7;7;7;7;7;0;7;7;7;7
0;0;0;0;0;0;7;7;0;0;0;0;7;0;0;7;7;7;7;8;8;8;8;8;8;9;11;13;16;18;17;18;20;21;22;22;23;23;25;24;24;24;24;25;25;24;23;25;26;26;26;27;28;31;34;36;40;42;44;47;46;45;44;45;45;45;44;45;45;41;39;37;34;32;32;32;33;31;32;31;31;31;31;32;34;34;35;36;36;35;35;35;33;33;33;34;36;38;41;44;47;49;52;56;57;59;62;61;62;60;62;63;61;60;58;56;53;49;46;40;33;27;23;21;20;20;20;20;19;17;16;16;16;15;13;11;8;7;7;7;7;7;7;8;0;7;7;7;0;0;0;0;0;7;8;7;7;7;0;0;7;7;7;0;0;0;0;0;0;0;7;7;7;8;0;0;0;0;0
0;0;0;0;7;0;0;0;0;7;0;0;0;7;7;7;7;8;7;8;8;8;8;9;10;9;11;13;16;17;17;18;18;21;22;23;23;24;24;25;25;24;25;24;23;22;24;25;25;26;27;28;29;30;34;35;39;41;43;45;45;45;47;46;47;46;45;44;44;42;41;38;36;34;33;31;31;30;31;31;31;32;32;32;34;34;35;36;35;35;35;35;33;34;36;36;38;39;44;46;49;52;55;57;57;59;60;62;61;61;63;62;61;59;57;55;52;49;45;39;31;26;23;22;21;21;21;20;18;17;16;16;16;16;12;11;8;7;7;7;7;7;7;8;8;8;7;7;0;0;0;0;0;0;7;0;0;7;7;7;0;0;7;0;0;0;7;0;0;0;7;7;7;7;7;7;0;0;0
0;7;0;0;7;0;0;0;0;0;0;0;7;7;7;7;7;7;7;7;7;8;8;9;9;9;12;14;15;17;18;18;20;21;22;23;22;23;24;25;26;24;25;24;25;24;24;25;25;26;27;27;28;30;33;36;38;40;42;45;46;45;47;46;47;46;46;45;45;43;39;36;34;33;31;30;30;30;30;32;32;32;33;32;34;34;34;34;33;35;33;35;34;34;34;35;38;41;45;48;51;52;54;56;57;59;59;60;60;61;62;61;61;59;57;56;53;49;43;38;32;27;24;22;21;21;20;19;19;18;17;17;17;16;12;10;8;7;0;0;7;7;8;9;8;7;7;0;0;0;7;0;0;7;0;7;0;0;7;0;0;7;0;7;7;0;7;7;0;0;7;0;7;0;0;7;0;0;0
0;0;0;0;0;0;0;0;7;0;7;0;0;7;7;7;0;7;7;7;7;8;9;9;9;10;13;14;15;16;17;19;21;21;22;23;24;24;24;24;24;25;26;26;25;24;24;24;24;27;27;27;28;29;32;36;37;40;43;45;45;46;48;47;46;46;45;45;45;42;39;36;34;32;31;30;28;30;30;30;31;32;32;34;34;34;33;34;32;33;34;35;35;36;36;36;39;43;46;48;51;54;56;56;57;58;58;59;60;60;61;60;59;59;58;57;53;48;42;36;32;28;24;23;20;19;20;19;19;18;17;17;17;15;12;10;8;7;7;7;7;7;7;8;8;7;7;0;7;7;7;7;7;7;7;7;0;0;0;0;0;0;0;7;7;0;7;0;0;0;0;7;7;0;0;0;7;0;0
0;0;0;0;0;0;0;0;0;7;0;0;0;0;7;7;7;7;7;7;7;8;8;9;9;10;13;14;15;17;17;19;20;22;22;23;23;23;24;24;24;24;27;25;24;24;24;24;25;27;27;27;27;29;32;34;36;39;41;42;42;45;44;47;46;45;44;43;43;39;38;36;34;32;31;30;28;29;29;30;30;33;32;33;33;33;34;34;34;33;34;33;35;37;36;38;41;45;47;50;52;54;55;56;55;56;57;57;58;58;60;62;62;59;55;55;51;48;40;36;31;28;24;21;21;20;20;20;18;17;18;18;17;15;11;10;8;0;0;7;7;7;8;7;7;7;7;0;0;0;7;7;7;0;0;0;7;0;0;7;0;0;0;0;7;0;0;0;0;7;7;7;7;0;7;7;7;0;0
7;0;0;0;0;7;0;0;0;0;0;7;7;0;7;8;7;7;7;7;8;8;8;9;10;12;13;14;16;17;18;20;21;22;23;23;22;23;24;25;25;25;25;24;23;24;23;23;25;26;27;29;30;30;33;33;35;36;40;41;41;44;44;46;47;45;44;42;40;38;37;35;34;32;31;29;28;28;29;31;32;32;32;32;32;33;34;33;34;34;34;35;36;36;37;38;42;46;48;51;51;52;54;56;55;56;57;58;57;58;59;61;62;59;56;54;48;44;39;35;31;27;24;21;21;20;20;20;19;19;18;17;15;14;11;9;7;7;7;0;7;7;8;7;7;7;7;0;0;7;0;0;0;0;0;0;7;7;0;7;7;0;7;0;0;0;0;0;0;7;0;0;7;0;0;7;7;0;7
7;0;0;0;0;7;0;0;7;0;0;0;7;0;7;7;7;7;7;7;8;8;9;10;10;12;13;14;16;17;18;20;21;23;23;23;24;23;23;24;24;25;25;24;25;24;24;23;25;26;27;30;31;31;32;33;36;37;39;40;41;43;44;45;46;46;44;41;39;39;36;35;34;32;30;29;29;29;29;30;32;31;31;30;31;33;33;34;34;34;34;36;37;38;38;39;43;46;49;51;52;52;52;54;56;55;57;57;56;57;59;59;60;58;55;52;48;43;38;35;31;27;22;21;21;21;19;19;19;19;18;17;16;14;12;10;8;7;0;7;7;7;7;7;7;7;7;0;7;0;0;0;0;0;0;0;7;7;0;7;7;7;0;0;0;0;7;0;7;0;0;0;0;7;7;7;7;0;0
0;0;0;7;7;7;0;7;7;7;7;0;0;0;7;7;7;8;7;7;8;8;8;8;10;12;13;15;16;17;19;20;22;23;24;23;24;24;23;24;23;24;25;24;24;23;24;25;26;26;28;30;30;32;34;35;37;38;40;41;41;43;42;44;45;45;45;42;40;39;35;34;33;32;29;29;29;28;30;30;31;31;32;32;33;33;33;33;34;35;35;35;35;36;37;41;44;47;51;51;52;54;52;53;55;55;57;57;58;58;59;58;59;56;55;52;47;43;39;35;31;26;24;21;21;20;19;19;20;20;19;19;17;14;11;10;8;7;7;7;7;7;7;7;7;7;7;0;0;0;0;0;0;7;7;0;0;0;0;0;0;7;0;0;0;0;7;7;0;0;0;0;0;7;7;7;0;0;0
0;0;0;0;0;0;0;0;0;7;0;7;0;7;7;7;7;7;7;7;7;8;9;9;10;11;14;15;16;18;20;22;22;23;24;23;23;23;23;23;23;24;24;24;24;24;26;27;28;29;30;30;31;32;35;37;38;40;41;40;41;43;43;44;45;45;45;44;39;38;36;34;31;31;30;29;29;29;31;30;31;33;33;33;33;34;33;32;33;33;33;34;34;35;37;40;44;48;50;52;53;53;53;54;54;55;57;57;58;57;58;56;57;56;54;51;48;43;39;35;31;26;24;22;20;20;19;19;20;20;20;18;17;14;12;9;8;7;7;7;0;7;0;7;7;7;7;0;0;7;7;0;0;0;0;0;0;7;7;7;0;7;7;7;7;0;7;0;0;7;7;0;7;7;0;0;0;0;0
0;7;0;0;0;0;7;7;7;0;0;7;0;7;7;7;7;7;7;8;8;8;9;10;10;12;13;14;16;19;21;23;23;25;27;25;24;23;23;23;23;24;24;24;25;25;27;30;31;32;32;31;32;33;35;36;37;40;43;43;43;45;44;45;45;47;46;45;42;39;38;34;32;30;29;28;29;29;30;30;30;31;32;32;32;33;32;32;32;33;34;34;34;37;38;41;45;49;50;52;51;52;53;54;56;55;56;58;60;59;57;57;57;55;54;51;48;44;40;35;30;25;24;22;21;20;19;20;20;18;19;18;17;14;12;9;8;7;7;0;0;7;0;7;7;7;7;7;7;7;0;0;7;0;0;7;7;7;0;0;0;7;7;7;7;7;7;0;0;7;7;7;8;8;7;0;0;0;7
0;0;0;7;0;0;7;0;0;0;0;0;0;0;0;0;8;7;8;8;8;9;9;10;10;12;13;15;17;20;22;23;24;25;27;26;26;24;24;24;24;24;24;24;24;26;28;29;30;32;32;33;33;33;36;37;40;41;44;45;46;47;46;46;46;47;45;44;41;39;36;33;32;29;29;29;29;30;31;31;33;31;32;31;31;31;31;31;31;32;33;35;34;38;40;41;45;48;52;52;52;52;57;55;56;59;56;57;57;58;56;57;55;55;53;50;48;44;39;34;28;25;23;22;21;20;19;19;19;19;19;19;17;14;12;10;9;7;0;0;0;0;7;7;7;7;7;7;7;0;0;0;7;0;7;7;7;7;0;0;0;0;7;7;7;0;0;7;7;7;7;7;7;7;0;7;7;7;7
0;0;0;0;7;0;0;0;0;7;0;7;0;0;0;0;8;8;8;8;8;9;9;10;11;12;13;15;18;22;23;22;23;25;27;27;26;25;25;24;23;23;24;23;23;25;27;28;29;32;33;34;35;36;38;38;41;44;46;46;47;47;48;47;45;45;45;44;40;39;35;34;32;30;29;30;31;32;33;33;34;33;33;32;32;33;31;31;31;32;32;34;36;39;41;43;43;46;48;51;53;54;56;57;58;58;58;60;59;59;58;58;56;55;55;50;47;43;37;33;30;25;23;21;21;19;19;18;19;19;19;19;18;15;11;9;8;7;0;0;0;7;7;8;8;7;7;7;0;0;0;0;7;0;0;7;7;0;0;0;0;0;7;7;0;0;0;7;7;0;0;0;0;7;0;7;0;0;7
0;7;0;0;7;0;0;0;0;7;0;0;0;0;7;7;8;8;8;8;8;8;9;10;11;13;13;14;17;20;22;23;25;26;27;28;28;27;27;25;23;23;22;23;23;25;27;30;30;31;32;34;35;36;38;41;43;46;47;48;49;48;48;48;48;47;46;42;40;40;36;33;32;30;30;31;31;33;33;34;34;34;33;33;33;32;32;32;32;32;31;34;35;36;39;42;44;45;47;50;53;53;55;56;60;59;59;59;59;59;59;60;57;56;54;50;46;41;37;32;29;25;23;22;21;20;19;19;20;20;19;19;17;13;11;8;7;7;0;0;0;7;7;7;8;7;7;8;0;0;0;0;0;7;7;7;0;0;0;7;0;0;0;7;0;7;0;0;0;7;0;0;7;0;0;0;0;0;7
0;0;0;0;0;0;0;0;0;0;0;0;7;0;8;7;7;8;8;8;9;9;10;12;12;13;15;17;18;20;23;23;25;27;29;29;29;30;28;27;26;25;23;23;22;25;27;28;31;31;30;33;34;36;38;42;45;49;51;50;52;51;50;48;47;47;47;44;42;40;37;35;33;32;32;32;31;32;33;34;35;34;34;34;33;33;33;33;33;33;33;34;36;37;39;41;43;44;48;51;52;53;56;56;58;59;60;59;59;60;59;60;61;56;54;49;46;41;37;32;28;24;23;22;22;22;20;19;19;19;19;18;16;13;11;9;7;7;0;7;7;7;7;8;8;7;7;7;0;7;0;0;0;7;0;0;0;0;0;0;0;0;7;7;0;7;0;0;0;7;0;7;7;0;7;0;0;0;0
7;0;0;0;0;0;7;7;7;0;0;0;0;7;7;7;8;8;9;8;8;10;10;11;12;14;15;17;19;20;22;22;25;27;29;29;29;30;30;29;27;27;25;23;23;24;26;28;30;32;31;32;34;35;39;43;47;51;54;54;54;54;52;50;48;47;45;44;42;40;38;35;34;32;32;32;33;34;34;35;35;34;34;34;34;34;32;32;33;35;35;36;37;37;39;41;43;45;49;51;52;54;55;56;58;59;61;60;60;60;59;60;59;55;53;48;43;42;36;32;29;24;22;21;20;21;19;17;20;19;19;18;16;13;12;9;7;7;0;7;7;7;7;8;8;0;0;0;0;7;0;0;0;7;0;7;7;0;0;0;0;0;7;7;0;0;7;0;7;7;0;7;7;0;7;0;0;0;0
0;0;0;7;7;0;0;0;7;0;0;0;0;0;7;8;8;8;9;8;9;11;10;12;13;14;15;18;19;20;22;22;25;28;29;29;31;31;32;30;28;27;25;25;25;25;27;28;30;32;33;34;34;37;41;44;47;51;54;56;57;56;52;51;50;47;45;44;41;40;38;35;34;32;32;34;35;35;36;34;35;34;35;35;35;35;35;35;36;36;36;36;37;37;38;41;44;47;49;51;51;52;53;55;57;59;61;60;60;60;59;60;57;53;52;47;42;40;36;32;28;24;23;22;22;20;19;18;18;18;18;17;16;13;11;9;9;8;7;0;7;7;7;7;8;7;7;7;0;0;7;7;0;0;0;7;7;0;0;0;0;0;7;0;0;0;7;0;7;7;7;7;7;7;7;0;7;0;0
0;7;0;0;0;0;0;0;7;7;7;7;0;0;7;7;7;8;8;8;9;9;11;12;13;15;16;20;21;21;21;23;25;28;29;29;30;30;33;32;30;27;26;26;26;27;28;28;30;32;32;33;35;38;41;46;49;52;53;57;59;55;54;52;51;49;47;44;44;41;39;37;35;33;33;34;35;36;36;36;38;36;37;36;38;37;37;37;37;36;37;36;37;39;44;45;47;48;51;52;53;53;53;56;57;59;61;61;60;61;61;60;56;53;51;47;42;40;36;31;28;24;22;22;21;19;18;19;19;17;17;16;14;12;11;8;7;7;0;7;0;7;7;7;7;7;7;0;0;7;7;0;0;0;0;7;7;0;0;0;0;0;0;7;0;0;0;0;0;7;7;0;7;7;0;7;0;0;0
0;0;0;0;0;0;0;0;0;0;0;0;0;7;7;7;7;8;8;8;8;9;11;13;13;15;17;21;21;21;22;23;25;28;30;30;30;31;34;33;31;30;26;26;26;26;28;30;32;34;35;36;37;38;41;45;49;53;55;57;58;57;56;55;53;50;48;46;45;43;40;37;35;34;34;34;36;36;36;37;36;36;37;37;37;37;37;38;39;38;38;37;39;41;44;46;47;50;52;55;54;54;54;58;58;60;61;62;62;62;61;59;57;54;51;47;44;40;37;32;28;24;22;21;20;19;18;19;20;18;17;14;14;13;11;9;8;7;0;7;7;0;7;7;7;7;7;0;0;7;7;7;7;0;0;0;0;0;7;7;0;0;0;7;0;0;0;7;7;7;7;7;7;7;0;0;0;0;0
0;0;0;0;0;0;0;0;0;0;0;0;7;8;7;8;8;8;9;8;8;9;11;12;14;15;19;21;21;23;22;23;25;27;29;28;29;31;34;35;32;30;28;27;27;28;29;32;33;34;37;37;38;39;42;46;50;53;56;59;59;58;57;54;53;50;48;46;43;42;40;37;36;34;34;36;36;36;37;37;37;39;38;39;39;40;40;40;40;39;39;39;41;42;45;47;50;52;52;54;53;54;55;56;59;61;63;64;63;62;61;59;58;54;51;46;43;40;38;32;28;24;21;20;20;19;19;19;18;18;16;15;15;13;11;10;8;0;0;0;7;7;7;7;7;7;7;0;0;0;7;7;7;0;0;0;7;7;7;7;0;0;0;0;0;0;0;0;0;0;7;7;7;7;7;7;0;0;0
0;0;7;7;7;0;0;0;0;0;0;0;7;7;7;7;8;8;7;10;9;9;12;12;13;15;19;22;24;24;24;24;26;28;30;29;30;32;33;34;33;31;30;30;28;27;30;33;35;37;38;39;40;41;43;46;51;55;55;59;59;59;56;54;51;50;47;45;43;41;40;38;37;36;36;36;37;36;37;38;39;39;41;41;41;42;43;41;39;39;39;39;41;43;45;47;50;52;53;55;56;56;56;58;61;62;64;65;64;62;62;59;57;52;50;46;43;41;38;33;28;23;20;19;20;20;19;19;18;17;15;15;14;14;11;9;8;0;0;0;7;7;7;7;7;0;0;7;0;7;0;0;0;0;7;7;7;0;7;0;0;0;0;0;0;0;0;0;0;0;7;7;7;0;7;7;0;0;0
0;0;0;0;0;0;0;7;0;0;0;0;7;7;7;8;8;8;9;9;8;10;11;12;13;16;19;23;23;24;25;27;28;30;30;31;32;32;34;34;33;32;32;31;30;28;31;33;35;38;39;41;42;43;45;48;52;53;56;59;59;58;57;56;54;51;47;46;44;43;42;39;38;38;37;37;38;39;38;39;38;40;42;42;42;42;42;39;39;40;40;41;42;44;47;48;50;51;51;53;55;55;56;59;62;64;63;64;63;63;61;57;53;53;50;46;45;40;37;32;27;22;20;19;19;19;18;17;16;16;16;17;15;13;10;9;8;7;0;0;0;7;7;7;7;8;7;7;0;0;0;7;0;0;0;7;0;0;7;7;0;0;7;0;0;7;0;0;0;0;0;0;0;0;0;0;0;0;7
0;0;0;0;7;7;7;0;0;0;7;0;7;7;8;9;9;9;10;9;9;9;11;12;14;17;19;22;24;26;25;27;29;30;31;31;33;33;34;34;35;34;34;31;30;30;32;34;37;39;40;41;43;45;46;50;53;56;58;60;59;60;60;58;57;53;50;47;45;42;41;40;38;38;38;37;39;39;39;39;39;40;42;43;44;44;43;41;40;41;41;43;46;47;49;52;52;53;54;54;55;57;59;60;63;63;64;63;61;62;60;57;55;52;49;46;45;40;35;31;27;21;19;18;18;19;19;18;17;17;16;14;15;12;10;8;8;7;7;7;7;7;7;7;7;7;0;7;7;0;7;7;0;0;0;7;7;7;0;0;0;0;0;0;0;7;0;0;0;0;7;7;0;0;0;0;0;0;0
7;7;7;7;7;7;7;0;0;0;7;0;0;0;7;9;9;9;10;9;9;9;10;12;14;16;19;21;24;26;26;27;28;29;31;33;34;34;34;35;35;33;33;33;31;32;34;36;37;39;40;41;43;46;50;50;55;58;57;60;60;60;60;57;56;52;51;48;45;43;42;41;40;39;39;40;40;40;41;39;41;42;44;43;44;44;44;43;42;42;42;44;45;47;49;49;52;53;56;57;58;60;61;62;61;62;63;62;61;62;61;60;58;54;50;47;46;41;35;30;27;23;20;18;19;19;20;18;17;17;15;15;15;13;11;9;7;7;0;7;8;7;7;8;7;7;7;7;7;0;0;0;7;7;7;7;7;7;0;0;0;0;0;0;0;0;0;0;0;0;0;7;7;0;0;7;0;0;0
7;0;7;7;0;0;0;7;8;7;7;7;7;7;8;8;9;9;9;9;9;9;10;12;14;17;19;20;24;25;27;28;30;31;30;32;34;37;35;36;35;33;32;32;33;34;35;37;39;41;42;41;44;47;51;53;56;60;60;60;60;61;61;58;55;54;51;47;46;44;42;40;39;38;39;39;39;40;40;41;41;43;45;45;42;42;42;41;41;41;42;44;45;47;49;51;55;57;59;61;62;62;63;62;64;64;64;64;64;65;63;60;56;54;51;48;44;40;35;30;26;23;20;19;19;19;18;18;17;17;17;15;14;12;11;8;7;7;0;7;7;7;7;7;7;7;7;7;7;0;0;0;7;7;0;7;0;0;0;7;7;7;7;0;0;0;0;0;0;7;7;7;0;7;0;0;0;0;0
7;0;0;7;0;7;7;7;7;7;0;0;0;7;7;8;9;9;9;9;9;10;11;12;14;16;18;20;24;25;27;29;30;31;32;33;35;36;38;37;36;35;32;32;33;34;36;38;39;41;42;43;45;48;53;55;59;62;62;60;60;61;60;57;56;55;52;49;47;45;43;40;39;39;39;40;40;40;40;42;43;44;44;44;42;41;41;42;42;42;43;43;45;47;51;53;56;59;61;61;63;62;63;63;64;63;64;64;64;65;63;62;59;55;53;49;45;40;35;30;27;23;20;20;20;21;19;18;17;17;16;16;13;11;10;8;7;0;0;7;0;7;8;8;7;7;7;7;7;0;0;0;0;7;0;7;7;0;7;7;0;0;0;0;7;0;0;0;0;7;0;7;0;0;0;0;0;0;0
0;0;0;0;7;7;7;0;7;7;7;0;0;7;8;8;9;9;9;9;9;11;12;13;14;16;19;21;23;25;27;29;30;31;32;33;33;36;37;35;35;35;33;31;33;35;38;41;41;43;42;43;47;50;54;57;60;62;62;61;60;60;58;56;55;52;51;49;47;45;44;41;40;40;39;38;41;41;42;40;42;43;43;43;42;40;41;42;43;44;45;45;46;46;50;53;55;56;59;62;64;62;63;63;63;63;64;65;64;65;65;65;61;57;55;48;44;40;36;30;25;21;20;20;19;19;19;18;17;16;16;16;14;11;10;9;8;7;0;0;0;7;8;8;7;7;7;7;0;0;0;0;7;8;7;7;7;7;0;7;7;0;0;0;0;0;0;0;7;7;0;7;7;0;0;0;0;0;0
0;7;0;0;0;7;0;0;7;0;0;0;0;7;8;8;9;9;8;9;9;11;11;14;15;18;18;21;23;26;27;28;30;31;32;34;36;35;36;35;34;35;34;33;33;37;39;41;42;42;43;43;48;50;53;57;61;62;60;62;59;58;58;55;54;54;52;49;46;44;43;40;39;39;39;40;41;40;42;42;42;42;42;43;43;42;42;44;44;44;44;45;47;47;51;55;56;57;61;62;62;64;64;63;63;63;63;65;66;67;67;65;63;58;56;49;43;38;35;31;26;22;20;19;19;19;18;18;18;16;17;16;14;12;9;9;7;0;0;0;7;8;8;7;7;7;7;0;0;0;0;0;0;7;7;7;0;0;7;0;7;7;7;7;0;0;0;0;7;0;7;7;7;0;7;0;0;0;0
0;0;0;0;0;7;0;0;7;0;0;0;7;8;8;9;9;10;9;9;8;11;12;15;17;18;20;21;23;26;28;30;31;32;35;37;38;38;37;36;35;35;34;35;36;37;40;42;43;43;45;46;50;52;55;59;60;60;61;63;59;58;58;58;56;55;53;52;48;45;43;40;39;39;41;41;42;43;44;44;41;42;42;42;41;42;43;44;43;43;45;47;50;50;53;56;56;59;62;66;63;64;65;66;64;63;67;67;67;65;66;66;65;61;56;49;44;39;36;30;25;22;20;19;19;19;18;19;19;17;17;16;14;11;9;9;8;7;0;0;7;8;8;8;8;7;7;0;0;0;0;0;0;7;7;0;7;0;0;7;0;0;0;0;0;0;0;0;0;0;7;0;0;0;7;0;0;7;0
0;0;0;7;0;0;7;7;0;0;7;0;7;7;8;8;8;8;9;10;10;10;12;14;16;18;21;22;24;26;28;30;32;32;34;37;39;40;39;38;37;35;35;35;37;39;41;45;46;47;46;48;51;54;56;59;62;63;63;62;61;59;59;56;55;53;53;51;49;46;43;41;39;39;40;41;41;43;44;44;43;43;44;42;42;43;43;43;43;44;47;49;51;53;55;56;58;59;61;61;65;63;64;64;65;65;66;67;65;66;66;66;63;60;54;48;44;39;34;30;25;21;22;20;20;19;19;19;19;18;17;16;14;13;11;9;8;7;0;0;7;7;8;8;8;7;7;0;0;0;0;7;7;7;0;0;0;0;0;0;0;0;0;0;0;0;0;0;7;0;0;0;0;7;7;0;0;0;0
0;0;0;7;0;0;7;7;0;7;7;7;8;7;8;8;9;9;9;9;10;11;13;14;16;18;21;22;25;28;29;30;32;34;35;37;39;40;39;39;39;36;34;35;36;40;43;45;47;47;49;53;52;55;57;58;61;64;63;64;62;61;58;56;55;54;52;51;49;46;43;40;41;39;39;39;40;42;43;45;45;43;43;42;45;45;45;46;46;47;49;49;51;53;53;56;57;58;60;61;64;63;64;64;63;67;68;68;68;67;66;67;64;61;57;51;45;41;35;31;26;21;21;19;19;19;19;19;19;18;17;16;14;13;11;9;7;7;7;7;7;7;7;7;8;0;0;7;0;0;7;7;7;0;0;0;7;7;7;0;0;0;0;0;0;0;0;0;7;7;7;7;0;0;0;0;0;0;7
0;0;0;0;0;0;7;7;7;0;0;7;7;8;8;9;8;8;8;9;9;12;13;14;15;19;20;23;25;27;29;30;32;35;37;39;40;40;39;38;38;34;37;37;38;41;43;45;48;47;49;53;54;56;58;59;58;62;65;64;62;60;58;58;55;55;53;50;48;45;44;42;41;41;40;40;41;44;43;44;45;45;45;44;44;46;47;47;46;48;49;48;50;52;53;55;56;58;61;63;64;65;65;66;65;67;70;71;70;68;68;68;66;63;57;51;45;40;35;29;25;21;20;19;20;19;17;19;19;18;18;16;14;13;10;9;7;0;0;7;7;0;7;7;7;0;0;0;7;0;0;0;0;0;0;7;0;7;7;0;0;0;0;0;0;0;0;0;7;7;0;7;0;7;7;0;0;0;7
0;0;0;0;0;0;0;7;7;7;7;7;7;7;7;8;8;8;9;9;10;10;13;15;16;19;20;23;27;28;29;30;32;35;37;39;40;40;39;39;38;37;36;36;39;42;43;46;48;48;50;54;54;54;58;59;58;63;63;62;62;61;58;55;54;55;54;51;49;45;43;41;40;39;40;41;42;42;44;45;45;45;45;43;44;46;47;46;47;49;49;49;51;51;52;54;54;58;62;64;65;67;66;67;67;68;69;71;70;71;71;70;66;64;59;54;47;41;36;30;25;20;20;19;19;17;17;18;19;18;17;16;14;12;10;9;7;7;7;0;7;0;7;7;7;7;7;0;7;7;0;0;0;0;0;0;7;7;7;0;0;0;0;0;0;0;0;0;7;7;7;0;0;0;0;0;7;0;7
7;0;0;0;0;0;0;0;7;0;7;0;0;7;8;9;8;9;9;9;10;12;13;15;16;19;21;22;26;28;29;31;32;34;37;39;39;40;40;40;38;36;35;36;37;41;44;45;48;48;50;55;55;56;57;59;59;62;62;62;62;61;60;57;55;55;53;52;50;47;44;41;40;38;39;40;42;44;47;47;47;46;44;44;45;45;48;46;47;48;48;49;52;51;51;54;55;57;60;63;66;69;68;68;68;71;71;72;73;72;72;72;69;65;60;53;47;41;35;29;24;20;20;19;19;18;18;19;18;18;17;17;15;13;10;8;7;7;7;0;7;0;7;8;7;7;7;7;0;0;0;0;0;0;0;7;7;0;7;7;7;7;0;0;0;0;0;0;0;0;0;0;0;0;0;7;7;0;7
7;0;0;0;0;7;7;0;0;0;0;0;0;8;8;8;8;9;9;10;11;12;13;15;16;19;20;23;26;27;28;31;30;34;37;40;39;39;38;39;37;35;34;34;35;39;43;44;47;49;50;52;53;56;57;57;58;61;61;62;62;61;60;57;55;54;53;52;50;46;44;41;40;39;41;40;43;46;47;47;48;48;46;46;46;46;48;48;48;48;48;49;51;50;50;54;55;57;60;63;66;67;68;68;69;69;70;72;72;72;70;72;69;62;60;55;48;41;35;29;24;21;20;19;19;19;19;18;18;17;18;18;16;13;11;9;7;7;0;0;7;7;7;8;7;0;7;0;0;0;0;0;0;0;7;7;0;0;0;7;7;7;0;0;0;0;0;0;0;0;7;0;0;0;0;0;7;0;0
0;0;0;7;0;0;0;0;7;7;0;0;7;8;8;7;8;8;9;10;10;11;14;16;17;19;21;24;26;27;28;29;32;35;37;38;39;40;40;40;38;36;33;34;36;39;42;43;46;49;51;52;53;54;55;55;57;60;61;62;62;62;60;58;55;54;53;50;49;46;43;41;41;42;40;42;45;47;46;45;47;45;46;46;46;47;48;47;47;47;48;49;50;50;51;54;54;57;60;64;66;67;69;69;71;70;72;74;75;76;75;73;69;65;60;55;49;41;36;31;25;21;20;19;19;18;19;18;18;18;18;18;16;12;10;9;7;7;0;7;7;7;7;8;8;8;7;0;0;0;0;0;0;0;7;0;7;7;0;7;7;7;0;0;0;0;0;0;0;0;0;0;0;0;0;0;0;0;0
0;7;0;0;0;0;0;7;0;7;0;7;7;7;7;8;9;8;8;9;11;11;14;16;17;19;23;24;26;28;27;29;32;34;36;38;41;41;40;40;38;35;33;35;37;39;42;43;45;48;51;52;53;53;55;54;55;57;60;60;62;62;58;57;55;56;53;52;50;48;43;41;41;42;42;45;45;46;45;48;46;44;46;46;46;48;48;48;48;48;48;49;50;49;51;53;54;57;60;63;65;68;71;72;74;74;73;75;79;77;76;72;68;65;61;55;48;41;35;30;25;22;18;18;19;19;19;18;18;18;18;17;14;12;10;8;7;7;7;7;7;8;7;7;8;7;0;0;7;0;7;7;0;0;0;7;0;0;0;0;0;7;0;0;7;0;0;0;0;7;0;0;7;7;7;0;0;0;0
0;0;0;7;7;0;0;0;0;7;0;7;7;7;8;8;9;8;8;9;9;11;13;14;17;19;22;25;26;27;27;29;33;34;36;37;38;41;41;42;40;35;34;35;37;39;42;44;44;46;49;50;53;54;54;54;53;56;59;60;60;59;59;57;55;53;52;51;49;46;43;42;41;42;42;45;46;48;46;46;45;43;45;46;47;49;48;47;48;49;49;47;48;49;49;50;52;55;59;62;65;68;70;72;74;73;73;75;75;75;74;72;67;64;60;53;47;42;35;29;25;22;19;18;20;19;19;18;18;18;17;17;15;12;10;9;8;7;7;7;0;7;7;8;7;7;7;7;7;0;7;0;0;0;0;7;0;0;0;0;0;7;0;7;0;0;0;0;0;8;0;0;0;7;7;0;0;0;0
7;7;0;0;7;7;7;7;0;0;0;0;0;7;8;9;8;8;9;9;9;10;13;15;18;19;21;24;29;28;28;29;32;33;35;37;38;40;41;42;40;37;34;34;36;38;41;42;42;45;47;48;52;52;51;53;53;57;58;61;61;60;58;56;54;54;52;49;48;46;44;43;40;40;42;43;45;46;44;45;45;45;45;46;48;49;49;48;46;47;48;48;48;50;50;50;52;54;57;61;65;67;70;72;71;73;73;74;75;76;73;71;67;63;57;52;46;40;35;30;25;22;20;18;20;18;19;18;17;18;18;17;16;12;10;9;7;0;7;7;8;9;8;7;7;0;7;0;0;0;7;0;0;0;0;0;0;0;0;7;0;7;7;0;0;0;0;0;0;0;0;0;0;7;0;0;0;7;7
7;0;0;0;7;0;7;7;7;0;0;7;0;7;8;8;8;8;9;9;10;10;12;15;16;18;21;23;26;27;28;31;32;33;35;37;38;39;42;42;38;37;35;36;36;38;40;40;41;44;46;49;51;50;51;52;53;56;58;60;59;58;57;55;56;55;53;52;48;46;45;42;41;42;42;43;45;46;46;45;45;45;45;46;46;47;47;48;47;45;48;47;48;48;49;49;50;53;56;60;64;66;70;72;72;76;75;76;74;77;75;74;69;64;59;54;45;38;33;29;25;23;19;19;19;19;18;18;17;18;17;17;13;12;10;9;7;0;7;7;7;8;8;7;7;7;0;0;0;0;0;0;0;0;7;0;0;0;0;0;0;0;0;0;0;0;0;0;7;0;0;7;0;7;0;0;0;7;7
0;0;0;0;0;0;7;0;7;7;7;7;7;7;8;9;9;9;9;9;10;11;12;16;16;18;21;23;26;26;29;31;32;34;34;36;38;40;41;40;38;36;35;35;37;38;37;39;41;43;46;49;51;50;50;50;55;58;59;61;58;56;53;54;54;53;54;53;49;45;43;40;41;44;43;43;45;46;46;43;44;44;45;45;46;47;47;49;49;47;47;46;46;47;47;47;51;54;58;62;65;66;68;72;73;74;75;75;74;75;74;72;68;62;56;51;45;39;34;29;25;23;21;19;20;19;18;18;17;16;16;17;15;13;11;8;7;0;0;0;7;7;7;7;7;7;0;0;0;0;0;7;0;0;0;7;0;0;0;0;7;7;7;0;0;0;0;0;0;0;0;0;7;7;0;0;0;7;0
7;7;7;0;0;7;7;7;7;0;0;7;0;7;8;9;10;9;9;9;10;10;12;13;15;18;21;24;26;26;27;29;32;33;33;35;36;39;40;38;37;35;33;34;36;38;37;39;40;42;45;48;49;49;50;51;55;59;61;61;59;57;54;52;52;51;52;51;49;46;42;40;41;43;44;45;45;44;45;43;43;44;43;44;45;46;46;47;46;47;46;45;46;46;46;48;52;54;58;60;64;67;69;73;74;74;75;75;75;75;77;73;68;63;57;51;45;40;35;30;26;22;20;20;20;19;18;16;16;16;17;17;14;12;11;8;7;7;0;0;7;7;7;7;7;7;0;0;0;0;7;7;0;0;0;7;0;0;0;0;7;7;7;0;0;0;7;7;0;7;0;0;0;0;0;0;0;0;0
0;7;0;7;7;7;7;0;0;0;0;7;0;7;8;9;9;8;9;9;10;11;12;13;15;18;20;23;27;28;28;30;32;34;35;34;36;40;39;37;36;35;35;34;35;37;37;38;40;41;43;46;47;48;51;53;57;61;64;63;60;57;54;52;53;51;51;48;47;45;42;41;41;43;44;44;44;44;45;42;43;41;42;41;44;45;44;45;46;46;44;46;47;46;47;50;52;56;59;61;64;68;70;73;74;74;77;75;75;75;75;73;68;63;58;52;45;41;34;29;25;21;19;20;19;18;16;16;17;17;17;16;15;12;10;8;8;7;7;7;0;7;7;7;7;7;7;0;0;7;0;7;0;0;0;0;0;0;0;0;0;7;0;0;0;0;0;0;0;7;0;0;0;0;0;0;0;0;7
0;0;0;7;7;0;7;0;0;0;0;0;0;8;8;8;9;8;9;8;10;11;12;13;16;18;20;23;26;27;29;30;32;34;34;35;37;39;38;36;37;34;34;34;35;37;37;37;40;42;44;45;47;48;50;53;58;60;62;61;58;56;53;53;52;53;50;49;47;42;42;41;40;41;43;44;46;44;44;43;42;41;42;40;43;43;43;43;44;45;45;46;45;46;47;50;52;56;60;62;64;65;69;70;72;75;75;75;75;74;74;72;69;63;58;49;45;40;33;28;25;22;20;19;19;19;18;18;18;19;18;16;13;12;10;8;7;7;7;7;0;7;7;7;7;7;7;0;0;7;7;0;0;0;7;0;0;0;7;0;7;7;7;7;0;0;0;0;7;7;0;7;0;7;0;0;0;0;0
0;0;7;7;7;7;7;0;0;0;0;0;7;7;8;9;9;9;9;9;10;11;13;14;15;18;21;24;25;27;28;30;31;34;35;35;36;38;39;37;36;34;34;34;35;37;37;37;39;41;43;45;46;48;49;53;59;61;64;61;58;55;53;53;51;51;51;50;49;45;44;41;40;41;41;43;44;44;44;43;43;43;42;42;43;42;42;42;45;45;45;45;46;47;48;50;53;56;60;62;63;64;65;68;71;73;74;74;75;75;75;73;68;62;55;48;41;36;31;27;23;21;19;19;20;20;19;18;19;19;17;16;14;12;9;7;7;0;8;7;7;0;7;7;0;0;7;7;0;0;7;7;0;7;7;7;7;7;0;0;7;7;0;7;0;0;7;0;0;0;7;0;0;0;7;0;0;0;0
0;0;7;0;0;0;0;0;0;0;0;0;7;7;9;8;8;9;9;9;10;11;12;14;15;18;20;24;25;27;28;30;32;34;35;35;35;36;37;36;35;34;33;34;34;35;38;38;39;41;42;44;45;47;47;53;58;60;61;61;58;56;53;52;52;52;51;50;48;45;43;43;42;41;41;41;43;44;46;43;42;40;39;40;40;41;41;42;44;45;44;47;48;48;50;52;56;57;60;63;64;63;65;67;70;72;74;73;74;74;74;71;66;60;52;46;39;35;30;26;23;20;19;19;20;20;19;19;19;19;18;15;13;11;9;7;7;7;7;7;7;7;7;7;0;0;0;0;0;0;0;7;7;0;0;7;7;0;0;7;7;7;0;0;7;0;0;0;0;7;7;0;7;0;0;7;0;0;7
7;0;0;0;0;7;0;0;7;7;7;0;7;7;8;8;8;9;9;8;9;10;13;14;15;17;19;23;26;28;29;30;32;33;34;35;37;38;37;36;33;33;33;35;36;36;38;39;40;41;42;43;45;48;52;54;58;61;62;61;59;56;54;54;54;53;52;50;48;46;43;43;43;41;42;43;45;43;43;41;41;41;41;39;39;40;40;41;43;44;46;48;50;51;51;54;58;59;62;65;65;65;68;68;71;72;75;74;75;75;73;70;67;61;54;46;41;36;31;26;24;22;21;20;20;20;20;18;18;19;17;15;12;10;9;8;0;0;7;7;7;8;7;7;0;7;0;0;0;0;0;7;0;0;7;0;0;0;0;7;0;0;0;0;0;0;0;0;0;0;7;0;7;0;0;0;0;7;0
7;0;0;0;0;0;0;0;0;0;0;7;7;7;8;8;8;9;9;8;9;11;13;13;15;17;20;23;25;28;30;30;32;34;36;36;36;36;37;35;33;32;32;33;34;36;38;38;40;41;42;43;44;49;52;55;58;63;65;60;59;56;53;52;52;53;52;51;48;44;43;43;42;42;42;42;43;42;42;43;42;41;40;40;39;40;39;40;42;45;46;48;52;52;53;55;56;57;60;63;64;65;64;67;70;72;75;75;77;78;75;72;67;62;55;48;42;37;31;27;24;22;21;20;19;19;19;17;18;18;17;15;13;10;9;8;7;0;7;7;0;7;7;7;0;7;0;0;0;0;7;0;0;0;0;0;7;7;7;0;0;0;0;0;0;0;0;7;0;0;7;0;0;0;0;0;0;0;0
7;0;0;0;7;0;0;0;0;0;7;7;7;7;8;9;8;9;10;9;10;11;13;14;16;18;20;22;24;27;29;30;33;35;36;35;36;36;37;36;34;31;32;33;34;37;37;37;39;40;42;44;45;50;52;55;61;63;65;64;60;57;54;52;50;51;51;49;47;44;42;43;42;41;41;41;41;40;41;42;41;41;42;41;40;41;40;42;43;44;46;49;48;50;52;53;55;56;61;63;63;64;65;69;69;72;75;77;78;77;76;72;67;60;54;47;41;33;30;26;24;22;20;20;20;20;20;18;17;18;18;15;13;11;9;7;7;7;7;7;7;7;7;0;0;0;0;0;0;0;7;7;7;7;0;0;0;0;7;7;7;0;0;0;7;0;0;0;0;0;0;0;7;0;0;0;0;0;0
0;7;7;0;7;0;7;7;7;0;7;7;7;7;7;8;9;9;9;9;10;11;13;15;17;19;20;22;25;26;29;30;31;33;34;35;35;35;36;35;35;31;31;33;33;35;36;37;40;41;42;44;45;48;50;55;61;64;64;63;60;59;56;54;52;52;52;50;46;45;43;41;41;40;40;40;39;40;40;40;41;41;41;41;41;41;40;42;44;46;47;48;49;52;54;56;58;62;61;62;65;64;66;70;71;73;75;78;79;77;76;73;68;61;55;46;40;35;30;27;24;22;20;20;20;19;19;18;18;19;18;15;13;11;9;8;0;7;7;0;8;7;7;8;7;0;0;0;0;7;7;7;0;7;7;0;0;0;0;0;7;7;0;0;0;0;0;0;7;7;0;0;0;0;0;0;0;0;7
0;0;7;0;0;8;7;0;7;0;7;0;7;8;7;8;9;9;9;9;10;12;13;15;16;19;22;24;24;26;28;30;32;33;33;34;35;35;35;35;33;33;31;33;34;36;37;38;42;42;43;44;44;46;49;52;60;62;61;61;59;56;56;56;54;52;50;49;46;45;44;43;43;42;41;40;40;40;40;40;41;41;41;41;41;42;42;42;43;45;47;48;51;53;55;59;59;61;61;62;64;64;67;69;71;74;75;79;81;80;78;74;72;64;57;48;40;34;30;26;23;21;21;22;21;20;19;18;18;18;18;14;12;9;8;7;0;0;7;0;7;7;7;8;7;0;0;0;0;0;0;0;7;7;0;7;0;7;0;0;7;0;0;0;0;0;0;0;0;0;0;0;0;0;0;0;0;0;0
0;0;7;0;0;7;7;0;0;0;0;0;7;7;8;8;9;9;9;9;9;11;12;14;16;18;22;23;25;26;28;31;33;34;34;34;35;35;35;33;32;31;31;32;33;35;37;37;39;42;44;45;43;47;50;54;58;61;61;61;60;56;57;54;54;52;48;46;44;42;42;44;43;43;41;40;39;40;40;39;40;39;40;41;40;40;41;42;43;43;46;48;51;54;56;58;57;60;62;63;65;66;68;70;71;75;78;81;81;79;79;75;70;64;57;49;41;35;30;27;25;22;21;21;21;20;19;17;17;17;16;14;12;9;7;7;0;7;0;0;7;8;7;7;7;0;0;0;0;0;7;0;0;7;0;7;0;7;0;0;7;7;0;0;7;0;7;0;0;0;0;0;0;0;0;0;7;0;0
0;0;7;0;0;0;0;0;0;0;0;0;7;8;8;8;9;9;9;8;9;11;13;15;16;19;22;23;24;25;27;30;33;34;34;34;33;35;36;35;32;30;30;33;34;36;36;36;38;40;42;43;44;48;51;54;57;61;63;60;57;57;58;56;55;51;48;47;44;43;43;42;42;42;41;40;38;38;39;39;40;41;42;42;41;40;40;40;41;43;46;48;51;53;55;57;58;62;63;65;65;69;70;70;72;76;79;80;81;79;78;77;70;65;57;48;40;35;30;26;23;23;22;20;21;20;18;18;17;16;16;14;11;9;8;7;0;7;7;8;7;8;7;7;7;0;7;0;0;0;0;0;0;0;0;7;7;7;0;7;7;0;7;0;0;0;0;0;0;0;0;0;0;0;0;0;7;0;0
0;0;0;0;0;7;0;7;0;0;0;7;7;8;8;8;8;9;9;9;10;10;13;14;16;19;22;24;25;26;28;31;33;33;34;33;34;34;34;34;32;32;31;32;33;36;36;38;40;41;42;44;44;48;52;56;58;61;62;61;59;56;56;54;54;52;48;47;45;43;42;42;41;40;40;40;38;39;39;40;43;43;43;42;42;42;42;41;43;44;45;49;51;54;56;58;60;63;64;67;69;70;71;71;73;75;76;78;80;81;80;76;71;63;56;48;39;35;30;25;24;24;22;22;21;20;19;19;18;17;15;13;11;9;9;7;7;7;7;7;8;8;7;7;7;7;0;0;0;0;0;0;0;7;7;7;0;0;7;0;7;7;0;0;0;0;0;0;0;0;7;7;7;0;0;0;0;0;0
0;0;0;0;0;0;0;7;7;0;0;0;7;8;8;8;9;9;9;9;9;11;13;14;16;19;21;24;25;27;28;31;32;33;33;32;33;35;34;34;32;31;30;32;33;35;35;37;39;41;43;43;44;47;51;54;58;59;60;58;57;55;54;55;54;52;50;45;44;44;42;41;40;38;38;39;39;40;40;42;44;43;44;43;43;42;42;42;43;44;45;47;50;54;57;57;61;64;64;65;67;69;70;69;71;73;77;79;83;81;81;77;70;64;57;49;41;35;30;27;24;24;23;22;21;21;20;19;17;16;15;13;11;9;8;7;7;0;7;7;7;7;7;7;7;7;0;7;7;0;0;7;7;7;7;0;0;0;0;0;7;0;0;0;0;0;0;0;0;0;7;0;0;0;0;0;0;0;0
0;0;0;0;0;0;0;0;7;7;0;7;8;7;8;8;9;9;9;9;10;12;13;14;16;19;22;24;25;26;28;30;32;32;32;32;34;34;33;31;31;31;31;32;33;34;34;36;38;40;42;43;46;49;54;56;59;60;61;59;58;55;54;55;54;52;48;45;43;41;39;38;40;38;38;38;40;40;42;42;43;43;42;43;43;42;42;42;44;43;45;47;51;53;57;58;60;64;64;66;68;69;70;69;70;73;77;79;82;81;80;77;72;66;56;49;42;34;30;26;23;24;23;22;21;21;20;18;18;16;14;13;11;8;7;7;0;7;7;7;7;7;7;8;7;7;0;7;0;0;0;7;7;7;7;0;0;0;0;0;0;0;7;0;0;0;0;0;7;0;0;0;0;0;0;0;0;0;0
0;0;0;0;0;7;0;0;7;0;0;7;7;7;8;8;8;8;8;9;10;11;12;14;16;19;23;24;25;26;27;30;31;32;31;32;34;35;33;33;32;32;31;33;33;34;34;36;39;40;41;43;44;47;52;57;59;60;59;57;56;54;55;55;53;51;48;44;41;40;38;37;39;38;38;40;41;41;42;43;42;43;43;43;42;43;42;45;45;45;48;47;51;55;57;59;60;64;65;67;68;70;70;70;73;75;77;78;80;80;79;76;73;64;57;50;42;36;30;24;24;23;22;22;22;21;19;17;16;15;14;13;11;9;7;7;7;7;7;7;8;8;8;7;0;0;7;7;0;0;0;0;7;0;0;0;0;0;0;7;0;0;0;0;0;0;7;0;0;0;0;0;0;0;0;0;0;0;7
7;7;0;0;0;0;0;0;0;0;7;7;7;8;8;8;8;7;9;9;10;10;12;14;16;19;23;24;25;26;30;29;30;31;30;32;33;34;33;33;32;32;31;33;33;34;34;36;37;38;40;41;44;47;50;54;57;57;57;55;54;53;55;54;53;50;49;46;42;39;37;37;39;40;39;41;41;43;43;44;44;45;44;44;44;45;44;44;46;46;46;49;52;55;57;58;58;61;66;66;67;68;69;71;73;76;78;78;80;80;78;75;72;62;55;47;41;36;29;25;23;22;24;25;23;20;20;18;17;16;15;13;10;8;7;7;7;7;8;8;8;8;7;7;0;0;0;0;7;0;0;7;0;0;0;7;7;7;7;7;0;0;0;7;0;0;0;0;0;0;0;7;0;0;0;0;0;0;0
0;0;0;0;7;7;0;0;0;7;7;7;7;8;8;8;8;8;9;9;9;11;12;14;15;18;23;24;24;27;29;31;30;31;31;31;34;34;34;32;32;31;31;33;33;34;35;35;37;39;38;40;42;47;49;54;54;56;56;56;54;52;53;53;53;49;48;46;44;41;40;38;40;40;41;42;43;43;43;45;45;44;45;45;44;44;43;44;44;45;47;50;54;55;56;58;61;61;63;65;66;68;69;69;71;74;77;77;79;79;78;75;70;62;56;47;41;35;30;26;23;22;24;25;23;21;20;18;16;16;15;12;10;8;7;0;0;0;7;7;7;7;7;7;0;0;0;7;0;0;0;0;0;0;0;0;7;0;0;0;0;0;0;0;0;0;0;0;0;7;7;0;0;0;7;0;0;7;7
0;0;0;0;7;7;7;0;7;0;7;0;7;8;8;8;8;8;8;8;9;11;12;14;15;18;23;25;26;26;28;30;31;32;32;33;32;33;34;33;33;31;32;33;33;36;36;35;36;39;39;41;43;48;50;54;55;58;57;55;53;51;52;54;54;49;47;45;43;40;39;39;40;40;42;43;43;42;42;43;44;44;44;45;45;44;45;45;47;47;50;50;52;56;58;60;62;64;66;67;68;70;71;73;74;74;77;78;79;78;78;73;69;62;55;48;42;36;30;27;23;23;23;24;22;21;20;18;17;17;14;12;10;8;8;0;0;7;7;7;8;7;7;7;7;0;7;0;0;0;0;7;0;7;7;0;0;0;0;0;0;0;0;0;0;0;0;0;0;0;7;0;0;0;0;0;0;0;0
0;0;7;0;0;0;0;0;0;0;7;7;0;7;8;8;8;8;8;8;9;12;13;15;16;17;21;25;26;27;29;30;30;30;29;30;31;32;32;31;30;30;32;33;35;36;37;38;38;38;38;41;43;49;52;54;55;56;56;57;54;52;52;54;53;50;49;46;44;41;39;39;40;40;41;43;43;44;43;44;45;44;44;45;45;44;45;45;47;47;48;49;52;57;59;60;62;64;65;67;70;71;72;74;74;77;78;77;78;77;78;74;69;62;54;47;40;34;28;24;23;22;21;23;22;21;20;18;17;16;14;12;10;9;7;0;7;7;7;7;8;8;7;7;0;0;0;0;7;0;7;7;0;7;7;7;0;0;0;0;0;0;0;0;7;0;7;0;0;0;7;0;0;7;0;0;0;7;7
7;0;0;0;7;7;7;0;0;0;7;7;7;8;7;8;8;8;8;8;9;12;13;14;17;18;21;23;24;26;28;30;30;31;31;32;32;32;32;30;30;30;31;32;34;36;38;38;38;37;38;41;42;47;51;54;56;57;56;55;55;53;52;51;53;51;48;45;43;40;40;40;40;40;42;43;44;45;43;46;46;44;44;45;45;44;45;46;47;49;49;50;54;56;58;61;62;63;64;67;68;70;71;73;73;75;78;77;77;77;76;73;67;61;55;46;38;32;28;26;23;22;22;23;24;22;20;18;18;16;13;12;10;9;7;7;7;0;0;7;8;7;7;7;7;7;0;0;0;0;7;7;7;7;0;0;0;0;0;0;0;7;7;7;0;0;7;7;0;0;7;7;0;0;0;0;0;0;7
0;0;0;0;0;0;0;0;0;0;7;0;7;8;8;8;9;8;8;9;9;11;12;14;16;19;22;22;23;23;27;29;31;32;31;32;32;33;32;32;30;29;30;33;34;35;38;37;37;37;39;41;42;46;50;54;55;56;57;54;53;53;50;51;51;48;47;45;43;40;39;37;37;40;43;44;46;47;46;45;46;46;44;45;45;46;46;46;47;50;49;50;53;56;59;61;64;66;66;68;68;70;71;73;73;76;79;80;79;78;76;72;67;62;55;45;38;33;30;26;23;23;23;22;23;21;19;19;16;15;13;12;10;8;7;7;0;7;7;7;8;7;7;8;0;7;0;0;0;0;0;7;7;7;0;0;7;0;0;7;0;0;7;7;7;0;7;0;0;0;7;0;7;0;7;7;0;7;7
0;0;0;0;0;0;0;0;0;0;7;7;7;7;8;8;9;8;8;8;10;11;12;14;16;19;21;22;24;25;27;29;31;32;32;33;33;33;32;31;30;28;31;33;34;35;37;38;36;37;38;39;42;46;49;53;55;55;55;53;52;52;51;51;49;48;47;45;43;40;39;38;38;40;42;43;45;45;46;46;46;47;46;46;47;46;46;48;48;50;50;54;54;55;60;61;64;67;69;69;69;71;70;72;75;77;80;82;82;79;76;72;68;61;54;45;40;34;30;26;22;22;22;21;23;21;19;18;16;15;13;12;9;8;7;7;7;7;7;7;8;7;7;7;0;7;0;0;7;0;0;7;7;7;0;0;0;0;0;7;0;0;0;7;0;0;0;0;7;0;0;0;0;0;0;0;0;7;0
0;0;0;0;0;0;7;0;0;0;0;7;7;7;8;8;9;8;8;9;10;11;12;14;16;18;20;22;23;25;27;29;30;31;32;33;34;34;32;31;30;29;32;35;35;35;36;37;36;37;37;39;42;45;49;52;53;55;54;52;54;53;52;50;49;48;47;45;43;40;39;38;38;40;44;44;47;47;45;46;46;45;45;45;46;46;47;47;48;50;51;53;55;56;59;62;64;67;69;70;70;71;71;72;76;78;80;83;83;82;75;71;67;60;53;46;39;32;28;24;21;21;22;23;23;21;19;18;15;14;13;11;9;8;7;8;7;7;7;7;8;7;7;7;7;7;0;0;0;7;0;7;7;7;0;7;0;0;0;0;7;0;0;0;0;0;0;7;0;0;0;0;0;0;0;0;0;0;0
0;0;0;7;0;0;7;7;0;0;0;7;7;8;8;8;9;8;8;9;10;12;12;14;16;17;20;22;23;25;27;30;29;30;31;32;34;34;33;30;29;28;30;31;34;35;34;37;36;37;38;39;42;44;49;51;53;55;55;54;53;53;52;52;50;48;48;45;44;41;40;40;38;41;44;43;46;47;46;46;46;45;45;45;46;46;47;47;48;53;52;53;53;57;59;63;65;67;69;69;70;70;73;74;79;81;82;84;83;82;76;73;65;59;52;45;38;32;27;25;22;21;22;22;21;22;19;17;16;15;13;10;8;8;7;0;7;7;7;7;7;7;7;7;7;7;7;0;0;0;0;0;0;0;8;7;0;0;0;0;7;7;7;7;7;0;0;0;0;0;0;0;0;0;0;7;0;0;0
7;0;0;0;0;0;0;0;0;7;7;7;0;7;7;7;8;8;8;9;10;12;12;14;16;17;20;21;22;24;26;29;30;30;32;33;34;33;32;31;29;29;31;32;34;35;37;39;39;39;39;41;43;46;49;52;54;55;55;55;55;54;53;53;51;49;47;45;43;42;40;41;39;41;44;44;46;47;47;46;46;46;45;45;45;47;47;49;48;50;51;53;54;58;59;63;64;67;69;69;70;70;75;76;78;81;82;83;82;81;75;71;65;59;52;44;37;31;28;24;21;21;23;22;22;22;21;18;16;15;13;11;9;7;7;0;0;7;0;0;7;7;7;7;7;7;0;0;7;0;7;7;0;7;7;7;0;0;0;0;0;0;7;0;0;7;0;0;0;0;7;7;0;0;0;7;7;0;0
0;0;0;0;0;7;7;0;0;0;7;7;7;7;0;7;8;9;9;9;10;12;12;14;16;18;19;20;22;23;26;27;30;32;34;34;34;33;31;31;29;30;32;32;33;36;37;38;39;41;41;42;45;46;50;51;52;53;54;55;56;56;55;54;51;50;47;44;42;40;39;39;39;41;43;45;46;47;46;47;47;46;46;46;45;46;46;48;51;49;51;54;54;57;59;62;63;67;69;69;71;73;75;78;77;79;83;83;82;81;74;71;66;59;52;44;37;30;26;22;20;21;22;23;23;21;19;17;15;15;13;11;10;8;7;0;7;7;8;7;7;8;7;7;7;0;0;0;0;7;0;7;7;0;0;0;7;0;0;0;0;0;0;0;0;7;7;0;0;0;7;7;0;0;0;0;7;0;0
7;0;0;0;7;7;7;7;7;7;0;0;7;7;7;7;8;9;9;9;10;11;12;13;16;18;20;21;22;22;26;29;30;31;32;33;34;32;32;31;29;30;31;33;34;36;36;39;39;40;42;43;46;48;50;51;53;55;55;55;55;57;57;56;53;51;46;42;42;41;39;37;39;42;43;45;47;46;46;47;46;46;47;45;44;44;45;47;49;52;51;53;53;57;59;62;65;68;70;71;71;73;74;76;75;78;84;84;82;79;75;70;65;57;49;40;34;29;26;23;21;20;22;23;23;20;19;17;15;14;13;11;8;7;7;0;0;7;8;7;7;7;7;7;0;0;0;0;0;7;0;7;7;0;7;0;0;0;0;0;0;0;0;0;0;0;0;0;0;0;7;7;7;7;7;0;0;0;0
0;0;0;7;0;7;7;7;0;7;0;7;7;7;7;8;8;9;9;9;9;11;11;13;15;17;20;20;21;22;24;28;31;31;32;32;33;31;32;30;30;30;30;31;33;36;38;40;40;41;43;45;45;48;50;52;52;53;55;56;57;58;57;55;53;52;47;43;41;41;40;40;41;42;43;44;45;45;44;46;45;46;44;45;45;46;46;47;49;50;51;52;53;55;59;61;64;66;68;70;70;72;72;73;76;79;82;82;83;79;76;72;65;57;48;41;33;28;26;24;21;21;22;23;22;22;20;18;16;14;13;10;8;0;0;0;0;0;7;7;7;0;7;7;0;0;0;0;0;0;7;0;7;7;0;0;0;0;0;0;0;0;0;0;0;0;0;0;0;0;7;0;0;0;7;0;0;0;0
0;0;7;0;0;0;0;0;0;0;0;7;8;7;7;8;8;8;8;8;9;11;11;13;15;17;19;20;20;22;24;26;29;31;32;32;32;30;30;29;30;30;29;31;33;35;37;39;40;41;42;43;47;49;51;51;52;52;53;55;57;58;56;54;51;49;46;42;41;40;39;40;41;42;44;43;44;44;44;45;44;44;44;44;44;45;45;47;47;48;51;53;54;56;58;59;62;63;68;70;71;72;72;72;75;77;81;81;82;80;75;70;62;57;48;40;32;28;25;22;20;21;21;23;22;21;20;18;16;14;12;10;9;7;0;0;0;7;7;7;7;7;7;7;7;0;0;0;0;0;0;0;7;7;7;7;0;0;0;0;0;0;7;0;7;0;0;0;0;0;0;0;0;0;7;7;0;0;0
7;0;0;0;0;0;0;0;7;7;7;7;8;8;8;8;8;8;9;8;8;10;11;13;15;17;20;21;21;23;25;26;29;31;33;33;33;32;30;28;29;29;30;32;34;35;37;38;40;41;42;44;47;49;51;52;51;52;52;53;54;55;55;55;50;47;45;42;40;40;40;40;40;42;42;42;42;42;43;44;43;43;43;44;43;43;44;44;45;46;49;51;53;55;58;60;64;63;65;67;70;71;71;74;74;77;81;83;82;79;74;69;61;54;47;38;32;27;23;22;20;21;21;22;22;21;19;17;16;14;13;10;9;7;0;0;7;7;8;8;7;7;0;7;7;0;0;0;7;0;7;7;0;7;0;7;0;7;7;0;0;0;0;0;8;7;0;0;0;0;0;0;0;0;0;0;0;0;0
0;0;0;0;0;0;0;0;0;7;0;8;7;8;8;8;8;8;9;9;9;10;12;12;14;17;19;20;20;21;25;27;29;31;31;32;33;32;31;29;27;28;29;30;34;35;37;37;40;41;43;45;47;49;52;52;52;52;53;54;55;54;56;54;51;47;44;41;39;39;40;41;40;41;41;42;40;42;44;45;43;43;44;45;43;44;43;44;46;48;50;50;53;55;57;59;62;65;65;67;69;69;70;72;74;77;79;81;80;78;72;66;59;53;46;37;32;27;24;21;20;21;21;22;22;20;17;16;16;15;14;11;8;7;7;0;7;8;8;8;8;0;0;0;7;0;0;0;0;0;7;7;0;0;0;0;0;0;0;0;0;0;0;0;0;0;0;0;0;0;0;0;0;0;0;7;7;7;7
7;0;0;0;7;7;0;0;0;7;7;7;7;7;8;9;9;8;8;9;10;11;12;13;14;18;20;20;20;21;24;27;28;30;31;31;31;31;31;30;29;27;29;31;33;35;36;37;38;40;41;43;47;50;53;50;51;52;53;51;54;56;56;53;50;47;44;41;39;39;38;39;41;42;42;42;41;41;43;43;44;44;44;44;44;43;44;44;46;48;50;50;53;54;55;57;60;62;63;67;68;69;71;73;73;78;79;81;81;78;72;67;60;54;46;37;32;27;22;21;20;20;21;22;20;19;17;17;16;15;13;11;9;7;0;0;7;7;7;8;8;0;7;7;0;7;0;7;0;7;7;7;7;7;7;0;0;0;0;0;0;0;7;7;0;0;0;0;0;0;7;0;0;0;0;0;0;7;7
7;0;7;7;7;0;0;0;0;0;0;7;7;8;8;8;8;8;8;8;9;11;11;13;14;17;20;20;20;21;23;26;28;30;31;30;31;31;31;30;29;28;29;31;32;34;35;36;37;38;40;43;48;51;53;53;53;52;52;52;51;53;54;52;51;47;43;39;39;38;38;38;39;39;41;41;41;41;42;42;44;44;44;43;42;41;43;44;45;45;47;48;50;54;55;56;57;59;62;65;66;69;71;75;75;77;77;80;81;78;70;66;59;51;45;37;30;26;22;20;20;20;21;21;20;18;17;17;16;15;13;11;9;8;7;7;7;7;8;8;8;7;7;0;0;7;0;7;7;0;7;0;0;7;0;0;0;0;0;0;7;0;0;0;0;0;0;7;0;0;0;7;0;0;0;0;0;0;0
0;0;0;0;7;0;0;7;0;0;0;7;7;8;8;9;8;8;10;9;10;10;11;13;15;17;20;20;21;22;24;26;28;28;30;30;30;30;30;30;29;29;31;33;33;34;35;35;35;37;40;43;48;50;53;53;53;54;52;51;51;51;52;51;51;48;43;41;39;37;37;38;38;38;40;40;40;40;41;40;43;43;41;42;42;42;43;43;44;45;47;47;48;52;54;56;57;60;63;64;66;68;69;73;75;77;79;80;80;77;73;65;57;51;44;36;30;25;23;20;20;21;20;20;20;20;18;17;16;15;13;10;9;7;0;0;7;7;8;8;7;7;0;7;0;0;0;7;7;7;7;0;7;7;0;0;0;0;0;0;0;7;0;0;0;0;0;0;0;0;0;0;0;0;0;0;7;0;0
0;0;0;7;7;0;0;7;0;0;7;7;7;7;8;9;9;8;9;8;10;10;11;12;15;17;20;21;22;23;25;27;28;28;30;30;29;29;29;29;28;29;31;32;34;34;34;33;34;38;41;42;47;50;52;53;53;53;52;51;51;51;50;50;49;46;43;41;39;38;37;38;36;37;39;39;38;40;42;41;43;43;43;43;42;42;42;41;44;43;44;47;48;51;54;56;59;60;64;65;67;69;70;72;73;77;80;80;81;75;72;66;58;50;42;35;29;24;21;20;20;20;19;20;19;18;18;16;16;14;13;11;9;7;7;0;7;7;8;8;8;7;0;0;0;0;0;0;0;7;7;7;7;0;7;0;0;0;0;0;0;0;7;7;7;7;0;0;0;0;0;0;0;7;0;0;0;0;0
0;0;0;0;7;7;0;7;0;7;7;7;7;8;8;8;8;8;8;9;11;10;12;13;14;16;19;20;21;22;24;26;28;28;29;31;30;30;29;27;27;28;31;32;34;33;34;34;37;38;41;42;46;49;52;54;53;52;51;50;49;51;51;49;49;45;42;40;39;37;37;38;37;37;38;38;38;39;40;40;41;42;42;42;42;41;41;42;42;42;43;45;48;50;53;55;59;61;61;63;65;67;69;70;73;75;79;81;79;77;74;65;57;49;42;35;28;23;21;20;19;20;19;19;19;18;18;17;17;15;13;10;8;7;0;0;7;7;7;7;8;7;7;0;0;0;0;7;7;7;0;7;7;7;0;0;0;0;0;0;0;0;0;7;7;0;0;7;7;0;0;0;0;0;0;0;0;0;0
0;0;0;0;7;0;0;7;0;0;0;7;7;8;9;8;8;8;8;9;10;11;11;13;14;16;18;21;21;23;25;27;28;28;29;30;31;30;28;26;26;27;29;31;34;33;33;34;36;38;41;43;45;49;52;53;53;54;50;50;48;49;50;48;47;44;42;41;38;36;35;36;36;36;37;37;37;38;40;38;39;41;42;42;41;41;42;42;41;42;43;44;47;51;52;54;57;59;60;62;64;66;68;70;74;74;76;79;77;76;72;65;57;50;42;35;28;23;21;18;19;20;19;19;19;19;18;17;16;14;12;10;9;7;0;0;8;7;8;8;8;7;0;7;0;0;7;7;7;7;7;7;0;0;0;0;0;0;0;0;7;7;0;0;0;0;0;7;0;0;0;0;0;0;0;7;0;0;0
0;0;0;0;0;0;0;0;0;0;0;0;0;8;8;8;8;8;9;9;10;10;11;12;14;17;18;20;21;23;24;27;28;29;30;30;30;30;28;27;27;28;30;32;34;33;34;34;36;36;40;44;44;48;51;52;52;52;51;50;50;49;48;45;44;43;40;40;38;37;35;36;35;36;36;37;36;37;38;37;39;40;40;40;41;41;41;39;39;42;43;44;46;49;51;52;55;58;60;61;64;66;68;70;72;74;77;79;77;76;72;66;57;49;41;33;27;22;21;20;19;20;19;19;19;18;17;16;16;14;12;10;8;7;8;7;7;7;8;8;8;0;7;7;0;0;7;0;0;7;7;0;7;7;0;0;0;0;0;0;0;7;0;0;7;7;0;7;7;0;0;0;0;7;0;7;0;0;0
7;0;0;0;0;0;7;0;0;0;0;0;8;8;9;8;8;9;9;9;9;10;11;13;15;17;18;20;21;23;24;26;27;28;30;30;30;29;28;27;27;29;30;31;33;32;34;35;35;38;39;42;44;46;49;52;52;52;52;50;49;47;46;43;42;41;40;40;38;36;35;36;36;36;35;38;37;37;37;37;37;39;39;39;39;41;41;39;39;41;43;45;46;48;51;53;56;58;59;60;64;67;67;69;70;74;77;78;80;78;73;64;56;47;41;34;28;22;20;20;18;18;18;17;18;18;17;15;14;14;13;10;9;8;7;7;7;7;7;7;7;7;7;0;0;0;0;0;7;7;0;7;7;8;7;0;0;0;0;0;0;0;0;0;7;7;7;0;7;0;0;0;7;0;0;7;0;0;0
7;0;0;7;0;0;0;0;0;0;0;7;7;7;9;9;8;9;9;9;10;10;11;13;15;17;19;21;21;23;25;26;28;28;30;32;30;29;27;27;27;28;30;30;32;34;34;36;37;38;38;42;44;46;49;52;53;55;52;51;51;47;45;43;42;40;38;36;36;34;34;34;35;36;37;36;37;39;37;37;37;37;38;39;39;40;41;40;40;41;42;44;46;47;49;53;55;57;59;61;63;65;66;71;71;74;77;81;81;78;74;63;55;47;40;33;27;22;19;18;17;17;18;18;18;18;17;16;15;14;13;11;9;7;7;7;7;7;7;9;7;7;0;0;0;7;0;0;7;7;7;7;0;0;0;0;0;0;7;0;0;7;0;0;0;0;0;0;7;0;0;0;0;0;0;7;0;0;0
0;0;0;7;7;0;0;7;0;0;0;0;7;8;8;8;8;9;10;10;10;11;12;13;15;17;19;20;21;22;25;26;28;30;30;31;31;30;28;27;26;29;30;31;32;34;34;36;37;38;41;42;44;47;49;52;53;54;53;52;49;48;43;42;40;38;38;36;35;33;34;34;33;35;36;37;38;38;37;37;37;36;36;37;38;38;39;39;40;41;41;42;43;47;48;52;55;56;57;59;61;63;66;68;70;74;77;80;82;78;71;63;55;47;39;33;26;21;17;18;18;18;18;18;18;18;17;16;15;13;12;10;8;0;7;7;8;7;8;8;0;8;0;0;0;0;0;0;0;7;7;7;0;0;0;0;0;0;0;0;7;7;7;7;7;0;0;0;0;0;0;7;0;0;0;0;0;7;0
0;7;7;7;7;7;0;0;0;7;7;7;7;8;8;8;9;9;10;10;10;11;12;12;15;17;19;20;22;23;23;26;28;30;32;32;31;29;29;27;27;28;29;30;31;33;34;36;37;39;41;42;43;46;49;52;54;54;52;52;49;47;45;41;39;38;37;37;36;35;35;34;34;35;36;36;37;38;39;36;35;35;34;36;37;38;39;40;40;40;40;42;42;46;48;51;54;56;55;57;59;61;63;67;70;72;78;80;79;77;71;64;55;48;39;32;25;21;18;17;18;18;18;18;18;18;17;16;14;13;11;9;7;0;0;7;7;7;8;8;8;7;7;7;0;0;0;0;0;7;0;7;0;0;0;0;0;0;0;0;0;7;0;7;7;7;7;0;0;0;0;0;0;0;0;0;0;0;0
0;0;0;0;0;0;7;7;0;0;0;7;7;8;7;7;8;8;9;10;10;10;12;12;14;17;18;21;22;23;25;27;28;31;33;32;30;30;30;29;27;28;31;30;31;33;36;36;37;39;40;41;44;46;49;53;53;55;52;51;50;47;44;42;38;37;36;35;34;34;33;33;35;36;37;38;37;36;36;35;34;32;34;35;36;38;38;39;39;39;39;40;42;45;48;51;53;55;56;57;59;60;63;67;70;73;76;81;78;75;73;62;53;46;37;31;25;20;17;17;17;16;17;16;17;17;17;16;14;13;11;9;7;0;0;7;7;7;7;7;7;7;7;7;7;0;0;7;7;0;0;7;0;0;0;0;0;0;7;7;7;7;0;0;0;0;7;0;0;0;0;0;0;0;7;7;0;0;0
0;0;0;0;0;0;0;0;0;7;7;7;7;8;7;7;8;9;10;10;10;11;11;13;14;16;18;21;21;23;26;27;29;31;33;32;32;31;29;29;28;29;29;30;32;34;36;36;37;38;38;41;43;46;50;52;52;52;52;51;48;47;44;42;38;38;36;36;34;36;35;34;35;36;36;37;37;35;35;36;33;33;33;33;35;36;37;38;38;39;39;40;42;43;48;50;51;55;56;56;59;59;62;66;70;73;74;77;78;75;68;59;50;42;36;30;25;20;17;17;17;17;17;16;17;17;16;15;13;12;11;9;8;7;7;7;7;7;7;7;8;7;7;0;7;0;0;7;7;7;7;7;0;0;0;0;0;0;0;0;0;7;7;0;0;0;0;0;0;0;0;7;0;0;0;0;0;0;0
7;7;7;7;0;0;0;0;7;7;7;7;7;7;8;8;8;9;9;9;12;12;13;14;15;17;20;20;21;22;24;27;29;31;32;31;31;29;29;28;28;29;30;31;32;34;36;36;38;40;41;42;44;48;50;51;52;53;52;52;50;47;44;43;39;37;36;35;34;36;35;34;34;35;34;35;35;34;34;33;33;32;32;33;33;34;36;38;37;38;38;41;43;43;47;49;50;54;56;55;58;58;62;65;69;74;76;78;76;73;66;57;49;41;36;30;25;20;18;16;16;17;18;17;17;17;16;15;13;12;10;9;8;7;0;7;0;0;7;7;7;7;0;0;0;7;0;7;0;0;0;0;7;7;7;0;0;0;0;0;0;0;0;0;0;7;0;7;0;0;0;0;0;0;0;0;0;0;0
0;7;7;0;0;0;0;7;7;7;7;7;8;8;8;7;7;8;8;9;10;12;13;14;16;17;19;21;22;22;24;26;29;31;33;31;30;30;30;28;28;28;29;31;32;34;34;36;37;38;39;40;43;47;50;52;52;52;51;49;48;46;45;43;40;38;35;35;33;34;34;35;35;35;35;35;35;34;33;33;32;31;32;33;33;35;35;36;38;38;37;39;40;41;44;47;47;51;55;55;57;55;59;62;66;72;74;78;76;70;63;56;49;42;37;30;26;21;17;16;16;17;18;17;16;16;16;14;13;12;10;9;8;7;0;0;0;7;7;7;7;7;0;0;0;0;0;7;7;0;7;0;7;7;0;0;7;0;0;0;7;0;0;0;0;7;7;0;0;0;0;0;0;0;0;0;0;0;0
0;7;0;0;0;0;7;7;0;7;7;7;7;8;9;7;7;8;9;9;10;11;13;14;16;17;19;21;22;23;25;26;31;32;33;30;30;29;29;29;29;28;29;30;31;33;34;37;36;38;40;42;44;47;49;53;52;51;51;49;49;47;45;42;41;38;35;33;32;33;33;35;35;35;35;35;35;35;34;32;30;31;32;32;33;34;35;36;37;37;38;37;39;39;43;46;48;51;53;54;55;56;59;62;65;72;75;75;72;67;62;53;47;41;37;30;25;20;17;17;17;17;18;17;17;16;16;14;13;12;11;9;7;0;0;7;0;0;7;7;7;7;7;7;7;7;0;7;7;0;7;7;7;7;0;0;0;0;0;0;0;7;0;0;0;0;7;0;0;0;0;0;7;0;0;0;0;0;0
0;0;0;0;0;0;7;7;0;7;7;8;7;7;8;8;8;9;9;9;10;11;13;14;16;18;19;22;24;25;25;28;31;31;33;32;31;31;30;30;28;29;30;31;33;34;34;35;37;39;40;43;46;49;49;52;51;50;50;49;49;48;46;43;42;38;36;34;33;33;34;36;35;37;37;36;34;33;34;32;30;31;31;32;31;33;34;34;36;37;37;38;40;41;44;47;48;50;51;52;55;57;59;65;68;73;74;73;70;67;60;54;47;42;36;30;26;21;18;16;17;17;16;16;17;17;16;14;13;12;11;9;8;7;0;0;7;7;7;7;7;7;7;7;0;0;0;0;0;7;7;7;7;7;7;0;0;7;7;0;0;0;7;0;7;7;0;0;0;0;0;7;0;0;0;0;7;0;0
0;0;0;7;0;0;7;7;0;7;7;8;8;8;7;8;8;8;9;9;10;11;13;14;17;18;19;21;23;24;26;29;31;31;32;32;31;32;32;30;29;28;30;32;33;33;34;35;36;39;42;44;46;48;49;51;53;51;50;48;50;48;46;45;43;38;35;34;33;33;34;37;37;38;38;36;36;33;34;32;31;31;32;31;31;31;34;34;34;36;37;38;39;41;44;45;49;51;53;53;56;59;59;64;66;72;73;70;69;65;59;54;46;40;34;29;24;21;18;17;17;18;17;16;17;16;15;14;12;12;10;7;7;7;0;7;7;7;7;7;7;0;7;7;7;0;0;7;0;7;7;7;0;0;0;0;0;0;0;0;0;0;7;0;0;0;0;0;0;0;0;0;0;0;0;0;0;0;0
0;0;0;7;7;0;0;7;0;7;7;8;7;8;8;8;8;8;10;9;9;11;14;15;17;19;20;21;23;25;26;27;30;31;32;31;31;31;31;31;30;29;31;31;32;33;34;37;38;40;41;43;46;48;51;51;52;51;51;49;50;46;46;45;44;40;36;35;33;34;35;39;39;39;38;37;36;33;33;31;30;31;30;31;32;32;34;35;35;36;37;38;39;40;44;45;48;52;53;54;57;58;60;65;68;71;71;71;68;64;60;53;47;40;34;30;25;21;18;17;17;18;18;17;17;15;14;13;12;12;10;8;7;0;0;0;0;7;7;7;7;7;7;0;0;0;7;7;0;0;7;7;0;0;0;0;0;0;0;7;0;0;0;0;0;0;0;0;7;0;0;0;0;0;0;0;0;0;7
0;0;7;7;7;7;0;0;7;7;7;7;8;8;7;8;8;8;10;9;9;10;12;14;16;18;20;22;24;25;27;29;28;29;31;32;31;29;30;30;31;30;31;32;34;34;35;36;39;40;41;45;47;49;51;52;52;53;50;48;49;49;49;47;44;41;37;35;35;34;36;38;39;39;37;36;34;34;33;31;32;31;30;31;31;33;36;34;36;37;38;38;38;39;43;44;46;50;53;55;57;58;60;65;71;72;70;70;67;62;58;52;47;40;34;30;25;21;17;17;17;18;18;16;16;15;14;13;12;11;9;8;7;0;0;0;7;0;7;7;8;7;0;0;0;0;7;7;0;0;0;7;0;0;0;0;0;0;7;0;0;0;0;0;0;0;0;0;0;0;0;7;7;0;0;0;0;0;0
0;0;7;0;0;7;7;0;7;7;8;7;8;8;8;8;8;7;9;10;9;11;13;15;16;18;20;23;24;25;27;30;30;31;31;31;30;30;28;29;29;30;31;33;34;33;36;36;38;40;43;44;47;49;50;50;51;50;50;49;48;48;48;48;44;41;37;35;35;34;36;37;37;38;36;36;34;32;33;32;31;31;29;30;31;33;34;34;36;36;36;37;38;40;43;43;48;50;52;54;56;59;63;65;70;73;72;69;66;60;57;52;47;42;35;29;24;21;18;18;17;19;17;16;16;15;14;13;11;11;9;7;7;0;0;7;0;0;7;7;8;7;7;0;0;0;0;0;0;0;0;0;0;0;0;0;0;0;0;0;0;0;0;0;0;0;0;0;0;0;0;7;7;7;0;0;0;0;0
0;7;7;7;0;7;0;0;0;7;8;8;8;8;8;8;8;8;9;10;10;11;13;14;16;18;20;22;25;26;27;29;31;31;30;30;30;30;29;29;29;30;30;32;34;35;35;36;39;40;43;45;48;49;50;50;51;48;49;48;47;47;47;45;43;41;38;36;35;35;36;38;39;39;38;36;35;33;33;31;30;31;29;30;32;33;33;33;35;36;37;38;40;42;44;46;48;49;51;54;56;58;61;64;68;72;73;68;64;60;58;51;46;41;35;28;23;20;19;18;18;18;17;16;14;15;14;13;12;11;9;8;8;0;0;0;0;0;0;7;7;7;7;0;0;0;0;7;7;0;0;0;7;0;7;0;0;0;7;0;0;0;0;0;0;0;0;7;0;0;0;0;0;0;0;0;0;0;0
7;7;0;0;7;7;7;0;0;7;7;7;7;8;9;9;8;8;9;9;10;11;13;15;16;18;19;22;25;27;27;29;30;31;31;32;31;30;30;30;31;32;31;32;34;35;36;37;38;41;43;46;48;49;51;50;50;49;48;47;46;46;46;45;43;42;39;37;35;34;35;37;39;40;40;37;36;34;32;30;29;30;29;29;31;32;33;34;35;35;37;38;40;41;44;47;49;50;50;53;54;57;62;65;68;71;72;68;64;59;57;52;47;41;34;29;24;22;18;18;17;17;17;17;16;15;13;13;11;10;9;8;7;0;0;0;7;0;0;7;7;7;0;0;0;0;0;7;7;0;0;0;7;7;0;0;0;0;7;0;0;0;0;0;0;0;0;0;0;0;0;0;0;0;0;0;7;0;7
0;0;0;0;7;0;7;0;7;0;7;8;8;8;8;9;8;8;9;10;10;12;13;15;18;19;20;23;25;26;29;30;31;32;31;31;31;32;32;31;30;30;31;32;34;37;37;38;38;41;43;47;49;50;50;50;50;49;47;47;48;47;46;45;43;42;38;37;36;35;34;36;38;38;37;35;33;32;30;29;28;29;29;29;31;31;32;34;34;35;37;38;40;42;44;47;49;51;52;54;57;60;65;67;69;72;69;66;64;58;57;52;47;41;34;28;24;22;18;17;18;18;18;16;15;14;14;13;11;10;9;9;7;0;7;0;0;0;0;7;7;0;0;0;0;0;0;7;7;7;7;0;7;7;7;0;0;0;7;0;0;0;0;7;0;7;0;0;0;7;7;0;0;7;0;0;0;0;7
0;0;0;0;7;7;7;0;0;0;7;7;7;8;8;8;8;8;9;10;10;11;12;15;17;18;20;23;26;26;28;29;31;32;32;32;32;31;31;31;31;30;31;32;34;36;38;38;39;42;44;46;47;47;50;51;50;49;48;48;46;45;44;45;42;41;38;37;35;35;36;36;37;36;36;35;32;31;31;29;29;29;28;28;30;31;31;33;33;35;37;39;40;42;44;45;48;51;53;56;58;62;63;65;67;68;68;66;65;62;59;53;47;40;34;29;24;21;18;18;18;19;17;16;16;13;14;14;11;10;9;8;7;7;7;7;0;0;7;8;7;7;7;7;0;0;0;7;7;0;0;0;0;0;0;0;7;0;7;7;7;0;0;7;0;0;0;0;0;0;0;7;0;0;7;0;0;0;0
0;7;0;0;7;0;7;7;7;0;7;7;7;8;8;7;8;8;8;11;11;11;12;14;16;18;20;23;25;25;28;29;30;30;32;32;31;31;30;30;31;31;30;32;33;35;36;37;38;41;43;45;47;47;48;50;50;50;49;47;45;45;44;44;42;41;38;37;36;35;36;36;37;35;35;34;32;31;30;28;28;28;28;27;29;29;30;32;33;34;36;37;39;43;45;46;48;50;54;56;58;61;62;64;67;69;68;66;63;60;56;53;46;40;34;28;24;21;18;18;18;18;17;16;15;14;14;13;12;9;9;8;7;7;0;0;0;0;7;8;0;0;0;0;7;7;7;7;7;0;0;0;0;0;0;0;0;0;0;0;0;7;7;0;0;0;7;7;7;0;0;7;0;0;0;0;0;0;0
7;7;7;0;0;0;0;0;0;7;7;7;8;8;8;7;9;8;9;10;11;11;13;15;16;18;20;22;25;27;28;30;30;31;32;31;31;32;30;29;29;30;31;33;33;35;36;36;39;41;44;44;48;48;49;49;49;49;49;48;45;44;43;42;41;41;38;36;35;34;34;34;34;35;35;34;33;29;28;27;28;27;26;27;27;29;29;31;32;34;36;38;39;43;43;46;50;52;54;57;57;60;62;64;66;68;67;65;63;60;56;52;45;41;34;27;23;20;18;18;18;18;17;16;15;14;13;13;11;9;9;8;7;0;0;0;0;0;7;7;7;7;0;0;0;0;7;7;7;0;0;7;0;0;0;0;0;0;0;0;0;0;0;0;0;0;7;7;7;0;0;7;0;0;0;0;7;0;0
0;0;7;7;7;0;7;0;0;7;0;7;8;9;9;9;9;9;9;10;11;12;13;16;15;19;21;24;25;27;27;29;31;32;31;30;31;30;29;29;29;30;31;32;32;34;35;38;39;40;44;45;47;49;49;50;49;49;48;45;47;43;41;40;40;39;36;36;35;35;32;32;32;32;32;32;30;29;27;27;27;26;26;27;29;31;30;31;32;36;36;37;39;41;44;48;49;53;56;58;59;61;61;64;66;68;66;64;62;59;55;52;46;38;34;29;23;20;19;18;19;20;17;15;15;14;13;13;11;10;9;8;7;0;0;7;0;0;7;0;7;0;0;0;0;0;7;7;7;7;0;0;7;0;7;0;0;0;0;0;0;0;0;0;7;7;7;0;7;7;0;0;0;0;0;0;7;0;7
0;0;7;7;7;7;7;7;0;0;0;7;7;9;8;9;8;9;9;9;11;13;14;15;17;19;20;23;25;28;28;30;31;32;31;30;30;30;29;29;29;30;31;31;32;35;36;38;40;41;41;43;46;48;49;49;48;48;48;47;46;44;42;41;41;38;36;35;35;34;33;32;31;32;32;32;29;28;28;27;26;24;27;28;29;28;29;31;33;34;35;37;38;41;43;47;50;52;54;56;58;58;62;63;66;67;65;61;60;58;55;50;45;38;32;27;23;20;18;18;18;19;16;15;14;13;12;11;10;9;8;7;0;0;0;0;0;7;7;7;7;0;0;7;0;7;7;7;7;7;0;0;7;7;7;0;0;0;0;0;0;0;0;0;0;0;0;0;0;7;7;0;0;0;0;7;0;0;0
0;7;0;7;7;8;7;7;0;0;0;7;7;9;8;8;8;9;10;10;10;12;14;17;18;19;20;23;26;27;28;31;32;33;30;30;30;30;30;29;29;31;30;31;33;35;37;39;40;42;42;44;45;48;50;50;49;48;46;46;45;43;42;40;38;38;36;35;34;34;33;32;32;31;31;30;29;26;26;26;27;25;26;28;29;28;29;31;32;33;34;36;38;41;43;47;50;52;53;55;58;59;62;62;65;66;65;62;60;58;55;50;43;37;31;26;22;19;18;17;18;18;17;15;14;13;13;12;10;9;8;7;7;7;0;0;0;7;7;7;7;0;0;0;0;7;0;0;0;0;0;0;0;0;0;0;0;0;0;7;0;0;0;0;0;0;0;0;0;0;0;0;0;7;0;7;0;0;0
0;0;7;7;7;0;0;0;0;0;0;7;8;9;8;8;8;9;10;10;10;12;14;17;19;19;20;22;25;27;30;31;32;32;32;31;31;29;30;29;29;29;29;31;32;34;37;39;40;41;41;43;46;48;49;50;47;47;47;47;48;44;41;39;38;37;37;34;33;33;32;30;30;31;29;28;27;26;26;26;26;28;27;26;27;28;29;30;30;32;35;36;36;40;43;48;49;51;54;56;59;59;60;63;64;63;62;62;60;58;54;49;42;37;31;27;22;18;18;18;19;18;16;15;13;12;12;11;9;9;8;7;7;0;0;7;0;0;7;0;0;7;0;0;0;7;7;7;0;0;7;0;0;0;0;0;0;7;7;0;0;0;7;0;0;0;0;0;7;0;0;0;0;0;0;0;0;0;0
0;0;7;8;7;0;0;0;0;0;0;7;8;9;9;9;8;8;9;9;10;12;15;17;17;18;20;23;26;27;28;30;31;32;31;31;31;30;29;28;27;28;28;29;31;34;35;36;38;39;40;43;46;47;49;51;50;47;47;47;46;43;40;39;37;35;35;33;33;32;30;29;29;29;28;27;26;26;26;25;26;26;26;26;27;27;30;30;30;32;34;36;37;40;43;47;50;52;55;56;58;59;60;61;63;62;62;62;59;55;52;49;41;36;29;26;22;19;18;18;18;17;17;16;13;12;12;12;10;9;8;0;0;0;7;7;7;0;0;7;0;0;0;0;0;0;7;7;7;7;7;7;7;0;0;0;0;0;0;0;0;0;0;0;7;0;0;0;0;0;0;7;0;0;0;0;0;0;0
0;0;0;7;7;7;0;0;7;0;0;7;8;8;9;9;8;9;8;10;11;13;14;17;18;20;20;23;26;26;29;30;31;30;31;30;30;29;29;29;29;29;29;29;30;33;34;37;39;39;41;45;44;47;49;50;50;49;47;48;47;44;41;39;37;35;34;33;32;31;29;28;28;27;27;27;26;27;26;25;25;24;25;26;27;28;29;29;32;34;34;37;39;43;43;48;50;54;54;56;58;60;60;61;60;62;61;59;58;55;52;45;39;34;29;25;21;18;17;18;17;17;16;16;14;12;13;12;10;9;8;7;7;7;7;7;7;8;7;7;7;0;0;0;7;0;0;0;0;7;7;0;0;0;0;0;0;7;0;0;0;0;0;0;7;0;0;0;0;0;0;0;0;0;0;7;7;0;0
0;0;0;0;0;0;0;0;7;7;7;7;8;8;9;8;9;10;8;10;10;12;14;17;18;20;21;24;26;27;28;30;31;31;31;31;30;30;30;29;29;28;29;30;30;32;35;38;38;40;41;42;43;46;49;49;48;48;47;48;47;44;42;39;38;34;33;33;32;32;31;29;28;26;27;26;26;25;26;25;25;26;26;27;27;28;29;30;32;35;35;37;39;43;45;48;50;52;54;55;56;57;58;59;61;62;61;59;56;53;50;45;39;33;28;23;20;19;18;17;17;17;16;14;14;12;12;11;10;9;8;7;0;7;7;7;7;7;7;0;7;0;0;0;7;0;0;0;7;0;0;0;0;0;0;0;0;7;7;0;0;0;0;7;7;0;0;7;7;0;0;0;0;0;0;0;7;0;0
0;0;0;7;7;7;7;7;0;7;7;7;8;8;8;8;8;8;9;10;11;13;15;17;18;19;21;24;27;27;28;30;30;29;30;30;28;29;29;28;29;28;30;31;31;33;36;37;39;40;42;43;45;48;50;50;48;47;47;47;45;44;43;41;38;35;35;33;32;33;32;31;30;28;27;26;27;27;27;26;25;27;26;27;28;29;30;31;33;35;36;38;40;42;45;47;48;51;53;54;55;55;57;60;62;61;60;61;57;54;50;44;38;33;27;23;20;20;19;19;18;16;15;14;14;12;12;11;9;9;7;0;7;0;0;7;7;7;0;0;0;0;0;0;0;7;7;0;7;0;7;7;0;0;0;0;0;0;0;0;7;0;0;0;7;0;0;7;7;0;0;0;0;0;0;0;0;0;0
0;0;0;0;0;0;0;0;0;7;7;7;8;9;8;7;9;9;10;10;11;12;14;17;17;19;20;23;26;27;29;30;30;31;31;32;31;29;29;29;30;29;30;31;32;34;35;37;39;40;41;44;48;50;51;50;49;49;48;46;45;45;45;42;39;36;35;34;33;34;32;31;31;29;29;28;26;26;26;28;26;28;27;29;29;29;31;32;33;36;36;39;41;43;44;47;49;50;52;54;55;55;57;61;63;63;61;60;56;52;48;43;36;31;25;22;20;19;19;18;17;17;17;15;14;12;13;11;9;8;7;7;0;0;7;7;7;0;0;0;0;0;0;0;0;0;0;0;0;0;7;0;7;0;0;0;0;0;0;0;0;7;0;0;0;0;0;0;0;0;0;0;0;7;7;0;0;0;0
0;0;0;0;0;0;0;0;0;0;7;8;0;7;8;8;9;8;9;10;10;13;15;16;16;20;20;23;26;27;28;29;30;31;31;31;30;29;29;29;30;31;31;32;32;32;34;37;39;40;42;46;48;50;49;50;50;50;47;47;47;46;44;42;40;37;34;34;33;32;32;32;31;29;29;29;28;26;28;28;29;29;29;28;29;29;31;33;34;36;37;39;41;43;45;47;50;53;54;54;55;56;57;60;62;61;60;60;56;52;48;42;34;30;25;22;20;19;18;17;18;16;16;15;14;13;12;11;9;8;0;7;7;0;7;0;7;7;0;7;7;0;0;0;0;0;0;0;0;7;0;0;7;0;0;0;0;0;0;0;0;7;0;0;0;7;7;0;0;7;0;0;0;0;7;7;7;0;0
0;0;7;0;0;7;0;0;7;0;0;7;7;7;7;8;8;8;9;10;10;13;15;16;16;18;20;23;26;28;29;29;30;30;29;30;29;28;27;28;29;31;32;33;32;34;34;36;38;40;42;46;48;50;51;50;48;48;48;48;49;47;44;43;40;37;35;34;33;33;33;31;31;30;29;29;29;27;28;28;29;30;31;30;30;31;30;33;34;36;39;40;41;42;46;47;50;50;52;53;55;56;58;61;63;63;63;60;55;51;47;41;33;28;25;22;19;19;18;18;18;16;16;14;13;13;12;10;9;8;7;7;7;7;7;0;0;7;0;7;7;0;0;0;0;7;0;0;7;0;0;0;0;7;0;0;0;0;0;0;0;0;0;0;0;0;0;0;0;7;0;0;0;0;0;0;7;7;0
0;0;0;0;0;0;0;0;7;7;7;7;0;0;8;8;9;9;10;11;11;13;15;17;18;19;21;22;25;27;29;30;31;30;30;30;30;29;28;27;30;32;33;33;33;34;35;37;39;40;42;45;48;51;51;51;50;49;48;47;48;48;45;42;39;36;36;33;32;32;33;31;31;30;29;28;28;28;30;32;30;31;31;31;31;32;33;34;35;37;38;40;41;43;47;47;47;50;52;52;54;55;59;62;63;65;62;58;53;50;45;39;33;28;24;22;20;19;19;17;17;16;15;14;13;12;12;10;10;8;7;7;0;7;7;7;7;8;7;7;7;0;0;0;0;0;7;0;0;0;0;0;0;0;0;0;0;0;0;0;0;0;0;7;0;0;7;0;0;0;0;0;0;0;7;0;7;0;0
0;0;0;0;7;7;0;0;0;7;7;7;0;7;8;8;9;9;10;10;11;13;15;15;17;19;21;22;25;27;28;31;32;32;30;30;30;29;28;27;30;32;32;33;34;34;35;38;40;41;42;44;47;50;52;52;52;50;48;48;48;48;46;44;41;38;34;33;33;34;33;32;32;31;30;30;29;29;30;30;31;31;32;32;31;33;35;37;37;38;38;41;43;44;46;49;49;51;54;54;55;56;61;63;65;65;62;59;54;49;45;39;33;28;24;22;20;18;17;17;16;17;15;15;13;12;12;10;9;8;7;0;0;0;8;7;7;7;0;7;7;7;0;0;0;0;7;7;7;7;7;0;0;0;7;0;0;7;7;0;0;0;0;7;7;0;7;7;0;0;0;0;0;0;0;0;7;0;0
0;0;0;7;7;0;7;7;7;7;7;7;7;7;8;9;9;9;9;10;11;13;14;15;17;19;21;22;25;28;29;30;32;31;28;30;31;30;28;27;29;31;30;33;34;35;36;39;40;42;42;45;48;48;50;52;51;51;49;48;49;49;47;44;42;39;36;34;33;33;34;32;32;31;31;31;31;31;30;30;31;32;33;34;34;35;36;38;40;40;40;42;44;46;48;51;51;52;53;55;56;58;62;61;65;65;62;58;55;50;45;37;32;28;24;22;20;18;17;17;17;17;15;14;14;12;12;10;9;8;7;0;0;7;8;7;7;7;0;7;0;0;0;0;0;0;0;0;0;7;0;0;7;0;0;7;7;7;0;0;0;0;0;0;0;0;0;0;0;0;0;0;0;7;0;0;0;0;0
0;0;0;0;0;0;0;7;7;7;7;8;8;7;7;8;9;9;8;10;12;13;14;15;17;20;22;22;25;27;28;30;31;30;29;29;31;29;29;29;29;31;31;34;34;35;37;39;40;42;43;46;48;49;50;51;51;51;50;50;49;48;47;45;42;40;38;35;33;34;34;33;33;31;31;31;30;30;30;32;33;34;34;35;36;37;38;39;41;40;41;43;45;46;47;49;52;54;54;55;57;60;64;66;67;68;65;61;56;50;43;36;32;27;23;22;19;18;18;16;17;16;15;14;13;13;12;10;9;7;0;0;0;7;7;7;7;7;7;7;0;0;0;0;0;0;0;7;7;7;0;7;7;0;0;0;0;7;7;0;0;0;0;0;0;0;0;7;0;0;0;7;0;0;0;0;0;0;0
0;0;0;0;0;0;0;0;7;7;7;7;8;7;7;8;9;9;9;11;11;13;15;15;18;20;23;23;25;28;30;31;31;31;31;30;30;30;30;29;29;30;31;33;36;36;38;38;40;41;43;45;47;47;49;49;51;51;51;50;50;48;46;45;42;40;36;35;35;36;35;34;33;31;31;30;32;31;31;33;34;34;35;35;36;37;39;40;42;41;42;43;44;46;47;50;53;55;56;56;58;63;65;67;69;68;65;60;57;49;42;38;31;27;23;21;19;17;16;15;17;17;16;15;13;12;11;10;8;7;0;0;0;7;7;7;7;7;0;0;0;0;0;0;0;0;0;0;0;0;0;7;7;0;0;0;0;7;7;0;7;0;0;0;7;0;0;0;0;0;0;0;0;0;0;0;0;0;0
0;0;0;0;0;0;0;0;7;0;7;7;7;7;7;8;8;9;10;10;11;13;14;15;18;19;22;24;25;27;30;31;32;31;31;30;29;29;29;29;29;30;31;33;35;36;37;38;40;42;43;44;47;48;50;51;51;51;51;50;51;49;48;44;41;40;38;37;36;36;36;34;34;34;33;33;32;31;31;33;34;35;35;36;37;38;39;39;40;40;42;43;44;46;48;51;53;55;55;57;59;62;65;68;70;69;67;61;55;50;43;37;31;28;23;20;19;17;16;16;16;17;17;16;13;12;11;11;8;7;0;0;0;7;7;7;7;7;7;0;7;0;0;0;0;0;0;0;7;0;0;0;0;0;0;0;0;7;7;0;7;0;7;0;0;0;0;0;0;0;0;0;0;0;0;0;0;0;0
0;7;0;7;7;0;0;0;7;0;7;7;7;8;8;8;8;10;10;11;12;13;13;14;17;19;22;24;25;27;30;31;33;32;31;30;29;29;29;28;29;31;33;34;36;37;38;40;41;42;44;48;49;48;50;51;51;49;50;50;50;50;48;45;41;42;40;37;38;36;35;35;34;33;33;33;31;32;32;33;35;36;36;37;37;38;38;39;40;40;42;43;46;48;50;52;53;56;56;57;60;64;67;69;70;69;65;60;53;47;43;37;31;27;23;20;18;16;15;15;17;18;17;15;14;13;11;10;9;8;7;0;7;0;7;7;0;7;0;0;0;0;0;0;0;0;0;0;0;0;7;0;0;0;0;0;0;0;7;0;0;0;0;0;0;0;0;0;0;0;0;7;0;0;0;0;0;0;7
7;0;0;0;7;0;0;0;7;0;7;8;7;7;8;8;8;9;9;11;13;14;14;15;18;20;23;24;26;28;29;31;32;32;31;31;32;30;30;29;29;30;33;36;39;38;39;39;41;43;45;48;50;51;51;51;52;51;51;50;50;50;47;45;43;41;39;38;37;36;36;35;34;33;32;32;31;32;32;31;34;36;38;38;39;40;39;39;40;40;42;44;47;49;51;51;54;56;56;58;62;66;69;70;72;69;64;60;55;49;43;37;32;28;23;21;18;16;15;17;17;17;16;14;13;12;11;10;10;8;7;0;7;7;7;7;7;0;0;0;0;0;0;0;0;0;0;0;7;0;0;7;7;0;0;0;0;7;0;0;0;0;0;0;0;0;0;0;0;7;0;7;0;0;0;0;0;0;0
0;7;7;0;0;7;7;7;7;0;7;7;7;7;8;8;8;9;9;10;13;13;14;16;18;20;23;24;26;27;30;32;33;33;32;33;32;31;29;28;28;29;32;35;37;39;38;39;40;43;45;47;49;50;50;51;50;51;51;52;51;50;46;45;44;41;39;39;37;35;36;35;34;33;32;31;31;30;32;33;34;35;37;38;38;40;41;41;41;42;44;44;47;49;50;52;54;56;58;60;63;70;69;69;70;69;65;61;55;50;44;38;32;28;23;20;17;15;15;16;16;17;16;14;13;12;11;10;9;8;7;0;0;0;7;7;7;0;0;0;0;0;0;0;0;0;0;7;0;0;0;0;7;0;0;0;0;0;0;0;0;0;0;0;0;0;0;7;7;7;0;0;0;0;0;0;0;0;0
0;7;0;0;0;7;7;0;0;0;7;0;7;8;8;8;8;9;9;11;12;13;14;16;17;19;22;24;26;28;30;32;33;33;32;33;32;32;31;30;29;30;32;34;36;37;38;40;41;42;46;48;49;51;50;51;52;52;51;51;51;48;46;44;41;41;40;38;39;36;35;36;34;34;34;31;31;32;32;34;35;34;36;38;39;38;41;42;41;43;45;46;47;52;53;54;55;59;60;62;61;66;69;70;67;67;64;60;55;49;44;38;33;27;23;20;16;14;16;17;17;17;16;14;14;13;11;10;9;8;8;7;0;7;7;0;7;7;7;0;0;0;0;0;0;0;7;0;0;0;0;0;0;0;0;0;0;0;0;7;0;0;0;0;0;0;0;0;7;0;0;0;0;0;0;0;0;0;7
0;8;7;7;7;0;0;0;0;0;7;7;8;8;7;8;9;9;10;11;12;13;13;15;17;20;23;24;27;28;29;31;32;33;33;33;32;33;32;30;29;32;32;33;35;37;37;39;40;42;46;49;49;51;50;50;51;51;51;51;50;48;46;44;42;39;39;39;39;35;35;34;32;32;32;33;33;34;34;33;34;35;36;37;40;40;41;42;42;43;45;46;48;50;53;53;55;57;59;61;64;65;68;70;71;69;65;62;57;50;44;39;34;27;22;19;16;15;15;17;17;17;15;14;13;12;11;10;9;8;7;0;7;0;7;7;7;7;7;7;0;0;0;7;0;0;0;0;0;0;0;7;0;0;0;0;0;0;0;0;0;0;0;0;0;0;0;0;0;7;7;0;0;0;0;0;0;0;0
0;7;0;0;7;0;0;0;0;7;7;7;7;8;8;8;9;8;9;11;12;13;13;17;18;20;23;24;27;28;31;32;33;33;31;32;33;33;33;31;32;33;32;34;37;38;36;39;40;43;46;48;50;50;50;50;50;50;50;49;49;48;46;43;41;39;38;38;37;34;34;33;33;32;31;32;33;32;33;35;35;36;36;38;41;42;42;42;43;43;43;43;46;50;52;53;55;57;61;61;64;67;67;69;70;67;64;61;56;52;45;37;33;27;23;17;16;16;15;16;17;17;16;14;13;11;11;9;8;7;7;0;0;0;7;7;7;7;7;7;7;0;0;0;0;7;0;0;7;0;0;0;0;0;0;0;0;0;0;0;0;0;0;0;0;0;0;7;0;7;0;0;7;0;0;0;7;0;0
0;0;0;7;7;7;7;0;0;7;7;7;7;7;8;8;8;8;9;11;12;13;13;15;17;21;23;25;27;28;30;32;33;33;33;33;34;33;33;32;32;33;33;34;37;39;38;39;41;44;46;48;49;50;51;50;50;50;50;49;48;46;44;41;39;38;38;37;35;34;34;34;32;31;30;31;32;32;33;34;34;35;36;38;39;42;42;42;42;45;44;45;46;50;52;53;55;59;61;61;64;69;70;70;68;67;66;62;57;51;46;37;31;26;21;18;16;15;15;16;17;17;16;14;12;11;10;10;8;7;7;0;0;7;7;0;0;0;7;0;7;0;0;0;0;7;7;0;0;0;0;0;0;0;0;0;0;0;0;0;7;0;0;0;0;0;0;0;0;7;0;0;0;0;0;0;0;0;0
0;0;0;7;0;0;0;0;0;0;7;7;8;8;8;8;8;8;9;10;12;14;14;15;17;20;23;24;26;28;29;30;32;32;33;33;34;34;34;33;32;32;33;35;37;37;37;38;39;42;45;48;51;52;50;50;50;48;48;48;48;44;43;40;37;37;38;36;36;35;34;34;30;30;32;32;32;33;33;34;34;35;36;38;38;39;40;41;43;43;42;45;48;50;52;54;57;58;60;61;62;65;67;68;67;66;65;61;57;51;44;37;30;26;21;18;16;15;16;16;16;15;15;13;12;12;10;9;8;0;7;0;0;7;7;7;7;0;0;0;0;0;7;0;0;0;0;0;0;0;0;0;0;0;0;0;0;7;0;0;0;7;0;0;0;0;0;0;0;0;0;7;0;0;0;0;0;0;7
7;0;0;7;7;0;0;7;0;7;7;8;8;8;9;9;7;8;9;10;13;13;14;15;17;20;22;24;26;29;27;29;31;32;33;32;33;34;34;34;33;34;34;35;37;36;37;38;39;42;44;48;51;50;51;49;48;46;48;48;47;44;44;41;37;36;37;36;36;35;34;33;29;30;30;30;33;33;33;33;35;35;37;38;39;40;41;42;43;42;42;45;48;50;51;54;55;57;59;61;62;63;65;67;66;66;65;60;55;49;42;35;29;25;21;18;17;15;16;17;16;15;14;13;12;11;10;9;8;0;7;0;0;7;7;7;7;7;0;0;0;0;0;0;0;0;0;0;7;0;0;0;0;0;0;7;0;0;0;0;0;0;0;0;0;0;0;7;0;0;0;0;0;0;0;0;0;0;0
7;0;7;7;7;0;0;0;0;0;0;7;8;8;8;9;8;8;9;10;11;12;14;16;17;21;23;23;26;29;30;29;31;31;32;31;33;33;33;35;34;34;33;35;36;36;37;37;39;40;43;46;47;50;51;50;48;46;47;46;46;44;41;41;37;36;35;35;34;34;34;33;31;30;31;32;33;32;34;34;34;35;37;37;39;40;41;43;43;43;43;45;48;50;52;50;55;57;57;59;61;63;66;67;65;64;65;60;54;47;41;33;28;24;20;18;16;15;15;16;16;14;13;13;11;10;9;9;7;0;0;7;7;7;0;7;7;0;0;0;0;7;0;0;0;0;0;0;0;0;0;0;0;0;0;7;7;0;0;0;0;0;0;0;0;7;7;0;0;0;0;0;0;0;0;0;0;0;0
0;0;0;7;7;0;0;0;0;7;0;7;8;8;9;8;8;8;9;11;12;12;13;15;18;20;22;24;26;27;29;31;30;31;32;31;32;33;33;35;35;35;35;36;37;37;37;37;39;41;43;46;49;49;49;50;48;45;44;44;44;42;40;39;39;36;35;36;34;35;34;32;32;31;31;32;34;33;34;34;34;36;36;36;37;38;40;40;42;43;43;46;47;48;49;51;54;55;55;57;61;63;65;65;66;63;61;60;53;46;38;33;27;22;19;17;15;15;15;16;14;13;13;12;12;10;9;8;0;7;0;7;7;7;7;7;0;0;0;0;0;7;0;0;0;0;0;0;0;0;0;0;0;7;7;7;0;0;0;7;7;0;0;0;0;7;0;0;0;0;0;0;0;0;0;0;0;0;0
0;0;0;0;7;7;7;7;0;0;0;7;0;8;8;8;8;8;9;10;12;12;15;16;18;19;21;24;25;27;29;31;31;30;31;31;31;31;33;34;33;36;37;37;38;38;37;37;38;39;42;44;47;46;49;47;46;45;43;43;44;40;38;38;36;34;35;35;34;35;33;32;33;31;30;31;32;32;33;34;35;35;35;35;37;38;38;39;40;41;42;44;45;49;49;51;51;53;54;56;59;61;64;65;63;61;60;57;50;45;37;31;25;22;19;17;15;15;14;14;14;14;14;11;11;11;8;8;7;0;0;7;7;7;7;7;7;7;0;0;0;7;0;0;0;0;0;0;0;0;0;0;0;0;0;7;0;0;7;0;0;0;0;0;0;0;0;0;7;0;0;0;0;0;0;0;0;0;0
0;7;7;0;0;0;7;0;7;7;7;7;7;8;8;8;8;8;9;11;13;13;15;16;17;19;21;22;25;27;30;29;30;30;31;31;32;31;31;32;33;34;37;36;38;38;37;38;38;38;41;43;45;45;46;45;45;44;42;40;41;39;38;36;35;34;35;34;34;33;33;32;31;31;31;31;31;32;32;33;35;34;36;36;36;37;38;38;39;41;42;42;45;47;49;51;51;53;57;57;59;61;62;64;63;62;59;56;49;44;37;31;26;22;19;17;15;15;14;14;14;13;12;12;11;10;9;9;7;0;7;0;0;7;8;7;7;7;0;0;0;7;0;0;0;0;0;0;0;0;0;0;0;0;0;0;0;0;0;0;0;0;0;7;0;0;0;0;0;0;0;0;0;0;0;0;0;0;0
0;0;0;7;0;0;0;7;7;7;7;7;8;8;9;8;9;8;9;10;12;13;14;16;17;18;20;22;24;25;28;29;31;30;31;31;30;30;30;32;32;33;35;36;37;37;36;37;37;38;40;41;42;44;43;44;44;43;41;39;38;38;37;36;35;33;32;32;32;33;33;31;30;30;29;31;31;32;32;32;34;33;34;35;35;35;36;37;38;40;41;42;43;45;48;51;53;53;55;56;57;60;60;62;62;60;58;54;48;42;34;30;25;22;18;16;14;14;14;14;14;13;12;11;11;9;9;7;7;0;7;0;0;7;7;7;0;7;0;7;0;0;0;0;0;0;0;0;0;0;0;0;0;0;0;0;0;0;0;0;0;0;0;0;7;0;0;0;0;0;7;7;0;0;0;0;0;0;7
0;0;7;7;7;7;7;7;0;7;7;8;8;8;8;8;8;8;9;10;12;13;14;16;16;19;19;22;23;25;27;29;29;30;31;30;30;30;30;31;33;33;34;35;37;38;37;35;37;37;38;40;41;42;41;42;42;40;39;38;37;34;35;35;33;32;31;32;31;31;31;30;30;29;29;29;30;32;31;32;32;31;33;33;34;34;34;38;38;38;38;40;42;45;49;50;51;52;54;55;59;60;59;60;61;58;57;52;46;39;33;28;24;21;18;15;14;14;14;13;14;13;12;10;10;10;8;7;0;0;0;0;0;7;7;7;7;0;0;0;0;0;0;0;0;0;0;0;0;0;0;0;0;0;0;0;0;0;0;7;0;0;0;0;0;0;0;0;0;7;7;0;0;0;0;0;0;0;0
7;7;0;0;0;0;0;0;7;7;0;7;8;7;8;7;7;8;9;10;12;13;14;17;16;18;18;21;22;24;26;28;28;29;30;30;29;29;29;29;30;33;35;36;36;37;36;36;37;36;37;38;38;40;41;41;40;40;39;37;37;35;34;33;32;32;31;32;31;31;30;30;29;29;29;29;30;29;29;30;31;31;33;32;35;36;35;36;37;37;38;41;42;44;46;49;50;51;51;54;57;57;58;59;58;57;56;51;45;39;33;28;24;21;18;15;13;12;12;13;13;12;12;11;10;9;8;7;0;0;0;7;0;7;8;7;7;7;0;7;0;0;0;0;0;0;0;0;0;0;0;0;0;0;7;0;0;0;0;7;0;0;0;0;0;0;0;0;0;0;0;0;0;0;0;0;0;0;0
7;0;0;0;0;0;7;0;7;0;0;7;7;8;8;8;9;9;9;10;11;13;14;16;16;18;19;20;22;24;26;28;29;29;30;30;30;28;27;28;29;32;35;36;37;37;35;36;37;37;37;37;37;38;39;39;39;38;38;36;34;33;32;32;31;31;30;31;29;29;29;30;29;28;29;28;28;29;29;29;30;31;31;32;35;31;34;35;35;35;37;39;41;42;44;46;48;49;50;53;57;57;59;58;56;57;55;52;45;38;33;28;24;21;17;15;13;13;13;13;13;11;11;11;10;9;8;7;7;0;0;7;7;7;0;7;7;0;0;0;0;0;0;0;0;0;0;0;0;0;0;0;0;0;7;0;0;0;0;7;0;0;0;0;0;0;0;7;0;0;0;0;0;0;0;0;0;0;0
0;0;7;0;0;0;0;0;7;0;0;7;7;8;7;8;8;9;9;10;12;14;15;15;16;18;20;20;22;23;24;26;27;28;29;29;29;28;27;27;28;30;32;33;35;36;36;36;37;37;37;36;36;36;37;37;37;38;35;35;32;29;29;29;29;30;29;29;28;29;29;30;28;28;29;28;28;30;28;29;29;30;31;31;33;32;32;32;33;34;36;37;39;40;43;46;47;48;49;53;54;56;57;57;56;55;52;50;44;38;32;28;24;20;18;14;13;13;13;14;13;12;12;10;10;9;7;7;7;0;7;7;0;0;0;0;0;0;0;0;7;0;0;0;0;0;7;0;0;0;7;0;0;0;7;0;0;0;0;7;0;0;0;0;0;0;0;0;0;0;0;0;0;0;0;0;0;0;0
0;0;0;0;0;7;0;0;0;0;7;8;8;8;7;7;8;9;10;11;11;14;14;16;16;18;19;21;22;23;23;25;26;27;29;29;29;30;27;26;27;29;32;33;34;35;36;36;36;36;37;36;35;34;34;35;36;36;35;35;30;29;28;27;26;26;27;29;27;27;29;27;27;29;28;27;27;28;27;27;27;28;30;30;30;30;30;30;31;31;33;35;37;39;42;44;45;47;49;53;54;56;55;55;55;56;52;49;43;39;33;28;24;21;18;14;13;13;13;12;13;12;11;10;9;8;7;7;7;7;7;7;0;7;7;0;0;7;7;7;0;0;0;0;0;0;7;7;0;0;0;0;0;0;0;7;0;0;7;7;0;0;0;0;0;7;7;0;0;0;0;0;0;0;0;7;0;0;0
0;0;0;7;0;0;7;0;0;0;7;8;8;8;7;7;7;8;9;10;11;13;14;15;17;17;18;21;21;23;24;24;25;27;27;29;29;27;27;25;26;27;30;32;33;34;36;35;35;35;37;36;34;34;33;34;36;35;34;33;30;28;27;25;25;25;26;27;26;26;26;25;26;27;27;26;27;26;25;27;27;28;28;29;29;28;30;30;30;32;32;33;35;37;40;42;45;47;49;52;52;54;55;54;54;54;51;48;41;39;33;28;24;19;17;15;13;13;12;12;12;11;11;9;9;8;7;7;0;7;7;7;0;0;0;7;0;0;0;0;0;7;0;0;0;0;0;0;0;0;0;0;0;0;0;7;7;7;0;0;0;0;0;0;0;0;0;0;0;0;0;0;0;0;0;0;0;7;0
0;0;0;7;0;0;0;0;7;7;7;7;8;8;7;7;8;8;9;11;11;13;13;15;17;17;19;20;21;22;24;24;24;26;27;29;28;28;28;25;25;26;29;30;32;32;33;34;34;35;36;35;33;32;30;33;34;35;32;31;29;26;25;24;23;24;24;25;26;26;26;26;26;25;25;26;26;25;26;26;26;27;27;27;28;29;30;29;29;30;32;34;35;37;40;42;43;45;47;50;52;52;54;54;55;53;51;46;41;37;32;27;23;19;16;14;13;12;13;13;13;13;11;9;9;8;8;7;0;0;0;0;0;0;0;7;0;0;0;7;0;0;0;0;0;0;0;7;0;0;0;0;0;0;0;7;0;0;0;0;0;7;0;0;0;0;0;0;0;0;7;0;0;0;0;0;0;0;7
0;0;0;0;0;0;0;0;7;7;7;7;8;8;8;8;8;8;9;11;11;13;14;15;17;17;18;19;21;22;23;23;24;24;26;27;26;27;27;25;25;26;27;28;30;31;32;33;33;34;34;33;32;31;30;30;32;33;33;31;28;25;24;22;22;25;24;24;24;24;23;24;24;23;25;25;24;24;24;24;24;26;27;27;28;28;28;28;28;29;30;33;34;36;37;40;41;43;46;49;50;50;53;53;52;52;51;45;39;36;32;26;22;19;15;14;12;12;13;12;12;11;11;10;9;9;7;7;7;0;0;0;0;0;0;7;7;7;0;0;0;0;0;0;0;0;0;0;0;7;0;0;0;0;0;7;0;0;0;0;0;7;0;0;0;0;0;0;0;7;0;0;0;0;0;7;0;0;0
0;0;0;0;0;0;0;0;7;7;7;7;7;7;7;7;7;7;9;10;11;13;14;14;16;16;18;18;20;21;22;21;23;23;26;26;25;25;25;25;26;27;27;27;28;30;31;32;33;33;32;32;30;31;29;29;30;31;31;29;28;25;24;22;23;24;23;24;24;23;22;23;23;23;24;24;24;24;24;23;24;24;25;26;26;28;28;27;28;29;29;31;31;35;36;37;40;42;44;45;47;48;48;51;50;50;50;44;38;34;30;25;21;18;14;13;12;12;13;13;12;11;11;10;9;9;8;7;7;0;0;0;0;0;0;0;0;0;0;0;0;0;0;0;7;7;7;0;7;7;0;0;0;0;0;0;0;0;0;0;0;0;0;0;0;0;0;0;0;0;0;0;0;7;0;0;0;0;0
7;0;0;0;0;0;0;0;0;0;0;7;7;7;7;7;8;8;9;10;12;12;14;15;16;16;18;19;20;21;21;21;22;22;24;24;25;25;25;25;26;26;26;28;28;29;29;31;31;31;31;31;29;29;28;28;29;30;29;29;26;25;23;22;21;22;23;24;25;25;24;23;22;23;25;23;24;24;24;22;23;24;24;24;24;27;26;26;27;27;29;30;31;34;35;37;38;40;42;45;46;46;47;48;49;48;46;42;38;34;29;26;21;17;14;12;12;13;13;13;12;11;11;10;8;7;8;7;7;0;0;0;0;0;7;7;0;0;0;0;0;0;0;0;0;0;0;0;0;0;0;0;0;0;0;0;0;7;0;0;0;0;0;0;0;0;0;0;0;0;0;0;0;0;0;0;0;0;0
0;7;0;0;0;0;0;0;0;7;7;7;8;7;7;7;8;9;9;9;11;12;14;15;17;17;18;19;21;22;22;21;22;22;23;24;24;25;23;23;24;24;26;27;28;29;30;31;30;32;32;32;29;28;26;27;28;28;29;28;26;24;21;20;20;21;21;22;23;22;22;21;21;21;24;23;23;23;23;22;22;23;23;23;23;24;25;25;24;25;27;29;30;32;32;35;37;38;40;42;43;43;45;46;48;47;44;41;39;33;28;24;20;17;14;12;11;12;13;13;12;11;10;9;8;7;8;7;7;0;0;0;0;7;0;7;7;0;0;7;0;0;0;7;0;0;0;0;0;7;7;0;0;0;0;7;0;0;0;0;0;0;0;0;0;0;0;0;0;0;0;7;0;0;0;7;0;7;7
0;0;0;0;0;7;0;0;0;0;7;7;7;8;7;7;7;8;8;9;10;11;13;15;16;16;17;19;21;22;23;20;21;21;21;24;24;24;23;23;23;24;24;25;26;28;28;28;31;32;30;30;29;27;27;26;26;27;29;28;27;24;21;20;19;20;20;21;21;22;21;22;21;22;22;22;23;23;22;21;22;22;22;22;23;23;24;24;25;25;27;28;30;31;33;33;36;38;39;40;41;42;43;45;47;48;44;41;37;31;26;23;19;16;14;12;11;12;13;12;11;10;9;8;8;8;8;8;7;0;7;7;7;7;0;7;7;0;0;0;7;0;0;0;0;7;0;0;0;7;0;0;0;0;0;0;0;0;0;0;0;0;0;0;0;0;0;0;0;0;0;7;0;0;0;0;0;0;0
0;7;7;7;0;7;0;0;0;0;0;7;7;7;7;7;7;8;8;9;9;11;13;14;15;15;17;18;20;20;21;21;20;20;21;21;23;21;22;24;23;24;25;24;25;26;26;27;29;29;28;28;27;25;26;25;25;26;27;27;26;24;21;20;18;19;19;21;21;22;22;21;21;22;23;23;22;21;22;21;22;21;22;23;23;23;24;25;25;24;27;28;29;29;33;35;35;38;39;39;40;42;43;45;46;46;43;40;35;30;24;21;18;16;14;12;11;12;12;12;11;10;9;9;9;9;8;8;0;7;7;0;0;0;0;0;0;0;0;0;0;0;0;0;0;0;0;0;0;0;0;0;0;0;7;0;0;0;0;0;0;0;0;0;0;0;0;0;0;0;0;0;0;0;0;0;0;0;0
0;0;7;0;0;0;0;0;0;7;7;7;7;7;7;8;7;8;8;8;10;11;12;14;14;15;18;18;19;20;21;20;20;20;20;21;21;20;21;21;22;23;23;25;24;24;26;27;28;28;27;29;27;25;25;23;24;24;25;25;24;22;20;19;17;18;18;20;20;20;21;21;20;20;21;22;22;21;22;22;21;21;22;22;22;23;24;24;25;26;27;27;28;30;32;33;35;37;38;39;39;41;43;44;48;45;42;38;34;28;23;19;17;15;13;11;11;12;12;12;11;10;10;9;9;8;8;7;0;0;7;7;7;0;7;0;0;0;0;0;0;0;0;7;0;0;0;0;0;0;0;0;0;0;0;0;0;0;0;0;0;0;0;0;0;0;0;0;0;0;0;0;0;0;0;0;0;0;0
0;0;0;0;0;7;0;0;0;0;7;7;7;7;7;7;8;8;8;8;9;11;12;12;13;14;16;17;19;20;20;19;20;19;18;19;20;19;20;20;21;22;23;23;23;24;25;26;26;27;27;26;27;26;26;25;23;23;23;24;22;20;19;19;18;17;17;18;19;19;20;20;20;20;20;20;21;21;21;21;19;21;21;21;23;22;22;22;24;25;25;26;28;30;30;33;35;36;37;38;38;41;43;41;43;44;40;37;31;27;22;19;17;15;13;12;11;13;12;12;12;10;10;9;9;8;8;8;7;0;7;7;0;0;0;0;0;7;0;7;0;0;0;0;0;0;0;0;0;0;0;0;0;0;0;0;0;0;7;0;0;0;0;0;0;0;0;0;0;7;0;0;0;0;0;0;0;0;0
0;0;0;0;0;0;0;0;7;0;0;7;7;7;7;7;7;7;8;8;10;10;12;12;14;14;15;17;18;19;19;18;19;18;17;18;18;17;18;18;19;21;22;21;22;23;23;24;25;25;26;26;26;24;25;24;23;23;22;22;20;20;19;18;17;16;16;17;18;18;18;20;20;20;20;19;20;20;20;20;20;20;20;20;20;21;21;22;23;24;25;25;26;29;30;33;34;36;37;39;38;39;40;42;42;42;38;35;30;27;23;19;16;14;12;12;12;12;12;12;11;10;10;9;9;7;8;8;7;0;7;0;0;7;7;7;0;0;7;7;0;0;0;0;0;0;0;0;0;0;0;0;0;0;0;0;0;0;0;0;0;0;0;0;0;0;0;0;0;0;0;0;0;0;0;0;7;7;0
0;7;0;7;0;0;0;0;0;0;7;0;7;7;7;7;8;7;8;8;9;9;11;11;12;13;15;17;17;18;18;18;18;17;18;18;17;18;18;20;20;20;20;21;21;22;23;24;24;24;23;24;25;24;24;24;22;21;20;19;20;20;18;18;17;15;15;15;16;17;18;19;19;19;19;19;20;20;20;20;19;19;18;18;19;20;21;22;22;24;25;24;26;29;28;32;32;35;35;36;37;37;39;41;41;41;37;34;29;26;22;18;15;14;13;11;12;12;11;12;11;9;9;8;8;9;8;8;7;7;7;7;7;0;7;0;0;0;7;0;0;0;0;0;0;0;0;0;7;0;0;0;0;0;0;0;0;0;0;0;0;0;0;0;0;0;0;0;0;0;0;0;0;0;0;0;0;0;0
0;0;0;0;0;7;0;0;0;0;7;0;0;0;7;7;8;8;8;8;8;9;10;12;12;13;16;16;16;17;17;17;17;17;18;16;16;16;17;18;19;19;19;20;21;21;21;21;22;23;23;22;22;22;22;21;22;22;21;19;19;19;17;17;16;15;15;14;15;16;16;17;17;17;18;18;19;19;19;18;19;18;18;18;19;20;21;21;22;23;24;24;25;27;28;31;32;34;33;35;35;36;37;40;41;40;36;34;30;25;20;17;15;14;12;11;11;12;12;12;10;9;9;9;8;8;8;0;0;0;7;0;0;0;0;0;0;0;7;0;0;0;0;7;7;0;0;7;7;0;0;0;0;0;0;0;0;0;7;0;0;0;0;0;0;0;0;0;0;0;0;0;7;0;0;0;0;0;7
0;7;0;0;0;0;0;0;0;0;7;0;0;0;7;7;7;7;8;8;7;9;10;11;11;13;14;14;16;16;16;16;16;16;16;17;16;15;16;16;17;18;19;18;17;19;20;21;21;22;22;21;21;21;21;21;21;20;19;18;19;18;17;16;15;15;14;14;14;15;16;16;17;17;19;18;18;18;18;18;18;17;18;18;18;20;21;22;22;23;23;23;25;25;26;29;30;32;32;34;34;36;38;41;40;38;35;31;27;23;20;17;16;15;12;11;11;12;12;11;10;9;9;9;8;8;7;0;7;0;0;0;0;0;0;7;0;0;0;0;0;0;7;7;0;0;7;7;0;0;0;0;0;0;0;0;0;0;0;0;0;0;0;0;0;0;0;0;0;0;0;0;0;0;0;0;0;0;0
0;7;0;0;0;0;0;0;0;0;7;7;7;7;0;7;7;7;8;8;8;8;9;11;11;12;13;14;15;15;16;15;16;15;15;15;14;14;14;14;15;17;18;17;17;18;18;18;20;20;21;20;20;19;20;20;20;19;18;17;17;15;16;16;15;15;13;13;14;14;15;16;16;16;16;16;18;18;18;19;18;17;17;17;18;19;20;21;21;20;22;22;22;23;25;27;30;31;32;33;33;36;39;40;39;36;33;30;26;22;20;17;15;14;13;11;10;11;12;11;10;10;9;9;8;7;0;0;0;7;0;0;0;0;0;0;0;0;0;0;0;0;0;7;0;0;0;0;0;0;0;0;0;0;0;0;0;0;0;0;0;0;0;0;0;7;0;0;0;0;0;0;0;0;0;0;0;0;0
0;0;0;0;0;0;7;0;0;0;0;7;7;7;7;7;8;7;8;8;8;8;9;10;10;11;11;13;14;14;14;14;14;14;14;14;14;15;14;16;15;16;17;16;17;18;18;19;20;19;19;19;19;18;18;20;20;19;17;15;15;14;15;14;14;13;13;12;12;12;14;14;15;15;16;16;16;17;17;17;17;16;16;17;18;18;20;21;21;20;20;21;21;22;26;27;29;30;30;32;33;35;38;39;39;37;32;28;24;21;19;18;15;14;13;10;10;11;11;11;10;9;8;9;8;7;0;7;7;0;7;0;7;7;0;0;0;0;0;0;0;0;0;0;0;0;0;0;0;0;0;0;0;0;0;0;0;7;0;0;0;0;0;0;0;0;7;0;0;0;0;0;0;0;0;0;0;0;0
0;0;0;0;0;0;7;0;0;7;7;7;0;0;7;7;8;7;8;7;8;9;8;9;9;10;11;12;13;13;13;13;13;14;14;14;14;14;12;14;14;15;17;17;16;16;17;17;18;18;18;17;18;18;17;17;19;19;16;15;14;14;14;14;13;13;12;11;11;11;13;14;14;15;17;16;17;17;17;16;15;15;15;16;17;17;18;19;19;19;19;18;20;21;25;26;27;28;29;29;31;32;35;36;36;35;31;29;24;21;17;16;14;13;12;10;11;11;11;11;10;10;9;7;7;7;7;0;0;0;7;0;7;7;7;0;7;0;0;0;0;7;7;0;0;0;7;0;0;0;0;0;7;0;0;0;0;0;0;0;0;0;0;0;0;0;0;0;0;0;7;0;0;7;0;0;0;0;0
0;0;0;0;0;0;0;0;0;0;0;0;0;0;0;7;7;7;7;7;8;9;8;9;8;10;11;11;13;13;13;13;13;13;13;13;13;12;12;12;14;15;17;18;16;15;15;16;16;17;17;17;16;17;17;17;18;18;17;15;13;13;13;12;13;12;11;10;11;11;11;12;13;14;15;16;17;17;16;15;15;15;17;16;17;18;17;19;19;18;18;19;20;22;23;24;26;26;27;27;29;31;33;35;35;34;30;27;22;19;17;14;13;12;11;10;10;11;11;11;10;10;8;8;7;7;0;0;0;7;0;0;7;7;7;0;0;0;0;0;0;0;0;0;0;0;7;0;0;7;0;0;0;0;0;0;0;0;0;0;0;0;0;0;0;0;0;0;0;0;0;0;0;0;0;0;0;0;0
7;7;0;0;0;0;0;7;0;0;7;0;0;0;7;7;7;7;8;7;8;9;9;8;9;9;10;11;12;12;12;13;13;12;12;12;13;12;12;13;13;14;16;16;15;15;14;14;15;16;15;15;14;14;16;16;16;17;17;14;13;12;12;13;13;11;10;10;10;11;11;12;13;13;15;16;15;16;16;16;15;15;16;16;16;17;18;18;18;19;18;18;19;20;22;22;25;24;26;27;29;30;32;34;35;31;27;24;22;19;16;15;12;11;10;9;10;10;11;9;9;10;9;9;7;7;7;0;0;7;0;7;7;0;0;0;0;0;0;0;0;0;0;0;7;0;0;0;0;0;0;0;0;0;7;0;0;0;0;0;0;0;0;0;0;0;0;0;0;7;0;0;0;0;0;0;0;0;0
0;0;0;0;0;0;0;0;0;0;0;0;0;7;7;7;7;7;8;8;8;8;8;8;9;9;9;10;11;11;12;13;12;12;13;12;12;11;11;11;13;14;15;16;16;16;14;14;14;15;15;14;14;14;15;15;15;16;16;14;13;12;11;11;12;11;10;10;10;10;11;12;12;12;14;15;15;15;15;15;14;14;14;15;16;17;17;17;16;17;17;19;19;20;22;22;23;23;25;26;27;31;32;32;32;29;25;23;20;18;16;13;12;10;9;9;10;10;10;10;10;9;9;8;8;7;7;7;7;7;0;7;7;7;0;0;0;0;0;0;0;0;0;0;0;0;0;0;0;0;0;0;0;0;0;7;0;0;0;0;0;0;0;0;0;0;0;0;0;0;0;0;0;0;0;0;0;0;0
0;0;0;0;0;0;0;0;7;0;0;0;0;0;7;0;7;8;8;8;8;8;9;9;9;10;9;9;10;11;12;12;12;11;12;11;12;11;11;11;12;12;14;14;15;15;15;14;15;15;15;13;14;14;13;14;14;15;14;13;13;12;10;10;11;10;9;10;10;10;10;11;12;11;12;13;14;14;14;14;14;14;14;15;15;17;16;16;16;16;17;18;19;21;21;21;21;23;24;26;27;29;30;30;28;26;24;21;18;16;15;12;11;10;8;9;9;10;10;9;9;9;8;7;7;0;0;0;0;0;0;0;7;7;7;7;0;0;0;0;0;0;0;0;0;0;0;0;0;0;0;0;0;0;0;0;0;0;0;0;0;0;0;0;0;0;0;0;0;0;0;0;0;0;0;0;0;0;0
0;0;0;0;0;0;0;0;0;0;0;0;0;0;7;0;7;7;8;8;8;8;8;9;9;9;9;9;10;10;12;11;12;11;11;11;11;11;11;11;12;12;13;12;13;13;14;14;14;14;13;13;13;13;13;14;14;13;14;13;12;11;10;10;10;10;9;9;9;9;9;10;12;11;12;13;12;12;13;12;13;14;15;14;15;16;15;15;15;16;17;18;19;20;22;22;21;21;22;24;25;27;27;27;28;24;22;20;17;14;13;11;10;9;8;8;9;10;10;9;9;8;8;7;7;0;0;0;7;7;7;7;7;0;0;0;0;0;0;0;0;0;0;0;0;0;0;0;0;0;0;0;0;0;7;0;0;0;0;0;0;0;0;0;0;0;0;0;0;0;0;0;0;0;0;7;0;0;0
0;0;0;0;7;7;0;0;0;0;0;0;7;0;0;0;7;0;7;8;8;8;8;9;9;9;9;9;9;9;11;10;10;10;11;11;10;10;10;10;10;11;12;12;13;13;14;13;14;14;13;14;12;12;12;12;14;13;13;13;12;11;11;10;10;9;9;9;9;10;9;9;10;11;11;11;12;12;13;12;13;13;14;15;15;15;16;15;15;17;17;18;19;19;19;20;20;20;21;23;23;24;24;25;25;24;20;18;16;12;12;10;9;8;9;9;9;9;10;9;9;9;8;7;7;7;0;0;0;0;0;0;7;7;0;0;0;0;0;0;0;0;0;0;0;0;0;0;0;0;7;7;0;7;0;0;0;0;0;0;0;0;0;0;0;0;0;0;0;0;0;0;0;0;0;0;7;7;0
0;0;0;7;0;0;0;0;7;0;0;0;0;0;0;7;7;7;7;7;8;7;9;8;9;11;10;9;8;9;10;10;10;10;11;10;9;9;10;9;10;10;11;12;12;13;13;12;14;14;13;13;12;13;12;13;13;13;13;13;12;11;10;10;9;9;10;9;10;9;9;10;10;11;11;11;11;11;13;12;13;14;14;15;15;15;15;13;14;16;16;18;17;17;17;18;19;19;19;22;23;23;23;24;23;22;19;17;14;12;11;10;9;9;9;9;9;9;9;9;7;8;8;8;7;7;0;0;0;7;7;0;0;0;0;0;7;0;0;0;7;0;0;0;0;0;7;0;0;0;0;0;0;0;0;0;0;7;7;0;0;0;0;0;0;0;0;0;0;0;0;0;0;0;0;0;0;0;0
7;0;0;0;0;0;0;0;0;0;0;0;0;0;0;7;7;0;7;7;8;8;8;8;8;10;10;9;9;8;9;9;10;10;10;10;10;9;9;10;10;11;11;12;13;13;13;12;13;13;13;12;12;11;12;12;13;11;12;13;11;10;10;9;9;9;10;10;9;9;9;10;10;11;10;10;10;10;11;12;12;13;13;14;14;14;13;14;14;15;15;17;17;17;17;18;19;18;19;22;22;23;22;23;21;20;18;16;14;11;11;10;9;8;8;10;9;9;9;10;9;8;7;7;7;7;7;7;7;0;7;0;0;0;0;0;0;0;0;7;0;0;0;0;0;0;0;0;0;0;0;0;0;0;0;0;0;7;0;0;0;0;0;0;0;0;0;0;0;0;0;0;0;0;0;0;0;0;0
0;0;0;0;0;0;0;7;0;0;0;0;0;0;0;0;7;0;7;7;8;8;8;8;9;9;8;8;9;8;9;9;9;9;9;9;10;9;9;9;9;9;10;11;13;12;13;13;13;13;12;12;13;11;11;10;12;11;12;12;10;10;9;9;9;9;9;9;9;9;9;9;9;10;10;10;10;10;10;11;12;13;13;13;14;14;14;13;14;15;15;16;17;17;16;16;18;18;19;20;21;20;21;21;19;18;17;15;14;11;10;9;9;8;8;9;9;9;10;8;9;8;7;7;0;0;0;0;0;7;0;0;0;0;0;0;0;7;0;0;0;7;0;0;0;0;0;0;0;0;0;0;0;0;0;0;0;0;0;0;0;0;0;7;0;0;0;0;0;0;0;0;0;0;0;0;0;7;0
0;0;0;0;0;0;0;7;0;0;7;7;7;7;0;0;7;0;7;7;8;8;8;8;8;9;8;8;9;9;9;9;8;8;9;9;10;9;9;9;9;9;9;10;11;12;12;12;12;13;12;12;12;10;10;11;10;10;11;11;10;10;9;9;9;8;7;8;9;9;9;8;9;10;9;10;10;10;11;11;11;12;13;13;13;12;13;13;14;14;15;16;16;16;16;17;17;17;18;19;19;19;19;20;19;17;16;13;12;11;10;9;8;8;8;9;9;9;9;9;8;8;7;7;7;0;0;0;0;7;7;0;0;0;0;0;0;0;0;0;0;0;0;7;0;0;0;0;0;0;0;0;0;0;0;0;0;0;0;0;0;0;0;0;0;0;0;0;0;0;0;0;0;0;0;0;7;0;0
0;7;0;0;0;0;0;0;0;0;0;0;7;0;0;0;7;7;7;7;7;7;7;7;8;9;8;9;9;8;9;8;8;8;8;9;9;9;9;9;9;9;10;9;11;11;11;11;12;13;13;12;12;11;11;10;9;9;10;10;10;9;9;9;8;8;7;7;8;8;8;8;8;9;8;8;9;9;10;10;11;12;12;12;12;13;13;13;13;14;16;15;15;17;16;16;16;16;17;18;18;19;19;18;17;16;14;13;11;10;9;9;8;8;8;9;9;9;8;9;8;8;7;7;7;0;0;0;7;7;7;0;0;0;0;0;0;0;0;0;0;0;0;0;7;0;0;0;0;0;0;0;0;0;0;0;0;0;0;0;0;0;7;0;0;0;0;0;0;0;0;0;0;0;0;0;0;0;0
0;0;7;0;0;0;0;0;0;0;0;7;0;0;0;7;7;7;8;7;7;7;7;7;8;8;7;9;9;9;9;8;9;8;7;8;9;9;9;9;10;9;9;9;9;10;10;10;11;11;12;11;11;11;10;9;8;9;9;9;10;9;9;9;9;8;7;7;7;7;7;8;8;8;8;8;8;9;10;10;10;11;11;10;11;11;11;11;12;13;14;14;14;14;14;15;15;16;17;18;18;18;19;18;17;16;13;12;10;9;9;8;9;8;8;8;8;9;8;7;8;8;7;7;7;7;0;0;0;0;0;0;0;0;0;0;0;0;0;0;0;0;0;0;7;0;0;0;7;0;0;0;0;0;0;0;0;0;0;0;0;0;0;0;0;0;0;0;0;0;0;0;0;0;0;0;0;0;0
0;0;7;7;0;0;7;0;0;0;7;0;0;0;0;0;0;0;7;8;8;8;8;9;8;8;7;8;9;9;8;8;9;8;8;8;8;8;9;9;9;9;9;9;10;9;10;10;11;10;10;10;11;11;10;9;8;8;8;9;10;9;8;9;8;7;8;7;7;7;7;8;7;9;8;8;8;9;8;9;10;10;10;10;10;9;11;11;12;12;13;13;13;14;14;15;15;16;16;17;17;18;17;17;16;13;12;11;11;9;9;9;8;8;8;8;8;10;9;8;7;7;7;7;0;0;0;0;0;0;0;0;0;0;0;0;0;0;0;0;0;0;0;0;0;0;0;0;0;0;0;0;0;0;0;0;0;0;0;0;0;0;0;0;0;0;0;0;0;0;0;0;0;0;0;0;0;0;0
0;0;0;7;0;0;0;0;0;7;7;0;7;0;0;0;0;0;7;7;7;7;7;8;8;7;8;8;8;9;8;8;8;8;8;8;8;8;8;8;9;9;10;9;9;9;9;10;9;10;11;10;10;10;8;8;8;7;7;7;8;8;8;8;7;7;7;7;7;7;7;7;8;8;7;7;8;8;9;8;8;9;9;9;9;9;11;11;11;12;12;13;13;13;13;14;15;16;15;15;16;16;16;15;14;13;12;11;10;9;9;7;7;7;9;9;9;8;8;8;8;7;7;0;0;0;0;0;0;0;0;0;0;7;7;0;7;0;0;7;0;0;0;0;0;0;0;0;0;0;0;0;7;0;0;0;0;0;0;0;0;0;0;0;0;0;0;0;0;0;0;0;0;0;0;7;0;0;0
0;0;0;0;0;0;0;0;0;0;0;7;0;0;7;0;0;0;0;7;0;7;0;8;8;8;8;8;8;8;8;8;8;9;8;7;7;7;8;8;9;9;9;10;8;9;9;9;9;9;10;10;10;10;9;8;8;7;7;7;8;7;8;7;7;7;7;7;7;8;7;7;7;7;7;7;7;8;8;8;8;8;8;8;9;9;10;10;11;11;11;12;12;12;13;14;14;14;15;15;15;15;15;15;14;14;12;10;10;8;8;7;7;7;8;9;8;8;9;8;7;0;7;7;7;0;7;7;0;0;0;7;0;0;0;0;0;0;0;0;0;0;0;0;0;0;0;0;0;0;0;0;0;0;0;0;0;0;0;0;7;7;0;0;0;7;0;0;0;0;0;0;0;0;0;0;0;0;0
0;0;7;0;0;0;7;0;0;0;7;0;0;0;0;0;0;0;0;7;0;7;7;8;8;8;7;8;8;8;8;7;7;7;7;0;7;8;8;9;8;8;9;9;8;9;8;9;9;8;9;9;10;9;9;8;8;7;7;7;7;7;7;7;7;7;7;7;0;0;0;7;7;7;7;7;7;8;7;8;8;8;8;8;8;9;9;9;10;11;11;11;12;12;13;13;14;13;14;15;14;14;16;15;14;13;11;10;9;8;8;8;8;7;7;8;8;8;8;7;7;0;0;7;7;7;0;0;0;0;0;7;0;0;0;0;0;0;7;0;0;0;0;0;0;0;0;0;0;0;0;0;0;0;0;0;0;0;0;0;0;0;0;0;0;0;0;0;0;0;0;0;0;0;0;0;0;0;0
0;0;7;0;0;0;0;0;0;0;0;0;0;0;0;0;7;0;0;7;7;0;7;7;7;8;8;8;7;9;8;8;7;7;8;0;7;7;8;8;8;9;8;9;8;8;8;9;9;9;9;9;9;9;9;8;7;7;8;7;7;7;7;7;7;7;7;7;0;0;0;0;0;0;7;7;7;7;8;7;7;8;7;8;8;8;8;8;10;9;11;11;12;12;12;12;13;12;12;13;14;15;15;15;13;12;10;9;9;8;8;8;7;0;7;7;8;7;8;8;8;7;7;7;7;0;0;0;0;0;0;0;0;0;0;7;0;0;0;0;0;0;0;0;0;0;7;0;0;0;0;0;0;0;0;0;0;0;0;0;0;0;0;0;0;0;0;0;0;0;0;0;0;0;0;0;0;0;0
0;0;7;0;0;0;0;0;0;0;0;0;0;0;7;0;0;0;0;0;7;7;7;7;7;7;7;7;7;7;7;8;7;7;8;7;7;7;8;8;8;8;8;9;8;8;8;8;8;8;8;9;9;9;9;8;8;8;7;7;7;7;0;7;7;7;7;7;0;0;0;7;7;0;0;8;7;0;7;7;7;7;7;8;7;8;8;8;9;9;10;10;11;11;12;11;11;13;13;13;13;14;13;13;12;11;10;9;8;7;7;7;7;7;7;8;8;7;8;7;7;7;7;7;0;0;0;0;0;0;0;0;0;7;7;7;0;0;0;0;7;0;0;7;7;0;0;0;0;0;0;7;0;0;0;0;0;0;0;0;0;0;0;0;0;0;7;0;0;7;0;0;0;0;0;0;0;0;0
0;7;0;0;0;0;0;0;0;0;0;0;0;0;7;7;0;0;7;7;7;7;7;7;7;7;7;7;0;7;7;7;7;7;0;0;0;7;8;8;8;8;8;8;8;7;7;7;7;7;7;8;9;8;8;9;8;8;7;0;7;7;7;0;0;0;0;0;0;7;0;7;7;7;7;7;0;7;7;7;7;7;7;7;7;7;7;8;9;9;9;9;10;11;11;12;12;12;12;12;12;13;13;12;11;11;10;9;8;7;0;0;7;7;7;7;7;7;8;8;7;7;7;0;0;0;0;0;7;0;0;0;0;0;0;0;0;7;0;0;7;0;0;0;0;0;0;0;0;0;0;0;7;0;0;0;0;0;0;0;0;0;0;0;0;0;0;0;0;0;0;0;0;0;0;0;0;0;0
0;0;0;0;7;0;0;0;0;7;0;0;0;0;0;7;0;7;7;7;7;7;7;7;0;0;7;7;0;7;8;7;7;7;0;0;0;7;7;7;8;8;8;8;8;8;8;7;7;8;7;8;8;8;8;9;8;8;7;7;7;0;0;7;7;0;0;0;7;7;7;0;7;7;7;7;7;7;0;7;7;7;7;7;7;7;7;8;8;8;9;10;10;10;10;11;11;11;11;11;12;12;12;11;11;10;10;9;9;7;0;0;0;7;7;7;7;0;7;7;7;0;0;0;0;0;0;0;7;0;0;0;0;0;0;0;0;0;0;0;0;7;0;0;7;0;0;7;0;0;0;0;0;0;0;0;0;0;0;0;0;0;0;0;0;0;0;0;0;0;0;0;0;0;0;0;0;0;0
0;0;0;0;0;0;0;0;0;7;0;0;0;0;0;7;0;0;7;7;7;7;0;7;7;7;7;7;7;7;7;7;8;8;7;0;0;7;7;8;8;7;8;8;8;7;7;7;7;7;8;8;8;8;8;7;7;8;0;7;7;0;0;0;0;0;0;0;0;0;0;0;0;0;0;7;7;7;0;7;7;7;7;7;7;7;7;8;8;8;9;9;10;9;9;9;10;10;11;10;10;11;11;11;10;10;9;9;8;7;7;7;0;0;7;7;7;7;0;7;7;7;0;8;7;0;0;0;0;7;0;0;0;7;0;0;0;0;0;0;7;0;0;0;7;0;0;0;0;7;0;0;0;0;0;0;0;0;0;0;0;0;0;0;0;0;0;0;0;0;0;0;0;0;0;0;0;0;0
0;0;0;0;0;0;0;0;0;0;0;0;0;0;0;7;7;0;7;0;0;7;7;7;7;7;8;8;8;7;8;7;7;7;0;0;7;7;7;7;8;8;8;8;8;7;7;7;7;7;7;7;7;8;8;8;7;7;7;7;0;0;7;0;0;0;0;0;0;0;0;0;0;7;0;0;0;7;0;7;0;7;7;7;0;7;7;7;8;8;7;8;9;10;8;9;10;10;10;10;10;10;11;11;10;10;9;9;8;7;7;7;7;7;7;7;7;7;7;7;0;0;7;0;0;0;0;0;0;0;0;0;0;0;0;0;0;0;0;0;0;0;0;0;0;0;0;0;0;0;0;0;0;0;7;0;0;0;0;7;0;0;0;0;0;0;7;0;0;0;0;0;0;0;0;0;7;0;7
0;0;0;0;0;0;0;0;7;7;0;0;0;0;0;7;7;0;0;0;0;7;7;7;7;0;7;7;7;7;7;7;7;7;0;0;0;0;7;7;7;7;7;8;7;7;8;0;7;7;7;7;7;7;7;7;7;7;7;0;0;0;0;0;0;0;0;0;0;0;0;7;7;7;0;0;0;7;0;0;7;7;7;7;7;7;7;7;8;8;8;8;8;8;8;9;9;10;10;10;10;10;10;11;10;9;9;9;8;7;7;0;7;0;0;7;0;7;0;0;0;0;0;0;0;0;0;0;0;0;0;7;0;0;0;0;0;0;0;0;0;0;0;0;0;0;0;0;0;0;0;0;0;0;0;0;0;0;7;0;0;0;0;0;0;0;0;0;0;0;0;7;0;0;0;0;7;0;0
7;0;0;0;0;0;0;0;0;0;0;0;0;0;0;7;0;0;0;7;7;7;7;7;0;7;7;7;8;8;7;7;8;7;0;0;0;0;7;7;7;7;7;8;8;8;8;7;7;7;7;7;7;7;7;7;7;7;7;0;0;0;0;0;0;0;0;0;0;0;0;7;0;7;7;7;7;7;0;0;7;7;7;0;7;7;7;7;7;8;8;8;8;7;9;8;8;9;9;9;9;10;10;10;10;9;9;8;7;7;7;0;0;0;7;7;7;7;7;0;0;7;0;0;0;0;0;0;0;0;0;0;0;0;0;0;0;0;0;0;0;0;0;0;0;0;0;0;0;0;0;0;0;0;7;0;7;0;7;0;0;0;0;0;0;0;0;0;0;0;0;0;0;0;0;0;0;0;0
0;0;7;0;0;0;0;0;0;0;0;0;0;0;0;0;0;0;7;0;7;7;7;0;0;7;7;7;7;8;8;0;7;7;0;0;0;0;7;7;7;7;8;8;8;7;8;8;8;7;7;8;7;7;0;7;7;7;7;7;0;0;0;0;0;0;0;0;0;0;0;0;0;0;0;7;0;0;0;0;7;7;7;0;7;0;7;8;7;7;8;8;8;7;8;8;7;8;9;9;9;9;9;9;9;9;8;8;0;0;0;0;7;0;7;7;7;0;0;7;0;0;0;0;0;0;0;0;0;0;0;0;0;0;0;0;0;0;0;0;0;0;0;0;0;0;7;0;0;7;0;7;0;0;0;0;0;0;0;0;0;0;0;0;0;0;0;0;0;0;0;0;7;0;0;0;0;0;0
0;0;0;0;0;0;0;0;7;7;0;0;0;0;7;7;0;7;7;7;7;7;7;0;0;7;7;7;7;7;0;0;7;7;7;0;7;7;0;7;7;7;7;8;8;8;8;7;8;7;7;7;0;0;7;7;7;7;0;0;0;0;0;0;0;0;0;0;0;0;7;0;0;7;0;7;0;7;0;7;7;7;7;7;7;7;7;7;7;7;7;8;8;7;8;8;8;8;9;9;8;8;8;9;9;9;8;7;0;0;0;0;7;0;7;0;0;0;0;0;7;0;0;0;0;0;0;0;0;0;0;0;0;0;0;0;0;0;0;0;0;0;0;0;0;7;0;0;0;0;0;0;0;0;0;0;0;0;0;0;0;0;0;0;0;0;0;0;0;0;0;0;0;0;0;0;0;0;0
0;0;0;0;0;0;0;0;7;7;0;0;0;0;0;7;0;0;0;7;7;0;7;0;0;7;7;7;7;7;7;7;8;7;0;0;0;7;7;7;7;7;7;7;8;7;8;8;8;8;0;7;7;7;7;7;7;7;0;7;7;0;7;7;0;0;0;0;7;0;0;0;7;0;0;0;7;7;0;7;7;7;0;0;7;7;7;0;0;8;7;0;0;7;8;8;8;9;8;9;8;8;9;9;8;8;8;7;7;7;0;7;0;0;7;0;0;0;0;7;7;0;0;0;7;0;0;0;0;0;0;0;0;0;0;7;0;0;0;0;0;0;0;7;7;0;0;0;0;0;0;0;0;0;0;0;0;0;0;0;0;0;0;0;7;0;0;0;0;0;0;0;0;0;0;0;0;0;0
0;0;0;0;0;0;0;0;0;0;0;7;0;0;0;7;0;7;0;0;7;0;0;0;0;0;7;7;7;7;7;7;8;7;0;7;0;0;7;7;8;7;7;8;9;7;7;8;8;8;7;8;7;7;0;0;7;7;0;0;0;7;0;0;0;7;7;0;0;0;0;0;7;0;0;0;0;7;0;0;0;0;7;7;7;7;7;0;0;7;7;7;0;7;7;7;7;9;7;8;8;9;8;9;9;8;8;8;7;7;7;0;0;0;0;0;0;0;0;7;0;7;0;0;0;0;7;0;0;7;0;0;0;7;0;0;0;0;0;0;0;0;0;0;0;0;0;0;0;0;0;0;0;0;0;0;0;0;0;0;0;0;0;0;0;0;0;0;0;0;0;0;0;0;0;0;0;0;0
0;0;0;0;0;7;0;0;7;0;0;0;0;0;0;0;8;7;0;7;7;0;7;7;7;0;0;7;8;7;7;0;7;7;0;7;0;0;7;7;7;0;7;8;8;7;7;7;8;8;7;7;7;7;7;7;7;7;0;0;0;0;0;0;0;0;0;0;0;0;0;0;0;0;7;0;0;0;7;7;0;0;7;0;7;7;7;7;7;7;7;0;0;0;7;7;7;7;7;7;8;9;8;9;8;7;8;8;7;7;7;0;7;0;0;0;0;0;0;0;0;0;0;0;0;0;0;0;0;0;0;0;0;0;0;0;0;0;0;0;0;0;0;0;0;0;0;0;0;0;0;0;0;0;0;0;0;0;0;0;0;0;0;0;0;0;0;0;0;0;0;0;0;0;0;0;0;0;0
0;0;0;0;7;7;7;0;0;0;0;0;0;0;0;0;0;0;0;0;0;0;0;0;7;7;7;8;7;7;7;7;7;7;0;0;0;0;0;7;7;7;7;7;8;7;8;8;7;7;8;7;7;7;7;7;7;7;7;0;7;7;0;0;0;0;0;0;0;0;0;0;7;0;0;0;0;0;7;7;0;0;7;7;7;8;7;7;7;7;7;0;0;7;7;8;0;7;7;7;8;9;8;8;8;8;7;7;7;7;7;0;0;0;0;0;0;0;0;0;0;0;0;0;0;0;0;0;0;0;0;0;0;0;7;0;0;0;0;0;0;0;0;0;0;0;7;0;0;0;0;0;0;0;0;0;0;0;0;0;0;0;0;0;0;0;0;0;0;0;0;0;0;0;0;0;0;0;0
0;0;0;0;0;0;0;0;0;0;0;0;0;0;0;0;0;0;0;0;0;0;0;0;0;0;8;8;7;7;7;7;0;7;7;7;0;0;7;7;7;7;7;0;8;8;8;8;7;7;8;7;8;7;7;8;7;7;7;0;7;0;0;0;0;0;0;0;0;0;0;0;7;7;0;0;0;0;0;7;0;0;0;0;0;0;0;0;0;7;0;0;0;7;7;7;7;8;8;7;8;9;9;8;8;7;7;7;7;0;0;0;0;0;0;0;0;0;0;0;0;0;0;0;7;0;0;0;0;0;0;0;0;0;0;0;0;0;0;0;0;0;0;0;0;0;0;0;0;0;7;0;0;0;0;0;0;0;7;0;0;0;0;0;0;0;0;0;0;0;0;0;0;0;0;0;0;0;0
0;0;0;0;0;0;0;0;0;0;0;0;0;0;0;0;0;0;0;7;7;7;7;0;0;0;0;7;7;7;8;0;7;7;0;0;0;0;7;7;7;7;7;7;8;8;7;7;7;7;7;7;7;7;7;0;7;0;0;0;7;0;0;0;7;7;0;0;0;0;0;0;7;7;0;0;0;0;0;0;7;0;0;0;0;0;0;0;7;7;7;7;7;8;7;7;7;7;7;7;8;9;8;8;8;7;7;7;7;7;0;0;0;0;0;0;0;7;0;0;0;0;0;0;0;0;0;0;0;0;0;0;0;0;0;0;0;0;0;0;0;0;0;0;0;0;0;0;0;0;0;0;0;0;0;0;0;0;0;0;0;0;0;0;0;0;0;0;0;0;0;0;0;0;0;7;0;0;0
0;0;0;0;7;0;0;0;0;0;7;7;0;0;0;0;7;0;0;0;0;7;7;0;0;0;0;0;7;7;7;7;0;7;7;0;0;0;0;7;7;7;7;7;7;7;7;7;7;0;7;7;7;7;7;7;7;0;0;0;7;0;0;7;0;7;0;0;0;0;0;7;7;0;7;0;7;0;0;0;0;0;7;0;0;0;7;0;0;0;0;0;0;7;7;7;7;7;7;8;9;8;8;7;8;8;7;7;7;7;7;0;0;7;0;0;0;0;0;0;0;0;0;0;0;0;0;0;0;0;0;0;0;0;0;0;0;0;0;0;0;0;7;0;0;0;0;0;0;0;0;0;0;0;0;7;0;0;0;0;0;0;0;0;0;0;0;0;0;0;0;7;0;0;0;7;0;0;0
0;0;0;7;0;0;0;0;0;0;0;0;0;0;0;0;7;7;7;0;0;0;7;0;0;0;7;0;7;7;7;7;0;0;0;0;0;7;7;7;7;0;0;7;7;7;7;8;7;0;7;7;7;7;7;7;7;7;0;7;0;7;7;7;7;7;0;0;0;0;0;0;0;0;0;0;0;0;0;0;0;0;0;0;0;0;7;0;7;7;7;0;0;7;8;8;8;7;8;8;8;8;8;9;8;8;8;8;7;7;7;0;0;0;7;7;7;0;0;0;0;0;0;0;0;0;0;0;0;0;0;0;0;0;0;0;0;0;0;0;0;0;0;0;0;0;0;7;0;0;0;0;0;0;0;0;0;0;0;0;0;7;0;0;0;0;0;0;0;0;0;0;0;0;0;0;0;0;0
0;0;0;7;0;0;0;0;0;0;0;0;0;0;7;0;0;0;0;7;0;0;7;7;7;7;0;0;7;7;7;7;7;7;7;0;0;0;0;0;0;0;0;7;7;7;7;7;7;7;7;0;7;7;7;0;0;0;0;7;7;7;7;0;0;0;7;0;7;7;0;0;7;0;7;0;0;0;0;0;0;0;0;0;7;7;7;0;7;7;7;7;7;7;7;7;7;8;8;8;8;8;8;8;8;8;8;7;0;0;0;0;0;0;0;0;7;0;0;0;7;0;0;7;0;0;0;0;0;0;0;0;0;0;0;0;0;0;0;0;0;0;0;0;7;0;0;0;0;0;0;0;0;0;0;0;0;0;0;0;0;0;0;0;0;0;0;0;0;0;0;0;0;0;0;0;0;0;0
0;0;0;7;0;0;0;0;0;0;0;0;0;0;0;0;0;0;0;0;0;0;0;0;7;0;0;0;7;7;7;7;7;7;7;7;0;0;7;7;7;7;0;7;7;7;0;7;0;7;7;7;7;7;7;7;0;0;0;0;7;0;7;0;7;0;0;0;7;7;7;0;0;0;0;7;0;0;0;0;0;0;0;0;0;7;7;0;7;7;7;7;0;7;0;7;0;7;7;7;8;8;8;8;8;7;7;0;0;0;7;7;7;0;0;0;0;0;0;7;0;0;0;0;7;0;0;0;0;0;0;0;0;0;0;0;0;0;7;0;0;0;7;0;0;0;0;0;0;0;0;7;0;0;0;0;0;0;0;0;0;0;0;0;0;0;0;0;0;0;0;0;0;0;0;0;0;0;0
0;0;0;7;0;0;0;0;0;0;0;0;0;0;0;0;0;0;0;0;7;0;0;0;0;7;7;7;7;8;7;7;7;7;0;0;0;7;7;7;7;7;7;0;0;7;8;7;7;7;7;7;7;8;0;7;7;0;0;0;0;0;0;0;0;0;7;7;7;0;0;0;0;0;0;7;0;0;7;0;0;7;0;0;0;0;7;7;7;0;7;7;7;7;0;0;7;7;7;8;8;8;8;7;8;7;7;7;0;0;0;0;0;0;0;0;0;0;0;7;0;0;0;0;0;0;0;0;0;0;0;0;0;0;0;7;0;0;7;0;0;0;0;0;0;0;0;0;0;0;0;0;0;0;0;0;0;0;0;0;0;0;0;0;0;0;0;0;0;0;0;0;0;0;0;0;0;0;0
0;0;0;0;0;0;0;0;0;0;0;0;7;0;0;0;0;0;0;0;0;0;0;0;0;0;0;7;7;7;0;0;0;0;0;0;7;0;0;0;0;0;7;7;7;7;7;7;7;8;8;7;7;7;7;7;0;0;0;0;0;0;0;7;7;0;0;0;0;0;0;0;7;7;0;0;0;0;0;0;0;7;0;0;7;7;7;7;7;0;0;7;7;7;7;7;7;8;8;8;7;8;8;8;8;7;7;0;0;0;0;0;0;0;0;7;0;0;0;0;0;0;0;0;0;0;0;0;0;0;0;0;0;0;7;0;0;0;0;0;0;0;0;0;0;0;0;0;0;0;0;0;0;0;0;0;0;7;0;0;0;0;0;0;0;0;0;0;0;0;0;0;0;0;0;0;0;7;0
0;0;0;0;0;7;0;0;0;0;0;0;0;0;0;0;0;0;0;0;7;7;0;0;7;0;0;0;0;7;0;0;0;0;0;0;0;0;7;0;0;7;7;7;0;0;7;7;7;7;7;7;7;7;8;7;7;0;7;0;0;0;0;7;0;7;7;0;0;0;0;0;7;0;0;0;0;0;7;7;7;7;7;7;7;0;0;7;7;0;7;7;7;7;0;0;7;8;8;8;7;8;7;7;7;7;8;0;0;0;0;0;0;0;0;0;7;0;0;7;0;0;0;0;0;0;0;0;0;0;7;0;0;0;0;0;7;0;0;0;0;0;0;0;0;0;0;0;0;0;0;0;0;0;0;0;0;0;0;0;0;0;0;0;0;0;0;0;7;7;7;0;0;0;0;0;0;0;0
0;0;0;0;0;0;0;0;0;0;0;0;0;0;0;0;0;0;7;0;0;7;7;0;0;7;0;0;7;7;7;0;0;7;0;0;0;0;0;7;7;7;7;7;0;0;0;7;7;7;7;8;7;7;0;7;7;0;7;7;0;0;0;0;0;0;0;0;7;0;0;0;0;0;0;0;0;0;0;0;0;0;0;7;7;7;0;7;7;0;0;0;7;0;7;7;7;8;8;8;7;8;8;7;7;7;8;0;0;0;0;0;0;0;0;0;0;0;0;0;0;0;7;0;0;0;0;0;0;0;0;0;7;0;0;0;7;0;0;0;0;0;0;0;0;0;0;0;7;0;0;0;0;0;0;0;0;0;0;0;0;0;0;0;0;0;0;0;0;0;0;7;0;0;0;7;0;0;0
0;0;0;0;0;0;0;7;0;0;0;0;0;0;0;0;7;0;7;0;0;0;0;0;0;0;0;7;7;7;7;7;0;7;0;0;7;0;0;0;0;0;7;7;7;7;7;0;7;7;0;8;7;7;7;7;7;0;7;7;7;0;0;0;0;0;7;0;0;0;0;0;0;0;0;0;0;0;0;0;0;0;0;0;0;7;0;0;7;0;0;0;7;7;7;7;7;7;8;8;7;7;8;7;7;0;7;7;7;0;0;0;7;0;0;0;0;0;0;7;0;0;0;0;0;0;0;0;0;0;0;0;0;0;0;0;0;0;0;0;0;0;0;0;0;0;0;0;0;7;7;0;0;0;0;0;0;0;0;0;0;0;0;0;0;7;0;0;0;0;0;0;7;0;0;0;0;0;0
0;0;0;7;0;0;0;7;7;0;0;0;0;7;0;0;7;0;0;0;0;0;0;7;7;7;0;7;0;0;7;7;0;0;0;0;0;0;0;0;7;7;7;7;7;8;7;0;7;0;7;7;7;7;7;7;7;0;7;7;7;0;0;0;0;7;0;0;0;0;0;7;7;0;0;0;7;0;7;0;0;0;0;0;7;0;0;0;7;7;7;0;7;7;7;0;7;7;7;7;7;7;7;7;7;7;7;0;7;7;0;7;0;0;0;0;0;0;0;0;7;0;0;0;0;0;0;0;0;0;0;0;0;0;0;0;0;0;0;0;0;0;0;0;0;7;0;0;0;7;0;0;0;0;0;7;0;0;0;0;0;0;0;0;0;0;0;0;0;0;0;0;7;0;0;0;0;0;0
0;0;0;0;0;0;0;0;0;0;7;0;0;0;0;0;7;0;0;0;0;7;0;7;7;7;7;7;0;7;7;0;0;0;7;7;0;0;0;0;0;0;7;7;0;7;7;0;0;0;7;7;7;7;7;7;7;0;0;0;0;0;0;0;7;7;0;0;0;0;0;0;0;0;0;0;0;0;7;0;7;7;0;0;0;7;0;0;7;0;7;7;0;0;7;7;7;8;7;7;7;7;8;8;7;7;7;7;7;0;0;0;0;0;0;0;0;0;0;0;0;0;0;0;0;0;0;0;0;0;0;0;0;0;0;0;0;0;0;0;0;0;7;0;0;7;0;0;0;0;0;0;0;0;0;0;0;0;0;0;0;0;0;0;0;0;0;0;0;0;0;0;0;0;0;0;0;0;0
0;0;0;0;0;0;0;7;0;0;0;7;0;0;0;0;7;7;0;0;0;0;0;0;0;0;7;0;7;7;0;0;0;0;0;7;0;7;0;0;0;0;7;7;0;7;7;7;7;7;0;0;7;7;7;7;7;7;0;0;0;0;0;0;7;0;0;7;0;0;7;0;0;0;7;7;0;0;7;0;0;7;0;7;0;0;0;0;7;0;0;7;7;7;7;8;7;7;7;7;7;7;7;7;0;0;7;7;7;0;0;0;0;0;0;0;0;0;0;7;0;0;0;0;0;7;0;0;7;0;7;7;0;0;0;0;0;0;7;0;0;0;0;0;0;0;0;0;0;0;0;0;0;0;0;0;0;0;0;0;0;0;0;0;0;0;0;0;0;0;0;0;0;0;0;0;0;0;0
0;0;0;0;0;0;7;0;0;7;0;0;0;0;0;0;0;0;0;0;0;0;7;0;0;7;7;7;7;0;0;0;0;7;7;7;0;0;0;0;0;0;7;0;0;0;0;0;0;7;7;0;0;0;7;7;0;0;7;7;0;0;7;0;0;0;7;7;0;7;7;0;0;0;0;0;0;0;0;0;0;0;0;0;7;7;0;0;0;0;0;0;7;7;7;8;7;7;7;7;7;8;8;7;7;0;7;7;0;0;0;0;0;0;0;0;0;7;0;0;0;0;0;7;0;0;0;0;0;0;0;7;0;7;0;0;0;0;0;0;0;0;0;0;0;0;0;0;0;0;0;0;0;0;0;0;0;7;0;0;0;0;0;0;0;0;7;0;0;0;0;0;0;0;0;0;0;0;0
0;0;0;0;0;0;7;0;0;0;0;0;0;0;0;0;0;0;0;0;0;0;7;0;0;7;0;7;7;0;0;0;0;7;0;0;0;0;0;0;0;0;7;0;0;0;0;0;0;0;7;7;0;0;7;0;0;0;0;0;0;7;0;0;0;0;0;0;0;0;7;0;0;0;0;0;0;0;0;0;0;0;0;0;0;7;0;0;0;0;0;0;7;7;7;0;0;7;7;0;0;7;7;7;7;7;7;7;0;0;0;0;0;0;7;0;0;7;0;0;7;0;0;0;7;0;0;7;0;0;0;7;0;7;0;0;0;0;0;0;0;0;0;0;0;0;0;0;0;0;0;0;0;0;0;0;0;0;0;7;0;0;0;0;0;0;0;0;0;0;0;0;0;0;0;0;0;0;0
7;0;7;0;0;0;0;0;0;0;0;0;0;0;0;0;0;0;0;0;0;0;0;0;0;0;0;7;7;0;0;0;0;7;0;0;0;0;7;7;7;0;0;7;0;0;7;0;0;0;7;7;0;0;7;0;0;7;0;7;7;0;0;0;0;0;0;0;0;0;0;0;0;0;0;7;0;7;0;0;0;7;7;0;7;7;0;7;0;0;0;0;0;7;7;7;0;7;7;0;7;7;7;7;7;7;8;0;0;0;0;0;0;0;0;0;7;0;0;0;0;0;0;0;7;0;0;0;0;0;0;0;0;7;7;0;0;0;0;0;0;0;0;0;0;0;0;0;0;0;0;0;0;0;0;0;0;0;0;0;0;0;0;0;0;0;0;0;0;0;0;0;7;7;7;0;0;0;0
0;0;7;0;0;0;0;0;0;0;0;0;0;0;0;0;0;0;0;0;0;0;0;0;0;0;0;7;7;0;0;0;0;7;0;0;0;7;0;0;0;0;0;7;0;0;7;0;0;0;7;0;0;0;0;0;7;7;7;8;7;7;0;0;0;0;0;0;0;0;0;0;7;7;7;7;7;0;0;7;0;0;0;0;7;7;0;7;7;0;0;0;0;7;0;7;7;7;7;7;0;0;0;0;0;0;7;0;0;0;0;0;0;0;0;0;0;0;0;0;0;0;0;0;0;0;0;0;0;0;0;0;0;0;0;0;0;0;0;0;0;0;0;0;0;0;0;0;0;0;0;0;0;0;0;0;0;0;0;0;0;0;0;0;7;0;0;0;7;0;0;0;0;0;0;0;0;7;0
0;0;0;0;0;0;0;0;0;0;0;0;0;0;0;0;0;0;0;0;0;0;0;0;0;0;0;7;7;0;0;0;0;0;7;0;0;0;0;0;0;0;0;0;0;0;7;7;0;0;7;0;7;7;0;0;7;0;0;0;0;7;0;0;0;0;0;7;0;0;0;0;0;7;0;0;0;0;0;0;0;0;0;0;0;7;7;7;7;0;0;7;0;7;7;7;7;7;7;7;7;7;0;0;7;0;7;0;0;0;0;0;0;7;0;0;0;0;0;0;7;0;0;0;0;0;0;0;0;0;0;0;0;0;0;0;0;0;0;0;0;0;0;0;0;0;0;0;0;0;0;0;0;0;0;0;0;0;0;0;0;0;0;0;0;0;0;0;7;0;0;0;0;0;0;0;0;0;0
0;0;0;0;0;0;0;0;0;0;0;0;7;0;7;0;0;0;0;0;0;0;0;0;0;0;0;7;0;7;0;7;0;0;0;0;0;0;7;7;0;0;0;0;7;7;7;7;7;0;7;0;0;7;0;0;0;0;0;0;0;7;0;0;0;0;0;0;0;0;7;7;7;7;0;0;0;0;7;7;0;0;0;0;0;0;0;0;0;0;7;0;0;7;0;0;7;7;7;8;7;7;0;7;7;0;7;7;7;0;0;0;0;7;7;0;0;0;0;0;0;0;0;0;0;0;0;0;0;0;0;0;7;0;0;0;0;0;0;0;0;0;7;0;0;0;0;0;0;7;0;0;7;7;0;0;0;0;0;7;0;0;0;0;0;0;0;0;0;0;0;0;0;0;0;0;0;0;0
0;7;0;0;0;0;0;0;0;0;0;0;0;0;0;0;0;0;0;0;0;0;0;0;0;0;0;0;0;7;0;0;0;7;0;0;0;0;7;7;7;7;7;7;7;7;7;7;7;0;0;0;0;0;0;0;0;7;0;0;0;0;0;7;0;0;7;0;7;0;7;0;0;0;0;0;0;0;7;7;0;7;7;0;0;0;0;0;0;0;0;0;0;0;0;7;7;7;0;7;7;7;0;7;0;0;0;7;0;0;0;0;0;0;0;0;0;0;0;0;0;0;7;7;0;0;7;0;0;0;0;0;0;0;0;0;7;0;0;0;0;0;0;0;0;0;0;0;0;0;0;0;0;0;0;7;0;0;7;0;0;0;0;0;0;0;0;0;0;0;0;0;7;0;0;0;0;0;0
0;0;0;0;0;0;0;0;0;0;0;0;0;0;0;0;0;0;0;0;0;0;0;0;0;7;7;0;0;7;7;7;0;0;7;0;0;0;0;7;0;7;7;0;7;7;7;7;7;7;0;0;0;7;7;0;0;0;0;7;7;7;7;0;0;0;0;0;0;0;0;0;0;0;0;0;0;0;7;0;7;0;0;0;0;0;0;0;7;0;0;0;0;0;0;0;0;0;0;0;7;0;0;0;0;7;0;0;0;0;0;0;0;0;0;0;0;0;0;0;0;0;0;0;0;0;0;0;0;0;0;0;0;0;0;0;0;0;7;0;0;0;0;0;0;0;0;0;0;0;0;0;0;0;0;0;0;0;0;0;0;0;0;0;0;0;0;0;0;0;0;0;0;0;0;0;0;0;0
0;0;0;0;0;0;0;0;0;0;7;0;7;0;0;0;0;0;0;0;0;0;0;0;7;0;7;7;0;0;0;7;0;0;0;0;0;7;7;0;0;0;7;0;0;0;0;7;7;7;7;7;7;0;0;0;7;0;7;0;0;0;0;0;0;0;0;0;0;0;0;0;0;0;0;7;0;0;0;0;0;0;0;0;0;0;0;0;7;0;7;0;7;0;0;0;7;0;7;7;7;0;0;0;0;0;0;0;0;0;0;7;0;0;0;0;0;0;0;0;0;0;0;0;0;0;0;0;0;0;0;0;0;0;7;0;0;0;0;0;0;0;0;0;0;0;0;0;0;0;0;0;0;0;0;0;0;0;0;0;0;0;0;0;0;0;0;0;0;0;0;0;0;0;0;0;0;0;0
0;7;0;0;0;0;0;0;0;0;0;7;7;7;0;0;0;0;0;0;0;0;0;0;0;0;0;7;7;7;0;7;0;7;0;0;0;0;0;0;0;0;7;0;0;0;7;7;0;0;0;7;0;0;0;0;7;0;0;0;7;7;0;0;0;0;0;0;0;7;0;0;7;7;0;0;0;0;0;0;0;0;0;0;0;0;0;0;0;0;7;0;0;0;0;0;0;0;7;7;0;0;0;0;0;0;0;0;0;0;0;0;0;0;0;0;0;0;0;0;0;0;0;0;0;0;0;0;0;0;0;0;0;0;0;0;7;0;0;0;0;0;0;0;0;0;7;0;7;0;0;0;0;0;0;0;0;0;0;0;0;0;0;0;0;0;0;0;0;0;0;0;0;0;0;7;0;0;0
0;0;0;0;0;0;0;0;0;0;0;0;0;7;7;0;0;0;0;7;0;0;0;0;7;0;0;0;7;7;7;0;0;7;0;0;0;0;0;0;0;0;7;7;0;0;0;7;0;0;7;7;0;0;0;0;7;0;0;0;0;0;7;0;0;0;0;0;0;7;0;0;7;0;0;0;0;7;0;0;0;0;0;0;0;0;0;0;0;0;0;7;0;0;0;0;7;7;0;7;7;7;7;0;0;7;0;0;0;0;0;0;0;0;0;0;0;7;0;0;0;0;0;0;0;0;0;0;0;0;0;0;0;0;0;0;0;0;0;0;0;0;7;0;0;0;0;0;0;0;0;0;0;0;0;0;0;0;0;0;7;0;0;0;7;0;0;0;0;0;0;0;0;0;0;0;0;0;0
0;0;0;0;0;0;0;0;0;0;0;0;0;0;0;0;0;0;0;0;0;0;0;0;0;0;0;7;7;0;0;7;0;0;0;0;0;0;7;0;0;0;7;7;7;7;0;7;7;7;7;7;7;7;7;7;0;0;0;0;0;0;0;7;0;0;0;7;0;0;0;7;7;0;0;0;0;7;0;0;0;0;0;0;0;0;7;0;0;0;0;0;7;7;7;7;7;7;0;0;7;7;0;0;0;0;0;0;0;0;0;0;0;0;0;0;0;0;0;0;0;0;0;0;0;0;0;0;0;0;0;0;0;0;0;0;0;0;0;0;0;0;0;0;0;0;0;0;0;0;0;0;0;0;0;0;0;0;0;0;0;0;0;0;0;0;0;7;0;0;7;0;0;0;0;0;0;0;0
0;0;0;0;0;0;0;0;0;0;0;0;0;0;0;0;0;0;0;7;7;0;7;7;7;0;0;7;7;0;0;0;0;7;0;0;0;7;0;0;0;0;0;7;7;7;0;0;0;7;7;7;7;7;7;0;0;7;0;0;0;7;0;0;0;7;0;0;7;7;0;0;0;0;7;0;0;7;7;0;0;0;7;7;7;0;7;0;0;0;0;7;7;7;7;7;7;0;7;7;7;7;7;7;0;0;0;0;0;0;0;0;0;7;7;0;0;0;0;0;0;0;0;0;0;0;0;0;0;0;0;0;0;0;0;0;0;0;0;0;0;0;0;0;0;0;7;0;0;0;7;0;0;0;0;0;0;0;0;0;0;0;0;7;0;0;0;0;7;7;0;0;0;0;0;0;0;0;0
0;0;0;0;7;0;0;0;7;0;0;0;0;0;0;7;0;0;0;0;7;7;0;0;7;7;0;7;0;0;7;0;0;7;0;0;0;7;0;0;7;0;7;7;7;0;0;0;0;7;0;7;7;7;7;7;0;0;0;0;0;7;0;0;0;0;0;0;7;0;0;0;0;0;0;0;0;0;7;7;0;0;0;0;0;0;0;0;0;0;0;7;0;7;0;7;8;7;7;7;7;7;0;7;7;0;7;0;0;0;0;0;7;0;0;7;0;0;0;0;0;0;0;0;0;0;0;0;0;0;0;0;0;0;0;0;7;7;0;0;0;0;7;0;0;0;0;0;0;0;0;0;0;0;0;0;0;0;0;0;0;0;0;0;0;0;0;0;0;0;0;0;0;0;0;0;0;0;0
0;0;0;0;0;0;0;0;0;0;0;0;0;0;0;0;0;7;7;7;0;0;0;7;7;7;0;0;0;0;0;7;0;0;0;0;0;0;7;0;7;0;7;7;0;0;0;0;7;7;0;0;7;7;7;7;7;0;0;0;0;0;0;0;0;7;7;7;7;0;0;7;0;0;0;7;7;0;0;0;0;0;7;7;7;0;0;7;7;0;0;0;0;7;7;0;7;7;7;0;7;0;0;7;7;0;7;0;0;0;0;0;0;0;0;0;0;0;0;0;0;0;0;0;7;0;0;0;0;0;0;7;0;0;0;0;0;0;0;0;0;0;0;0;0;0;0;0;0;0;0;0;0;0;0;0;0;0;0;7;0;0;0;0;0;0;0;0;0;0;0;0;0;0;0;0;0;0;0
0;0;0;0;0;0;0;0;0;7;0;0;0;0;0;0;0;0;7;7;0;0;7;0;0;0;7;7;7;7;7;7;7;0;0;0;0;0;0;0;0;0;0;0;0;0;0;0;7;7;7;7;7;7;7;0;0;7;0;0;0;0;7;0;0;7;7;7;0;0;0;0;0;0;7;0;0;0;7;7;7;7;0;0;7;7;7;7;0;0;7;0;0;0;7;7;7;7;7;7;7;0;0;0;0;7;7;0;0;0;7;7;0;0;0;0;0;0;0;0;0;0;0;0;0;0;0;0;0;0;0;0;0;0;0;0;0;0;0;0;0;0;0;0;0;0;7;0;0;0;0;0;0;0;0;0;0;0;0;7;0;0;0;0;0;0;0;0;0;0;0;0;0;0;0;0;7;0;0
0;0;0;0;0;0;0;0;7;0;0;0;0;0;0;0;0;0;0;0;0;0;0;0;0;0;0;7;0;7;7;0;0;0;7;0;0;0;0;0;0;0;0;7;0;7;7;7;8;7;7;7;7;7;7;0;0;0;7;7;0;0;0;0;0;0;0;7;0;0;7;0;0;7;0;0;0;7;0;0;0;7;0;0;7;0;0;7;7;7;7;0;0;0;0;7;7;0;0;0;0;7;7;0;0;0;0;0;0;0;0;0;0;0;0;0;0;0;0;0;7;0;0;0;0;0;0;0;0;0;0;0;0;0;0;0;0;0;0;0;0;0;0;0;0;0;0;0;0;0;0;0;0;0;0;0;0;0;0;0;0;0;0;0;0;0;0;0;0;0;0;0;0;0;0;0;0;0;0
7;0;0;7;0;0;7;0;0;0;0;0;0;0;0;0;0;0;0;0;0;0;0;7;0;0;0;7;0;7;0;7;7;7;7;0;0;7;0;7;7;0;7;7;0;7;7;7;7;7;7;7;7;7;7;0;0;7;7;7;0;0;7;7;0;0;0;0;0;7;7;0;0;7;0;7;7;0;0;0;0;0;0;0;0;0;7;7;7;0;0;0;7;7;7;7;0;0;0;0;0;0;0;7;0;0;0;0;0;0;0;0;0;0;0;0;0;0;0;0;0;0;0;0;0;7;0;0;0;0;0;0;0;0;0;0;0;0;0;0;0;0;0;0;0;0;0;0;0;0;0;0;0;0;0;0;0;0;0;0;0;0;7;0;0;0;0;0;0;0;0;0;0;0;0;0;0;0;0
0;0;0;0;0;0;0;0;0;0;0;0;0;7;0;0;0;0;0;0;0;0;0;0;7;0;7;7;0;7;7;7;7;0;0;7;7;7;0;7;7;7;7;7;0;0;0;0;7;7;7;7;7;7;0;0;7;7;7;0;0;0;0;0;0;0;0;0;0;0;7;0;0;7;7;0;0;0;0;7;0;0;0;0;0;7;7;0;0;7;7;7;0;7;7;7;7;0;7;7;0;0;0;7;0;0;0;7;0;0;0;0;0;0;0;0;0;0;7;0;0;0;0;0;0;0;0;0;0;0;0;0;0;0;0;0;0;0;0;0;0;0;0;0;0;0;0;7;0;0;0;0;7;7;0;0;0;0;0;0;0;0;7;7;0;0;0;0;0;0;0;0;0;0;0;0;0;0;0
0;7;0;0;0;0;0;0;0;0;0;0;0;0;0;0;0;0;0;0;0;0;0;0;7;0;7;7;7;8;7;7;0;7;0;0;0;0;0;0;0;7;0;7;7;0;0;7;7;7;7;7;7;7;7;7;7;0;0;7;7;0;7;0;7;0;0;0;0;0;7;0;0;7;7;7;0;0;0;0;0;0;7;7;7;7;7;0;7;7;7;8;7;7;7;7;7;0;0;0;0;7;0;0;0;0;0;0;0;0;0;0;0;0;0;7;0;0;0;0;0;0;0;0;0;0;0;0;0;0;0;0;0;0;0;0;0;0;0;0;0;0;0;0;7;0;0;0;0;0;7;0;0;0;0;7;0;0;0;0;0;0;0;0;0;0;0;0;0;0;0;0;0;0;0;0;0;0;7
0;0;0;0;0;0;0;0;0;0;0;0;0;0;0;0;0;0;0;0;0;0;0;0;7;0;0;7;7;7;7;0;0;0;0;0;0;0;7;0;7;7;0;0;0;7;0;7;7;7;0;0;7;7;7;7;7;7;7;7;0;7;7;0;0;0;0;0;0;0;7;0;0;0;7;7;7;0;7;7;7;7;7;7;7;7;7;0;7;7;0;7;7;7;7;7;7;0;7;0;0;0;0;7;0;7;0;0;0;7;0;0;0;0;0;0;0;7;0;0;0;0;0;0;0;0;0;0;0;0;0;0;0;0;0;0;0;0;0;0;0;0;0;0;0;0;0;0;7;0;0;0;0;0;0;0;0;0;0;0;0;0;0;0;0;0;7;0;0;0;0;0;0;0;0;0;0;0;0
0;0;0;0;0;0;0;0;0;0;7;0;0;0;0;0;0;0;0;0;0;7;7;0;0;0;0;7;7;7;8;7;0;0;0;0;0;0;0;0;7;7;7;7;7;7;0;7;7;7;7;7;8;7;7;7;7;7;7;8;7;7;7;7;7;0;0;0;7;0;7;0;0;0;7;7;7;7;7;7;7;7;7;7;7;0;7;7;0;0;7;7;8;7;7;7;7;0;0;7;7;7;7;0;0;0;0;0;0;0;7;0;0;0;0;0;0;7;0;0;0;0;0;0;0;0;0;0;0;0;0;0;0;0;0;0;0;0;0;0;0;0;0;0;0;0;0;0;7;0;0;0;0;0;0;0;0;0;0;0;0;0;0;0;0;0;0;0;0;0;0;0;0;0;0;0;0;7;0
0;0;0;0;0;7;0;0;0;7;0;0;0;0;0;7;0;0;0;0;0;7;0;7;0;0;7;7;7;7;7;0;0;7;7;0;7;7;0;0;7;7;8;7;7;7;7;0;0;7;7;7;7;7;7;7;7;7;7;7;7;7;7;0;0;7;0;0;0;0;0;0;7;7;7;0;0;7;0;7;7;7;8;7;7;7;7;7;7;7;8;8;8;7;7;7;7;7;7;7;7;7;0;0;0;0;0;0;0;0;0;0;0;0;0;0;0;0;0;0;0;0;0;0;0;0;0;0;0;0;0;0;0;0;0;0;0;0;0;0;0;0;0;0;0;0;0;0;0;0;0;0;0;0;0;0;0;0;0;0;0;0;7;0;0;0;0;0;0;0;0;0;0;0;0;0;0;0;0
0;0;0;0;0;0;0;0;0;0;0;0;0;0;0;0;0;0;0;0;0;0;0;7;0;0;0;7;7;7;7;0;0;7;0;7;7;7;0;7;7;0;0;0;0;7;7;0;0;7;7;7;0;7;7;0;7;7;7;7;0;0;7;0;7;0;7;0;0;0;0;0;7;7;7;7;0;8;7;0;7;7;7;7;7;7;8;7;8;8;7;7;7;7;7;7;7;8;7;7;7;0;0;0;7;7;0;0;0;0;0;0;0;0;0;0;0;0;0;0;0;0;0;0;0;0;0;0;0;0;0;0;0;7;0;0;0;0;0;0;0;0;0;0;0;0;0;0;0;0;0;0;0;0;0;0;0;0;0;0;0;0;0;0;0;0;7;0;0;0;0;0;0;0;0;0;0;0;0
0;0;0;0;0;0;0;7;7;0;0;0;0;7;0;0;0;0;0;0;0;0;0;7;7;0;0;7;0;0;0;7;0;7;7;7;7;0;0;0;0;0;0;0;0;0;0;7;0;0;7;7;7;7;7;7;8;0;7;7;0;0;7;7;0;0;7;7;7;7;7;7;7;8;7;7;7;0;7;0;7;7;7;7;7;7;8;7;8;8;7;7;8;7;7;7;7;7;7;7;7;7;0;0;0;0;7;0;0;0;0;0;0;0;0;0;0;0;0;0;0;0;0;0;0;0;0;0;0;0;0;0;0;0;7;0;0;0;0;0;0;0;0;0;0;0;0;0;0;0;0;0;0;0;0;0;0;0;0;0;7;0;0;0;0;0;0;0;0;0;0;0;0;0;0;0;0;0;0
0;0;0;0;7;7;0;0;0;0;0;0;0;0;0;0;0;0;0;0;0;0;0;0;0;7;0;7;0;0;0;0;0;0;7;7;7;7;7;7;7;0;7;7;0;0;7;7;7;7;7;7;7;7;7;7;7;7;7;7;0;0;0;7;7;0;0;0;7;0;0;7;0;7;7;0;7;7;7;7;7;7;8;0;7;7;8;7;7;0;7;7;7;0;8;8;7;8;7;7;7;7;0;0;0;0;0;0;0;0;0;0;0;0;0;0;0;0;0;0;0;7;0;0;0;0;0;0;0;0;0;0;0;0;0;0;0;0;0;0;0;0;0;0;0;0;0;0;0;0;0;0;0;0;0;0;0;7;0;0;0;0;0;0;0;0;0;0;0;0;0;0;0;0;0;0;7;0;0
0;0;0;0;7;0;0;0;0;7;0;0;0;0;0;0;0;0;0;0;0;0;7;7;0;7;7;7;0;0;0;7;0;7;7;0;0;7;7;7;7;0;7;7;0;0;7;8;8;7;7;7;7;7;7;7;7;7;0;7;7;7;7;7;0;7;7;0;0;0;0;7;7;7;7;7;7;7;7;7;0;7;7;7;7;7;7;7;8;7;7;7;7;7;7;7;7;7;7;7;7;7;0;0;0;0;0;0;7;7;0;0;0;0;0;0;0;0;0;0;0;0;0;0;0;0;0;0;0;0;0;0;0;0;0;0;0;0;0;0;0;0;0;0;0;0;0;0;0;0;0;0;0;0;0;0;0;0;0;0;0;0;0;0;0;0;0;0;0;0;0;0;0;0;0;0;0;0;0
0;0;0;0;0;0;0;0;0;0;0;0;0;0;0;0;0;0;0;0;0;0;0;7;7;7;7;7;7;0;0;0;0;7;7;0;0;7;0;0;0;0;0;7;0;0;7;7;7;8;7;7;7;0;7;0;0;0;0;0;0;7;7;7;0;7;7;7;7;7;7;7;7;8;0;7;7;7;7;7;8;7;7;7;0;7;7;7;7;0;7;7;8;8;7;7;7;7;7;7;7;7;0;7;0;0;0;0;0;0;0;0;0;0;0;0;7;0;0;0;0;0;0;0;0;0;0;0;0;0;0;0;0;0;0;0;0;0;0;0;0;0;0;0;0;0;0;0;0;0;0;0;0;0;0;0;0;0;0;0;0;0;0;0;0;0;0;0;0;0;0;0;0;0;0;0;0;0;0
0;0;0;0;0;0;0;0;0;0;0;0;0;7;0;0;0;0;0;0;0;0;0;7;0;7;0;0;0;7;0;0;0;7;0;0;0;0;0;0;7;7;7;7;7;0;0;0;7;0;7;7;7;8;7;7;7;0;0;7;0;0;0;7;7;7;7;7;7;0;7;0;7;0;7;7;7;7;7;0;7;7;7;7;7;0;0;0;0;7;7;7;8;8;7;7;7;7;7;8;7;7;0;0;0;0;0;0;0;0;0;0;0;0;0;0;0;0;0;0;0;0;0;0;0;0;0;0;0;0;0;0;0;0;0;0;0;0;0;0;0;7;0;0;0;0;0;0;0;0;0;0;0;0;0;0;0;0;0;0;0;0;0;0;0;0;0;0;0;0;0;0;0;0;0;7;0;0;7
0;0;0;0;0;0;0;0;0;0;0;0;0;0;0;0;0;0;0;0;0;0;0;7;7;7;7;7;0;0;7;0;0;0;0;0;0;7;0;7;0;0;0;0;7;0;7;7;7;7;7;7;7;7;7;7;7;0;7;7;7;0;7;7;0;0;7;7;7;7;7;0;7;7;7;7;7;7;0;7;7;7;0;7;7;7;7;7;7;7;7;8;7;7;8;7;7;7;7;7;0;0;7;0;0;0;0;0;0;0;0;0;0;0;0;7;0;0;0;0;0;0;0;0;0;0;0;0;0;0;7;0;0;0;0;0;0;0;0;0;0;7;0;0;0;0;0;0;0;0;0;0;0;0;7;0;0;0;0;0;0;0;0;0;0;0;7;0;0;0;0;0;0;0;0;0;0;0;0
0;0;0;0;0;0;0;0;0;0;0;0;0;0;0;0;0;0;7;0;7;0;0;0;0;0;0;7;7;0;7;0;7;0;0;0;0;0;0;0;0;0;0;0;7;7;7;0;0;0;0;7;7;7;7;7;7;7;7;7;7;7;7;7;7;7;7;7;7;7;0;0;7;7;7;7;7;0;0;0;0;7;7;7;0;7;7;7;7;7;8;8;7;7;0;8;7;7;7;8;7;8;7;0;0;0;0;0;0;0;7;0;0;0;0;7;0;0;0;0;0;0;0;0;0;0;0;7;0;0;0;0;0;0;0;0;0;0;0;0;0;0;0;0;0;0;0;0;0;0;0;0;0;0;0;0;0;0;0;0;0;0;0;7;0;0;0;0;0;0;0;0;0;0;7;0;0;0;0
0;0;0;0;0;0;0;0;0;0;0;0;0;0;0;0;0;0;7;0;0;7;0;0;0;0;0;0;7;0;0;0;0;0;7;0;7;0;0;7;7;0;7;7;7;7;7;7;7;7;7;7;7;0;7;7;7;7;7;0;0;0;0;7;7;7;8;7;7;0;7;0;7;0;7;0;7;7;7;7;7;7;0;0;7;7;0;7;8;8;7;7;7;7;7;7;7;7;7;7;0;7;0;8;0;0;0;0;0;0;0;0;0;7;0;7;0;0;0;0;0;0;0;0;0;0;0;0;7;0;0;0;0;0;0;0;0;0;0;0;0;0;0;0;0;0;0;0;0;0;0;0;0;0;0;0;0;0;0;0;0;7;0;0;0;0;0;0;7;0;0;0;0;0;0;0;0;0;0
0;0;0;7;0;0;0;0;0;0;0;0;0;0;0;0;0;0;0;0;0;0;7;0;0;7;0;7;7;0;0;7;7;7;0;0;0;0;0;7;0;7;7;0;7;7;0;0;7;7;7;0;7;7;8;8;7;7;7;0;0;0;0;7;7;7;7;7;7;0;7;7;7;0;0;0;7;7;7;7;7;7;7;8;7;7;8;7;7;7;7;0;7;8;7;7;8;8;0;0;7;8;7;7;7;0;0;0;0;0;0;0;0;7;0;0;0;0;0;0;0;0;0;0;7;0;0;0;0;0;0;0;0;0;0;0;0;0;0;0;0;0;0;0;0;0;0;0;0;0;0;0;0;0;0;0;0;0;0;0;0;0;0;0;0;0;0;0;0;0;0;0;0;0;0;0;0;0;0
0;0;7;0;0;0;0;0;0;0;0;0;0;0;0;7;0;0;0;0;0;0;0;0;0;0;7;7;7;7;0;0;0;7;0;0;0;7;7;7;7;7;0;7;7;0;0;0;7;7;7;7;0;7;7;0;0;7;7;7;7;0;0;0;0;0;7;0;0;7;7;7;7;7;7;7;7;7;7;7;7;7;7;7;7;8;8;8;7;7;7;7;7;7;8;7;7;0;7;7;7;0;0;0;0;0;0;7;0;0;7;0;0;7;0;0;0;0;0;0;0;0;0;0;0;0;0;0;0;0;7;0;0;0;0;0;0;0;0;0;0;0;0;0;0;0;0;0;0;0;0;0;0;0;0;0;0;0;0;0;0;0;0;0;0;0;7;0;0;0;7;0;0;0;0;0;0;0;0
0;0;0;0;0;0;0;0;7;0;0;0;0;0;0;0;0;0;0;0;0;0;0;0;0;7;7;7;0;7;7;7;0;7;0;0;0;7;0;0;0;7;7;7;7;7;0;0;7;7;7;7;0;7;0;0;0;0;7;7;8;7;0;0;0;0;7;7;0;0;0;0;7;7;7;0;7;7;7;7;0;7;0;0;0;7;7;7;7;0;8;7;7;7;7;7;7;7;7;0;7;7;7;0;0;0;0;0;0;0;0;0;0;0;0;0;0;0;0;0;0;0;0;0;0;0;0;0;0;0;0;0;0;0;0;0;0;0;0;0;0;0;0;0;0;0;0;0;0;0;0;0;0;0;0;0;0;0;0;0;0;0;0;0;0;0;0;0;0;0;0;0;0;0;0;0;0;0;0
0;7;0;0;0;0;0;0;0;0;0;0;0;0;7;0;0;0;0;0;0;0;0;0;0;0;0;0;0;0;7;7;0;0;0;0;0;7;7;0;7;7;7;0;7;7;0;0;7;7;0;7;7;0;0;0;0;7;7;7;0;0;0;0;0;7;7;7;0;0;0;7;7;7;0;0;7;7;7;7;7;7;7;7;7;7;0;7;7;7;0;7;7;8;7;8;8;7;7;7;0;7;0;0;0;0;0;0;0;0;0;7;0;0;0;0;0;0;0;0;0;0;0;0;0;7;0;0;0;0;0;0;0;0;0;0;0;0;0;0;0;0;0;0;0;0;0;0;0;0;0;0;0;0;0;7;0;0;0;0;0;0;0;0;0;0;0;0;7;0;0;0;0;0;0;0;0;7;0
0;0;0;0;0;0;0;0;0;0;0;0;0;0;0;0;0;0;0;0;7;0;0;0;7;0;0;0;0;0;0;0;0;0;0;7;0;7;7;7;0;7;7;7;8;7;0;0;7;7;7;0;8;7;0;0;7;7;0;7;0;0;0;0;0;0;0;0;0;0;0;0;0;0;0;0;0;7;7;0;0;7;7;7;8;7;7;8;7;7;7;7;0;7;7;7;7;7;7;7;0;0;7;0;0;0;0;0;0;0;0;0;0;0;0;0;0;0;0;0;0;0;0;0;0;0;0;0;0;0;0;0;0;0;0;0;0;0;0;0;0;0;0;0;0;0;0;0;0;0;0;0;0;0;0;0;0;0;0;0;0;0;0;0;0;0;0;0;0;0;0;0;0;0;0;0;7;0;0
0;0;0;0;0;0;0;0;0;0;0;0;0;0;0;0;0;0;7;0;0;0;0;7;0;0;0;0;0;0;0;0;0;0;7;0;0;0;7;0;0;7;0;7;7;0;0;0;0;7;7;7;8;7;0;7;0;7;7;0;0;7;0;0;0;7;7;0;7;7;7;0;0;0;7;0;0;7;0;0;7;0;7;7;7;0;7;7;7;7;7;7;7;7;7;7;7;7;7;7;7;0;0;0;0;0;0;0;0;0;7;0;0;7;0;0;0;0;0;0;0;0;0;0;0;0;7;0;0;0;0;0;0;0;0;0;0;0;0;0;0;0;0;0;0;0;0;0;0;0;0;0;0;0;0;0;0;0;0;0;0;0;7;0;7;0;0;0;0;0;0;0;0;0;0;0;0;0;0
0;0;0;0;0;0;0;0;0;0;0;0;0;0;0;0;0;0;0;0;0;0;0;7;0;0;0;0;0;0;7;0;0;0;0;0;0;0;7;7;0;0;7;7;7;0;7;7;7;7;0;7;7;7;7;0;0;0;7;7;0;0;0;7;7;7;7;0;0;7;7;7;0;0;7;0;7;7;0;0;7;7;7;7;7;7;7;7;7;7;8;7;7;0;7;7;7;7;7;0;7;0;0;0;7;0;0;0;0;7;0;0;0;0;0;0;0;0;0;0;0;0;0;0;0;0;0;0;0;7;0;0;0;0;0;0;0;0;0;0;0;0;0;0;0;0;0;0;0;0;0;0;0;0;0;0;0;0;0;0;0;0;0;0;0;0;0;0;7;0;0;0;0;0;0;0;0;7;0
0;0;0;0;0;0;0;0;0;0;0;0;0;0;0;0;0;0;0;0;0;0;7;7;0;0;0;0;0;0;0;0;0;0;0;0;0;7;7;0;0;0;7;7;0;0;7;7;7;7;0;7;7;7;7;0;0;0;0;7;0;0;0;0;0;0;7;0;0;0;0;0;7;7;7;0;7;0;0;7;7;7;7;7;7;7;7;7;7;0;7;7;0;7;8;7;7;7;7;7;7;7;0;0;0;7;0;0;0;0;0;0;7;0;7;0;0;0;0;0;0;0;0;0;0;0;0;0;0;0;0;0;0;0;0;0;0;0;0;0;0;0;0;0;0;0;0;0;0;0;0;0;0;0;0;0;0;0;0;0;0;0;0;0;0;0;0;0;0;0;0;0;0;0;0;0;0;0;0
0;0;0;0;0;0;0;0;0;0;7;0;0;0;0;0;7;0;0;7;0;0;0;0;7;7;7;7;7;0;0;0;0;7;7;0;0;7;0;0;0;0;0;0;0;7;7;7;0;7;7;7;7;7;7;0;7;7;7;0;0;7;7;7;0;7;0;0;0;0;0;0;7;0;0;0;0;0;0;7;7;7;0;7;7;0;7;0;0;7;7;7;7;7;7;8;7;8;8;8;7;7;7;7;0;0;7;0;0;7;0;0;7;7;0;0;0;0;0;0;0;0;0;0;0;0;0;0;0;0;0;0;0;0;7;0;0;0;0;0;0;0;0;0;0;0;0;0;0;0;0;0;0;0;0;0;0;0;0;0;0;0;0;7;0;0;0;0;0;0;0;0;0;0;0;0;0;0;0
0;0;7;0;0;0;0;0;0;0;0;0;0;0;0;0;0;0;0;7;0;0;0;0;7;0;0;7;7;0;0;0;7;7;0;7;0;0;0;0;0;0;0;7;0;0;0;7;7;0;0;0;7;8;0;0;7;7;0;0;7;0;0;0;7;7;7;0;0;7;0;7;7;7;7;0;0;0;7;7;0;0;7;7;7;7;7;7;7;7;0;0;7;8;7;7;7;8;7;7;7;7;0;0;7;0;0;0;0;0;0;0;7;7;7;0;0;0;0;0;0;0;0;0;0;0;7;0;0;0;0;0;0;0;0;0;0;0;0;0;0;0;0;0;0;0;0;0;0;0;0;0;0;0;0;0;0;0;0;0;0;0;0;0;0;0;0;0;0;0;0;7;7;0;0;0;0;0;0
0;0;0;0;7;0;0;0;0;0;0;0;0;0;7;7;0;0;0;7;0;0;0;0;0;7;7;7;7;7;0;0;0;0;0;0;0;0;0;0;7;7;7;7;0;0;7;7;7;0;0;7;7;0;0;7;7;7;7;0;0;0;0;7;7;7;7;0;7;7;0;0;7;7;7;0;0;0;0;0;7;7;7;0;0;0;7;7;7;7;7;7;7;7;7;7;7;7;7;7;7;7;0;0;7;0;0;0;0;0;0;0;0;0;0;0;0;0;0;0;0;0;0;0;0;0;0;0;0;0;0;0;0;0;0;0;0;0;0;0;0;0;0;0;0;0;0;0;0;0;0;0;0;0;0;0;0;0;0;0;0;0;0;0;0;0;0;0;0;0;0;0;0;0;0;0;0;0;0
0;0;7;0;0;0;0;7;0;0;0;0;0;7;0;0;0;0;0;0;7;0;0;0;7;7;0;0;0;0;7;0;0;0;0;0;0;0;0;0;7;7;7;7;7;0;7;7;8;7;0;0;7;7;0;0;0;7;7;0;0;7;0;0;0;0;7;7;7;7;0;0;7;0;7;8;0;0;0;7;7;7;7;7;0;0;7;7;8;7;7;7;7;7;7;7;7;7;0;7;7;0;0;0;0;0;0;0;0;0;0;7;0;0;0;0;0;0;0;0;0;0;0;0;0;0;0;0;0;0;0;0;0;0;0;0;0;0;0;0;0;0;0;0;0;0;0;0;0;0;0;0;7;0;0;0;0;0;0;0;0;0;0;0;0;0;7;0;0;0;0;0;0;0;0;0;0;0;0
0;0;0;0;0;0;0;0;0;0;0;0;7;7;0;0;0;0;7;7;7;0;0;0;0;0;7;7;7;0;7;0;0;0;0;0;0;0;7;7;7;0;0;0;7;7;7;7;0;7;0;0;7;7;0;0;0;0;7;0;0;7;0;0;0;0;7;0;7;0;0;7;7;0;7;0;0;0;7;7;0;0;7;8;8;7;7;7;0;7;7;7;7;8;7;7;7;7;7;7;7;7;7;7;0;0;0;0;0;0;0;0;0;0;0;0;0;0;0;0;0;0;0;0;0;0;0;0;0;0;0;0;0;0;0;0;0;0;0;0;0;0;0;0;0;0;0;0;0;0;0;7;7;0;0;0;7;7;0;0;0;0;0;0;0;0;0;0;0;0;0;0;0;0;0;7;0;0;0
0;0;0;0;7;0;0;7;0;0;0;0;0;0;0;0;0;0;7;0;0;0;7;0;0;7;7;0;0;7;7;7;0;0;0;0;7;0;0;0;0;7;0;0;0;7;7;7;0;7;7;7;7;0;0;0;0;7;7;7;0;7;0;0;0;7;7;0;7;0;7;7;7;0;0;0;0;7;7;0;7;7;7;7;7;7;7;7;7;7;7;0;7;7;7;7;7;0;7;7;7;0;0;0;0;0;0;0;0;0;0;0;0;0;0;7;0;0;0;0;0;0;0;0;0;0;7;0;0;0;0;0;0;0;0;0;0;0;0;0;0;0;0;0;0;0;0;0;7;0;0;0;0;0;0;0;0;0;0;0;0;0;0;0;0;0;0;0;0;7;0;0;0;0;0;0;0;0;7
0;0;0;0;0;7;0;0;0;0;7;0;0;0;0;0;0;0;0;0;0;0;0;0;7;0;0;7;7;7;8;7;0;0;7;0;0;0;0;0;0;7;0;0;0;0;0;0;7;7;7;7;7;7;7;0;7;7;7;0;7;7;7;0;0;7;0;0;7;0;0;7;0;7;0;0;0;0;7;7;0;7;7;8;7;7;7;7;0;0;7;7;7;7;0;7;7;7;8;7;7;7;7;0;0;7;0;0;0;0;0;0;0;0;0;0;0;0;0;0;0;7;0;0;0;0;0;0;0;0;0;0;0;0;0;0;0;0;0;0;0;0;0;0;0;0;0;0;0;0;0;0;0;0;0;0;0;0;0;0;0;7;0;0;0;0;0;0;0;0;0;0;0;0;7;0;0;0;0
0;0;0;0;0;0;0;0;0;0;0;0;0;0;0;0;0;0;0;0;0;7;0;7;7;0;0;0;0;7;0;0;0;0;0;7;0;0;0;0;0;0;0;7;7;7;7;0;7;7;0;7;7;0;7;0;0;0;0;7;7;0;7;0;7;0;0;0;0;7;7;0;0;7;7;7;7;0;0;0;0;7;0;7;0;7;7;7;7;0;7;7;0;7;7;7;7;7;0;0;7;0;0;0;0;0;0;0;0;0;0;0;0;0;0;0;0;0;0;0;0;7;0;0;0;0;0;0;0;0;0;0;0;0;0;0;0;0;0;0;0;0;0;0;0;0;0;0;0;0;0;0;0;0;0;0;0;0;0;0;0;0;0;0;0;0;0;0;0;0;0;0;0;0;0;0;0;0;0
0;0;0;0;0;0;0;0;7;0;0;0;0;0;0;7;0;0;0;0;0;0;0;0;7;0;0;7;0;0;0;0;0;0;0;0;0;0;0;0;0;0;0;7;7;7;7;0;7;7;0;7;7;0;7;7;0;0;0;7;7;7;7;0;0;0;7;0;0;7;0;0;0;0;0;7;7;7;7;7;0;0;0;0;7;7;7;7;7;7;7;7;0;8;7;7;7;7;0;0;0;7;7;7;0;0;0;0;0;0;0;0;0;0;0;0;0;0;0;0;0;0;0;0;0;0;0;0;0;0;0;0;0;0;0;0;0;0;0;0;0;0;0;7;0;0;0;0;0;0;7;0;0;0;0;7;0;0;0;0;0;0;0;0;0;0;0;0;0;0;0;0;0;0;0;0;0;0;7
0;7;0;0;0;0;0;0;0;0;0;0;0;0;0;0;0;0;0;0;7;0;0;0;0;7;0;7;7;0;7;0;0;7;7;0;0;0;0;0;0;0;0;0;0;7;0;0;0;7;7;7;7;0;7;7;0;0;0;7;7;7;7;0;0;0;7;7;7;7;7;7;7;0;0;7;7;7;0;0;7;0;7;0;0;0;0;0;7;7;7;8;0;7;7;7;7;7;7;0;0;0;0;0;0;0;0;0;7;7;0;0;0;0;0;0;0;0;0;0;0;0;0;0;0;0;0;0;0;0;0;0;0;0;0;0;0;0;0;0;0;0;0;0;0;0;0;0;0;0;0;0;0;0;7;0;0;0;0;0;0;0;0;0;0;0;0;0;0;7;0;0;0;0;0;0;0;0;0
7;7;0;0;0;0;0;0;0;0;0;0;0;0;0;0;0;0;0;0;0;0;0;0;0;7;7;0;7;0;7;0;0;0;0;0;0;0;0;7;0;7;7;7;0;7;0;7;7;0;0;0;7;7;7;0;0;0;0;0;0;0;0;7;0;0;0;0;7;0;0;0;7;7;0;7;0;0;0;7;7;0;0;0;0;0;0;7;7;7;7;7;0;7;7;7;7;0;0;0;7;0;0;0;0;0;0;0;0;0;0;0;0;0;0;0;0;0;0;0;0;0;0;0;0;0;0;0;0;0;7;0;0;0;0;0;0;0;0;0;0;0;0;0;0;0;0;0;0;0;0;0;0;0;0;0;0;0;0;0;0;0;0;0;0;0;0;0;0;0;0;0;0;0;0;0;0;0;0
7;7;0;0;0;0;0;0;0;0;0;0;0;0;0;0;0;0;0;0;7;7;0;0;7;7;0;0;0;0;7;0;0;0;0;0;0;7;7;0;0;0;7;0;0;7;7;7;7;7;0;0;7;7;7;7;7;7;7;7;7;0;0;0;0;0;0;0;7;0;0;7;0;0;0;0;0;0;0;0;0;0;7;7;7;7;0;0;7;7;7;7;7;7;7;7;7;7;0;0;7;7;0;0;0;0;0;0;0;0;0;0;0;0;0;0;0;0;0;0;0;0;0;0;0;0;0;0;0;0;0;0;0;7;0;0;0;0;0;0;0;0;0;0;0;0;0;0;0;0;0;0;0;0;0;0;0;0;0;0;0;0;0;0;0;0;0;0;7;0;0;0;0;0;0;0;0;0;7
0;0;0;0;0;0;0;0;7;0;0;0;0;0;7;0;0;0;0;0;0;0;0;0;0;7;0;7;7;0;7;0;7;7;7;0;0;0;0;0;7;0;7;7;0;0;7;7;7;7;0;0;0;7;7;7;7;0;0;7;7;7;0;0;0;0;0;0;0;0;7;7;0;0;0;0;0;0;0;0;0;7;7;7;8;7;0;7;7;7;7;7;7;7;0;7;8;0;7;7;7;0;0;0;0;7;0;0;0;0;0;0;0;0;0;0;7;0;0;0;0;0;0;0;0;0;0;0;0;0;0;0;0;0;0;0;0;0;0;0;0;0;0;0;0;0;0;0;0;0;0;0;0;0;0;0;0;0;0;0;0;0;0;0;0;0;0;0;0;0;0;0;0;0;0;0;0;0;0
0;0;0;0;0;0;0;0;0;0;0;0;0;0;7;0;0;0;0;0;0;7;7;0;0;7;7;7;7;7;0;0;7;0;0;0;0;0;0;0;0;0;0;0;7;7;7;7;7;0;7;7;0;7;7;0;7;0;0;0;0;7;7;7;0;0;7;7;0;0;7;7;7;7;7;0;0;0;0;7;7;7;7;7;7;0;7;7;7;0;7;8;8;8;7;8;7;7;7;0;0;0;0;0;0;0;7;0;0;0;7;0;0;0;0;0;0;0;0;0;0;0;0;0;0;0;0;0;0;0;0;0;0;0;0;0;0;0;0;0;0;0;0;0;0;0;0;0;0;0;0;0;0;0;0;0;0;0;0;0;0;0;0;0;0;0;0;0;0;0;0;0;0;0;0;0;0;0;0
0;0;0;0;0;0;0;0;0;0;7;0;0;0;0;0;0;0;0;0;0;0;7;0;0;7;7;0;0;7;0;0;7;0;0;7;7;0;0;7;7;7;7;0;0;0;0;0;0;0;0;7;0;7;7;7;7;7;0;0;7;7;7;0;0;7;7;7;0;0;0;0;7;7;7;0;0;0;7;0;7;7;0;7;7;7;7;0;7;7;7;7;7;7;7;7;7;7;7;7;0;0;0;0;0;0;0;7;0;0;7;7;0;0;0;0;0;0;7;0;0;0;0;0;0;0;0;7;0;0;0;0;0;0;0;0;0;0;0;0;0;0;0;0;0;0;0;0;0;0;0;0;0;0;0;0;0;0;0;0;0;0;0;0;7;0;0;0;0;0;0;0;0;0;0;0;0;0;7
0;0;0;0;0;0;0;0;0;0;7;0;0;0;0;0;7;0;0;0;0;0;0;0;0;0;7;0;7;0;7;0;0;7;7;7;7;7;7;7;0;0;7;0;0;7;0;0;0;0;7;7;7;7;0;0;0;0;7;0;7;7;0;0;0;7;7;7;0;7;7;0;7;7;7;0;7;0;0;0;7;7;7;7;7;7;0;0;0;0;0;7;7;7;8;7;7;7;7;0;0;7;0;7;0;0;0;7;0;0;0;0;0;0;0;7;0;0;0;0;0;0;0;0;0;0;0;0;0;0;0;0;0;0;0;0;0;7;0;0;0;0;0;0;0;0;0;0;0;0;0;0;0;0;0;7;0;0;0;0;0;0;0;0;0;0;0;0;0;0;0;0;0;0;0;0;0;0;0
0;0;0;0;0;7;0;0;0;0;0;0;0;0;7;0;0;0;0;0;0;7;7;0;0;7;7;0;7;7;7;7;7;7;7;7;7;7;0;0;0;0;0;0;7;0;0;0;7;0;0;7;7;7;0;0;0;0;0;0;0;7;0;0;0;0;7;0;0;7;0;7;7;0;0;0;0;7;0;0;0;7;0;0;0;7;7;7;7;7;7;7;8;7;7;7;8;7;7;0;7;0;0;0;0;0;0;0;0;0;0;0;0;7;0;0;0;0;0;0;0;0;0;0;0;0;0;0;0;0;0;0;0;0;0;0;0;0;0;0;0;0;0;0;0;0;0;0;0;0;0;0;0;0;0;0;0;0;0;0;0;0;0;0;0;0;0;0;0;0;0;0;0;0;0;0;0;0;0
0;0;0;0;7;7;0;0;0;0;0;0;0;0;0;0;0;0;7;7;0;0;7;7;7;7;0;0;7;0;7;7;0;0;0;0;0;7;0;0;0;0;0;0;7;0;7;7;7;0;0;7;0;7;7;7;7;7;0;0;0;7;0;0;0;0;0;0;0;7;7;7;0;0;0;0;7;7;7;0;0;0;0;7;7;7;7;7;7;7;7;7;8;7;7;7;7;7;7;7;7;0;0;0;0;0;0;0;0;0;0;7;0;0;0;0;0;7;0;0;0;0;0;0;0;0;0;0;0;0;0;0;0;0;0;0;0;0;0;0;0;0;0;0;0;0;0;0;0;0;0;0;0;0;0;0;0;7;0;0;0;0;0;0;0;0;0;0;0;0;0;0;0;0;7;0;0;0;0
0;0;0;0;0;0;0;0;0;0;0;0;0;0;0;0;0;0;0;8;0;0;0;7;7;0;0;0;0;7;7;7;7;0;0;7;0;7;7;7;7;0;0;0;7;7;0;7;7;0;0;7;7;7;0;8;7;0;0;0;0;7;0;0;0;0;0;7;7;7;7;7;7;7;0;7;7;0;7;0;7;7;7;7;7;7;7;0;7;7;7;7;7;7;7;7;7;7;7;7;7;0;0;0;0;0;0;0;0;0;0;0;0;0;7;0;0;0;0;0;0;0;0;0;0;0;0;0;0;0;0;0;0;0;0;0;0;7;0;0;7;0;0;0;0;0;0;0;0;0;0;7;0;0;0;0;0;0;0;0;0;0;0;0;0;0;0;0;0;0;0;0;0;0;0;0;0;0;0
0;0;0;0;0;0;0;0;0;0;0;0;7;0;0;0;0;7;0;7;0;0;7;7;7;7;0;0;7;7;7;0;7;7;7;0;0;0;7;7;0;0;0;7;7;7;0;7;0;0;0;7;7;7;7;0;0;7;0;7;0;7;0;7;0;0;0;7;7;7;7;7;7;0;0;7;0;0;0;0;7;0;0;7;7;7;8;7;7;7;0;7;7;8;0;7;7;7;8;7;7;0;0;7;0;0;7;0;0;0;0;0;0;0;7;7;0;0;0;0;0;0;0;0;0;0;0;0;0;0;0;0;0;0;0;0;0;0;0;0;0;0;0;0;0;0;0;0;0;0;0;0;0;0;0;0;0;0;7;0;0;0;0;0;0;0;0;0;0;0;0;0;0;0;0;0;0;0;0
0;0;0;7;0;0;0;0;0;0;0;0;0;0;0;0;7;0;0;7;7;0;7;0;0;0;0;0;0;0;0;0;7;0;0;0;0;0;0;7;0;0;0;0;0;0;0;0;0;7;7;0;7;7;0;0;0;7;7;0;0;0;0;0;7;7;7;0;7;7;0;0;0;0;7;7;0;7;7;7;7;7;0;7;7;7;7;7;0;7;7;7;7;7;7;7;7;7;7;7;0;0;0;0;0;0;0;0;7;7;0;0;0;0;0;0;0;0;0;0;0;0;0;0;7;0;0;0;0;0;0;0;0;0;0;0;0;0;0;0;0;0;0;0;0;0;0;0;0;0;0;0;0;0;0;0;0;0;0;0;0;0;0;0;0;0;0;0;0;0;7;0;0;0;0;0;0;0;0
0;0;0;0;0;0;0;0;0;0;0;0;0;0;0;0;0;0;0;0;0;0;7;0;0;7;0;0;0;0;0;0;7;0;0;0;7;7;0;0;7;7;0;7;7;7;7;7;0;7;7;0;7;7;0;0;0;0;7;7;7;0;0;0;7;7;7;0;0;7;0;0;0;0;7;0;7;7;7;7;7;7;7;7;7;0;7;7;7;0;7;7;7;7;7;7;7;7;7;0;0;0;0;0;0;0;0;0;0;0;0;0;0;0;0;0;0;0;0;0;0;0;0;0;7;0;0;0;0;0;0;0;0;0;0;0;0;0;0;0;0;0;0;0;0;0;0;0;0;0;0;0;0;0;0;0;0;0;0;0;0;0;0;0;0;0;0;7;0;0;0;0;0;0;0;0;0;0;0
0;0;0;0;0;0;0;0;0;0;0;0;0;0;0;0;0;0;7;0;7;7;8;0;0;0;0;0;0;0;0;0;0;0;7;0;0;0;0;0;0;7;7;7;7;0;7;0;0;0;0;7;0;7;0;0;0;0;0;0;7;0;7;7;7;0;7;7;0;7;0;7;7;0;7;7;0;7;7;0;0;0;0;7;7;7;7;0;7;7;7;7;7;7;7;7;0;0;7;7;0;0;0;0;0;0;0;0;0;0;0;0;0;0;0;0;0;0;0;0;0;0;0;0;0;0;0;0;0;0;0;0;0;0;0;0;0;0;0;0;0;0;0;0;0;0;0;0;0;0;0;0;0;0;0;0;0;0;0;0;0;0;0;0;0;0;0;0;0;0;0;0;0;0;0;0;0;0;0
0;0;0;0;0;0;0;0;0;0;0;0;0;0;0;0;7;0;0;7;7;0;7;0;7;7;7;7;0;0;7;0;0;0;0;7;0;7;0;7;0;7;0;7;7;0;7;7;0;0;0;0;0;7;7;7;0;0;0;0;7;0;0;7;7;0;0;0;0;7;0;7;7;0;0;7;7;7;7;7;7;0;0;7;7;7;7;7;7;8;8;7;7;8;7;7;7;7;7;7;0;0;0;7;0;0;0;0;0;0;0;7;0;0;0;0;0;0;0;0;0;0;0;0;0;0;0;0;7;0;0;0;0;0;0;0;0;0;0;0;0;0;7;0;0;0;0;0;0;0;0;0;0;0;0;0;0;0;0;0;0;0;0;0;0;0;0;0;0;0;0;0;0;0;0;0;0;0;0
0;0;0;0;0;0;7;0;0;0;0;0;0;0;0;0;0;0;0;7;7;7;7;7;7;0;7;0;7;7;7;7;7;7;0;0;0;7;7;7;7;7;7;0;7;0;0;0;0;0;0;7;0;7;7;7;0;7;7;7;0;7;0;0;7;7;7;0;0;0;0;7;7;7;0;0;7;7;7;7;7;7;7;7;7;8;7;7;7;0;7;7;7;8;7;7;7;7;0;0;0;0;0;7;0;0;0;0;0;0;0;7;0;0;0;0;0;0;0;0;0;0;0;0;0;0;0;0;0;0;0;0;0;0;0;0;0;0;0;0;0;0;0;0;0;0;0;0;0;0;0;0;7;0;0;0;0;0;0;0;0;0;0;0;0;0;0;0;0;0;0;0;0;0;7;0;0;0;0
0;0;0;0;0;0;0;0;0;7;0;0;7;0;0;0;0;7;7;0;0;0;7;8;7;0;7;0;0;0;0;7;0;7;7;7;7;7;7;0;7;0;7;0;7;0;7;7;7;0;7;7;7;7;7;7;7;7;7;7;7;7;7;0;0;7;7;7;7;7;0;0;7;7;0;7;7;7;7;7;0;7;7;7;7;7;7;7;7;7;7;0;7;7;7;7;7;7;0;0;0;0;0;0;0;0;0;0;0;0;0;0;7;0;0;0;0;0;0;0;0;0;0;0;0;0;0;0;0;0;0;0;0;0;0;0;0;0;0;0;0;0;0;0;0;0;0;7;0;0;0;0;0;0;0;0;0;0;0;0;0;0;0;7;0;0;0;0;0;0;0;0;0;0;0;0;0;0;0
0;0;0;0;0;0;0;0;0;0;0;0;0;0;0;0;0;7;0;0;0;0;0;0;0;0;7;7;7;0;7;7;7;7;7;7;7;0;0;0;0;7;0;0;0;0;7;7;0;7;7;7;0;7;7;0;7;7;7;7;0;7;7;7;7;7;7;7;7;7;7;7;7;7;7;7;7;8;7;7;0;7;7;7;7;7;7;7;7;7;0;0;7;7;7;7;7;0;0;7;0;0;0;0;0;0;0;0;0;0;0;0;7;0;0;0;0;0;0;0;0;0;0;0;0;0;0;0;0;0;0;0;0;0;0;0;0;0;0;0;0;0;0;0;0;0;0;0;7;0;0;0;0;0;0;7;0;0;0;0;0;0;0;0;0;0;0;0;0;0;0;0;0;0;0;0;0;0;0
0;0;0;0;0;0;0;0;0;0;0;0;0;0;7;7;0;0;0;0;0;7;7;7;7;7;7;7;7;0;0;0;0;0;0;7;7;7;0;7;7;0;0;7;7;7;7;0;0;0;0;7;0;0;7;0;0;7;7;0;7;7;7;0;7;0;0;7;7;7;0;7;7;7;8;7;0;7;7;7;7;7;7;7;7;7;7;7;7;7;7;7;7;7;7;7;0;7;0;0;7;7;7;0;0;0;0;0;0;0;0;0;0;0;0;0;0;0;0;0;0;0;0;0;0;0;0;0;0;0;0;0;0;0;0;0;0;0;0;0;0;0;0;0;0;0;0;0;7;0;0;0;0;0;0;0;0;0;0;0;0;7;0;0;0;0;0;0;0;0;0;0;0;0;0;0;0;0;0
0;0;0;0;0;0;0;0;0;0;0;0;0;0;0;0;0;0;7;0;0;7;0;0;7;7;0;7;7;0;0;0;7;0;0;0;7;0;0;7;7;0;7;0;0;0;7;7;7;0;7;8;0;7;7;0;0;7;0;0;7;7;0;7;7;7;7;7;7;7;7;7;8;7;7;7;7;7;7;7;7;7;8;8;7;7;7;0;7;7;7;7;7;7;0;7;0;7;0;0;0;7;0;0;0;7;0;0;0;0;0;0;0;0;0;0;0;0;0;0;0;0;0;0;0;0;0;0;0;0;0;0;0;0;0;0;0;7;0;0;7;7;0;0;0;0;0;0;0;0;0;0;0;0;0;0;0;0;0;0;0;0;0;0;0;0;0;0;0;0;0;0;0;0;0;0;0;0;0
0;0;0;0;0;0;0;0;0;0;0;0;0;0;0;7;0;0;0;0;7;8;7;7;7;7;7;7;7;0;0;0;7;0;7;0;0;0;7;7;0;0;7;7;0;0;7;7;0;0;0;7;0;7;7;7;0;0;7;0;7;7;7;7;7;7;7;7;7;7;7;7;7;7;7;7;7;7;8;7;7;0;7;0;7;7;7;7;7;7;7;0;7;7;7;7;7;7;7;7;0;0;0;7;0;0;0;7;0;0;0;0;0;7;0;0;0;0;0;0;0;0;0;0;0;0;0;0;0;0;0;0;0;0;0;0;0;7;0;0;0;0;0;0;0;0;0;0;0;0;0;0;0;0;0;0;0;0;0;0;0;0;0;0;0;0;0;0;0;0;0;0;0;0;0;0;0;0;0
0;0;0;0;0;0;0;0;0;0;0;0;0;0;0;7;7;7;0;0;7;7;7;7;7;0;0;0;7;7;7;0;7;0;0;7;0;0;7;7;0;7;0;7;7;7;0;0;0;7;7;7;7;8;7;7;7;0;0;0;7;7;7;0;0;7;7;7;7;7;7;7;7;7;7;7;7;7;8;7;7;7;8;0;7;7;0;0;0;0;0;7;8;7;7;7;7;7;7;0;0;0;0;0;0;0;0;0;0;0;0;0;0;0;0;0;0;0;0;0;7;0;0;0;0;0;0;0;0;0;0;0;0;0;0;0;0;0;0;0;0;0;0;0;0;0;0;0;0;0;0;0;0;0;0;0;0;0;0;0;0;0;0;0;0;0;0;0;0;0;0;0;0;0;0;0;0;0;0
0;0;0;0;0;0;0;0;0;0;0;0;0;0;0;0;7;0;0;0;7;7;7;7;7;0;0;0;7;0;7;7;7;7;7;7;7;7;7;7;7;7;0;0;0;7;7;0;0;0;7;7;7;7;0;7;7;7;0;0;7;7;7;7;7;7;7;7;7;7;7;0;8;7;7;8;8;8;8;7;7;7;0;7;7;7;0;0;7;7;7;8;7;7;7;7;7;0;0;7;7;0;0;0;0;0;0;0;0;0;0;0;0;0;0;0;0;0;0;0;0;0;0;0;0;0;0;0;0;0;0;0;0;0;0;0;0;0;0;0;0;0;0;0;0;0;0;0;0;0;0;0;0;0;0;0;0;0;0;0;0;0;0;0;0;0;0;0;0;0;0;0;0;0;0;0;0;0;0
0;0;0;0;0;0;0;0;0;0;0;0;0;0;0;0;0;0;0;0;7;7;0;7;7;0;0;0;7;0;7;7;7;7;7;7;0;7;7;7;7;7;7;7;0;7;0;0;7;7;7;0;7;7;7;0;0;0;7;7;7;7;0;0;7;7;7;7;7;7;7;0;7;7;7;7;7;7;7;7;7;7;0;0;7;7;0;7;7;7;7;8;7;7;0;7;7;0;7;0;0;0;0;0;0;0;0;0;0;0;0;0;0;0;0;0;0;0;0;0;0;0;0;0;0;0;0;0;0;0;0;0;0;0;0;0;0;0;0;0;0;0;0;0;0;0;0;0;0;0;7;0;0;0;0;0;0;0;0;0;0;0;0;0;0;0;0;0;0;7;0;0;0;0;0;0;0;0;0
0;0;0;0;0;0;0;0;0;7;0;0;0;0;0;0;0;0;0;0;7;0;0;7;7;7;0;0;7;7;7;0;0;0;7;7;0;7;7;7;0;7;0;7;7;7;0;0;7;0;7;7;7;7;7;7;7;0;0;7;0;0;7;7;0;7;7;0;0;7;7;7;7;0;7;7;7;7;8;7;0;0;0;7;7;7;0;0;7;7;7;7;7;7;0;0;7;7;7;0;0;0;0;0;0;0;7;0;0;0;0;0;7;7;0;0;7;0;0;0;0;0;0;0;0;0;7;0;0;0;0;0;0;0;0;0;0;0;7;0;0;0;0;0;0;0;0;0;7;0;0;0;0;0;0;0;0;0;0;0;0;0;0;0;0;7;0;0;0;0;0;0;0;0;0;0;0;0;0
0;0;0;0;0;0;0;0;0;0;0;0;0;0;0;0;0;0;0;0;0;7;7;7;7;0;0;0;7;8;7;0;0;0;7;7;0;7;7;7;0;7;7;7;7;0;7;0;0;0;7;7;7;7;7;7;7;0;7;7;0;7;7;0;0;7;0;7;7;7;7;7;7;7;7;7;7;7;7;7;0;7;7;0;7;7;0;7;7;7;7;7;0;7;7;7;7;7;7;0;7;0;0;0;0;0;0;0;0;0;0;0;0;0;0;0;0;0;7;0;0;0;0;0;0;0;0;0;0;0;0;0;0;0;0;0;0;0;0;0;0;0;0;0;0;0;0;0;0;0;0;0;0;0;0;0;0;0;0;0;0;0;0;0;0;0;0;0;0;0;0;0;0;0;0;0;0;0;7
7;0;0;0;0;0;0;0;0;0;0;0;0;7;0;0;0;0;7;7;7;7;7;0;0;0;0;0;0;0;0;0;7;7;7;7;7;0;7;0;0;7;0;7;0;0;7;7;7;7;7;7;7;7;7;7;7;7;7;7;7;7;0;7;0;0;7;7;7;7;7;7;0;7;8;7;7;7;7;7;7;7;7;7;0;0;0;7;7;7;7;0;7;7;7;0;7;0;0;7;7;0;0;0;0;0;0;0;0;0;0;0;0;0;0;0;0;0;0;0;0;0;0;7;0;0;0;7;7;0;0;0;0;0;0;0;0;0;0;0;0;0;0;0;7;0;0;0;0;0;0;0;0;0;0;0;0;0;0;0;0;0;0;0;0;0;0;0;0;0;0;0;0;0;0;0;0;0;0
0;0;0;0;0;0;0;0;0;0;0;0;0;0;0;0;0;7;7;0;0;7;7;0;7;0;0;0;0;0;0;0;7;0;0;7;7;7;0;0;0;0;7;0;0;0;0;0;0;0;7;0;7;7;7;0;0;7;7;0;7;7;7;8;0;7;7;0;7;7;7;7;7;8;7;7;7;7;0;7;7;0;7;7;7;7;7;7;7;7;7;0;0;7;0;7;7;7;0;7;0;0;0;0;0;0;0;0;0;0;0;0;0;0;0;0;0;0;0;0;0;0;0;0;0;0;7;0;0;0;0;0;0;0;0;0;0;0;0;0;0;0;7;0;0;0;7;0;0;0;0;0;0;0;0;0;0;0;0;7;0;0;0;0;0;0;0;0;0;0;0;0;0;0;0;0;0;0;0
0;7;0;0;0;0;0;0;0;0;0;0;0;0;0;0;0;0;0;0;0;0;0;0;7;0;7;7;0;0;0;0;7;0;0;0;7;7;7;0;0;0;0;0;0;0;7;0;0;0;7;7;7;7;7;7;7;7;7;7;7;0;7;7;0;7;7;7;7;7;0;7;7;7;8;7;7;7;7;7;7;7;7;8;7;7;7;7;7;7;7;7;7;7;7;7;7;7;0;0;0;0;0;0;0;0;0;0;0;0;0;0;0;0;0;0;0;0;0;0;0;0;0;0;0;0;0;0;0;0;0;0;0;0;0;0;0;0;0;0;0;0;7;0;0;0;0;0;0;0;0;0;0;0;0;0;0;0;0;0;0;0;0;0;0;0;0;0;0;0;0;0;0;0;0;0;0;0;0
0;0;0;0;0;0;0;0;0;0;0;0;0;0;0;7;7;0;0;0;0;0;0;0;0;0;0;0;0;0;0;0;0;0;0;0;0;0;0;0;7;7;0;0;0;0;7;7;0;0;7;7;0;0;0;7;0;0;7;7;7;7;7;0;0;7;8;7;7;8;7;7;7;0;7;7;7;7;7;7;0;7;7;7;7;7;7;7;7;8;0;7;7;7;8;0;0;7;7;0;7;7;0;0;0;0;0;0;7;0;0;0;0;0;0;0;0;0;0;0;0;0;0;0;0;0;0;0;0;0;0;0;0;0;0;0;0;0;0;0;0;0;0;0;0;0;0;0;0;0;0;7;7;0;0;0;0;0;7;0;0;0;0;0;0;0;0;0;7;0;0;0;0;0;0;0;0;0;0
0;0;0;0;0;0;0;0;0;0;0;0;7;7;0;7;0;0;0;0;7;7;0;0;0;0;0;0;0;7;0;0;0;0;0;7;7;0;7;0;0;7;0;0;0;0;7;7;7;0;7;7;0;0;0;0;0;0;7;7;7;7;8;7;7;7;8;7;8;8;7;7;7;7;7;7;8;8;7;7;0;7;8;8;7;7;7;8;7;8;7;7;8;7;7;0;0;7;0;0;0;0;0;0;7;0;0;0;0;0;0;0;0;0;0;0;0;0;0;0;0;0;0;0;0;0;0;0;0;0;0;0;0;0;0;0;0;0;0;0;0;0;0;0;0;0;0;0;0;0;0;0;0;0;0;0;0;0;0;0;0;0;0;0;0;0;0;0;0;0;0;0;0;7;0;0;0;0;0
0;0;0;0;0;0;0;0;0;0;0;0;7;0;0;0;0;0;0;0;0;0;0;0;0;0;0;0;7;7;0;0;7;0;0;7;0;0;0;0;0;7;0;0;7;7;0;7;0;0;7;7;7;0;7;7;7;0;7;7;7;7;7;7;8;7;7;7;0;7;7;8;7;7;7;7;7;7;7;7;7;8;8;7;7;7;0;7;7;7;7;7;7;7;7;0;0;7;0;7;0;0;0;0;0;0;0;0;0;0;0;0;0;0;0;0;0;0;0;0;0;0;0;0;0;0;0;0;0;0;0;0;0;0;0;0;0;0;0;0;0;0;0;0;0;0;7;0;0;0;0;0;0;0;0;0;0;0;0;0;0;0;0;0;0;0;0;0;0;0;0;0;0;0;0;0;0;0;0
0;0;0;0;0;0;0;0;0;0;0;0;0;0;0;0;0;0;7;7;0;0;0;0;0;0;0;0;0;7;0;7;7;7;7;7;7;7;7;7;7;7;7;0;7;7;7;0;0;0;0;0;7;7;0;7;0;0;0;0;0;7;7;7;8;7;7;0;7;7;7;7;7;0;7;7;7;7;7;0;8;7;7;0;7;7;7;7;7;7;7;7;7;7;7;0;7;7;0;0;0;0;0;0;0;0;0;0;0;0;0;0;0;0;0;0;0;0;0;0;0;0;0;0;0;0;0;0;0;0;0;0;0;0;0;0;0;0;0;7;7;0;0;0;0;0;0;0;0;0;0;0;0;0;0;0;0;0;0;0;0;0;0;0;0;0;0;0;0;0;0;0;0;0;0;0;0;0;0
0;0;0;0;0;0;0;0;0;0;0;0;0;7;0;0;7;0;7;0;7;0;0;0;0;0;7;7;7;7;0;0;0;7;7;7;7;7;7;0;7;0;7;0;0;7;7;0;0;0;7;7;7;0;0;7;0;0;0;7;7;7;0;7;7;7;0;0;7;7;7;7;7;7;7;7;7;7;7;8;7;7;7;7;7;8;7;7;8;7;7;8;7;7;7;0;7;7;7;0;0;0;0;0;0;0;0;0;0;0;0;0;0;0;0;0;7;0;0;0;0;0;0;0;0;0;0;0;0;0;0;0;0;0;0;0;0;0;0;0;0;0;0;0;0;0;0;0;0;0;0;0;0;0;0;0;0;0;0;0;0;0;0;0;0;0;0;0;0;0;0;0;0;0;0;0;0;0;0
7;0;0;0;0;0;7;0;0;0;0;0;0;0;0;0;0;0;7;7;0;0;0;0;0;0;0;0;7;7;7;0;0;0;0;7;7;7;0;7;7;0;7;0;0;7;0;0;0;0;0;0;0;0;0;0;0;0;0;0;7;7;7;7;7;7;7;0;0;0;7;7;7;7;7;7;7;7;7;7;7;0;7;7;7;7;7;0;7;7;7;7;0;0;7;7;7;0;7;0;0;0;0;0;0;0;0;0;0;0;0;7;0;7;0;0;0;0;0;0;0;0;7;0;0;0;0;0;0;0;0;7;0;0;0;0;0;0;0;0;0;0;0;0;0;0;0;0;0;0;0;0;0;0;0;0;0;0;0;0;0;0;0;0;0;0;0;0;0;0;0;0;0;0;0;0;0;0;0
0;0;0;0;0;0;0;0;0;0;0;7;0;0;0;0;7;0;0;7;0;0;7;0;0;0;0;0;0;7;0;7;0;7;0;0;0;7;0;7;0;0;0;0;7;7;0;7;0;0;0;7;0;0;0;0;0;7;7;7;7;0;7;0;0;7;7;0;0;0;7;7;8;7;7;7;7;7;7;7;7;7;7;7;7;7;0;0;7;7;0;7;0;0;7;7;7;7;7;0;0;0;0;0;0;0;0;0;0;0;0;0;0;0;0;0;0;0;0;0;0;0;8;0;0;0;0;0;0;0;0;0;0;0;0;0;0;0;0;0;0;0;0;0;0;0;0;0;7;0;7;0;0;0;0;0;0;0;0;0;0;0;0;0;0;0;0;0;0;0;0;0;0;0;0;0;0;0;0
0;0;0;0;0;0;0;0;0;0;0;0;7;0;0;0;7;0;0;0;0;0;7;7;7;0;0;0;0;0;0;7;7;7;0;7;7;7;0;0;0;0;0;7;0;7;0;0;0;0;7;0;0;7;0;0;7;7;7;7;7;0;7;7;0;7;7;0;7;8;7;7;7;7;7;7;7;7;7;0;7;7;7;7;7;7;0;7;7;0;0;0;0;0;7;0;7;7;0;0;7;7;0;0;0;0;0;0;0;0;0;0;0;0;0;0;0;0;0;0;0;0;0;0;0;0;0;0;0;0;0;0;0;0;0;0;0;0;0;0;0;0;0;0;0;0;0;0;0;0;0;0;0;0;0;0;0;0;0;0;0;0;0;0;0;0;0;0;0;0;0;7;0;0;0;0;0;0;0
0;0;0;0;0;0;0;0;0;0;0;0;0;0;0;0;7;0;0;0;7;0;0;0;0;0;0;0;0;7;0;7;7;7;7;0;0;0;0;0;0;0;0;7;0;0;0;0;7;0;0;0;7;0;0;0;0;7;0;0;7;0;7;0;0;7;0;0;7;7;7;8;7;7;7;7;7;0;0;7;7;7;7;7;7;0;7;7;0;7;7;7;7;0;0;7;7;7;0;0;0;0;0;0;0;0;0;0;0;0;0;0;0;0;0;0;0;0;7;0;0;0;0;0;0;0;0;0;0;0;7;0;0;0;0;0;0;0;0;0;0;0;0;0;0;0;0;0;0;0;0;0;0;7;0;0;0;0;0;0;0;0;0;0;0;0;0;0;0;0;0;0;0;0;0;0;0;7;0
0;0;0;0;0;0;0;0;0;0;0;0;0;0;0;0;0;0;0;0;0;0;0;0;0;7;0;0;0;0;0;7;7;0;0;0;0;0;0;0;0;7;7;7;7;7;0;0;0;0;0;0;0;7;7;0;0;7;7;0;0;0;0;0;0;7;0;0;7;7;7;7;7;7;7;8;7;7;7;7;7;7;0;0;7;7;7;0;0;0;7;7;7;7;7;0;0;0;0;0;0;0;0;0;0;0;0;0;0;0;0;0;0;0;7;0;0;0;0;0;0;0;0;0;0;0;0;0;0;0;0;0;0;0;0;0;0;0;0;0;0;0;0;0;0;0;0;0;0;0;0;0;0;0;0;0;0;0;0;0;0;0;0;0;0;0;0;0;0;0;0;0;0;0;0;0;0;0;0
0;0;0;0;0;0;0;0;7;0;0;0;7;0;0;7;0;0;0;0;0;0;0;0;0;0;7;0;0;0;7;7;7;7;0;0;0;7;0;0;7;7;7;0;0;7;0;0;7;7;7;0;0;7;7;0;0;0;0;0;0;0;0;0;0;7;7;0;7;0;7;7;7;7;7;7;8;0;7;7;8;7;7;7;7;7;0;0;7;7;7;7;0;7;0;0;0;0;0;0;0;0;0;0;0;0;0;0;0;0;0;0;0;0;0;0;0;0;0;0;0;0;0;0;0;0;0;0;0;0;0;0;0;0;0;0;0;0;0;0;0;0;0;0;0;0;0;0;0;0;0;0;0;0;0;0;0;0;0;0;0;0;0;0;0;0;0;0;0;0;0;7;0;0;0;0;0;0;0
0;0;0;0;0;0;0;0;0;0;0;0;7;0;0;0;0;7;0;0;7;0;0;0;0;0;0;0;7;0;0;0;0;0;0;0;0;0;0;0;0;7;7;0;7;7;0;7;7;0;7;7;7;0;7;7;0;0;0;0;7;0;0;7;7;7;7;7;7;7;7;0;7;7;7;7;0;0;7;7;7;0;7;7;7;7;7;7;7;0;0;0;0;0;0;7;0;0;0;0;0;0;0;7;0;0;0;0;0;0;0;0;0;0;0;0;0;0;0;0;0;0;0;0;0;0;0;0;0;0;0;0;0;0;0;0;0;0;0;0;0;0;0;0;0;0;0;0;0;0;0;7;0;0;0;0;0;0;0;0;0;0;0;0;0;0;0;0;0;0;7;0;0;0;0;0;0;0;0
0;0;0;0;0;0;0;0;0;0;0;0;0;0;7;7;7;0;0;0;0;0;0;0;0;0;7;0;7;0;7;7;0;0;0;0;0;0;0;7;7;7;7;0;0;7;7;7;0;0;0;0;0;7;7;7;7;7;7;0;0;0;0;7;7;0;0;7;8;0;0;0;7;7;7;7;7;7;0;7;7;7;0;0;7;8;7;0;0;7;0;0;0;7;0;0;0;7;0;0;0;0;0;0;0;0;0;0;0;0;0;0;0;0;0;0;0;0;0;0;0;0;0;0;0;0;0;7;7;0;0;0;0;0;0;0;0;0;0;0;0;0;0;0;0;0;7;0;0;0;0;0;0;0;0;0;0;0;0;0;0;0;0;0;0;0;0;0;0;0;0;0;0;0;0;0;0;0;0
0;0;0;0;7;0;0;0;0;0;0;0;0;0;0;0;0;0;0;7;0;0;0;0;0;0;0;0;7;0;7;0;0;0;0;0;0;0;0;0;0;7;0;0;0;0;7;7;0;0;0;7;0;0;0;0;7;0;0;0;0;0;0;0;0;0;7;8;0;7;7;7;7;7;7;0;0;7;0;0;0;7;0;0;7;7;7;0;0;7;7;0;0;7;0;0;0;0;0;0;0;0;0;0;0;0;0;0;0;0;0;0;0;0;0;0;0;0;0;0;0;0;0;0;0;0;0;0;0;0;0;0;0;0;0;0;0;0;0;7;0;0;0;0;0;0;0;0;0;0;0;0;0;0;0;0;0;0;0;0;0;0;0;0;0;0;0;0;0;0;0;0;0;0;7;7;0;0;0
0;0;0;0;0;0;7;0;0;7;0;0;0;0;0;0;0;0;0;7;7;0;0;0;0;0;0;0;7;7;0;0;0;0;0;0;0;0;7;0;0;7;0;0;0;0;7;7;7;0;0;0;7;0;0;0;7;7;0;0;0;0;0;0;0;7;7;7;7;7;0;7;7;0;0;0;0;0;0;7;0;0;0;0;0;7;0;0;0;0;0;0;0;0;0;0;7;0;0;0;0;0;0;0;0;7;0;0;0;0;0;0;0;0;0;0;0;0;0;0;0;0;0;0;0;0;0;0;0;0;0;0;0;0;0;0;0;0;7;0;0;0;0;0;0;0;0;0;0;0;0;0;0;0;0;0;0;0;0;0;0;0;0;0;0;0;0;0;0;0;0;0;0;0;0;0;0;0;0
0;0;0;0;0;0;0;0;0;0;0;0;0;7;0;0;0;0;0;0;0;0;0;0;0;0;0;7;0;7;0;7;0;0;0;7;0;0;0;8;7;7;0;0;0;0;0;7;7;0;0;0;0;0;0;0;0;0;0;0;0;0;0;7;0;7;0;0;0;0;7;7;0;7;7;7;0;0;0;7;0;0;7;7;7;7;0;0;0;7;7;7;7;0;0;7;0;0;0;0;0;0;0;0;0;0;0;0;0;0;0;0;0;0;0;0;0;0;0;0;0;0;7;0;0;0;0;0;7;0;0;0;0;0;0;0;0;0;0;0;0;0;0;0;0;0;0;0;0;0;0;0;0;0;0;0;0;0;0;0;0;0;0;0;0;0;0;0;0;0;0;0;0;0;0;0;0;0;0
0;0;0;0;0;0;0;0;7;0;0;0;7;0;0;0;0;0;0;0;0;7;0;0;7;0;0;0;0;0;0;0;7;0;0;8;7;7;0;0;0;0;7;7;7;7;7;7;7;0;0;0;0;0;7;0;0;0;7;0;0;0;7;7;0;0;0;7;0;7;7;7;7;7;7;7;0;0;0;0;0;7;7;0;7;0;0;0;7;7;7;0;0;0;0;0;0;0;0;0;0;7;0;0;7;7;0;0;0;0;0;0;0;0;0;0;0;0;0;0;0;0;7;0;0;0;0;0;0;0;0;0;0;0;0;0;0;0;0;0;0;0;0;0;0;0;0;0;0;0;0;0;0;0;0;0;0;0;0;0;0;0;0;0;0;0;0;0;0;0;0;0;0;0;0;0;0;0;0
0;0;0;0;0;7;0;0;0;0;0;0;0;0;0;0;0;0;7;0;0;0;0;0;0;0;0;0;0;0;0;0;7;0;0;7;0;0;0;0;0;0;7;7;7;0;0;0;0;7;0;0;7;0;0;0;0;7;0;0;0;7;7;0;0;7;7;7;7;7;7;7;7;7;7;7;0;0;0;0;0;7;7;0;0;0;0;0;7;7;0;0;0;0;7;0;0;0;7;0;0;0;7;0;0;0;0;0;0;0;0;0;0;0;0;0;0;0;0;0;0;0;0;0;0;0;0;0;0;0;0;0;0;0;0;0;0;0;0;0;0;0;0;0;0;0;0;0;0;0;0;0;0;0;0;0;0;0;0;0;0;0;0;0;0;0;0;0;0;0;0;0;0;0;0;0;0;0;0
0;0;0;0;0;0;0;0;0;0;0;0;0;0;0;0;0;0;0;0;0;0;0;7;0;0;0;0;0;7;0;7;7;7;7;7;0;7;7;0;0;7;7;0;0;7;0;0;0;7;0;0;7;7;0;0;0;0;0;0;0;0;0;0;7;7;0;7;7;0;0;0;0;0;7;7;0;0;0;0;0;0;0;0;0;7;0;0;7;0;0;0;0;0;0;0;0;0;0;0;0;7;0;0;0;0;0;0;0;0;0;0;0;0;0;0;0;0;0;0;0;0;0;0;0;0;0;0;0;0;0;0;0;0;0;0;0;0;0;0;0;0;0;0;0;0;0;7;0;0;0;0;0;0;0;0;0;0;0;0;0;0;0;0;0;0;0;0;0;0;0;0;0;0;0;0;0;7;0
0;0;0;0;0;0;0;0;0;7;0;0;0;0;0;0;7;0;0;0;0;0;0;0;0;0;0;0;0;0;0;0;0;0;0;0;0;0;0;0;0;0;0;7;0;0;0;7;7;0;0;0;0;0;0;0;0;0;7;0;0;0;0;0;0;7;0;7;7;0;0;7;7;0;0;7;0;0;7;0;0;0;7;7;0;0;0;0;0;0;7;0;0;0;0;0;0;0;0;0;0;7;0;0;0;0;0;0;0;0;0;0;0;0;0;0;0;0;0;0;0;0;0;0;0;0;0;0;0;0;0;0;0;0;0;0;0;0;0;0;0;0;0;0;7;7;7;0;0;0;0;0;0;0;0;0;0;0;0;0;0;0;0;0;0;0;0;0;0;0;0;0;0;0;0;0;0;0;0
0;0;0;0;0;0;0;7;0;0;0;0;0;0;0;0;0;0;0;0;0;0;0;0;0;0;0;0;0;0;7;0;0;0;0;0;0;0;0;0;0;0;0;7;0;0;0;0;0;0;0;0;0;0;0;0;0;0;0;0;0;0;0;0;7;0;0;0;0;0;0;0;0;0;0;7;7;0;0;0;0;0;7;7;0;0;0;7;0;0;0;0;0;0;7;0;0;0;0;0;0;0;0;0;0;0;7;0;0;0;0;0;0;0;0;0;0;0;0;0;0;0;0;7;0;0;0;0;0;0;0;0;0;0;0;0;0;0;0;0;0;0;0;0;0;0;0;0;0;0;0;0;0;0;0;0;0;0;0;0;0;0;0;0;0;0;0;0;0;0;0;0;0;0;0;0;0;0;0
0;0;0;0;0;0;0;7;0;0;0;0;0;0;0;0;0;0;0;0;0;7;0;0;7;0;0;7;0;0;0;0;0;0;0;0;0;7;7;0;0;0;0;0;0;0;0;0;0;0;0;0;0;0;0;0;0;0;7;7;0;0;0;0;7;7;0;0;0;7;0;0;7;7;0;7;7;0;0;0;0;0;7;7;0;0;0;0;0;0;0;0;0;0;0;0;0;0;0;0;0;0;0;0;0;0;0;0;0;0;0;0;0;0;0;0;0;0;0;0;0;0;0;0;0;0;0;0;0;0;0;0;0;0;0;0;0;0;0;0;0;0;0;0;0;0;0;0;0;0;0;0;0;0;0;0;0;0;0;0;0;0;0;0;0;0;0;0;0;7;7;0;0;0;7;7;0;0;0
0;0;0;0;0;0;0;0;0;0;0;0;0;0;0;0;0;0;0;0;0;0;0;0;0;0;0;0;0;0;0;0;0;0;0;0;0;0;0;0;0;0;0;0;0;0;0;0;0;0;0;0;0;0;0;0;0;0;7;0;0;0;0;0;0;7;7;0;8;0;0;0;0;7;7;0;0;0;0;0;0;0;0;0;0;0;0;0;7;0;0;0;0;0;7;0;0;0;0;0;0;0;0;0;0;0;0;0;0;7;0;0;0;0;0;0;0;0;0;0;0;0;0;0;0;0;0;0;0;0;0;0;0;0;0;0;0;0;0;0;0;0;0;0;0;0;0;0;0;0;0;0;0;0;0;0;0;0;0;0;0;0;0;0;0;0;0;0;0;0;0;0;0;0;0;0;0;7;0
0;0;0;0;0;0;0;0;7;7;0;0;7;0;0;0;0;0;0;0;0;0;0;0;0;7;7;0;0;0;7;0;0;0;0;0;0;0;0;0;0;0;0;0;0;0;0;0;0;0;7;7;0;0;0;0;0;0;0;7;7;7;0;0;7;7;7;0;0;0;0;0;7;0;7;0;0;0;0;0;0;0;0;0;0;0;0;0;0;0;0;0;0;0;0;0;0;0;0;0;0;0;0;0;0;0;0;0;0;7;7;7;0;0;0;0;0;0;0;0;0;0;0;0;0;0;0;0;0;0;0;0;0;0;7;0;0;0;0;0;0;0;0;0;0;0;0;0;0;0;0;0;0;0;0;0;0;0;0;0;0;0;0;0;0;0;0;0;0;0;0;0;0;0;0;0;0;0;0
0;0;0;0;0;0;0;0;0;7;0;0;0;7;0;0;0;0;0;0;0;0;0;0;0;0;0;0;0;0;0;0;0;0;7;0;0;0;0;0;0;0;0;0;0;0;0;0;0;0;0;0;0;0;0;0;7;0;0;0;0;7;0;0;0;0;7;7;0;0;0;0;0;0;0;0;0;0;0;0;7;0;0;7;0;0;0;0;0;0;0;0;0;0;0;0;0;0;0;0;0;0;0;0;0;0;7;0;7;7;7;0;0;0;0;0;0;0;0;0;0;0;0;0;0;0;0;0;0;0;0;0;0;0;0;0;0;0;0;0;0;0;0;0;7;0;0;0;0;0;0;0;0;0;0;0;0;0;0;0;0;0;0;0;0;0;0;0;0;0;0;0;0;0;0;0;0;0;0
0;0;0;0;0;0;0;0;0;0;0;0;0;0;0;0;0;0;7;0;0;0;0;0;7;7;0;7;0;0;0;0;0;0;0;7;0;0;0;7;0;0;0;0;0;0;0;0;0;0;0;0;0;0;0;0;0;0;0;0;7;7;0;0;0;0;0;0;0;0;0;0;0;0;0;0;0;0;7;7;7;7;0;0;0;0;0;0;0;0;0;0;7;0;0;0;0;0;0;0;0;7;0;0;0;0;0;0;7;0;0;0;0;0;0;0;0;0;0;0;0;0;0;0;0;0;0;0;0;0;0;0;0;0;0;0;0;0;0;0;0;0;0;0;7;0;7;0;0;0;0;0;0;0;0;0;0;0;0;0;0;0;0;0;0;0;0;0;0;0;0;0;0;0;0;0;0;0;0
0;0;0;0;0;0;0;0;0;0;0;0;0;0;0;7;0;0;0;0;0;0;0;0;0;0;0;7;0;0;0;0;0;0;0;7;0;0;0;0;0;0;0;0;0;7;0;0;0;0;0;0;7;0;0;0;0;0;0;0;0;0;0;0;0;0;0;0;7;0;0;0;0;0;0;0;0;7;7;7;7;0;0;7;0;0;7;0;0;0;0;0;0;0;0;0;0;0;0;0;0;7;0;0;0;0;0;0;0;0;0;0;0;0;0;0;0;0;0;0;0;0;0;0;0;0;0;0;0;0;0;0;0;0;0;0;0;7;0;0;0;0;0;0;0;0;0;0;0;0;0;0;0;0;0;0;0;0;0;0;0;0;0;0;0;0;0;0;0;0;0;0;7;0;0;0;0;0;0
0;0;7;7;0;0;0;0;0;0;0;0;0;0;0;0;0;0;0;0;0;0;0;0;0;0;0;0;7;0;0;0;0;0;0;0;0;0;0;0;0;0;0;0;0;0;0;0;0;0;7;0;0;7;0;0;0;0;0;0;0;0;0;0;7;0;0;0;0;0;0;0;0;0;7;0;0;7;0;0;7;0;0;0;0;0;0;0;0;0;0;0;0;0;0;0;0;7;0;0;0;0;0;0;0;0;0;0;0;0;0;0;0;0;0;0;7;0;0;0;0;0;0;0;0;0;0;0;0;0;7;0;0;0;0;0;0;7;0;0;0;0;0;0;0;0;0;0;0;7;0;0;0;0;0;0;0;0;0;0;0;0;0;0;0;0;0;0;0;0;0;0;0;0;0;0;0;0;0
0;0;0;0;0;0;0;0;0;0;0;0;0;0;0;0;0;0;0;0;0;0;0;0;0;0;7;7;0;0;0;0;0;0;0;0;0;0;0;0;0;0;0;7;0;0;0;7;0;0;7;0;0;7;0;0;0;0;0;7;0;0;0;7;0;0;0;0;0;0;0;7;0;0;0;0;0;7;0;0;0;7;7;0;0;0;0;0;7;0;0;0;0;0;0;0;0;0;0;0;0;0;0;0;0;0;0;0;0;0;0;0;0;7;0;0;0;0;0;0;0;0;0;0;0;0;0;0;0;0;0;0;0;0;0;0;0;0;0;0;0;0;0;0;0;0;0;0;0;0;0;0;0;0;0;0;0;0;0;0;0;0;0;0;7;0;0;0;0;0;0;0;0;0;0;0;0;0;0
0;0;0;0;0;0;0;0;0;0;0;0;0;0;0;0;0;0;0;0;0;0;7;7;7;7;0;0;0;0;0;0;0;0;0;0;0;0;0;0;0;0;0;7;0;0;0;0;0;0;0;0;0;0;7;0;0;0;0;0;0;7;0;0;0;8;0;0;0;0;0;0;0;0;0;0;0;0;0;0;0;0;0;0;0;0;0;0;0;0;0;7;0;7;0;0;0;0;0;0;0;0;0;0;0;0;0;0;0;0;0;7;0;0;0;0;0;0;0;0;0;0;7;0;0;0;0;0;0;0;0;0;0;0;0;0;0;0;0;0;0;0;0;0;7;0;0;0;0;0;0;0;0;0;0;0;0;0;0;0;0;0;0;0;0;0;0;0;0;0;0;7;0;0;0;0;0;0;0
0;0;0;0;0;0;0;0;0;0;0;0;0;0;0;0;0;0;0;7;0;0;0;0;0;0;0;0;0;0;0;0;0;0;0;0;0;0;0;0;0;0;0;0;0;0;0;0;7;0;0;0;7;0;0;0;0;7;7;0;0;0;0;0;0;0;0;0;0;0;0;0;7;0;7;0;0;0;0;0;0;0;0;0;0;0;0;7;0;0;0;0;0;0;0;0;0;0;0;0;0;0;0;0;0;0;0;0;0;0;0;0;0;0;0;0;0;0;0;0;7;0;0;0;0;0;0;0;0;0;0;0;0;0;0;0;0;0;0;0;0;0;0;0;0;0;0;0;0;7;0;0;7;0;0;0;0;0;0;0;0;0;0;0;0;0;0;0;0;0;0;0;0;0;0;0;0;0;0
