0;0;0;0;0;0;0;0;0;0;0;0;0;0;0;0;0;0;0;0;0;0;0;0;0;0;0;0;0;0;0;0;0;0;0;0;0;0;0;0;0;0;0;0;0;0;0;0;0;0;0;0;0;0;0;0;0;0;0;0;0;0;0;0;0;0;0;0;0;0;0;0;0;0;0;0;0;0;0
0;0;0;0;0;0;0;0;0;0;0;0;0;0;0;0;0;0;0;0;0;0;0;0;0;0;0;0;0;0;0;0;0;0;0;0;0;0;0;0;0;0;0;0;0;0;0;0;0;0;0;0;0;0;0;0;0;0;0;0;0;0;0;0;0;0;0;0;0;0;0;0;0;0;0;0;0;0;0
0;0;0;0;0;0;0;0;0;0;0;0;0;0;0;0;0;0;0;0;0;0;0;0;0;0;0;0;0;0;0;0;0;0;0;0;0;0;0;0;0;0;0;0;0;0;0;0;0;0;0;0;0;0;0;0;0;0;0;0;0;0;0;0;0;0;0;0;0;0;0;0;0;0;0;0;0;0;0
0;0;0;0;0;0;0;0;0;0;0;0;0;0;0;0;0;0;0;0;0;0;0;0;0;0;0;0;0;0;0;0;0;0;0;0;0;0;0;0;0;0;0;0;0;0;0;0;0;0;0;0;0;0;0;0;0;0;0;0;0;0;0;0;0;0;0;0;0;0;0;0;0;0;0;0;0;0;0
0;0;0;0;0;0;0;0;0;0;0;0;0;0;0;0;0;0;0;0;0;0;0;0;0;0;0;0;0;0;0;0;0;0;0;0;0;0;0;0;0;0;0;0;0;0;0;0;0;0;0;0;0;0;0;0;0;0;0;0;0;0;0;0;0;0;0;0;0;0;0;0;0;0;0;0;0;0;0
0;0;0;0;0;0;0;0;0;0;0;0;0;0;0;0;0;0;0;0;0;0;0;0;0;0;0;0;0;0;0;0;0;0;0;0;0;0;0;0;0;0;0;0;0;0;0;0;0;0;0;0;0;0;0;0;0;0;0;0;0;0;0;0;0;0;0;0;0;0;0;0;0;0;0;0;0;0;0
0;0;0;0;0;0;0;0;0;0;0;0;0;0;0;0;0;0;0;0;0;0;0;0;0;0;0;0;0;0;0;0;0;0;0;0;0;0;0;0;0;0;0;0;0;0;0;0;0;0;0;0;0;0;0;0;0;0;0;0;0;0;0;0;0;0;0;0;0;0;0;0;0;0;0;0;0;0;0
0;0;0;0;0;0;0;0;0;0;0;0;0;0;0;0;0;0;0;0;0;0;0;0;0;0;0;0;0;0;0;0;0;0;0;0;0;0;0;0;0;0;0;0;0;0;0;0;0;0;0;0;0;0;0;0;0;0;0;0;0;0;0;0;0;0;0;0;0;0;0;0;0;0;0;0;0;0;0
0;0;0;0;0;0;0;0;0;0;0;0;0;0;0;0;0;0;0;0;0;0;0;0;0;0;0;0;0;0;0;0;0;0;0;0;0;0;0;0;0;0;0;0;0;0;0;0;0;0;0;0;0;0;0;0;0;0;0;0;0;0;0;0;0;0;0;0;0;0;0;0;0;0;0;0;0;0;0
0;0;0;0;0;0;0;0;0;0;0;0;0;0;0;0;0;0;0;0;0;0;0;0;0;0;0;0;0;0;0;0;0;0;0;0;0;0;0;0;0;0;0;0;0;0;0;0;0;0;0;0;0;0;0;0;0;0;0;0;0;0;0;0;0;0;0;0;0;0;0;0;0;0;0;0;0;0;0
0;0;0;0;0;0;0;0;0;0;0;0;0;0;0;0;0;0;0;0;0;0;0;0;0;0;0;0;0;0;0;0;0;0;0;0;0;0;0;0;0;0;0;0;0;0;0;0;0;0;0;0;0;0;0;0;0;0;0;0;0;0;0;0;0;0;0;0;0;0;0;0;0;0;0;0;0;0;0
0;0;0;0;0;0;0;0;0;0;0;0;0;0;0;0;0;0;0;0;0;0;0;0;0;0;0;0;0;0;0;0;0;0;0;0;0;0;0;0;0;0;0;0;0;0;0;0;0;0;0;0;0;0;0;0;0;0;0;0;0;0;0;0;0;0;0;0;0;0;0;0;0;0;0;0;0;0;0
0;0;0;0;0;0;0;0;0;0;0;0;0;0;0;0;0;0;0;0;0;0;0;0;0;0;0;0;0;0;0;0;0;0;0;0;0;0;0;0;0;0;0;0;0;0;0;0;0;0;0;0;0;0;0;0;0;0;0;0;0;0;0;0;0;0;0;0;0;0;0;0;0;0;0;0;0;0;0
0;0;0;0;0;0;0;0;0;0;0;0;0;0;0;0;0;0;0;0;0;0;0;0;0;0;0;0;0;0;0;0;0;0;0;0;0;0;0;0;0;0;0;0;0;0;0;0;0;0;0;0;0;0;0;0;0;0;0;0;0;0;0;0;0;0;0;0;0;0;0;0;0;0;0;0;0;0;0
0;0;0;0;0;0;0;0;0;0;0;0;0;0;0;0;0;0;0;0;0;0;0;0;0;0;0;0;0;0;0;0;0;0;0;0;0;0;0;0;0;0;0;0;0;0;0;0;0;0;0;0;0;0;0;0;0;0;0;0;0;0;0;0;0;0;0;0;0;0;0;0;0;0;0;0;0;0;0
0;0;0;0;0;0;0;0;0;0;0;0;0;0;0;0;0;0;0;0;0;0;0;0;0;0;0;0;0;0;0;0;0;0;0;0;0;0;0;0;0;0;0;0;0;0;0;0;0;0;0;0;0;0;0;0;0;0;0;0;0;0;0;0;0;0;0;0;0;0;0;0;0;0;0;0;0;0;0
0;0;0;0;0;0;0;0;0;0;0;0;0;0;0;0;0;0;0;0;0;0;0;0;0;0;0;0;0;0;0;0;0;0;0;0;0;0;0;0;0;0;0;0;0;0;0;0;0;0;0;0;0;0;0;0;0;0;0;0;0;0;0;0;0;0;0;0;0;0;0;0;0;0;0;0;0;0;0
0;0;0;0;0;0;0;0;0;0;0;0;0;0;0;0;0;0;0;0;0;0;0;0;0;0;0;0;0;0;0;0;0;0;0;0;0;0;0;0;0;0;0;0;0;0;0;0;0;0;0;0;0;0;0;0;0;0;0;0;0;0;0;0;0;0;0;0;0;0;0;0;0;0;0;0;0;0;0
0;0;0;0;0;0;0;0;0;0;0;0;0;0;0;0;0;0;0;0;0;0;0;0;0;0;0;0;0;0;0;0;0;0;0;0;0;0;0;0;0;0;0;0;0;0;0;0;0;0;0;0;0;0;0;0;0;0;0;0;0;0;0;0;0;0;0;0;0;0;0;0;0;0;0;0;0;0;0
0;0;0;0;0;0;0;0;0;0;0;0;0;0;0;0;0;0;0;0;0;0;0;0;0;0;0;0;0;0;0;0;0;0;0;0;0;0;0;0;0;0;0;0;0;0;0;0;0;0;0;0;0;0;0;0;0;0;0;0;0;0;0;0;0;0;0;0;0;0;0;0;0;0;0;0;0;0;0
0;0;0;0;0;0;0;0;0;0;0;0;0;0;0;0;0;0;0;0;0;0;0;0;0;0;0;0;0;0;0;0;0;0;0;0;0;0;0;0;0;0;0;0;0;0;0;0;0;0;0;0;0;0;0;0;0;0;0;0;0;0;0;0;0;0;0;0;0;0;0;0;0;0;0;0;0;0;0
0;0;0;0;0;0;0;0;0;0;0;0;0;0;0;0;0;0;0;0;0;0;0;0;0;0;0;0;0;0;0;0;0;0;0;0;0;0;0;0;0;0;0;0;0;0;0;0;0;0;0;0;0;0;0;0;0;0;0;0;0;0;0;0;0;0;0;0;0;0;0;0;0;0;0;0;0;0;0
0;0;0;0;0;0;0;0;0;0;0;0;0;0;0;0;0;0;0;0;0;0;0;0;0;0;0;0;0;0;0;0;0;0;0;0;0;0;0;0;0;0;0;0;0;0;0;0;0;0;0;0;0;0;0;0;0;0;0;0;0;0;0;0;0;0;0;0;0;0;0;0;0;0;0;0;0;0;0
0;0;0;0;0;0;0;0;0;0;0;0;0;0;0;0;0;0;0;0;0;0;0;0;0;0;1;0;0;0;0;0;0;0;0;0;0;0;0;0;0;0;0;0;0;0;0;0;0;0;0;0;0;0;0;0;0;0;0;0;0;0;0;0;0;0;0;0;0;0;0;0;0;0;0;0;0;0;0
0;0;0;0;0;0;0;0;0;0;0;0;0;0;0;0;0;0;0;0;0;0;0;0;0;0;0;0;0;0;1;0;0;1;0;0;0;0;0;0;0;0;0;0;0;0;0;0;0;0;0;0;0;0;0;0;0;0;0;0;0;0;0;0;0;0;0;0;0;0;0;0;0;0;0;0;0;0;0
0;0;0;0;0;0;0;0;0;0;0;0;0;0;0;0;0;0;0;0;0;0;0;0;0;0;0;1;1;1;1;0;0;0;0;0;0;0;0;0;0;0;0;0;0;0;0;0;0;0;0;0;0;0;0;0;0;0;0;0;0;0;0;0;0;0;0;0;0;0;0;0;0;0;0;0;0;0;0
0;0;0;0;0;0;0;0;0;0;0;0;0;0;0;0;0;0;0;0;0;0;0;0;0;0;0;1;1;0;1;1;0;0;0;0;0;0;0;0;0;0;0;0;0;0;0;0;0;0;0;0;0;0;0;0;0;0;0;0;0;0;0;0;0;0;0;0;0;0;0;0;0;0;0;0;0;0;0
0;0;0;0;0;0;0;0;0;0;0;0;0;0;0;0;0;0;0;0;0;0;0;0;0;0;0;1;1;1;1;1;1;1;0;0;0;0;0;0;0;0;0;0;0;0;0;0;0;0;0;0;0;0;0;0;0;0;0;0;0;0;0;0;0;0;0;0;0;0;0;0;0;0;0;0;0;0;0
0;0;0;0;0;0;0;0;0;0;0;0;0;0;0;0;0;0;0;0;0;0;0;0;0;0;0;0;0;1;1;1;0;0;0;0;0;0;0;0;0;0;0;0;0;0;0;0;0;0;0;0;0;0;0;0;0;0;0;0;0;0;0;0;0;0;0;0;0;0;0;0;0;0;0;0;0;0;0
0;0;0;0;0;0;0;0;0;0;0;0;0;0;0;0;0;0;0;0;0;0;0;0;0;0;0;0;0;1;1;1;1;0;0;0;0;0;0;0;0;0;0;0;0;0;0;0;0;0;0;0;0;0;0;0;0;0;0;0;0;0;0;0;0;0;0;0;0;0;0;0;0;0;0;0;0;0;0
0;0;0;0;0;0;0;0;0;0;0;0;0;0;0;0;0;0;0;0;0;0;0;0;0;0;0;0;0;1;0;0;0;1;0;0;0;0;0;0;0;0;0;0;0;0;0;0;0;0;0;0;0;0;0;0;0;0;0;0;0;0;0;0;0;0;0;0;0;0;0;0;0;0;0;0;0;0;0
0;0;0;0;0;0;0;0;0;0;0;0;0;0;0;0;0;0;0;0;0;0;0;0;0;0;0;0;0;0;0;1;0;0;0;0;0;0;0;0;0;0;0;0;0;0;0;0;0;0;0;0;0;0;0;0;0;0;0;0;0;0;0;0;0;0;0;0;0;0;0;0;0;0;0;0;0;0;0
0;0;0;0;0;0;0;0;0;0;0;0;0;0;0;0;0;0;0;0;0;0;0;0;0;0;0;0;0;0;0;0;0;0;0;0;0;0;0;0;0;0;0;0;0;0;0;0;0;0;0;0;0;0;0;0;0;0;0;0;0;0;0;0;0;0;0;0;0;0;0;0;0;0;0;0;0;0;0
0;0;0;0;0;0;0;0;0;0;0;0;0;0;0;0;0;0;0;0;0;0;0;0;0;0;0;0;0;0;0;0;0;0;0;0;0;0;0;0;0;0;0;0;0;0;0;0;0;0;0;0;0;0;0;0;0;0;0;0;0;0;0;0;0;0;0;0;0;0;0;0;0;0;0;0;0;0;0
0;0;0;0;0;0;0;0;0;0;0;0;0;0;0;0;0;0;0;0;0;0;0;0;0;0;0;0;0;0;0;0;0;0;0;0;0;0;0;0;0;0;0;0;0;0;0;0;0;0;0;0;0;0;0;0;0;0;0;0;0;0;0;0;0;0;0;0;0;0;0;0;0;0;0;0;0;0;0
0;0;0;0;0;0;0;0;0;0;0;0;0;0;0;0;0;0;0;0;0;0;0;0;0;0;0;0;0;0;0;0;0;0;0;0;0;0;0;0;0;0;0;0;0;0;0;0;0;0;0;0;0;0;0;0;0;0;0;0;0;0;0;0;0;0;0;0;0;0;0;0;0;0;0;0;0;0;0
0;0;0;0;0;0;0;0;0;0;0;0;0;0;0;0;0;0;0;0;0;0;0;0;0;0;0;0;0;0;0;0;0;0;0;0;0;0;0;0;0;0;0;0;0;0;0;0;0;0;0;0;0;0;0;0;0;0;0;0;0;0;0;0;0;0;0;0;0;0;0;0;0;0;0;0;0;0;0
0;0;0;0;0;0;0;0;0;0;0;0;0;0;0;0;0;0;0;0;0;0;0;0;0;0;0;0;0;0;0;0;0;0;0;0;0;0;0;0;0;0;0;0;0;0;0;0;0;0;0;0;0;0;0;0;0;0;0;0;0;0;0;0;0;0;0;0;0;0;0;0;0;0;0;0;0;0;0
0;0;0;0;0;0;0;0;0;0;0;0;0;0;0;0;0;0;0;0;0;0;0;0;0;1;0;0;0;0;1;0;0;0;0;0;0;0;0;0;0;0;0;0;0;0;0;0;0;0;0;0;0;0;0;0;0;0;0;0;0;0;0;0;0;0;0;0;0;0;0;0;0;0;0;0;0;0;0
0;0;0;0;0;0;0;0;0;0;0;0;0;0;0;0;0;0;0;0;0;0;0;0;0;0;0;0;0;0;0;0;0;0;0;0;0;0;0;0;0;0;0;0;0;0;0;0;0;0;0;0;0;0;0;0;0;0;0;0;0;0;0;0;0;0;0;0;0;0;0;0;0;0;0;0;0;0;0
0;0;0;0;0;0;0;0;0;0;0;0;0;0;0;0;0;0;0;0;0;0;0;1;0;0;0;0;0;0;0;0;0;0;0;0;0;0;0;0;0;0;0;0;0;0;0;0;0;0;0;0;0;0;0;0;0;0;0;0;0;0;0;0;0;0;0;0;0;0;0;0;0;0;0;0;0;0;0
0;0;0;0;0;0;0;0;0;0;0;0;0;0;0;0;0;0;0;0;0;1;0;0;0;0;0;0;0;0;0;0;0;0;0;0;0;0;0;0;0;0;0;0;0;0;0;0;0;0;0;0;0;0;0;0;0;0;0;0;0;0;0;0;0;0;0;0;0;0;0;0;0;0;0;0;0;0;0
0;0;0;0;0;0;0;0;0;0;0;0;0;0;0;0;0;0;0;0;0;0;0;0;0;0;0;0;0;0;0;0;0;0;0;0;0;0;0;1;0;0;0;0;0;0;0;0;0;0;0;0;0;0;0;0;0;0;0;0;0;0;0;0;0;0;0;0;0;0;0;0;0;0;0;0;0;0;0
0;0;0;0;0;0;0;0;0;0;0;0;0;0;0;0;0;0;0;0;0;0;0;0;1;0;0;0;0;0;0;0;0;0;0;0;0;0;0;0;0;0;0;0;0;0;0;0;0;0;0;0;0;0;0;0;0;0;0;0;0;0;0;0;0;0;0;0;0;0;0;0;0;0;0;0;0;0;0
0;0;0;0;0;0;0;0;0;0;0;0;0;0;0;0;0;0;0;0;0;0;0;0;0;0;0;0;0;0;0;0;0;0;0;0;0;0;0;0;0;0;0;0;0;0;0;0;0;0;0;0;0;0;0;0;0;0;0;0;0;0;0;0;0;0;0;0;0;0;0;0;0;0;0;0;0;0;0
0;0;0;0;0;0;0;0;0;0;0;0;0;0;0;0;0;0;0;0;0;0;0;0;0;1;0;0;0;0;0;0;0;0;0;0;0;0;0;0;0;0;0;0;0;0;0;0;0;0;0;0;0;0;0;0;0;0;0;0;0;0;0;0;0;0;0;0;0;0;0;0;0;0;0;0;0;0;0
0;0;0;0;0;0;0;0;0;0;0;0;0;0;0;0;0;0;0;0;0;0;0;0;0;0;0;0;0;0;0;0;0;0;0;0;0;0;0;0;0;0;0;0;0;0;0;0;0;0;0;0;0;0;0;0;0;0;0;0;0;0;0;0;0;0;0;0;0;0;0;0;0;0;0;0;0;0;0
0;0;0;0;0;0;0;0;0;0;0;0;0;0;0;0;0;0;0;0;0;0;0;0;0;0;0;0;0;0;0;0;0;0;0;0;0;0;0;0;0;0;0;0;0;0;0;0;0;0;0;0;0;0;0;0;0;0;0;0;0;0;0;0;0;0;0;0;0;0;0;0;0;0;0;0;0;0;0
0;0;0;0;0;0;0;0;0;0;0;0;0;0;0;0;0;0;0;0;0;0;0;0;0;0;0;0;0;0;0;0;0;0;0;0;0;0;0;0;0;0;0;0;0;0;0;0;0;0;0;0;0;0;0;0;0;0;0;0;0;0;0;0;0;0;0;0;0;0;0;0;0;0;0;0;0;0;0
0;0;0;0;0;0;0;0;0;0;0;0;0;0;0;0;0;0;0;0;0;0;0;0;0;0;0;0;0;0;0;0;0;0;0;0;0;0;0;0;0;0;0;0;0;0;0;0;0;0;0;0;0;0;0;0;0;0;0;0;0;0;0;0;0;0;0;0;0;0;0;0;0;0;0;0;0;0;0
0;0;0;0;0;0;0;0;0;0;0;0;0;0;0;0;0;0;0;0;0;0;0;0;0;0;0;0;0;0;0;0;0;0;0;0;0;0;0;0;0;0;0;0;0;0;0;0;0;0;0;0;0;0;0;0;0;0;0;0;0;0;0;0;0;0;0;0;0;0;0;0;0;0;0;0;0;0;0
0;0;0;0;0;0;0;0;0;0;0;0;0;0;0;0;0;0;0;0;0;0;0;0;0;0;0;0;0;0;0;0;0;0;0;0;0;0;0;0;0;0;0;0;0;0;0;0;0;0;0;0;0;0;0;0;0;0;0;0;0;0;0;0;0;0;0;0;0;0;0;0;0;0;0;0;0;0;0
0;0;0;0;0;0;0;0;0;0;0;0;0;0;0;0;0;0;0;0;0;0;0;0;0;0;0;0;0;0;0;0;0;0;0;0;0;0;0;0;0;0;0;0;0;0;0;0;0;0;0;0;0;0;0;0;0;0;0;0;0;0;0;0;0;0;0;0;0;0;0;0;0;0;0;0;0;0;0
0;0;0;0;0;0;0;0;0;0;0;0;0;0;0;0;0;0;0;0;0;0;0;0;0;0;0;0;0;0;0;0;0;0;0;0;0;0;0;0;0;0;0;0;0;0;0;0;0;0;0;0;0;0;0;0;0;0;0;0;0;0;0;0;0;0;0;0;0;0;0;0;0;0;0;0;0;0;0
0;0;0;0;0;0;0;0;0;0;0;0;0;0;0;0;0;0;0;0;0;0;0;0;0;0;0;0;0;0;0;0;0;0;0;0;0;0;0;0;0;0;0;0;0;0;0;0;0;0;0;0;0;0;0;0;0;0;0;0;0;0;0;0;0;0;0;0;0;0;0;0;0;0;0;0;0;0;0
0;0;0;0;0;0;0;0;0;0;0;0;0;0;0;0;0;0;0;0;0;0;0;0;0;0;0;0;0;0;0;0;0;0;0;0;0;0;0;0;0;0;0;0;0;0;0;0;0;0;0;0;0;0;0;0;0;0;0;0;0;0;0;0;0;0;0;0;0;0;0;0;0;0;0;0;0;0;0
0;0;0;0;0;0;0;0;0;0;0;0;0;0;0;0;0;0;0;0;0;0;0;0;0;0;0;0;0;0;0;0;0;0;0;0;0;0;0;0;0;0;0;0;0;0;0;0;0;0;0;0;0;0;0;0;0;0;0;0;0;0;0;0;0;0;0;0;0;0;0;0;0;0;0;0;0;0;0
0;0;0;0;0;0;0;0;0;0;0;0;0;0;0;0;0;0;0;0;0;0;0;0;0;0;0;0;0;0;0;0;0;0;0;0;0;0;0;0;0;0;0;0;0;0;0;0;0;0;0;0;0;0;0;0;0;0;0;0;0;0;0;0;0;0;0;0;0;0;0;0;0;0;0;0;0;0;0
0;0;0;0;0;0;0;0;0;0;0;0;0;0;0;0;0;0;0;0;0;0;0;0;0;0;0;0;0;0;0;0;0;0;0;0;0;0;0;0;0;0;0;0;0;0;0;0;0;0;0;0;0;0;0;0;0;0;0;0;0;0;0;0;0;0;0;0;0;0;0;0;0;0;0;0;0;0;0
0;0;0;0;0;0;0;0;0;0;0;0;0;0;0;0;0;0;0;0;0;0;0;0;0;0;0;0;0;0;0;0;0;0;0;0;0;0;0;0;0;0;0;0;0;0;0;0;0;0;0;0;0;0;0;0;0;0;0;0;0;0;0;0;0;0;0;0;0;0;0;0;0;0;0;0;0;0;0
0;0;0;0;0;0;0;0;0;0;0;0;0;0;0;0;0;0;0;0;0;0;0;0;0;0;0;0;0;0;0;0;0;0;0;0;0;0;0;0;0;0;0;0;0;0;0;0;0;0;0;0;0;0;0;0;0;0;0;0;0;0;0;0;0;0;0;0;0;0;0;0;0;0;0;0;0;0;0
0;0;0;0;0;0;0;0;0;0;0;0;0;0;0;0;0;0;0;0;0;0;0;0;0;0;0;0;0;0;0;0;0;0;0;0;0;0;0;0;0;0;0;0;0;0;0;0;0;0;0;0;0;0;0;0;0;0;0;0;0;0;0;0;0;0;0;0;0;0;0;0;0;0;0;0;0;0;0
0;0;0;0;0;0;0;0;0;0;0;0;0;0;0;0;0;0;0;0;0;0;0;0;0;0;0;0;0;0;0;0;0;0;0;0;0;0;0;0;0;0;0;0;0;0;0;0;0;0;0;0;0;0;0;0;0;0;0;0;0;0;0;0;0;0;0;0;0;0;0;0;0;0;0;0;0;0;0
0;0;0;0;0;0;0;0;0;0;0;0;0;0;0;0;0;0;0;0;0;0;0;0;0;0;0;0;0;0;0;0;0;0;0;0;0;0;0;0;0;0;0;0;0;0;0;0;0;0;0;0;0;0;0;0;0;0;0;0;0;0;0;0;0;0;0;0;0;0;0;0;0;0;0;0;0;0;0
0;0;0;0;0;0;0;0;0;0;0;0;0;0;0;0;0;0;0;0;0;0;0;0;0;0;0;0;0;0;0;0;0;0;0;0;0;0;0;0;0;0;0;0;0;0;0;0;0;0;0;0;0;0;0;0;0;0;0;0;0;0;0;0;0;0;0;0;0;0;0;0;0;0;0;0;0;0;0
0;0;0;0;0;0;0;0;0;0;0;0;0;0;0;0;0;0;0;0;0;0;0;0;0;0;0;0;0;0;0;0;0;0;0;0;0;0;0;0;0;0;0;0;0;0;0;0;0;0;0;0;0;0;0;0;0;0;0;0;0;0;0;0;0;0;0;0;0;0;0;0;0;0;0;0;0;0;0
0;0;0;0;0;0;0;0;0;0;0;0;0;0;0;0;0;0;0;0;0;0;0;0;0;0;0;0;0;0;0;0;0;0;0;0;0;0;0;0;0;0;0;0;0;0;0;0;0;0;0;0;0;0;0;0;0;0;0;0;0;0;0;0;0;0;0;0;0;0;0;0;0;0;0;0;0;0;0
0;0;0;0;0;0;0;0;0;0;0;0;0;0;0;0;0;0;0;0;0;0;0;0;0;0;0;0;0;0;0;0;0;0;0;0;0;0;0;0;0;0;0;0;0;0;0;0;0;0;0;0;0;0;0;0;0;0;0;0;0;0;0;0;0;0;0;0;0;0;0;0;0;0;0;0;0;0;0
0;0;0;0;0;0;0;0;0;0;0;0;0;0;0;0;0;0;0;0;0;0;0;0;0;0;0;0;0;0;0;0;0;0;0;0;0;0;0;0;0;0;0;0;0;0;0;0;0;0;0;0;0;0;0;0;0;0;0;0;0;0;0;0;0;0;0;0;0;0;0;0;0;0;0;0;0;0;0
0;0;0;0;0;0;0;0;0;0;0;0;0;0;0;0;0;0;0;0;0;0;0;0;0;0;0;0;0;0;0;0;0;0;0;0;0;0;0;0;0;0;0;0;0;0;0;0;0;0;0;0;0;0;0;0;0;0;0;0;0;0;0;0;0;0;0;0;0;0;0;0;0;0;0;0;0;0;0
0;0;0;0;0;0;0;0;0;0;0;0;0;0;0;0;0;0;0;0;0;0;0;0;0;0;0;0;0;0;0;0;0;0;0;0;1;0;0;0;0;0;0;0;0;0;0;0;0;0;0;0;0;0;0;0;0;0;0;0;0;0;0;0;0;0;0;0;0;0;0;0;0;0;0;0;0;0;0
0;0;0;0;0;0;0;0;0;0;0;0;0;0;0;0;0;0;0;0;0;0;0;1;0;0;0;0;0;0;0;0;0;0;0;0;1;0;0;0;0;0;0;0;0;0;0;0;0;0;0;0;0;0;0;0;0;0;0;0;0;0;0;0;0;0;0;0;0;0;0;0;0;0;0;0;0;0;0
0;0;0;0;0;0;0;0;0;0;0;0;0;0;0;1;0;0;0;0;1;0;0;0;0;0;0;0;0;0;0;0;0;0;1;1;1;0;0;0;0;0;0;0;0;0;0;0;0;0;0;0;0;0;0;0;0;0;0;0;0;0;0;0;0;0;0;0;0;0;0;0;0;0;0;0;0;0;0
0;0;0;0;0;0;0;0;0;0;0;0;0;0;0;0;0;1;1;1;1;1;1;0;0;0;0;0;0;0;0;0;0;1;1;1;1;0;0;0;0;0;0;0;0;0;0;0;0;0;0;0;0;0;0;0;0;0;0;0;0;0;0;0;0;0;0;0;0;0;0;0;0;0;0;0;0;0;0
0;0;0;0;0;0;0;0;0;0;0;0;0;0;0;1;1;1;1;1;1;1;1;0;1;1;1;0;0;0;0;0;0;0;0;0;1;0;0;0;0;0;0;0;0;0;0;0;0;0;0;0;0;0;0;0;0;0;0;0;0;0;0;0;0;0;0;0;0;0;0;0;0;0;0;0;0;0;0
0;0;0;0;0;0;0;0;0;0;0;0;0;0;1;1;1;1;1;1;1;2;1;0;0;1;1;0;0;0;0;0;0;0;0;1;1;1;0;0;0;0;0;0;0;0;0;0;0;0;0;0;0;0;0;0;0;0;0;0;0;0;0;0;0;0;0;0;0;0;0;0;0;0;0;0;0;0;0
0;0;0;0;0;0;0;0;0;0;0;0;0;0;0;1;1;1;2;1;1;1;1;1;1;1;1;0;0;0;0;0;0;0;1;1;1;1;0;0;0;0;0;0;0;0;0;0;0;0;0;0;0;0;0;0;0;0;0;0;0;0;0;0;0;0;0;0;0;0;0;0;0;0;0;0;0;0;0
0;0;0;0;0;0;0;0;0;0;0;0;0;0;1;1;2;2;1;1;1;1;1;1;2;1;1;1;1;0;0;0;0;0;1;1;1;1;1;0;0;0;0;0;0;0;0;0;0;0;0;0;0;0;0;0;0;0;0;0;0;0;0;0;0;0;0;0;0;0;0;0;0;0;0;0;0;0;0
0;0;0;0;0;0;0;0;0;0;0;0;0;0;0;1;2;2;2;1;1;1;1;1;1;1;1;1;0;0;0;0;0;1;1;1;1;1;0;0;0;0;0;0;0;0;0;0;0;0;0;0;0;0;0;0;0;0;0;0;0;0;0;0;0;0;0;0;0;0;0;0;0;0;0;0;0;0;0
0;0;0;0;0;0;0;0;0;0;0;0;0;0;1;1;1;2;2;2;2;2;1;1;1;1;2;1;1;1;0;0;0;1;1;1;1;1;0;1;0;0;0;0;0;0;0;0;0;0;0;0;0;0;0;0;0;0;0;0;0;0;0;0;0;0;0;0;0;0;0;0;0;0;0;0;0;0;0
0;0;0;0;0;0;0;0;0;0;0;0;0;0;0;0;1;2;2;1;2;2;2;2;1;1;2;2;1;1;0;0;0;0;1;1;2;2;1;1;0;0;0;0;0;0;0;0;0;0;0;0;0;0;0;0;0;0;0;0;0;0;0;0;0;0;0;0;0;0;0;0;0;0;0;0;0;0;0
0;0;0;0;0;0;0;0;0;0;0;0;0;0;0;1;1;2;1;1;1;2;2;2;2;2;2;2;2;1;0;0;1;1;1;1;2;2;1;1;0;0;0;0;0;0;0;0;0;0;0;0;0;0;0;0;0;0;0;0;0;0;0;0;0;0;0;0;0;0;0;0;0;0;0;0;0;0;0
0;0;0;0;0;0;0;0;0;0;0;0;0;0;0;1;0;1;1;2;2;2;2;2;2;2;1;2;2;2;1;1;1;1;1;2;2;2;1;1;0;0;0;0;0;0;0;0;0;0;0;0;0;0;0;0;0;0;0;0;0;0;0;0;0;0;0;0;0;0;0;0;0;0;0;0;0;0;0
0;0;0;0;0;0;0;0;0;0;0;0;0;0;0;0;1;1;1;1;2;2;2;2;2;1;2;2;2;2;1;0;0;0;1;1;2;2;1;1;0;0;0;0;0;0;0;0;0;0;0;0;0;0;0;0;0;0;0;0;0;0;0;0;0;0;0;0;0;0;0;0;0;0;0;0;0;0;0
0;0;0;0;0;0;0;0;0;0;0;0;0;0;0;0;1;1;1;1;1;3;2;2;2;2;2;2;2;2;2;1;1;2;1;1;2;2;1;1;1;0;0;0;0;0;0;0;0;0;0;0;0;0;0;0;0;0;0;0;0;0;0;0;0;0;0;0;0;0;0;0;0;0;0;0;0;0;0
0;0;0;0;0;0;0;0;0;0;0;0;0;0;0;0;1;1;2;2;1;2;2;2;2;2;2;2;2;2;2;1;1;2;2;2;2;2;2;1;1;0;0;0;0;0;0;0;0;0;0;0;0;0;0;0;0;0;0;0;0;0;0;0;0;0;0;0;0;0;0;0;0;0;0;0;0;0;0
0;0;0;0;0;0;0;0;0;0;0;0;0;0;0;0;0;1;1;1;2;2;2;2;2;2;2;2;3;2;2;1;2;2;3;3;3;3;2;1;1;1;0;0;0;0;0;0;0;0;0;0;0;0;0;0;0;0;0;0;0;0;0;0;0;0;0;0;0;0;0;0;0;0;0;0;0;0;0
0;0;0;0;0;0;0;0;0;0;0;0;0;0;0;0;0;0;1;1;1;2;2;2;2;2;2;2;2;2;2;2;2;2;2;3;3;3;2;2;1;1;0;0;0;0;0;0;0;0;0;0;0;0;0;0;0;0;0;0;0;0;0;0;0;0;0;0;0;0;0;0;0;0;0;0;0;0;0
0;0;0;0;0;0;0;0;0;0;0;0;0;0;0;0;0;1;1;2;2;2;2;2;2;2;2;2;2;3;2;2;2;3;3;3;3;3;3;2;2;1;0;0;0;0;0;0;0;0;0;0;0;0;0;0;0;0;0;0;0;0;0;0;0;0;0;0;0;0;0;0;0;0;0;0;0;0;0
0;0;0;0;0;0;0;0;0;0;0;0;0;0;0;0;0;1;1;2;2;2;2;2;1;2;2;2;2;2;1;1;2;2;3;3;4;4;4;3;2;2;1;1;0;0;0;0;0;0;0;0;0;0;0;0;0;0;0;0;0;0;0;0;0;0;0;0;0;0;0;0;0;0;0;0;0;0;0
0;0;0;0;0;0;0;0;0;0;0;0;0;0;0;0;0;1;1;1;2;1;2;2;2;2;1;1;1;2;2;2;2;2;3;4;4;4;4;4;1;1;1;1;0;0;0;0;0;0;0;0;0;0;0;0;0;0;0;0;0;0;0;0;0;0;0;0;0;0;0;0;0;0;0;0;0;0;0
0;0;0;0;0;0;0;0;0;0;0;0;0;0;0;0;0;0;1;1;2;1;3;2;1;1;1;1;1;2;2;2;2;2;3;4;5;4;4;4;3;2;1;1;0;1;0;0;0;0;0;0;0;0;0;0;0;0;0;0;0;0;0;0;0;0;0;0;0;0;0;0;0;0;0;0;0;0;0
0;0;0;0;0;0;0;0;0;0;0;0;0;0;0;0;0;0;1;2;2;2;2;2;1;1;2;1;1;2;1;1;2;2;3;3;4;4;5;4;3;1;1;0;0;0;0;0;0;0;0;0;0;0;0;0;0;0;0;0;0;0;0;0;0;0;0;0;0;0;0;0;0;0;0;0;0;0;0
0;0;0;0;0;0;0;0;0;0;0;0;0;0;0;0;0;0;0;1;2;2;1;1;2;1;1;1;1;1;1;1;2;2;3;4;5;5;5;5;4;2;1;1;0;0;0;0;0;0;0;0;0;0;0;0;0;0;0;0;0;0;0;0;0;0;0;0;0;0;0;0;0;0;0;0;0;0;0
0;0;0;0;0;0;0;0;0;0;0;0;0;0;0;0;0;0;0;1;1;1;1;1;1;2;1;2;2;1;1;1;1;2;3;4;5;6;5;5;4;2;2;1;1;1;0;0;0;0;0;0;0;0;0;0;0;0;0;0;0;0;0;0;0;0;0;0;0;0;0;0;0;0;0;0;0;0;0
0;0;0;0;0;0;0;0;0;0;0;0;0;0;0;0;0;0;1;1;1;1;2;1;1;2;1;1;1;1;1;0;1;2;3;4;5;6;5;5;4;3;2;1;1;0;0;0;0;0;0;0;0;0;0;0;0;0;0;0;0;0;0;0;0;0;0;0;0;0;0;0;0;0;0;0;0;0;0
0;0;0;0;0;0;0;0;0;0;0;0;0;0;0;0;0;1;1;1;1;1;2;2;1;1;1;2;2;2;2;1;1;2;3;4;4;5;5;6;4;3;3;1;1;0;0;0;0;0;0;0;0;0;0;0;0;0;0;0;0;0;0;0;0;0;0;0;0;0;0;0;0;0;0;0;0;0;0
0;0;0;0;0;0;0;0;0;0;0;0;0;0;0;0;0;0;1;0;1;1;1;2;1;1;1;2;2;2;1;1;1;2;2;4;5;5;5;5;4;3;2;2;1;1;0;0;0;0;0;0;0;0;0;0;0;0;0;0;0;0;0;0;0;0;0;0;0;0;0;0;0;0;0;0;0;0;0
0;0;0;0;0;0;0;0;0;0;0;0;0;0;0;0;0;0;0;1;1;1;2;1;0;0;1;1;1;1;1;0;1;2;2;3;4;5;5;5;4;4;3;2;1;0;0;0;0;0;0;0;0;0;0;0;0;0;0;0;0;0;0;0;0;0;0;0;0;0;0;0;0;0;0;0;0;0;0
0;0;0;0;0;0;0;0;0;0;0;0;0;0;0;0;0;1;0;0;0;1;2;2;1;1;1;0;1;1;1;1;0;2;2;3;4;6;6;5;4;4;2;2;1;0;1;0;0;0;0;0;0;0;0;0;0;0;0;0;0;0;0;0;0;0;0;0;0;0;0;0;0;0;0;0;0;0;0
0;0;0;0;0;0;0;0;0;0;0;0;0;0;0;0;0;0;0;0;1;1;2;2;1;1;0;1;1;2;1;1;0;1;1;2;4;5;6;6;5;4;3;2;1;1;1;0;0;0;0;0;0;0;0;0;0;0;0;0;0;0;0;0;0;0;0;0;0;0;0;0;0;0;0;0;0;0;0
0;0;0;0;0;0;0;0;0;0;0;0;0;0;0;0;0;0;1;1;1;1;2;2;1;1;1;0;1;2;1;1;1;1;1;2;3;5;6;5;5;5;3;2;1;0;0;0;0;0;0;0;0;0;0;0;0;0;0;0;0;0;0;0;0;0;0;0;0;0;0;0;0;0;0;0;0;0;0
0;0;0;0;0;0;0;0;0;0;0;0;0;0;0;0;0;1;1;0;1;1;1;2;1;1;1;1;1;2;2;1;1;1;1;2;3;5;5;5;5;4;3;2;1;1;1;0;0;0;0;0;0;0;0;0;0;0;0;0;0;0;0;0;0;0;0;0;0;0;0;0;0;0;0;0;0;0;0
0;0;0;0;0;0;0;0;0;0;0;0;0;0;0;0;0;0;1;0;0;1;1;2;2;2;1;0;1;1;2;1;0;1;1;2;3;4;5;5;4;4;3;2;1;1;0;0;0;0;0;0;0;0;0;0;0;0;0;0;0;0;0;0;0;0;0;0;0;0;0;0;0;0;0;0;0;0;0
0;0;0;0;0;0;0;0;0;0;0;0;0;0;0;0;0;1;1;0;0;1;1;1;2;2;1;1;1;1;1;1;0;1;1;3;2;4;5;5;4;4;2;2;1;0;0;0;0;0;0;0;0;0;0;0;0;0;0;0;0;0;0;0;0;0;0;0;0;0;0;0;0;0;0;0;0;0;0
0;0;0;0;0;0;0;0;0;0;0;0;0;0;0;0;0;0;1;0;0;0;2;1;1;1;1;1;1;1;1;0;1;0;1;1;3;4;4;5;5;4;3;2;1;1;0;0;0;0;0;0;0;0;0;0;0;0;0;0;0;0;0;0;0;0;0;0;0;0;0;0;0;0;0;0;0;0;0
0;0;0;0;0;0;0;0;0;0;0;0;0;0;0;0;0;0;1;0;1;1;1;0;1;1;1;1;1;1;1;0;0;0;1;1;3;4;4;4;4;4;3;2;1;1;0;0;0;0;0;0;0;0;0;0;0;0;0;0;0;0;0;0;0;0;0;0;0;0;0;0;0;0;0;0;0;0;0
0;0;0;0;0;0;0;0;0;0;0;0;0;0;0;0;0;0;1;0;1;1;1;0;1;1;1;1;1;1;1;1;0;0;1;1;3;3;3;4;4;4;3;2;1;1;1;0;0;0;0;0;0;0;0;0;0;0;0;0;0;0;0;0;0;0;0;0;0;0;0;0;0;0;0;0;0;0;0
0;0;0;0;0;0;0;0;0;0;0;0;0;0;0;0;0;0;0;0;0;1;1;1;1;1;1;1;1;1;1;1;1;0;1;1;2;2;3;5;4;4;3;2;1;1;0;0;0;0;0;0;0;0;0;0;0;0;0;0;0;0;0;0;0;0;0;0;0;0;0;0;0;0;0;0;0;0;0
0;0;0;0;0;0;0;0;0;0;0;0;0;0;0;0;1;0;0;0;1;1;0;1;1;1;0;1;1;1;1;1;1;1;1;1;1;2;3;4;4;4;3;3;2;1;0;0;0;0;0;0;0;0;0;0;0;0;0;0;0;0;0;0;0;0;0;0;0;0;0;0;0;0;0;0;0;0;0
0;0;0;0;0;0;0;0;0;0;0;0;0;0;0;0;1;0;0;1;1;1;1;1;0;0;0;1;2;1;1;1;1;1;0;1;1;2;3;3;4;4;4;3;1;0;1;0;0;0;0;0;0;0;0;0;0;0;0;0;0;0;0;0;0;0;0;0;0;0;0;0;0;0;0;0;0;0;0
0;0;0;0;0;0;0;0;0;0;0;0;0;0;0;0;0;0;0;0;0;1;1;1;0;0;0;0;1;0;1;0;1;1;1;1;1;2;2;3;3;3;4;2;1;1;0;0;0;0;0;0;0;0;0;0;0;0;0;0;0;0;0;0;0;0;0;0;0;0;0;0;0;0;0;0;0;0;0
0;0;0;0;0;0;0;0;0;0;0;0;0;0;0;0;0;0;0;0;0;0;1;0;0;0;0;0;0;1;1;0;1;1;1;1;1;2;2;3;3;4;3;2;1;1;0;0;0;0;0;0;0;0;0;0;0;0;0;0;0;0;0;0;0;0;0;0;0;0;0;0;0;0;0;0;0;0;0
0;0;0;0;0;0;0;0;0;0;0;0;0;0;0;0;1;0;0;0;0;0;0;0;0;0;1;0;0;1;1;0;1;1;1;1;2;2;3;3;3;3;3;3;2;1;0;0;0;0;0;0;0;0;0;0;0;0;0;0;0;0;0;0;0;0;0;0;0;0;0;0;0;0;0;0;0;0;0
0;0;0;0;0;0;0;0;0;0;0;0;0;0;0;0;0;0;1;0;0;0;0;0;0;0;0;0;1;1;1;1;1;0;0;1;2;2;3;3;3;3;3;3;2;1;0;0;0;0;0;0;0;0;0;0;0;0;0;0;0;0;0;0;0;0;0;0;0;0;0;0;0;0;0;0;0;0;0
0;0;0;0;0;0;0;0;0;0;0;0;0;0;0;0;0;0;1;1;1;0;1;0;1;0;0;0;0;1;0;1;1;0;0;1;1;2;3;3;3;4;3;3;2;1;1;0;0;0;0;0;0;0;0;0;0;0;0;0;0;0;0;0;0;0;0;0;0;0;0;0;0;0;0;0;0;0;0
0;0;0;0;0;0;0;0;0;0;0;0;0;0;0;0;1;1;0;1;0;0;1;0;0;0;0;0;0;0;0;1;1;0;0;1;1;2;3;3;3;3;2;2;1;0;1;0;0;0;0;0;0;0;0;0;0;0;0;0;0;0;0;0;0;0;0;0;0;0;0;0;0;0;0;0;0;0;0
0;0;0;0;0;0;0;0;0;0;0;0;0;0;0;0;0;1;1;1;1;0;0;0;1;0;0;0;0;0;0;0;1;0;0;1;1;2;2;3;3;3;2;1;1;1;0;0;0;0;0;0;0;0;0;0;0;0;0;0;0;0;0;0;0;0;0;0;0;0;0;0;0;0;0;0;0;0;0
0;0;0;0;0;0;0;0;0;0;0;0;0;0;0;0;0;1;1;1;0;0;0;0;1;1;0;0;0;0;0;0;1;1;0;0;1;2;2;3;3;3;2;2;1;1;0;0;0;0;0;0;0;0;0;0;0;0;0;0;0;0;0;0;0;0;0;0;0;0;0;0;0;0;0;0;0;0;0
0;0;0;0;0;0;0;0;0;0;0;0;0;0;0;0;0;0;1;1;1;1;0;0;1;1;1;1;0;0;0;0;0;0;0;0;1;2;2;2;3;3;3;2;1;1;0;0;0;0;0;0;0;0;0;0;0;0;0;0;0;0;0;0;0;0;0;0;0;0;0;0;0;0;0;0;0;0;0
0;0;0;0;0;0;0;0;0;0;0;0;0;0;0;0;0;0;1;1;1;1;1;1;1;1;0;1;0;0;0;0;0;0;0;1;1;2;2;2;3;3;2;2;1;1;0;0;0;0;0;0;0;0;0;0;0;0;0;0;0;0;0;0;0;0;0;0;0;0;0;0;0;0;0;0;0;0;0
0;0;0;0;0;0;0;0;0;0;0;0;0;0;0;0;0;1;1;1;1;1;1;1;1;1;0;1;0;0;0;0;0;0;0;0;1;1;2;2;2;2;2;2;1;1;0;0;0;0;0;0;0;0;0;0;0;0;0;0;0;0;0;0;0;0;0;0;0;0;0;0;0;0;0;0;0;0;0
0;0;0;0;0;0;0;0;0;0;0;0;0;0;0;1;0;1;1;1;1;1;1;1;0;1;1;1;0;0;1;0;0;0;0;0;1;1;1;2;2;2;2;1;1;1;0;0;0;0;0;0;0;0;0;0;0;0;0;0;0;0;0;0;0;0;0;0;0;0;0;0;0;0;0;0;0;0;0
0;0;0;0;0;0;0;0;0;0;0;0;0;0;0;0;0;1;1;1;1;2;1;1;1;1;1;0;1;0;0;0;0;0;0;1;0;1;1;2;2;2;2;2;2;1;0;0;0;0;0;0;0;0;0;0;0;0;0;0;0;0;0;0;0;0;0;0;0;0;0;0;0;0;0;0;0;0;0
0;0;0;0;0;0;0;0;0;0;0;0;0;0;1;1;1;0;1;1;1;2;1;2;1;1;1;0;1;0;0;0;0;0;0;0;1;1;1;1;1;3;3;2;1;1;0;0;0;0;0;0;0;0;0;0;0;0;0;0;0;0;0;0;0;0;0;0;0;0;0;0;0;0;0;0;0;0;0
0;0;0;0;0;0;0;0;0;0;0;0;0;0;0;1;0;1;1;2;2;2;2;2;1;1;1;0;0;0;0;0;0;0;0;0;1;1;1;1;2;1;2;2;2;1;1;0;0;0;0;0;0;0;0;0;0;0;0;0;0;0;0;0;0;0;0;0;0;0;0;0;0;0;0;0;0;0;0
0;0;0;0;0;0;0;0;0;0;0;0;0;0;0;0;1;1;1;1;1;3;2;2;1;1;1;1;1;1;1;0;0;0;0;0;1;1;1;2;1;1;2;1;2;1;0;0;0;0;0;0;0;0;0;0;0;0;0;0;0;0;0;0;0;0;0;0;0;0;0;0;0;0;0;0;0;0;0
0;0;0;0;0;0;0;0;0;0;0;0;0;0;0;0;1;1;2;1;2;3;2;2;2;1;1;1;1;1;0;0;0;0;0;0;1;1;1;1;1;2;2;1;1;1;0;0;0;0;0;0;0;0;0;0;0;0;0;0;0;0;0;0;0;0;0;0;0;0;0;0;0;0;0;0;0;0;0
0;0;0;0;0;0;0;0;0;0;0;0;0;0;0;0;1;2;2;1;2;2;2;2;2;2;1;1;0;0;1;0;0;0;0;1;1;1;0;1;1;2;1;1;2;1;0;0;0;0;0;0;0;0;0;0;0;0;0;0;0;0;0;0;0;0;0;0;0;0;0;0;0;0;0;0;0;0;0
0;0;0;0;0;0;0;0;0;0;0;0;0;0;1;1;1;2;2;2;2;3;3;3;3;2;1;1;1;0;1;1;0;1;1;1;2;2;1;1;1;1;1;1;1;1;0;1;0;0;0;0;0;0;0;0;0;0;0;0;0;0;0;0;0;0;0;0;0;0;0;0;0;0;0;0;0;0;0
0;0;0;0;0;0;0;0;0;0;0;0;0;0;1;1;1;1;2;2;3;3;3;3;3;1;1;2;1;0;1;1;1;1;0;1;1;2;2;2;2;1;1;1;1;1;0;1;0;0;0;0;0;0;0;0;0;0;0;0;0;0;0;0;0;0;0;0;0;0;0;0;0;0;0;0;0;0;0
0;0;0;0;0;0;0;0;0;0;0;0;0;0;1;1;2;2;3;4;4;4;3;3;3;2;2;1;1;1;1;1;0;1;0;1;1;2;2;1;1;1;1;1;0;0;0;0;0;0;0;0;0;0;0;0;0;0;0;0;0;0;0;0;0;0;0;0;0;0;0;0;0;0;0;0;0;0;0
0;0;0;0;0;0;0;0;0;0;0;0;0;0;1;1;2;2;3;4;5;4;4;4;4;3;2;1;1;0;1;0;0;1;1;1;1;2;2;2;1;2;1;1;0;0;0;0;0;0;0;0;0;0;0;0;0;0;0;0;0;0;0;0;0;0;0;0;0;0;0;0;0;0;0;0;0;0;0
0;0;0;0;0;0;0;0;0;0;0;0;0;0;1;1;2;3;3;5;6;5;4;4;4;3;2;2;2;1;1;1;0;1;1;1;1;2;2;2;1;2;2;2;2;1;1;1;0;0;0;0;0;0;0;0;0;0;0;0;0;0;0;0;0;0;0;0;0;0;0;0;0;0;0;0;0;0;0
0;0;0;0;0;0;0;0;0;0;0;0;0;0;1;2;3;3;3;5;5;5;5;5;4;3;3;2;2;1;1;1;1;1;1;1;1;2;2;2;2;1;2;1;1;1;0;0;0;0;0;0;0;0;0;0;0;0;0;0;0;0;0;0;0;0;0;0;0;0;0;0;0;0;0;0;0;0;0
0;0;0;0;0;0;0;0;0;0;0;0;0;0;0;2;3;5;5;5;5;6;6;6;5;4;3;2;2;1;1;0;0;1;1;2;2;2;2;2;2;2;2;1;1;1;1;0;0;0;0;0;0;0;0;0;0;0;0;0;0;0;0;0;0;0;0;0;0;0;0;0;0;0;0;0;0;0;0
0;0;0;0;0;0;0;0;0;0;0;0;0;0;1;2;3;5;6;7;6;6;6;7;6;5;4;2;2;0;1;1;1;1;1;1;2;3;3;2;2;1;1;1;1;1;1;0;0;0;0;0;0;0;0;0;0;0;0;0;0;0;0;0;0;0;0;0;0;0;0;0;0;0;0;0;0;0;0
0;0;0;0;0;0;0;0;0;0;0;1;1;1;1;2;4;5;6;6;6;6;8;7;7;6;5;3;2;1;1;0;1;1;1;2;2;3;3;2;2;1;1;2;1;1;0;0;0;0;0;0;0;0;0;0;0;0;0;0;0;0;0;0;0;0;0;0;0;0;0;0;0;0;0;0;0;0;0
0;0;0;0;0;0;0;0;0;1;1;1;0;1;1;1;3;4;6;7;7;7;8;8;9;7;5;3;3;1;1;1;1;1;2;2;3;3;3;2;2;2;2;2;1;1;0;0;0;0;0;0;0;0;0;0;0;0;0;0;0;0;0;0;0;0;0;0;0;0;0;0;0;0;0;0;0;0;0
0;0;0;0;0;0;0;0;0;0;1;1;1;1;1;2;3;5;6;7;8;8;8;9;8;7;6;4;3;1;1;1;1;1;2;2;3;3;4;3;3;2;2;1;1;0;0;0;0;0;0;0;0;0;0;0;0;0;0;0;0;0;0;0;0;0;0;0;0;0;0;0;0;0;0;0;0;0;0
0;0;0;0;0;0;0;0;1;1;1;1;1;1;2;3;4;5;6;8;9;9;10;10;9;8;6;5;3;2;1;2;2;1;1;2;3;4;4;3;3;2;2;2;2;1;1;0;0;0;0;0;0;0;0;0;0;0;0;0;0;0;0;0;0;0;0;0;0;0;0;0;0;0;0;0;0;0;0
0;0;0;0;0;1;0;1;1;1;1;0;1;1;2;2;5;6;7;9;10;10;10;10;10;9;7;6;4;3;2;1;1;1;2;2;4;4;4;3;3;3;3;2;1;1;1;0;0;0;0;0;0;0;1;0;0;0;0;0;0;0;0;0;0;0;0;0;0;0;0;0;0;0;0;0;0;0;0
0;0;0;0;0;1;1;1;1;0;1;1;1;1;3;4;5;6;8;9;10;11;12;12;11;10;8;6;5;3;2;2;1;3;2;3;4;4;4;5;3;3;3;2;1;1;0;0;0;0;0;0;0;0;0;0;0;0;0;0;0;0;0;0;0;0;0;0;0;0;0;0;0;0;0;0;0;0;0
0;0;0;0;0;1;1;1;1;1;1;1;1;2;3;4;5;7;10;11;13;13;14;14;13;11;9;7;5;4;3;3;2;2;3;4;4;5;5;5;4;4;3;3;2;1;0;0;0;0;0;0;0;0;0;0;0;0;0;0;0;0;0;0;0;0;0;0;0;0;0;0;0;0;0;0;0;0;0
0;0;0;0;0;1;1;1;1;1;1;1;1;2;3;4;7;9;11;14;14;15;16;15;15;13;11;8;6;4;3;3;2;3;3;4;4;6;6;6;5;5;4;3;2;2;1;0;0;0;0;0;0;0;0;0;0;0;0;0;0;0;0;0;0;0;0;0;0;0;0;0;0;0;0;0;0;0;0
0;0;0;0;1;1;1;1;1;2;2;2;1;3;3;5;8;10;13;14;15;16;17;17;16;15;12;10;7;5;4;4;3;4;4;4;5;6;7;7;7;5;4;4;3;2;1;0;0;0;0;0;0;0;0;0;0;0;0;0;0;0;0;0;0;0;0;0;0;0;0;0;0;0;0;0;0;0;0
0;0;0;1;1;0;1;1;2;2;2;1;2;3;3;6;8;11;13;15;17;18;19;19;19;17;14;11;8;6;6;5;4;4;4;5;5;6;8;8;7;7;5;4;4;3;2;1;0;0;0;1;0;0;0;0;0;0;0;0;0;0;0;0;0;0;0;0;0;0;0;0;0;0;0;0;0;0;0
0;0;0;1;1;1;2;2;2;2;1;2;2;4;5;7;9;11;14;16;19;20;21;21;21;19;16;12;9;8;6;5;6;5;5;5;6;6;9;9;8;9;7;5;4;4;2;1;1;1;0;0;0;0;0;0;0;0;0;0;0;0;0;0;0;0;0;0;0;0;0;0;0;0;0;0;0;0;0
0;0;0;0;0;1;1;2;2;2;2;2;2;4;5;7;9;11;15;19;21;21;22;23;23;22;18;14;10;8;7;6;6;6;6;6;7;7;9;9;10;9;7;6;5;4;3;1;1;1;1;1;1;1;1;0;0;0;0;0;0;0;0;0;0;0;0;0;0;0;0;0;0;0;0;0;0;0;0
0;0;0;0;0;1;2;2;2;2;2;3;3;4;6;7;9;13;17;20;23;25;24;25;25;24;20;16;12;9;8;8;7;7;7;8;8;9;10;11;10;9;8;7;6;4;3;2;1;0;0;0;0;0;0;0;0;0;0;0;0;0;0;0;0;0;0;0;0;0;0;0;0;0;0;0;0;0;0
0;0;0;0;0;1;2;3;2;2;2;2;3;4;6;8;10;13;17;21;24;25;26;27;27;26;22;17;14;11;10;10;9;9;9;9;9;11;12;13;12;11;11;9;8;6;4;2;2;1;1;0;0;1;0;0;0;0;0;0;0;0;0;0;0;0;0;0;0;0;0;0;0;0;0;0;0;0;0
0;0;0;0;0;2;2;2;2;2;2;3;3;4;7;8;10;13;18;22;25;27;29;30;29;28;24;20;16;13;12;11;10;10;10;10;11;13;13;15;14;14;12;11;10;8;5;3;2;1;1;1;0;1;0;0;0;0;0;0;0;0;0;0;0;0;0;0;0;0;0;0;0;0;0;0;0;0;0
0;0;0;0;1;2;2;3;2;2;2;3;4;5;7;8;11;15;19;23;26;30;31;31;30;29;26;21;18;15;13;13;12;11;12;12;13;15;16;17;16;15;14;12;11;9;7;4;3;1;1;1;1;1;0;0;0;0;0;0;0;0;0;0;0;0;0;0;0;0;0;0;0;0;0;0;0;0;0
0;0;0;0;0;1;2;2;3;3;2;2;4;5;6;7;11;16;20;25;27;29;31;34;33;31;28;22;19;16;15;14;13;12;14;14;15;16;18;19;19;17;16;14;12;9;7;5;3;2;1;2;1;1;0;0;0;0;0;0;0;0;0;0;0;0;0;0;0;0;0;0;0;0;0;0;0;0;0
0;0;0;0;0;1;2;2;3;3;2;3;4;4;6;9;12;17;22;26;28;32;33;35;35;33;29;24;20;17;16;15;15;16;16;16;16;18;20;22;23;21;19;16;14;11;8;5;3;2;2;1;1;1;0;0;0;0;0;0;0;0;0;0;0;0;0;0;0;0;0;0;0;0;0;0;0;0;0
0;0;0;0;1;1;2;3;3;3;2;3;4;5;6;9;12;16;22;26;29;30;33;35;35;34;31;26;22;18;17;16;17;17;17;18;19;21;22;24;25;24;23;20;16;13;10;7;4;3;2;1;1;0;0;0;0;0;0;0;0;0;0;0;0;0;0;0;0;0;0;0;0;0;0;0;0;0;0
0;0;0;0;1;1;2;2;2;2;3;3;4;5;6;8;12;16;21;25;30;32;34;36;36;35;32;27;22;19;17;18;18;19;20;20;21;23;27;28;28;27;26;24;21;16;12;8;5;4;2;2;1;0;0;0;0;0;0;0;0;0;0;0;0;0;0;0;0;0;0;0;0;0;0;0;0;0;0
0;0;0;0;0;1;2;2;2;3;3;3;3;5;7;9;12;16;20;26;30;32;34;37;37;35;32;27;24;20;19;19;19;20;21;23;23;26;29;33;31;30;29;26;24;19;14;9;6;4;3;1;1;1;0;0;0;0;0;0;0;0;0;0;0;0;0;0;0;0;0;0;0;0;0;0;0;0;0
0;0;0;0;0;1;2;2;2;3;3;3;3;4;7;9;12;16;22;26;29;31;32;35;37;37;33;28;24;19;20;19;20;21;23;25;25;29;32;34;36;35;33;30;26;21;16;11;8;5;3;2;1;1;0;0;0;0;0;0;0;0;0;0;0;0;0;0;0;0;0;0;0;0;0;0;0;0;0
0;0;0;0;0;1;2;3;3;3;3;3;3;5;7;9;12;16;21;27;30;32;34;33;35;36;33;29;25;22;21;20;22;23;24;25;27;31;35;38;39;39;36;32;27;24;20;14;9;5;4;3;2;1;0;0;0;0;0;0;0;0;0;0;0;0;0;0;0;0;0;0;0;0;0;0;0;0;0
0;0;0;0;0;1;2;3;2;3;3;3;4;5;6;9;12;16;21;26;29;32;33;33;34;35;33;29;25;22;20;21;23;24;24;26;28;33;38;43;42;42;40;37;32;28;21;14;9;6;4;3;2;1;0;0;0;0;0;0;0;0;0;0;0;0;0;0;0;0;0;0;0;0;0;0;0;0;0
0;0;0;0;0;1;2;3;3;3;3;3;4;5;6;8;12;16;23;27;30;32;32;34;34;34;32;27;24;22;21;22;24;26;27;28;29;34;39;44;48;47;47;43;38;31;25;17;10;7;4;3;1;1;0;0;1;0;0;0;0;0;0;0;0;0;0;0;0;0;0;0;0;0;0;0;0;0;0
0;0;0;0;1;2;2;3;2;3;3;3;3;5;6;8;12;17;22;27;29;30;31;32;34;33;31;26;23;22;21;23;25;26;28;28;31;35;43;48;53;54;52;49;44;36;29;20;13;8;5;3;2;1;1;0;0;0;0;0;0;0;0;0;0;0;0;0;0;0;0;0;0;0;0;0;0;0;0
0;0;0;0;0;1;2;3;3;2;3;3;3;5;6;8;11;17;22;26;29;30;31;33;34;32;30;26;23;21;20;22;25;26;28;29;32;37;41;48;55;59;59;56;49;41;33;24;16;10;6;4;2;1;0;0;0;0;0;0;0;0;0;0;0;0;0;0;0;0;0;0;0;0;0;0;0;0;0
0;0;0;0;1;2;2;3;3;2;2;3;3;4;6;8;12;17;22;26;29;31;31;32;34;31;30;26;22;20;20;21;25;26;28;29;31;36;42;49;57;61;62;60;55;45;36;27;17;11;7;5;2;1;1;0;0;0;0;0;0;0;0;0;0;0;0;0;0;0;0;0;0;0;0;0;0;0;0
0;0;0;1;1;2;2;2;3;2;2;2;3;4;6;8;12;16;21;26;29;30;31;30;32;31;31;26;22;19;20;21;25;27;29;29;31;36;42;48;57;62;66;64;59;51;40;29;20;12;7;5;3;2;1;0;0;0;0;0;0;0;0;0;0;0;0;0;0;0;0;0;0;0;0;0;0;0;0
0;0;0;0;0;1;2;2;3;3;2;3;4;5;6;7;11;15;20;25;28;29;31;32;32;31;28;25;22;19;19;21;23;25;27;29;30;34;40;49;58;63;67;67;64;55;44;33;22;14;9;5;3;2;1;1;0;0;0;0;0;0;0;0;0;0;0;0;0;0;0;0;0;0;0;0;0;0;0
0;0;0;0;1;2;2;3;3;3;3;3;3;3;5;7;11;14;20;24;27;28;30;30;31;30;28;25;21;20;18;19;22;25;26;27;28;31;38;48;59;65;69;69;67;60;49;36;25;18;11;6;4;2;1;1;0;0;0;0;0;0;0;0;0;0;0;0;0;0;0;0;0;0;0;0;0;0;0
0;0;0;0;1;2;2;2;3;3;3;3;3;5;6;7;10;13;19;23;27;28;28;28;29;30;27;25;21;19;17;19;22;23;25;26;27;31;37;47;57;65;71;71;69;64;54;40;28;18;12;7;4;2;1;1;0;0;0;0;0;0;0;0;0;0;0;0;0;0;0;0;0;0;0;0;0;0;0
0;0;0;0;0;1;2;2;3;3;2;1;3;5;5;7;10;13;17;22;27;27;28;28;28;28;25;24;20;18;17;19;23;23;25;26;27;30;36;44;54;64;71;74;71;66;57;44;31;21;13;7;5;3;2;1;0;0;0;0;0;0;0;0;0;0;0;0;0;0;0;0;0;0;0;0;0;0;0
0;0;0;0;1;1;2;3;3;2;1;2;3;4;6;7;10;13;18;22;26;29;29;28;27;27;25;23;19;18;18;19;21;23;24;25;27;29;35;42;52;62;69;73;71;68;60;48;34;23;14;9;5;3;2;1;0;0;0;0;0;0;0;0;0;0;0;0;0;0;0;0;0;0;0;0;0;0;0
0;0;0;0;1;1;2;3;3;2;2;3;4;5;6;6;8;13;18;22;25;27;28;29;28;27;26;23;19;17;17;18;20;22;23;24;25;27;32;39;50;58;67;74;74;71;61;49;36;25;16;10;5;3;2;1;1;0;0;0;0;0;0;0;0;0;0;0;0;0;0;0;0;0;0;0;0;0;0
0;0;0;0;1;1;2;3;2;2;2;2;2;3;5;6;9;13;17;23;25;28;28;28;28;28;27;23;20;18;18;19;21;22;23;23;24;26;31;39;49;58;67;72;73;70;63;51;38;27;18;11;7;4;2;1;1;0;0;0;0;0;0;0;0;0;0;0;0;0;0;0;0;0;0;0;0;0;0
0;0;0;0;0;1;2;3;3;2;2;2;3;3;5;6;9;12;18;23;26;28;28;28;28;28;27;24;21;19;17;19;21;21;22;22;22;25;30;37;48;57;65;71;73;70;62;51;40;29;20;13;7;4;2;1;1;0;0;0;0;0;0;0;0;0;0;0;0;0;0;0;0;0;0;0;0;0;0
0;0;0;0;0;1;2;3;3;2;2;2;3;4;5;6;9;12;18;24;27;28;28;28;28;28;27;23;20;18;18;17;19;21;22;21;22;24;30;37;47;57;63;70;74;70;63;52;41;30;20;13;8;4;2;1;0;0;0;0;0;0;0;0;0;0;0;0;0;0;0;0;0;0;0;0;0;0;0
0;0;0;0;0;1;2;3;3;2;2;2;2;4;5;7;10;13;18;23;26;27;27;27;27;28;26;22;21;19;18;17;19;21;21;22;21;23;27;35;43;54;62;67;71;69;64;52;42;31;21;13;8;5;3;1;0;0;1;0;0;0;0;0;0;0;0;0;0;0;0;0;0;0;0;0;0;0;0
0;0;0;0;1;1;2;3;3;2;2;2;3;4;5;7;9;12;19;22;25;26;27;27;27;28;27;24;21;18;16;17;19;20;21;22;21;23;26;32;42;53;62;68;70;69;64;53;41;31;21;14;9;5;2;1;1;0;0;0;0;0;0;0;0;0;0;0;0;0;0;0;0;0;0;0;0;0;0
0;0;0;0;1;1;2;2;3;2;2;2;2;3;4;7;9;12;17;22;26;27;28;27;26;27;27;23;20;17;16;17;18;20;21;22;21;22;24;32;42;51;61;68;71;71;63;52;41;31;22;15;9;5;2;2;1;0;0;0;0;0;0;0;0;0;0;0;0;0;0;0;0;0;0;0;0;0;0
0;0;0;0;0;1;2;2;2;2;1;2;2;4;4;6;9;14;18;23;26;27;27;25;27;28;26;24;20;18;16;16;18;19;21;20;21;21;25;31;40;49;58;67;70;68;63;52;41;32;23;15;9;5;2;2;0;0;0;0;0;0;0;0;0;0;0;0;0;0;0;0;0;0;0;0;0;0;0
0;0;0;0;1;1;3;3;3;3;2;2;2;3;4;6;9;13;17;21;25;26;27;27;28;26;26;24;21;18;16;16;17;18;20;20;21;21;23;29;38;46;55;64;68;67;63;53;41;31;22;15;8;5;3;1;1;1;0;0;0;0;0;0;0;0;0;0;0;0;0;0;0;0;0;0;0;0;0
0;0;0;0;1;1;2;3;2;3;2;1;3;3;4;6;8;11;16;22;25;27;27;27;28;27;25;23;20;17;15;15;16;18;18;19;20;20;23;28;36;46;54;63;67;66;64;54;42;31;23;16;9;5;2;1;1;0;0;0;0;0;0;0;0;0;0;0;0;0;0;0;0;0;0;0;0;0;0
0;0;0;0;1;1;2;2;2;2;2;2;2;2;4;5;8;11;16;21;24;26;26;25;26;26;25;22;20;17;16;15;17;18;19;20;21;20;22;27;34;45;55;61;65;68;64;53;44;33;23;17;10;6;4;1;0;0;0;0;0;0;0;0;0;0;0;0;0;0;0;0;0;0;0;0;0;0;0
0;0;0;0;0;1;2;3;3;3;2;2;1;3;4;5;8;11;15;19;23;26;26;27;26;26;25;23;20;19;17;16;18;18;19;19;20;19;21;26;33;43;53;61;66;68;63;54;46;34;25;17;11;5;3;2;0;0;0;0;0;0;0;0;0;0;0;0;0;0;0;0;0;0;0;0;0;0;0
0;0;0;0;0;1;1;2;3;3;2;2;1;2;3;5;7;11;14;19;23;25;25;26;26;26;25;22;20;18;16;16;17;18;20;20;20;19;22;27;34;41;51;59;64;66;63;56;45;33;25;17;10;7;3;2;1;0;0;0;0;0;0;0;0;0;0;0;0;0;0;0;0;0;0;0;0;0;0
0;0;0;0;0;1;1;2;3;2;2;1;2;2;3;3;6;10;13;18;23;24;25;25;25;25;24;21;19;17;15;14;16;19;20;21;20;20;22;26;33;40;48;57;63;67;64;57;45;36;27;18;11;7;4;2;1;1;0;0;0;0;0;0;0;1;1;0;0;0;0;0;0;0;0;0;0;0;0
0;0;0;0;0;1;1;2;3;2;2;1;1;1;3;4;6;9;13;17;22;24;25;25;24;24;23;20;19;17;15;15;16;20;21;22;20;21;23;26;33;39;47;56;62;65;62;55;45;36;27;19;12;7;4;2;1;1;1;1;1;0;0;0;0;0;0;0;0;0;0;0;0;0;0;0;0;0;0
0;0;0;0;1;1;1;2;3;2;2;2;1;2;2;3;6;9;13;17;20;23;24;23;23;24;22;20;17;16;15;17;18;21;20;23;22;21;22;26;33;40;46;55;62;64;61;56;47;36;27;19;13;8;4;2;1;1;1;0;0;0;0;0;0;0;0;0;0;0;0;0;0;0;0;0;0;0;0
0;0;0;0;0;0;0;2;2;2;2;2;1;1;2;3;6;8;13;17;20;22;22;22;22;21;20;19;16;15;15;16;18;21;22;23;23;21;22;26;32;39;46;57;62;64;61;55;47;38;29;19;13;8;4;2;1;1;1;0;0;0;0;0;0;0;0;0;0;0;0;0;0;0;0;0;0;0;0
0;0;0;0;0;0;1;2;3;2;3;1;2;1;2;3;5;9;13;16;19;23;22;22;21;20;19;18;16;15;15;16;18;20;21;23;22;22;23;26;32;38;46;54;61;64;61;55;46;38;29;20;13;8;4;2;1;0;1;1;0;0;0;0;0;0;0;0;0;0;0;0;0;0;0;0;0;0;0
0;0;0;0;0;0;1;2;2;3;3;2;2;1;1;3;5;9;14;16;19;21;21;20;20;19;19;17;16;15;15;16;18;19;21;23;23;22;23;25;31;37;46;53;60;64;61;54;47;37;28;20;13;8;4;2;1;1;1;0;0;0;0;0;0;0;0;0;0;0;0;0;0;0;0;0;0;0;0
0;0;0;0;0;0;1;1;2;3;3;2;1;1;2;3;6;8;13;15;19;21;22;21;19;18;18;16;15;15;15;16;17;19;21;22;22;20;22;25;31;37;44;52;60;63;62;57;48;38;29;21;14;8;4;2;1;1;0;0;0;0;0;0;0;0;0;0;0;0;0;0;0;0;0;0;0;0;0
0;0;0;0;0;0;1;2;2;2;2;2;1;1;2;3;5;8;13;16;19;21;21;20;18;18;18;17;14;14;13;15;16;18;20;22;22;19;21;23;30;36;43;53;59;62;61;56;49;39;30;23;14;9;5;2;1;1;0;0;0;0;0;0;1;1;0;0;0;0;0;0;0;0;0;0;0;0;0
0;0;0;0;1;1;1;2;2;2;2;2;1;1;1;3;6;9;12;16;19;20;21;20;19;18;16;16;14;14;13;14;16;17;18;20;20;19;20;23;28;35;44;52;58;61;60;55;49;40;31;22;14;8;5;2;1;0;1;0;0;0;0;0;0;1;0;0;0;0;0;0;0;0;0;0;0;0;0
0;0;0;0;0;1;1;2;2;2;2;1;1;1;1;3;5;9;11;15;18;20;20;21;19;18;17;17;15;14;13;14;16;16;17;18;19;18;19;22;27;34;41;49;56;60;61;57;48;39;31;21;13;9;5;2;1;1;1;0;0;0;0;1;1;1;0;0;0;0;0;0;0;0;0;0;0;0;0
0;0;0;0;0;1;0;1;2;2;2;2;2;1;2;3;5;7;10;15;18;20;19;19;19;17;17;17;16;14;13;14;15;15;18;18;19;17;18;21;26;33;40;48;54;59;59;55;48;39;30;21;13;8;5;3;1;1;1;0;1;1;0;0;0;1;1;1;1;0;0;0;0;0;0;0;0;0;0
0;0;0;0;0;1;0;1;2;2;2;2;1;1;1;3;5;8;12;15;17;18;19;19;19;18;17;16;15;13;13;13;13;14;17;17;16;17;18;21;25;33;40;47;54;58;58;54;47;39;31;22;14;8;4;3;1;0;0;1;1;1;0;0;1;1;1;0;0;0;0;0;0;0;0;0;0;0;0
0;0;0;0;0;0;1;1;2;2;2;2;1;1;1;3;5;8;11;13;17;19;20;19;18;17;17;14;14;13;12;12;12;13;15;15;15;16;18;20;25;32;39;46;53;57;58;55;49;40;32;22;14;8;4;3;1;1;1;1;1;0;0;1;0;0;0;0;0;0;0;0;0;0;0;0;0;0;0
0;0;0;0;0;1;1;1;2;2;3;2;1;1;2;3;5;7;11;14;17;18;20;19;18;17;18;16;14;13;12;12;12;13;15;15;16;16;18;21;25;30;37;46;52;56;57;54;50;41;32;22;15;8;5;3;1;1;1;1;0;0;0;0;0;0;0;0;0;0;0;0;0;0;0;0;0;0;0
0;0;0;0;0;0;1;1;2;2;2;2;1;2;2;2;5;8;11;14;16;18;20;20;19;19;18;16;14;13;13;12;12;13;15;15;15;16;18;21;25;31;38;46;53;56;58;54;49;40;30;22;15;9;5;3;1;1;0;0;0;0;0;0;0;0;0;0;0;0;0;0;0;0;0;0;0;0;0
0;0;0;0;1;0;1;1;2;2;2;2;2;2;2;3;6;8;11;14;16;18;19;21;20;19;17;16;14;12;11;11;11;13;14;16;16;17;19;22;26;31;39;45;52;56;56;53;47;40;31;22;15;9;5;3;1;0;0;0;0;0;0;0;0;0;0;0;0;0;0;0;0;0;0;0;0;0;0
0;0;0;0;1;1;1;1;1;2;2;2;2;2;2;3;5;8;10;13;16;18;19;19;20;19;17;16;14;13;11;11;12;13;14;16;17;18;20;22;27;31;39;44;52;56;56;52;46;39;30;22;14;8;5;2;0;0;1;0;0;0;1;0;0;0;0;0;0;0;0;0;0;0;0;0;0;0;0
0;0;0;0;1;2;2;2;2;2;2;2;2;2;2;3;5;7;9;14;17;18;19;21;20;19;18;16;14;12;12;11;12;13;16;16;16;17;19;22;27;32;38;44;52;55;55;53;46;39;30;22;15;8;4;2;1;0;1;1;0;0;0;0;0;0;0;0;0;0;0;0;0;0;0;0;0;0;0
0;0;0;0;1;1;1;2;2;3;2;2;1;2;2;3;5;8;10;13;17;19;19;20;20;19;18;16;14;12;11;11;12;13;16;16;16;17;19;21;27;32;38;46;51;55;57;53;46;40;31;22;14;8;4;2;1;1;0;0;0;0;1;0;0;0;1;1;0;0;0;0;0;0;0;0;0;0;0
0;0;0;0;1;1;2;2;3;2;2;2;2;2;2;4;6;7;10;13;16;19;20;21;22;20;18;16;14;12;12;11;12;13;15;16;16;18;19;23;26;31;38;44;51;54;56;52;46;40;32;23;15;9;5;2;1;0;0;0;1;0;0;1;0;1;1;1;0;0;0;0;0;0;0;0;0;0;0
0;0;0;0;1;1;2;2;2;2;2;2;2;2;3;4;6;8;10;14;17;20;22;21;22;20;18;17;15;14;11;11;12;13;16;17;18;18;18;21;25;28;36;44;50;55;56;52;45;40;32;24;16;9;5;2;1;0;0;1;0;0;0;0;1;1;0;0;0;0;0;0;0;0;0;0;0;0;0
0;0;0;0;0;1;2;3;2;2;2;2;2;3;3;5;6;8;11;15;18;21;22;22;23;21;19;17;16;13;12;11;13;15;17;18;18;19;18;21;25;30;36;44;50;53;55;52;46;39;32;24;16;10;5;2;0;0;0;0;0;0;0;0;0;0;0;0;0;0;0;0;0;0;0;0;0;0;0
0;0;0;0;1;2;2;2;2;2;2;2;3;3;4;6;8;9;12;15;18;21;23;24;25;22;20;18;15;14;13;13;14;16;17;19;18;18;18;21;25;31;36;43;49;53;54;51;46;39;31;24;15;9;5;2;1;0;0;0;0;0;0;0;0;0;1;1;0;0;0;0;0;0;0;0;0;0;0
0;0;0;1;1;1;3;2;3;2;2;2;3;3;4;6;7;9;13;16;18;20;24;25;24;23;21;19;16;14;13;13;14;17;18;20;19;18;19;22;26;31;36;42;48;53;53;51;48;40;31;23;17;10;5;2;1;0;0;0;0;0;0;0;0;0;0;0;0;0;0;0;0;0;0;0;0;0;0
0;0;0;0;0;1;2;2;3;2;2;2;3;4;5;6;8;11;13;17;20;21;24;24;24;23;22;18;16;14;13;13;15;17;19;20;20;19;19;21;25;32;36;44;50;54;53;51;46;40;32;22;16;9;5;2;0;1;0;0;0;0;0;0;0;1;1;1;0;0;0;0;0;0;0;0;0;0;0
0;0;0;0;1;1;2;2;3;2;2;2;3;5;5;6;8;10;13;17;20;22;26;26;26;24;22;19;16;13;13;14;16;18;20;21;21;20;21;22;25;31;38;44;49;54;55;52;45;38;32;22;16;10;5;3;1;0;0;0;0;0;0;0;0;0;1;1;0;0;0;0;0;0;0;0;0;0;0
0;0;0;1;1;1;2;3;3;2;2;2;4;5;5;7;8;11;14;18;22;26;27;27;26;24;23;20;17;14;13;14;16;17;20;21;21;21;21;22;24;31;38;45;52;56;56;53;45;38;31;22;16;10;5;3;1;0;1;0;0;0;0;0;0;1;1;0;0;0;0;0;0;0;0;0;0;0;0
0;0;0;0;1;2;2;2;3;2;2;2;4;5;6;8;9;12;16;19;23;26;28;27;26;25;23;21;18;15;15;14;16;19;21;22;23;22;21;23;26;31;38;45;52;56;57;54;46;41;32;23;16;10;5;3;2;0;0;0;0;0;0;0;0;1;1;1;0;0;0;0;0;0;0;0;0;0;0
0;1;0;0;1;1;2;2;3;2;3;3;4;6;7;8;9;12;16;20;25;27;29;28;26;25;23;20;17;16;14;14;17;19;21;23;23;22;22;22;27;32;38;45;53;57;59;56;49;42;32;24;17;11;6;3;2;1;1;0;1;0;0;0;0;0;1;1;0;1;0;0;0;0;0;0;0;0;0
0;0;0;1;1;2;2;3;3;3;2;3;4;5;7;8;10;13;17;22;25;28;29;28;27;25;24;20;18;14;14;15;16;18;21;23;23;22;21;23;27;33;39;47;55;58;59;57;50;42;32;24;18;11;6;3;1;1;1;0;0;0;0;0;0;0;1;1;0;0;0;0;0;0;0;0;0;0;0
0;0;0;0;1;2;2;3;4;3;3;3;5;5;7;9;10;12;16;22;26;28;30;28;28;26;23;20;18;16;16;15;17;19;21;23;23;22;21;23;27;32;39;46;53;58;60;57;52;41;33;26;18;11;6;3;1;1;1;1;1;0;0;0;0;0;1;0;0;0;0;0;0;0;0;0;0;0;0
0;0;0;0;1;2;2;3;3;3;3;3;5;6;7;8;9;13;17;22;27;29;30;29;29;26;24;21;19;17;15;16;17;19;21;22;24;22;21;22;26;32;41;48;54;59;59;55;52;42;34;26;19;12;7;3;1;1;0;1;0;0;0;0;0;0;1;0;0;0;0;0;0;0;0;0;0;0;0
0;0;0;0;1;2;2;4;4;3;2;3;5;6;8;9;10;14;18;22;27;30;31;29;29;28;25;22;20;18;16;17;17;19;22;23;24;23;22;24;27;32;39;47;55;61;60;57;52;43;34;26;19;13;7;3;1;0;0;1;0;0;0;0;0;0;1;1;1;0;0;0;0;0;0;0;0;0;0
0;0;0;0;1;2;3;3;4;2;2;4;4;5;8;9;11;14;19;23;28;32;32;31;29;28;25;23;22;19;17;17;18;20;21;23;23;22;23;24;26;33;38;47;54;60;60;55;50;44;35;26;19;12;7;3;1;1;0;0;0;0;0;0;0;0;0;0;0;0;0;0;0;0;0;0;0;0;0
0;0;0;0;1;2;3;3;4;3;3;3;5;7;8;10;12;15;19;24;30;34;32;30;29;27;25;24;21;19;18;17;18;19;22;22;22;22;23;24;27;34;41;49;54;59;60;55;50;43;34;25;18;12;7;3;1;0;0;0;1;0;0;0;0;0;0;0;0;0;0;0;0;0;0;0;0;0;0
0;0;0;0;1;1;3;3;4;2;2;3;5;7;8;10;12;15;20;25;31;34;32;30;28;27;25;24;22;20;18;17;17;19;22;24;25;24;24;24;27;33;41;49;56;59;60;56;50;42;33;24;18;11;7;3;1;0;0;0;1;0;0;0;0;0;0;0;0;0;0;0;0;0;0;0;0;0;0
0;0;0;1;1;2;3;3;3;3;3;4;5;7;8;10;11;15;20;25;30;32;33;31;29;27;26;25;22;19;18;17;17;19;21;23;24;23;23;23;27;33;40;48;55;60;59;55;47;40;33;25;17;12;6;3;1;1;0;1;1;0;0;0;0;0;0;0;0;0;0;0;0;0;0;0;0;0;0
0;0;0;0;0;1;2;3;3;3;3;3;4;7;8;9;12;15;20;26;29;32;33;32;30;29;26;24;21;20;18;18;17;19;22;23;24;22;23;23;28;33;41;47;56;61;60;56;47;40;32;24;16;10;5;3;1;1;0;0;1;1;0;0;0;0;0;0;0;0;0;0;0;0;0;0;0;0;0
0;0;0;0;1;2;3;3;3;2;3;3;4;6;7;10;12;15;19;25;30;33;33;32;29;28;25;24;23;21;19;17;16;19;21;22;22;23;23;24;28;33;41;48;56;61;59;56;47;40;33;25;16;10;5;2;1;1;0;0;0;0;0;0;0;0;0;0;0;0;0;0;0;0;0;0;0;0;0
0;0;0;0;1;2;2;3;3;3;3;3;4;5;6;9;11;15;20;24;30;33;33;31;30;29;27;25;23;21;18;18;17;19;20;23;23;23;24;25;29;34;42;50;58;62;60;56;49;40;32;23;16;10;5;2;1;1;1;1;1;0;0;0;0;0;1;0;0;0;0;0;0;0;0;0;0;0;0
0;0;0;0;1;2;2;3;4;3;3;3;4;5;6;8;11;16;21;26;31;32;32;31;31;29;27;24;22;20;18;18;18;20;22;24;24;23;25;27;30;35;43;50;56;61;61;56;48;40;31;24;16;9;6;2;0;0;1;1;1;0;0;0;0;1;1;0;0;0;0;0;0;0;0;0;0;0;0
0;0;0;0;1;2;3;2;3;4;4;4;4;5;6;8;12;15;20;25;29;32;34;32;30;28;26;24;23;21;18;17;19;20;23;24;25;25;26;27;30;37;44;49;56;61;61;56;48;41;32;24;16;9;5;3;0;0;0;1;1;0;0;0;0;1;1;1;1;0;0;0;0;0;0;0;0;0;0
0;0;0;0;1;2;2;3;3;3;4;4;4;5;6;8;11;15;20;25;29;31;33;31;30;28;26;24;23;20;19;18;19;20;23;23;24;25;26;26;31;36;45;52;59;63;61;57;51;41;33;25;16;10;5;3;1;1;1;1;1;1;0;0;1;0;0;0;0;0;0;0;0;0;0;0;0;0;0
0;0;0;0;1;2;2;3;3;4;4;4;5;5;6;8;11;15;20;25;29;30;31;30;28;27;27;24;22;20;18;18;20;21;23;23;25;25;24;26;30;36;44;53;61;63;62;58;49;41;32;25;16;9;5;3;1;1;1;1;1;1;0;0;1;0;0;1;1;0;0;0;0;0;0;0;0;0;0
0;0;0;0;1;2;2;3;4;4;4;4;5;5;6;8;12;16;19;23;27;30;30;30;29;27;25;22;20;20;18;18;19;20;23;24;25;25;25;26;29;36;44;52;61;64;63;57;50;41;32;24;16;11;6;3;1;1;1;1;0;1;0;1;1;1;1;1;1;0;0;0;0;0;0;0;0;0;0
0;0;0;0;1;2;3;3;4;4;5;4;5;5;6;7;11;15;19;23;27;28;31;30;29;28;25;22;21;19;18;18;20;21;24;24;25;25;24;25;30;36;45;53;61;67;65;59;52;41;31;23;15;10;6;3;2;1;2;1;1;1;0;0;0;1;1;1;1;0;0;0;0;0;0;0;0;0;0
0;0;0;0;1;2;3;4;3;4;5;5;5;5;6;7;11;15;19;24;28;30;31;30;30;28;25;21;20;18;18;18;20;21;23;24;25;24;24;24;29;36;44;54;62;67;65;59;52;42;31;23;15;10;5;3;2;1;1;1;1;1;1;0;0;1;0;1;1;0;0;0;0;0;0;0;0;0;0
0;0;0;0;1;2;3;4;3;4;5;5;5;5;6;7;10;17;20;24;29;30;32;31;30;27;24;22;20;18;18;18;19;22;24;25;24;24;25;26;30;36;44;54;62;68;67;60;51;41;32;22;15;11;5;3;2;1;1;1;1;1;1;0;0;1;1;1;1;0;0;0;0;0;0;0;0;0;0
0;0;0;0;1;2;3;3;3;4;4;6;5;4;6;7;11;16;21;25;28;30;30;32;30;28;26;22;19;18;17;17;20;22;24;25;24;23;24;26;30;38;45;55;63;69;68;62;53;41;32;23;16;10;5;3;2;2;2;1;1;1;0;0;0;0;0;1;1;0;0;0;0;0;0;0;0;0;0
0;0;1;1;1;2;2;3;3;4;5;5;5;5;6;8;12;17;22;26;27;29;30;31;30;28;25;21;19;18;17;18;19;21;23;24;24;24;24;26;32;39;46;57;64;68;68;62;53;42;32;23;15;10;5;3;2;1;1;1;1;1;0;0;0;1;0;1;0;0;0;0;0;0;0;0;0;0;0
0;1;0;1;1;2;3;4;4;4;5;5;6;5;5;8;13;18;23;25;27;30;31;32;31;28;25;22;19;18;16;17;18;21;22;23;25;23;24;27;30;39;47;56;65;70;69;63;54;44;34;25;17;11;6;3;1;1;1;2;2;1;0;0;0;1;1;0;0;0;0;0;0;0;0;0;0;0;0
0;0;0;1;2;3;3;4;4;4;5;6;6;5;6;8;13;19;23;26;29;31;33;33;31;27;24;22;19;17;16;17;18;20;22;23;24;22;23;26;31;38;47;57;68;72;71;64;55;44;35;25;19;11;7;4;2;1;1;1;1;1;0;0;0;1;1;1;1;0;0;0;0;0;0;0;0;0;0
0;0;0;0;2;3;4;4;4;5;5;6;5;5;6;9;13;19;23;26;31;32;32;32;31;27;25;22;19;17;16;16;19;21;22;24;24;22;23;25;31;37;45;57;66;73;74;68;58;47;34;25;19;13;6;3;2;1;1;1;1;1;0;0;0;0;1;1;1;1;0;0;0;0;0;0;0;0;0
0;0;0;0;1;2;4;4;4;5;6;6;6;5;6;10;14;19;24;28;31;34;33;33;31;28;25;21;18;17;15;16;17;20;21;23;24;23;24;26;30;36;45;56;65;73;72;67;59;47;36;26;19;13;7;4;2;1;1;1;1;1;0;0;0;0;0;0;1;1;0;0;0;0;0;0;0;0;0
0;0;0;1;2;4;4;4;4;5;6;6;6;5;6;9;14;19;26;30;33;35;34;34;31;29;25;21;18;17;15;16;17;21;22;23;24;24;23;26;30;36;46;56;64;74;72;69;62;47;37;29;20;14;8;5;2;1;1;1;1;0;0;0;0;0;0;0;1;1;0;0;0;0;0;1;0;0;0
0;0;0;1;2;4;4;4;5;4;5;6;6;5;7;10;15;21;26;32;32;35;35;35;32;29;25;21;18;16;15;15;17;20;23;24;25;25;25;27;31;35;47;57;64;72;72;70;60;49;38;28;20;14;9;5;3;1;1;1;1;0;0;0;0;0;0;0;0;1;1;0;0;0;0;0;0;0;0
0;0;0;2;2;4;5;5;5;5;5;6;6;6;7;11;16;22;26;32;35;36;38;36;33;30;26;22;19;16;14;15;17;20;23;24;25;25;26;27;31;37;47;56;67;73;73;70;61;50;39;29;21;14;9;6;3;1;1;1;0;0;0;0;0;0;0;1;0;1;1;0;0;0;0;0;0;0;0
0;0;0;1;2;4;4;4;4;6;6;6;6;7;8;12;17;23;27;33;36;38;38;36;33;29;26;22;19;16;15;15;17;20;22;24;25;24;26;27;32;39;48;56;65;72;73;69;61;51;40;31;22;14;9;5;3;1;1;1;0;1;0;0;0;0;0;0;0;1;0;0;0;0;0;0;0;0;0
0;0;0;1;2;4;4;4;5;6;6;7;7;7;8;12;18;24;30;34;39;40;41;39;35;31;27;23;20;17;16;16;17;19;22;24;26;26;26;28;32;38;46;57;65;71;73;68;59;51;39;31;22;15;8;5;3;2;1;1;0;0;0;0;0;0;0;0;0;1;0;0;0;0;0;0;0;0;0
0;0;1;1;2;4;5;5;5;5;6;7;7;7;9;13;18;25;31;35;39;41;42;39;35;31;29;24;21;18;17;17;18;20;23;24;27;27;26;28;33;37;48;59;68;73;74;71;61;51;40;31;23;16;10;6;3;1;1;1;0;0;0;0;0;0;0;0;0;1;1;0;0;0;0;0;0;0;0
0;0;1;1;2;4;5;5;5;5;6;7;7;7;9;15;21;27;33;38;41;43;42;41;37;32;29;24;21;19;16;16;18;21;23;25;27;25;27;29;32;37;48;59;67;74;76;74;64;50;41;31;23;17;10;6;4;1;1;1;0;1;0;0;0;0;0;0;1;1;1;1;0;0;0;0;0;0;0
0;0;1;1;3;5;5;5;5;5;5;6;6;8;11;14;21;28;34;39;43;44;44;42;37;34;29;25;23;20;17;18;19;21;22;26;28;28;28;29;33;40;49;58;68;75;74;74;66;54;42;32;24;17;11;6;3;1;1;1;1;0;0;0;0;0;0;0;1;0;1;0;0;0;0;0;0;0;0
0;0;0;1;3;5;5;5;6;6;5;7;8;8;10;15;22;29;35;39;43;48;48;45;41;36;31;27;24;21;19;19;20;21;23;27;27;28;29;29;33;39;48;56;68;76;77;76;69;55;43;33;25;17;11;7;3;2;1;0;1;0;0;0;0;0;0;0;1;0;1;0;0;0;0;0;0;0;0
0;0;1;1;3;5;5;6;6;6;6;7;8;8;11;16;22;31;37;40;47;49;50;46;41;36;32;28;25;23;21;21;21;23;25;28;29;29;28;30;33;37;47;57;68;77;80;78;69;55;45;34;25;18;12;7;4;2;1;1;1;0;0;0;0;0;0;0;1;1;1;1;0;0;0;0;0;0;0
1;0;1;1;3;5;6;7;6;6;6;7;7;9;13;17;24;30;37;44;49;51;51;46;41;38;33;28;26;23;21;22;23;24;26;29;30;31;31;32;35;40;49;59;69;77;82;79;70;58;48;36;27;20;13;8;5;2;1;1;1;1;0;0;0;1;0;0;0;1;0;0;0;0;0;0;0;0;0
0;0;1;1;3;6;5;6;6;6;6;7;8;10;14;18;25;31;39;45;50;54;53;49;45;40;35;31;28;25;23;23;25;26;28;31;33;33;33;33;34;41;50;60;70;78;83;79;73;60;48;38;27;20;13;8;5;2;2;1;1;1;0;0;0;0;0;1;1;1;0;0;0;0;0;0;0;0;0
0;0;1;2;3;4;6;7;7;6;6;7;8;10;14;20;27;33;38;46;52;56;56;51;47;41;36;31;28;26;24;24;25;28;30;33;34;34;33;33;35;41;50;61;74;80;85;82;73;63;50;39;29;20;14;8;4;2;1;1;1;0;0;0;0;0;0;0;1;1;0;1;0;0;0;0;0;0;0
0;0;1;2;3;5;6;7;6;6;6;7;8;10;14;20;28;35;41;48;55;59;61;54;49;43;38;32;29;27;26;26;25;27;30;33;36;37;35;34;36;41;52;62;74;82;83;83;75;65;53;42;31;22;14;8;5;2;1;0;0;0;0;0;0;0;1;1;1;1;0;0;0;0;0;0;0;0;0
0;0;1;2;3;5;7;6;6;6;6;7;8;11;15;21;27;35;43;51;56;63;63;58;50;46;39;34;31;28;27;25;26;27;30;34;37;37;36;36;37;43;53;63;75;85;90;86;78;68;56;44;32;23;15;9;5;3;1;0;0;1;0;0;0;0;0;0;0;1;1;0;0;0;0;0;0;0;0
0;0;0;2;4;5;7;7;7;7;7;7;8;11;16;22;28;36;45;54;59;65;63;59;53;46;39;36;32;29;26;25;26;29;32;36;38;39;37;37;38;43;53;65;77;89;92;90;83;72;59;45;35;25;16;10;5;2;2;1;1;0;0;0;0;0;0;0;1;1;1;0;0;0;0;0;0;0;1
0;0;0;2;4;5;6;7;7;7;7;7;9;11;16;22;29;39;48;58;63;67;65;60;54;47;41;37;33;29;28;27;27;30;34;39;40;41;40;38;39;44;54;66;77;87;92;93;85;74;61;48;36;26;17;10;5;3;1;1;1;0;0;0;0;0;0;0;1;1;1;1;0;0;0;0;0;0;0
0;0;0;2;4;6;6;7;7;8;7;8;10;12;18;24;32;41;50;60;65;68;67;62;55;49;43;38;34;31;30;29;29;31;34;39;41;43;40;38;40;46;54;65;78;89;95;94;88;76;64;50;38;29;19;11;5;3;1;0;1;1;0;0;0;0;0;0;1;1;0;0;0;0;0;0;0;0;0
0;0;0;2;3;5;6;7;7;7;7;9;10;14;18;25;32;42;52;63;69;71;68;64;58;53;46;40;35;33;30;29;29;31;36;41;45;44;41;40;41;46;54;66;81;91;99;97;90;80;66;54;41;29;19;12;6;3;1;0;1;1;0;0;0;0;0;1;1;1;1;0;0;0;0;0;0;0;0
0;0;1;2;4;6;6;7;8;8;8;9;12;14;18;26;33;44;55;66;73;73;72;68;60;53;47;43;37;33;30;30;30;33;37;42;45;45;43;40;42;46;56;66;79;91;99;99;92;82;68;56;42;30;19;11;6;3;1;0;0;1;0;0;0;0;0;1;1;2;1;1;0;0;0;0;0;0;0
0;1;2;2;4;5;7;8;8;8;9;9;11;14;19;27;36;48;59;69;76;76;76;70;62;55;51;44;39;35;31;29;30;35;40;46;46;47;44;42;43;47;55;66;79;93;100;99;95;84;72;57;42;31;20;12;6;3;1;0;1;1;1;0;0;0;0;1;1;1;1;1;0;0;0;0;0;0;0
0;0;1;2;4;5;7;7;8;8;9;10;12;15;21;28;37;47;61;72;77;77;78;73;65;56;53;46;41;38;33;30;33;37;43;47;49;51;48;45;44;47;56;67;80;93;100;102;97;86;72;57;44;32;21;12;6;2;1;1;0;1;1;0;0;0;0;0;1;1;0;1;0;0;0;0;0;0;0
0;0;1;2;4;6;8;8;8;8;9;10;13;15;20;25;40;50;62;73;79;80;78;75;68;61;53;47;42;38;35;33;35;38;46;49;52;52;50;46;47;50;57;68;82;95;101;104;98;88;75;61;47;32;21;12;6;2;1;1;1;0;0;0;0;0;0;0;1;1;0;1;0;0;0;0;0;0;0
0;0;2;3;5;6;8;8;8;7;9;10;13;15;19;29;40;53;66;76;83;84;81;78;70;63;55;50;44;39;36;35;36;40;46;51;56;56;54;51;50;52;59;71;85;98;105;107;99;89;77;63;48;32;22;12;6;2;2;1;1;1;1;0;0;0;0;1;1;1;1;1;0;0;0;0;0;0;0
0;0;1;3;5;7;8;9;9;9;8;10;13;16;21;31;43;56;69;78;83;87;83;79;72;66;57;51;46;39;38;38;40;43;49;54;58;59;57;53;52;52;62;74;88;99;106;108;103;92;80;66;51;35;22;12;6;3;2;0;1;1;1;0;0;0;0;1;1;1;1;0;0;0;0;0;0;0;0
0;1;1;3;5;7;9;9;9;9;10;12;14;18;23;32;45;60;72;82;86;89;87;81;74;67;61;53;49;43;40;39;42;46;50;58;62;63;60;56;56;56;65;76;91;102;110;110;106;96;83;67;52;36;22;12;6;2;2;1;1;1;0;0;0;0;0;1;2;1;1;1;0;0;0;0;0;0;0
0;1;1;3;5;7;9;9;9;10;11;13;14;18;24;33;48;64;75;84;89;93;90;84;77;68;62;54;49;45;42;42;44;48;53;60;65;66;63;56;57;59;66;79;95;106;114;114;109;97;84;68;54;38;24;13;6;3;2;1;1;1;1;1;0;0;0;1;2;1;1;1;0;0;0;0;0;0;0
0;1;1;4;6;9;10;9;9;10;11;13;14;18;26;35;49;65;77;87;93;95;93;88;78;69;65;57;52;46;44;45;46;49;55;63;66;68;65;60;59;61;68;82;97;109;117;116;110;100;86;71;55;39;25;14;6;3;1;1;1;1;1;0;0;0;0;1;2;1;1;1;0;0;0;0;0;0;0
0;1;2;4;6;9;10;11;10;10;12;14;15;20;26;37;52;67;81;90;95;97;95;90;81;72;65;59;55;50;47;48;48;52;57;65;70;71;67;62;60;62;71;86;101;114;122;121;114;102;84;70;56;39;26;15;7;3;1;1;1;1;1;0;0;1;0;1;1;2;1;1;0;0;0;0;0;0;0
0;0;1;4;7;9;10;10;10;10;12;14;16;20;28;39;53;69;82;92;99;101;97;91;83;75;67;59;57;52;49;50;51;56;61;69;74;75;71;64;62;65;74;88;105;118;126;129;119;106;87;71;58;42;26;14;6;3;1;1;1;1;1;1;1;0;1;1;1;2;1;0;0;0;0;0;0;0;0
0;1;1;5;8;9;9;10;10;11;12;14;17;21;29;40;57;72;85;93;100;105;100;93;86;78;71;64;60;55;52;52;54;59;66;73;79;78;74;67;65;69;77;92;107;123;130;131;123;110;92;75;59;44;27;14;6;2;1;1;1;1;1;0;0;0;1;1;2;2;2;1;0;0;0;0;0;0;0
1;1;2;5;8;9;10;11;10;11;13;15;17;21;30;42;58;73;87;98;107;107;106;96;87;80;73;67;62;57;53;54;57;62;68;76;81;82;79;70;67;70;79;95;110;126;136;136;128;113;97;79;62;43;27;15;5;2;1;1;1;0;1;1;0;1;1;1;2;1;1;1;0;0;0;0;1;0;0
0;1;3;5;6;9;11;11;11;12;14;15;17;22;31;44;58;76;90;102;111;112;111;101;91;83;78;70;65;60;58;58;60;66;72;83;85;86;80;73;69;74;83;99;115;131;141;140;130;116;102;83;65;46;29;16;6;2;1;1;1;1;1;0;0;1;1;1;1;1;2;0;0;0;0;0;0;0;1
0;1;3;5;7;10;12;12;11;13;15;17;21;25;33;46;63;80;94;106;113;115;113;104;95;86;80;73;66;63;61;58;62;71;77;83;88;88;83;76;72;76;85;99;120;135;145;142;136;121;105;87;67;49;30;16;7;2;1;0;1;2;1;0;0;0;1;0;1;1;1;0;0;0;0;0;0;0;0
0;1;3;5;8;10;12;12;11;13;15;17;20;26;34;49;66;83;96;112;118;119;114;107;99;89;80;74;69;67;64;63;66;75;81;87;94;91;85;77;75;78;89;105;124;140;151;149;142;127;107;89;70;50;30;16;7;2;1;1;1;1;1;0;0;0;1;1;2;2;1;1;0;0;0;0;0;0;0
0;1;3;6;8;11;12;12;12;13;15;17;21;27;36;50;65;86;100;114;119;120;116;110;100;92;84;77;70;68;65;66;68;74;83;93;96;94;87;84;80;84;94;110;130;146;156;155;144;128;112;94;73;51;31;16;7;3;1;1;1;1;1;0;0;1;1;1;1;1;1;1;0;0;0;0;0;0;0
0;1;3;7;9;12;11;13;13;14;16;18;23;28;38;51;67;84;102;116;122;122;120;112;102;95;86;79;73;70;67;67;70;78;88;95;99;99;93;87;84;86;99;117;135;151;161;162;149;132;116;96;75;52;33;17;8;3;1;1;1;1;1;0;0;1;1;1;1;1;1;0;0;0;0;0;0;0;0
0;2;4;8;10;13;13;13;13;15;17;19;23;30;40;54;70;86;104;117;123;125;121;115;104;94;87;80;76;72;70;69;73;79;89;98;104;103;97;89;86;91;101;120;140;157;168;167;157;142;122;100;78;54;33;18;8;3;0;0;1;1;1;0;0;0;1;1;2;2;1;1;0;0;0;0;0;0;0
1;1;3;7;10;13;14;14;14;16;18;20;25;31;41;56;72;88;105;117;123;130;124;117;107;97;88;84;78;73;71;69;76;82;91;100;105;105;100;90;88;94;104;126;146;163;170;172;164;148;126;106;82;56;34;18;9;3;0;1;2;2;1;0;0;0;1;2;2;2;1;1;0;0;0;0;0;0;0
0;1;4;8;10;13;14;13;13;15;19;21;25;32;42;55;72;92;108;121;132;133;126;119;109;101;91;82;78;74;72;72;79;84;95;104;107;106;100;93;91;98;108;127;147;169;178;179;166;153;131;107;84;59;37;21;9;3;1;1;1;1;1;1;0;0;0;1;2;2;1;1;0;0;0;0;0;0;0
0;1;4;7;11;13;13;13;13;15;19;21;26;33;42;56;75;94;110;124;132;134;130;121;111;101;92;83;80;75;74;74;79;86;96;106;110;108;103;96;94;99;112;131;155;176;185;184;173;156;136;112;87;63;40;23;10;4;1;0;1;2;1;0;0;0;0;1;1;2;1;1;0;0;0;0;0;0;0
1;2;5;8;11;13;14;13;14;16;19;23;27;34;44;58;75;95;113;125;133;133;128;121;112;101;92;86;81;77;75;76;80;86;100;109;113;109;104;99;96;102;116;136;161;181;192;190;179;162;139;116;90;63;38;22;11;4;1;1;1;2;1;1;1;0;1;1;1;1;1;1;1;0;0;0;0;0;0
1;3;4;8;11;13;15;13;14;16;19;24;27;34;43;57;76;95;112;125;134;139;129;121;112;100;92;85;81;78;76;78;84;90;102;110;114;109;104;101;99;103;116;139;165;184;196;195;189;166;143;119;91;66;42;23;11;4;1;1;1;1;1;1;0;0;1;2;2;2;1;1;1;0;0;0;0;0;0
1;2;4;7;10;13;14;13;14;17;20;23;28;35;43;59;77;95;113;127;134;133;127;119;110;101;94;86;81;80;78;80;84;91;103;111;111;109;104;102;102;106;121;142;167;186;201;201;190;172;148;122;95;67;43;23;12;4;1;0;1;1;1;0;1;1;1;1;1;2;1;1;0;0;1;1;0;1;1
1;2;5;8;11;13;13;13;14;17;19;24;28;34;45;60;77;96;113;126;133;131;126;120;110;100;93;86;81;80;79;81;86;93;102;111;113;111;107;102;103;110;126;149;173;192;205;205;193;175;155;126;99;67;44;23;12;5;2;1;1;1;2;1;1;1;2;2;2;2;2;1;1;0;0;0;0;1;1
1;2;5;8;11;13;13;12;13;15;20;24;27;34;45;61;78;95;113;124;130;130;125;119;110;98;93;86;84;81;81;82;87;94;103;110;114;111;106;102;103;113;129;149;175;196;208;208;199;177;156;129;99;70;46;25;12;5;1;0;1;1;2;1;1;1;1;2;2;2;1;1;1;0;0;0;0;1;1
1;3;6;8;11;13;14;12;12;16;20;25;28;36;46;63;80;98;110;123;130;132;126;119;109;99;93;87;82;79;78;81;86;92;102;109;112;110;104;101;104;114;130;153;178;198;211;210;197;179;159;132;102;71;45;26;12;4;2;1;1;1;1;1;0;1;1;2;1;2;2;1;0;0;0;0;2;1;1
1;3;6;8;10;13;13;13;12;16;19;23;29;36;47;63;78;98;112;123;128;128;123;117;105;97;92;86;81;78;77;81;85;92;103;109;114;111;103;100;103;114;132;157;182;203;215;213;201;182;157;134;105;76;51;28;13;5;1;1;1;1;1;1;1;1;1;1;1;1;2;1;1;0;0;0;1;1;1
1;3;5;8;10;12;12;13;14;17;19;22;28;37;47;62;80;97;111;121;126;126;120;112;104;94;88;83;79;78;77;78;86;92;103;111;112;109;103;101;102;115;134;156;186;207;218;214;207;186;160;135;107;78;51;29;14;6;2;1;1;1;1;1;0;1;1;1;2;2;2;1;1;0;0;1;1;1;1
1;3;5;8;10;12;13;12;13;17;19;22;26;35;48;63;78;95;108;117;123;123;119;110;102;95;88;84;79;75;77;79;85;91;101;109;111;109;103;101;102;113;134;158;187;211;224;219;207;192;163;136;109;80;53;30;15;6;2;1;1;1;1;1;1;1;1;0;2;2;2;1;1;0;0;0;1;1;1
1;3;6;9;11;13;12;12;12;15;18;20;27;35;48;62;77;92;104;113;122;120;115;110;99;93;88;82;79;75;75;77;82;89;100;108;108;108;103;98;102;113;129;153;184;211;223;222;211;194;167;138;112;82;54;32;16;6;1;1;1;1;1;1;1;1;1;1;1;2;2;1;0;0;0;0;0;1;1
1;2;5;8;11;11;11;12;12;15;17;20;25;33;48;61;76;91;103;111;116;118;113;105;97;90;84;79;77;73;73;74;77;87;98;104;107;107;100;98;101;110;130;154;183;209;222;225;213;195;171;146;115;83;56;34;17;7;2;0;1;1;1;1;1;1;1;1;1;2;2;2;1;0;0;0;0;0;1
1;2;4;7;10;11;12;11;12;14;17;19;24;33;45;59;74;88;100;109;113;112;108;102;94;88;84;78;74;71;72;73;77;85;95;101;105;105;100;98;99;108;130;153;180;207;220;221;213;195;175;148;116;84;58;34;16;7;2;1;1;1;1;1;1;0;1;1;2;2;2;2;1;0;0;0;0;1;1
1;3;5;7;10;12;12;11;11;14;16;19;23;32;43;57;71;86;96;107;111;112;105;97;89;85;81;78;74;70;69;71;77;85;94;99;103;102;98;95;97;108;126;151;178;205;224;223;215;198;176;150;119;88;58;35;18;7;2;1;1;2;1;1;1;1;1;2;2;2;3;2;0;0;0;0;0;1;1
1;2;4;7;9;12;12;11;12;14;15;18;23;31;42;57;70;84;93;103;106;106;101;94;87;82;76;75;73;68;68;70;77;84;93;99;101;98;93;91;94;107;125;149;176;202;219;225;214;198;178;152;120;89;60;34;18;8;3;1;1;1;1;1;1;1;1;1;2;2;1;2;0;0;0;0;0;1;1
2;2;4;7;9;11;11;11;11;12;14;17;22;31;43;55;67;80;92;101;105;104;98;93;85;80;75;72;69;67;66;67;73;82;92;97;100;95;90;89;92;104;122;147;174;199;217;222;217;199;179;151;120;90;61;37;19;8;2;0;1;1;1;1;1;1;1;1;2;2;2;1;1;0;0;0;0;1;1
1;3;4;7;9;10;10;9;10;12;14;16;21;29;41;53;66;77;88;96;100;99;93;89;81;77;73;69;68;65;65;66;71;79;89;94;98;93;88;87;89;100;115;143;170;195;220;221;215;202;178;152;122;92;62;37;20;8;2;0;1;1;1;1;1;1;1;1;2;2;2;2;1;1;0;0;0;1;1
1;2;4;6;8;9;10;8;9;12;14;16;19;29;40;52;64;74;85;91;93;93;88;83;76;70;68;66;65;62;61;64;69;76;86;92;94;93;88;83;86;97;114;137;164;191;209;218;213;198;179;153;126;93;61;37;20;8;3;1;1;1;1;2;1;1;1;2;2;2;2;1;1;0;0;0;1;1;2
1;2;4;5;7;9;8;8;9;11;13;15;20;28;37;49;60;72;81;86;88;87;83;79;72;66;66;62;60;57;57;60;66;75;83;90;92;88;85;83;85;91;109;134;161;189;204;213;208;195;178;155;125;91;62;38;20;8;3;1;0;1;1;2;1;1;1;1;2;2;2;1;0;0;0;0;0;1;1
1;2;4;6;7;8;8;8;8;10;12;15;20;26;37;47;58;69;77;83;83;82;79;74;69;63;60;58;55;55;55;57;64;71;79;88;89;85;81;81;83;89;104;131;157;182;200;208;206;195;180;155;126;94;62;39;21;9;3;1;1;1;2;2;1;1;1;1;2;3;2;1;1;0;0;0;0;1;1
0;2;3;5;7;8;7;7;8;10;12;14;19;25;36;46;56;65;73;79;81;79;74;69;65;61;57;54;53;51;51;53;60;67;77;82;86;84;79;78;79;86;102;126;151;176;196;203;202;192;177;153;126;93;63;39;21;9;3;1;1;2;2;2;1;1;1;1;2;3;3;1;1;1;1;1;1;1;1
1;2;4;5;7;7;7;7;8;9;11;13;18;25;33;45;54;63;69;75;77;73;70;65;61;56;53;52;50;50;51;51;55;64;71;76;80;77;74;72;76;83;99;121;147;174;187;195;195;189;176;152;124;91;62;38;20;9;4;1;1;1;2;2;2;1;1;1;2;3;3;1;1;0;0;1;1;1;1
1;2;4;6;7;7;7;7;7;8;10;13;16;23;34;43;51;61;67;72;74;71;67;60;55;51;50;48;48;48;47;48;50;58;66;72;74;72;70;68;71;79;94;116;140;165;182;189;189;184;178;154;123;92;60;38;21;8;3;1;1;2;2;1;1;1;1;1;2;4;3;2;2;1;0;0;1;1;1
1;2;3;5;6;7;7;6;6;7;9;12;15;21;31;41;50;56;63;68;69;68;63;57;51;48;47;46;45;44;45;46;49;56;62;68;69;68;65;64;66;76;91;109;133;157;172;183;183;178;170;152;121;90;62;38;20;9;3;1;1;2;1;2;1;1;1;1;2;3;3;2;1;1;1;0;1;1;2
1;2;3;5;6;6;6;6;6;7;9;12;15;20;28;39;47;53;58;65;67;66;58;53;48;44;43;44;44;43;43;43;46;52;61;64;64;64;61;61;64;71;86;107;130;151;165;175;180;181;167;146;119;90;62;36;19;8;4;1;1;1;2;2;3;1;1;1;2;3;2;2;1;1;1;1;1;1;1
2;2;3;4;6;6;6;6;6;8;9;11;14;19;27;35;44;51;57;62;64;62;56;51;45;42;41;39;40;40;40;41;43;48;55;59;60;59;56;56;59;67;82;100;124;145;160;170;175;174;164;144;116;88;59;37;19;7;3;1;1;1;2;2;1;1;1;1;2;3;2;2;1;1;1;1;1;1;1
1;1;3;4;5;6;6;6;6;8;9;10;13;17;25;34;44;51;56;58;61;59;53;46;43;38;38;37;37;37;37;38;41;44;50;53;56;55;53;51;56;64;78;95;118;136;150;162;168;167;157;142;115;87;58;37;19;8;3;1;2;2;2;1;1;1;1;1;2;2;3;2;1;1;0;1;1;1;1
1;2;2;3;5;5;7;6;6;6;9;10;13;18;25;33;42;48;55;57;57;54;50;44;40;37;37;35;35;35;36;37;38;42;47;50;53;52;50;49;53;60;75;92;108;128;142;153;159;160;151;133;110;84;58;35;17;8;3;1;2;2;2;2;1;1;1;1;2;2;2;2;1;1;1;0;1;0;1
1;1;2;3;5;5;6;5;6;8;8;10;12;16;23;32;40;45;50;54;55;54;49;43;39;35;35;34;34;35;34;34;36;40;43;45;48;48;49;49;51;58;70;85;102;121;137;147;153;153;145;128;105;80;55;34;18;7;3;1;1;2;2;2;2;1;1;1;2;2;2;2;1;1;1;1;1;1;1
1;1;2;3;4;6;6;6;6;7;8;10;11;16;21;30;37;43;48;50;52;51;46;41;38;34;34;33;33;34;34;33;35;38;42;43;42;44;45;46;49;55;67;81;99;115;130;139;145;145;138;122;103;78;53;32;17;7;3;1;1;2;2;2;2;2;1;2;2;1;1;2;1;0;1;1;1;0;1
1;1;2;4;5;6;6;6;6;7;8;9;12;15;20;28;35;42;47;48;50;47;44;40;37;33;32;32;32;34;33;32;33;34;39;40;42;42;43;44;47;51;65;78;96;110;124;134;138;139;133;118;99;74;51;32;16;7;2;0;1;1;2;2;2;2;1;1;2;2;2;2;1;1;1;1;1;0;1
1;2;2;3;5;6;6;6;6;7;8;9;11;14;19;25;33;40;44;46;48;46;44;40;36;32;29;30;30;32;33;34;32;33;36;38;40;42;39;42;45;51;61;72;88;104;122;131;136;135;127;112;93;74;50;31;15;7;2;0;1;1;2;2;2;2;1;1;1;2;2;2;1;1;0;1;1;0;1
1;2;3;4;5;7;5;5;6;8;9;9;9;14;19;24;31;38;43;45;47;45;41;38;34;31;30;30;30;31;32;30;28;31;33;35;37;37;38;41;42;49;57;69;86;100;114;126;132;131;123;108;90;70;49;30;16;8;2;1;1;2;1;2;1;1;1;1;1;2;2;1;1;1;1;1;1;0;1
1;1;3;4;5;6;6;5;6;7;9;9;10;13;18;25;32;39;42;44;45;43;39;36;33;31;29;29;29;31;30;29;28;29;32;34;34;35;37;39;41;48;55;68;84;96;111;121;124;123;117;106;89;67;46;29;15;7;2;1;1;2;2;2;1;1;1;1;1;1;2;2;1;0;0;0;0;0;0
1;1;2;4;5;6;6;5;6;7;8;10;11;13;18;24;31;36;40;43;43;42;39;35;32;30;30;28;29;30;29;29;28;29;31;33;34;35;36;38;40;44;54;65;80;94;107;117;121;121;115;103;86;65;47;29;15;7;2;1;1;2;1;2;2;2;1;1;1;1;1;1;1;0;1;0;0;0;0
1;1;2;4;5;6;6;6;6;7;8;10;10;13;17;24;30;36;40;41;42;40;38;34;30;28;27;27;30;29;29;29;28;29;30;31;33;35;35;36;38;44;52;62;76;90;103;112;117;117;110;100;83;64;45;27;15;6;3;1;1;2;2;2;2;1;1;1;1;1;1;2;1;0;1;0;0;0;0
1;2;2;4;5;5;6;6;6;7;9;10;10;12;16;22;30;36;40;40;41;42;38;34;29;27;26;27;27;28;28;28;28;29;30;31;32;34;33;34;37;44;51;62;75;90;100;109;112;114;107;96;82;63;45;27;15;6;2;1;1;2;2;3;2;1;1;1;2;2;1;2;1;0;0;0;0;0;0
1;1;3;4;6;6;6;6;6;8;9;10;10;12;16;23;30;35;39;38;38;38;36;32;30;27;24;27;27;27;27;28;28;28;28;30;31;32;33;35;38;43;48;60;73;86;97;107;112;111;106;95;78;61;42;27;14;5;1;0;1;2;2;3;2;2;1;1;2;1;1;1;1;0;0;0;0;0;0
1;2;3;5;5;6;6;6;6;8;9;10;10;12;17;23;30;36;39;39;39;38;36;33;30;27;25;25;27;27;26;27;27;27;28;31;31;32;33;34;36;41;49;58;69;83;95;103;107;107;103;93;76;57;40;26;15;6;2;0;1;1;2;2;2;2;1;1;1;2;1;1;1;0;0;0;0;0;0
2;2;2;5;5;6;6;6;6;8;8;10;11;12;17;22;30;35;39;40;40;37;35;32;29;27;25;25;26;27;27;27;26;27;29;30;31;32;32;33;34;40;50;59;70;83;93;102;105;106;102;92;75;56;39;26;13;6;2;1;0;1;2;2;2;2;1;1;1;1;1;1;1;0;0;0;0;0;0
2;2;3;5;6;6;6;6;7;8;9;10;12;13;17;24;30;35;39;39;39;37;35;32;29;27;26;26;26;26;27;28;27;28;29;29;30;31;33;33;34;40;50;59;70;81;92;99;101;104;101;89;72;56;39;25;14;6;2;1;1;1;2;2;2;1;1;1;1;1;1;1;1;0;0;0;0;0;0
1;2;3;4;6;6;6;6;6;7;9;11;13;14;18;24;30;35;38;38;38;37;34;31;30;28;26;26;26;26;27;27;27;27;28;29;30;31;31;34;35;40;47;57;68;81;91;97;101;103;100;87;71;54;41;24;14;6;2;0;1;1;1;3;3;2;1;1;1;1;2;2;1;0;0;0;0;0;0
1;2;3;3;5;6;6;6;6;7;9;10;12;14;19;24;31;34;38;37;38;37;35;30;29;27;26;26;27;28;27;28;28;27;27;28;29;30;31;33;35;40;47;56;66;79;90;96;100;102;98;87;71;53;38;23;14;6;2;0;1;2;2;3;3;2;1;2;1;1;1;1;1;0;0;0;0;0;0
2;3;4;4;5;6;7;6;6;8;9;11;12;15;19;23;30;34;38;39;38;34;32;29;28;26;26;26;27;27;26;28;27;26;27;27;28;28;30;33;35;40;46;57;66;77;90;97;100;102;95;85;69;53;37;22;12;5;1;0;0;2;2;2;2;1;1;0;1;1;1;1;1;0;0;0;0;0;0
2;3;4;4;5;6;6;6;7;8;9;11;13;16;19;26;31;34;38;39;39;35;31;29;28;26;27;26;27;28;28;27;27;27;27;27;27;28;29;29;34;39;46;55;65;77;86;98;100;99;95;83;69;53;38;23;12;5;1;0;0;1;2;2;2;1;1;1;1;1;2;1;1;0;0;0;0;0;0
2;3;4;5;5;5;6;7;7;7;9;11;13;16;20;27;32;36;38;39;38;36;32;29;27;26;26;27;27;28;27;27;26;25;26;27;27;28;30;30;33;37;44;54;63;74;84;96;100;97;93;84;67;50;36;22;11;5;1;0;1;2;3;2;2;1;1;1;1;1;1;1;1;0;0;0;0;0;0
2;3;4;5;7;6;6;6;7;7;9;12;14;17;20;26;32;36;39;40;38;35;31;29;27;26;25;27;28;28;26;26;25;25;25;24;25;28;28;30;33;38;44;54;62;71;80;90;96;97;90;80;66;50;35;22;10;4;1;0;1;2;2;2;2;1;1;0;1;1;1;1;0;0;0;0;0;0;0
2;3;4;5;6;7;6;6;7;8;10;12;15;17;21;27;31;36;39;39;38;34;30;29;26;25;25;26;26;27;26;23;23;24;25;25;25;27;28;29;32;37;45;51;61;71;79;87;92;92;90;79;65;48;35;20;11;4;1;0;1;2;2;2;1;1;1;0;1;1;2;1;0;1;0;0;0;0;0
2;3;4;5;6;6;7;7;7;8;11;12;15;18;21;26;31;36;40;40;39;34;31;29;27;25;25;26;26;26;27;25;24;25;25;26;27;29;29;30;32;38;45;52;60;71;78;86;90;90;87;77;63;48;33;20;11;4;2;0;1;2;2;1;2;1;0;0;1;1;1;1;0;0;0;0;0;0;0
2;3;4;5;6;6;7;7;7;8;10;13;15;18;23;26;31;36;40;40;38;34;31;29;26;25;26;25;26;27;26;25;24;24;24;26;26;28;29;30;33;37;43;51;58;67;74;82;88;89;85;76;61;48;33;20;10;5;2;1;0;1;2;2;1;1;0;0;0;1;1;1;1;0;0;0;0;0;0
3;3;4;5;6;6;7;8;7;9;10;12;16;18;22;27;31;35;40;39;38;34;31;27;25;24;25;25;26;27;26;26;24;23;24;24;26;27;28;30;34;38;44;50;58;65;72;81;86;87;83;74;60;46;32;20;10;4;1;0;0;1;1;1;1;1;1;0;0;1;1;1;0;0;0;0;0;0;0
2;3;4;5;5;6;6;7;7;8;10;12;15;19;22;27;32;36;41;38;36;33;30;27;26;24;26;27;27;28;26;25;24;24;25;26;26;26;28;30;34;38;43;49;55;63;70;76;82;84;81;73;59;45;30;18;10;4;1;0;0;1;2;2;1;0;1;1;1;1;1;1;0;0;0;0;0;0;0
2;3;4;5;5;6;6;7;7;8;10;13;16;19;22;26;32;37;40;38;35;34;29;27;26;25;27;25;26;27;26;25;24;24;25;26;27;29;30;30;33;37;42;49;55;59;68;74;78;82;79;71;57;44;28;17;8;3;1;0;1;1;1;1;1;0;1;0;0;0;1;1;0;0;0;0;0;0;0
2;4;4;5;6;6;6;6;7;8;10;13;15;18;22;26;32;36;38;39;36;33;29;28;26;25;25;26;26;26;25;25;25;25;26;26;28;30;30;32;35;39;43;49;54;60;66;71;76;79;76;68;56;42;27;16;8;3;1;0;1;1;1;1;1;1;0;0;0;0;0;0;0;0;0;0;0;0;0
2;3;4;6;6;6;6;7;7;8;10;13;15;18;23;27;31;36;37;39;37;33;30;27;26;25;25;26;26;25;24;24;23;24;26;27;28;28;30;32;33;38;43;50;54;60;65;69;74;75;74;66;55;40;27;15;7;3;1;0;1;1;1;2;2;1;1;0;0;1;1;0;0;0;0;0;0;0;0
3;4;5;5;5;6;7;7;7;8;10;13;16;19;22;27;31;35;38;40;37;34;30;27;26;24;24;25;25;25;25;23;23;24;26;28;29;28;29;31;35;39;44;50;55;60;64;69;73;71;70;64;52;39;26;14;8;3;0;0;1;1;1;2;1;1;1;0;1;1;1;1;0;0;0;0;0;0;0
2;4;5;6;5;6;6;6;6;8;10;13;16;20;23;26;31;35;39;39;37;33;29;28;25;24;24;25;25;25;24;24;24;25;26;28;28;29;29;32;36;40;46;50;56;62;66;69;69;70;66;61;51;38;25;14;7;2;1;0;0;1;1;1;1;1;0;1;1;1;1;1;0;0;0;0;0;0;1
2;3;5;6;6;7;6;6;6;8;10;13;17;20;22;26;30;36;39;39;36;33;29;26;24;24;24;25;26;26;24;25;25;26;26;26;28;30;30;32;37;41;45;49;60;61;65;69;69;69;65;58;50;36;24;14;7;3;1;0;1;1;1;2;1;1;0;0;0;1;1;0;0;0;0;0;0;0;0
2;3;5;5;6;7;6;7;7;8;10;12;16;19;22;26;30;35;38;38;36;33;29;27;25;25;24;25;25;26;24;24;26;27;27;29;29;29;31;32;36;40;46;51;58;62;66;69;70;70;64;56;47;36;24;14;6;2;0;1;1;1;1;2;1;1;0;0;0;1;1;1;0;0;0;0;0;0;0
2;3;5;5;6;6;7;7;7;7;10;12;16;19;21;26;30;35;38;38;34;32;29;27;24;25;26;25;25;26;25;26;26;27;27;30;29;29;30;32;35;40;45;51;58;63;66;68;69;67;62;53;46;35;25;14;7;2;0;0;1;1;1;2;2;1;0;1;1;1;1;1;0;0;0;0;0;0;0
2;3;4;5;6;7;6;6;5;7;10;12;16;20;22;26;30;34;36;35;34;30;28;26;26;25;26;25;25;26;25;25;27;28;28;29;29;29;31;32;34;41;47;53;58;62;65;67;67;66;60;51;43;34;24;14;7;2;0;0;1;1;1;1;1;1;1;1;1;1;1;1;0;0;0;0;0;0;0
2;3;5;5;6;7;7;6;6;8;10;13;16;20;22;26;30;34;37;35;33;30;28;26;25;24;24;24;23;25;25;25;26;27;28;29;30;30;29;32;36;42;48;53;59;64;67;68;68;66;59;51;41;33;24;14;6;2;1;1;1;1;1;1;1;0;1;0;1;2;1;1;0;0;0;0;0;0;0
3;3;5;6;7;7;7;7;6;7;10;14;18;20;22;26;30;34;36;35;33;30;27;25;24;24;24;24;24;24;24;24;25;26;27;29;29;29;31;32;36;41;48;54;61;66;71;69;68;65;58;50;41;31;21;12;6;2;1;1;1;1;1;1;0;0;0;0;1;2;1;1;0;0;0;0;0;0;0
2;3;5;6;7;8;7;7;6;7;10;13;18;20;22;26;30;34;36;35;33;30;26;24;23;23;23;23;23;23;24;24;24;27;28;28;28;28;30;31;36;41;48;55;61;66;69;69;66;64;58;50;40;30;21;13;6;3;0;1;1;1;1;1;0;0;0;1;1;1;1;1;0;0;0;0;0;0;1
3;3;4;5;7;8;7;7;6;7;10;13;17;21;23;26;30;34;36;36;35;30;26;24;22;21;22;23;23;22;23;24;24;26;27;27;27;28;30;31;36;41;48;55;62;65;68;67;65;62;57;49;39;30;20;12;7;3;1;1;1;1;1;1;1;0;0;1;1;1;1;1;0;0;0;0;0;0;0
3;4;5;5;6;7;7;6;6;7;10;13;17;21;23;26;30;35;36;36;34;30;27;23;22;22;22;22;22;22;23;24;23;25;25;25;26;28;28;31;35;42;47;55;64;67;70;67;64;60;55;48;39;28;21;12;7;3;1;1;1;1;1;1;0;0;0;1;1;1;1;1;1;0;0;0;0;0;0
3;4;6;6;6;7;6;6;6;8;10;14;18;21;24;27;32;36;36;36;35;30;26;23;22;21;22;22;21;22;22;22;23;24;25;25;25;28;29;31;36;41;47;57;63;67;70;67;64;59;54;46;38;29;20;13;6;3;1;1;1;1;1;1;1;0;0;1;1;1;1;1;1;0;0;0;0;0;0
4;5;5;5;6;7;7;7;7;8;11;15;18;21;23;28;32;35;38;37;35;29;27;24;22;21;23;22;22;22;22;22;23;23;25;25;26;26;28;31;35;43;49;57;62;68;69;67;65;59;53;45;36;29;19;11;6;2;1;1;1;1;1;1;1;0;0;0;1;1;1;1;1;0;0;0;0;0;0
3;6;6;6;6;6;6;7;7;9;12;16;18;22;25;28;33;37;38;38;34;30;26;22;23;22;23;22;22;22;23;22;24;24;25;25;24;24;27;32;34;41;51;59;63;68;70;68;64;59;52;45;36;28;19;11;5;2;1;1;1;1;1;0;1;0;0;1;1;1;1;1;1;0;0;0;0;0;1
3;5;6;6;7;7;6;7;8;9;11;15;19;24;25;29;35;38;39;38;36;31;28;25;24;23;23;22;22;23;23;24;24;24;24;24;24;25;27;31;35;42;51;61;65;70;72;68;64;59;53;46;35;26;19;11;6;2;1;0;1;1;1;0;0;0;0;1;1;1;1;1;0;0;0;0;0;0;0
3;4;6;6;7;7;6;7;8;9;12;16;19;22;24;29;34;38;40;38;35;31;29;25;24;23;23;22;23;23;24;24;24;25;24;24;24;25;26;30;37;43;52;61;67;71;72;68;64;59;53;45;35;26;19;11;6;2;1;1;1;1;1;1;0;0;0;0;1;1;1;1;0;0;0;0;0;0;0
3;5;7;7;7;7;6;6;7;9;12;16;20;22;25;29;36;39;41;39;36;32;28;25;24;23;23;23;23;23;25;24;25;27;24;24;25;25;28;31;36;43;52;60;66;69;70;67;62;57;51;42;34;25;19;11;5;2;1;1;1;1;1;1;0;0;0;0;1;1;1;1;0;0;0;0;0;0;0
3;5;7;7;7;6;6;6;7;8;12;16;19;22;27;31;35;39;40;39;37;33;28;26;23;23;22;23;24;25;25;25;26;26;25;25;25;26;28;32;36;43;54;62;69;71;69;67;62;56;48;43;34;26;18;10;5;2;1;1;1;1;1;0;0;0;0;0;1;1;1;1;0;0;0;0;0;0;0
3;5;6;7;7;7;6;7;7;9;12;16;20;23;26;30;34;38;40;39;36;32;27;25;23;22;23;24;24;25;26;27;27;27;26;26;26;27;28;32;37;45;54;63;69;73;70;68;62;56;48;41;33;26;17;9;4;2;1;1;1;1;0;0;1;0;0;0;1;1;1;1;0;0;0;0;0;0;0
2;5;6;8;7;7;7;6;7;9;12;16;20;24;27;29;35;39;41;39;36;30;27;24;22;22;23;23;25;26;28;26;27;28;28;28;27;27;28;31;38;46;54;63;69;72;72;68;62;54;46;40;31;24;16;9;4;2;0;0;1;1;0;0;1;1;1;0;1;1;1;1;1;0;0;0;0;0;0
2;4;6;7;7;7;7;7;7;9;13;16;20;24;28;31;36;39;41;39;37;30;28;26;24;23;23;24;25;26;27;27;27;28;29;29;28;28;29;32;37;45;57;64;70;73;70;67;61;54;46;40;31;23;15;9;4;2;1;0;1;1;0;0;0;0;0;1;1;1;1;1;1;0;0;0;0;0;0
2;4;7;7;7;7;6;7;7;9;13;17;20;24;27;32;36;39;42;39;36;32;29;25;24;24;24;26;26;25;26;26;27;29;30;29;27;28;30;33;39;47;56;64;72;74;71;68;63;55;47;38;30;22;15;8;4;2;1;0;1;1;1;1;0;1;0;1;0;1;1;1;1;0;0;0;0;0;0
2;4;6;8;7;7;7;6;7;9;13;17;21;24;28;32;35;39;42;38;37;33;28;26;25;25;26;27;26;25;25;25;27;28;28;29;28;29;30;34;40;48;59;66;72;75;75;71;63;56;47;38;30;23;15;8;4;1;0;0;1;0;0;0;0;0;0;0;1;1;1;1;0;0;0;0;0;0;0
3;5;6;7;8;6;6;6;7;9;12;16;22;25;29;32;36;40;41;39;35;31;29;27;24;25;26;26;26;26;26;27;28;29;28;29;29;31;32;35;40;48;58;69;72;73;73;68;62;57;48;39;31;23;15;8;3;1;0;1;1;1;0;0;0;0;0;0;1;1;1;0;0;0;0;0;0;0;0
4;4;6;7;7;7;6;6;7;9;12;17;21;25;31;34;38;41;42;40;37;33;30;27;26;25;26;25;25;27;26;28;28;28;29;30;29;30;32;35;40;48;59;69;75;73;73;69;64;57;48;41;31;22;15;8;3;1;1;0;0;0;0;1;0;0;0;1;1;1;1;1;0;0;0;0;0;0;0
4;4;5;6;7;7;6;7;8;9;12;16;21;26;31;35;39;41;42;40;38;34;30;28;27;26;26;25;25;25;26;27;28;29;31;31;31;31;32;34;41;50;59;68;75;76;76;72;65;58;50;41;31;23;14;8;3;1;1;0;0;1;1;1;0;0;0;1;1;0;1;0;0;0;0;0;0;0;0
4;4;5;6;7;7;7;7;7;9;12;16;22;28;31;35;40;42;42;41;38;34;31;28;26;27;27;27;27;25;26;26;29;30;30;31;31;30;32;35;42;51;60;67;74;76;76;74;66;59;52;42;32;22;14;6;3;1;1;1;1;1;0;1;0;0;1;1;1;1;1;0;0;0;0;0;0;0;0
4;5;5;6;7;8;7;6;7;9;12;16;22;27;32;35;40;44;41;41;38;35;32;29;29;28;28;27;27;27;27;28;30;31;30;31;31;31;33;37;43;52;62;70;76;78;77;73;66;59;51;40;31;22;14;7;3;1;0;0;0;1;1;1;0;0;0;0;1;1;1;0;0;0;0;0;0;0;0
5;6;6;6;7;8;8;6;7;8;12;18;22;27;32;37;39;42;43;41;38;35;33;29;29;29;29;28;28;27;28;29;31;31;32;32;31;32;35;38;44;53;62;72;78;81;78;73;66;58;51;42;31;22;13;7;2;1;1;0;1;1;1;1;0;1;1;1;0;0;0;0;0;0;0;0;0;0;0
5;6;6;6;8;7;7;6;7;8;12;17;21;26;31;35;39;43;43;41;39;35;33;31;30;30;30;29;28;26;28;30;31;31;32;33;32;34;36;41;47;55;64;72;78;80;79;71;66;58;49;40;31;21;12;6;2;0;0;0;1;1;1;1;1;1;0;1;1;0;0;0;0;0;0;0;0;0;0
4;6;7;7;8;8;6;6;6;8;12;17;21;27;31;36;41;44;44;42;40;37;34;32;30;29;28;27;27;26;28;30;32;33;34;33;33;34;37;41;46;57;66;74;80;80;80;73;68;60;49;41;30;20;12;5;2;0;0;1;2;1;1;1;1;1;1;1;1;0;0;0;0;0;0;0;0;0;0
4;7;8;7;8;8;7;6;6;9;12;17;23;28;32;36;41;44;45;44;41;37;33;32;31;29;27;26;26;26;28;30;32;32;34;34;34;35;38;41;48;57;68;76;81;83;81;74;68;61;50;41;30;20;12;6;2;1;1;1;1;1;1;1;1;1;1;1;1;0;0;0;0;0;0;0;0;0;0
5;7;7;8;8;8;7;7;7;8;12;17;22;28;33;37;41;46;45;44;41;38;34;32;31;30;28;27;26;27;28;31;32;34;35;34;34;35;37;42;50;59;67;76;81;84;83;75;70;61;51;40;30;20;11;6;2;0;1;1;1;1;1;1;1;1;0;1;1;1;0;0;0;0;0;0;0;0;0
4;7;8;8;8;7;7;7;7;9;12;18;23;29;34;38;41;44;45;43;41;39;34;32;30;29;28;27;27;28;28;30;33;36;36;35;35;35;37;42;50;61;70;79;84;85;83;78;72;62;51;40;29;19;11;6;2;0;1;1;1;1;1;1;1;1;0;1;0;1;0;0;0;0;0;0;0;0;0
5;7;8;9;9;8;6;5;7;10;13;19;24;29;34;38;42;45;46;44;42;39;35;33;30;29;28;27;27;28;28;30;33;37;36;35;35;37;39;43;51;60;71;82;86;87;81;79;72;60;50;38;28;18;10;5;2;1;1;1;1;1;0;1;1;1;0;0;1;1;0;1;0;0;0;0;0;0;0
5;6;8;9;9;8;6;5;6;9;13;19;24;28;33;37;42;45;45;44;42;37;34;31;29;29;29;28;27;28;29;31;33;36;36;37;36;37;38;44;53;63;75;83;87;88;86;81;73;61;50;36;27;17;9;4;2;1;0;0;0;0;1;1;1;1;1;1;1;1;0;0;0;0;0;0;0;0;1
5;6;9;9;8;7;6;5;6;9;13;20;24;29;33;37;42;45;44;43;41;37;34;32;30;28;28;27;27;27;27;29;32;36;35;35;36;36;37;44;52;63;73;82;89;90;89;83;73;61;50;37;27;18;10;4;1;0;0;0;0;0;1;1;1;1;1;0;0;1;0;0;1;0;0;0;0;0;0
4;6;8;9;9;7;6;5;6;9;13;19;24;29;34;37;42;43;43;41;39;37;34;31;30;29;28;27;27;27;28;30;33;35;35;35;34;35;38;44;52;63;73;83;92;95;92;85;75;62;50;38;28;17;10;4;1;0;0;0;1;0;0;0;1;0;1;1;1;1;0;0;0;0;0;0;0;0;0
4;6;8;8;9;8;6;5;6;9;13;19;24;29;34;36;39;41;42;41;38;38;33;31;30;29;28;27;25;26;28;30;32;33;35;33;32;34;37;44;52;64;75;87;93;97;96;86;75;62;51;38;27;17;10;4;1;0;0;1;1;1;1;0;0;0;1;1;1;1;1;0;0;0;0;0;0;0;0
4;6;7;8;9;8;6;6;6;9;13;18;24;29;34;36;39;42;42;40;37;35;33;31;31;29;29;27;26;26;27;29;32;32;34;32;31;32;35;43;52;63;73;85;94;97;94;86;78;64;52;38;27;17;10;4;1;0;0;0;1;1;1;1;0;0;0;1;1;1;1;1;0;0;0;0;0;0;0
5;7;8;8;8;7;7;7;7;9;13;18;24;29;32;36;39;42;42;40;38;34;32;30;30;29;28;27;26;27;28;29;31;32;34;32;30;31;34;41;51;61;74;85;94;97;96;89;78;65;52;40;27;17;9;4;1;0;1;1;0;1;0;0;0;0;1;1;1;1;1;0;1;0;0;0;0;0;0
6;7;8;8;7;7;7;6;7;9;14;19;24;29;32;35;38;41;41;40;38;34;32;30;29;29;27;26;26;26;27;29;32;32;31;31;30;31;34;41;51;63;74;84;93;96;97;89;77;65;52;39;27;17;9;3;1;0;1;1;1;1;0;0;0;0;1;1;1;1;1;1;0;0;0;0;0;0;0
6;7;7;8;7;7;6;7;8;10;14;18;24;27;31;35;38;40;42;40;38;35;31;29;26;28;26;25;24;25;26;28;29;31;31;30;31;30;35;41;48;63;75;86;93;95;95;88;76;65;53;41;26;17;8;4;1;0;1;1;0;0;0;1;0;0;0;0;1;1;1;1;0;0;0;0;0;0;0
5;7;7;7;6;6;6;7;8;10;14;19;23;27;32;34;38;42;42;40;37;35;30;28;26;25;25;25;24;24;24;27;28;31;30;29;30;30;34;40;49;60;74;85;93;95;92;86;77;64;53;40;27;17;9;4;1;0;1;1;1;0;0;0;0;0;1;1;1;0;1;1;0;0;0;0;0;0;0
5;7;7;7;6;6;6;7;8;11;15;20;23;27;31;35;37;41;42;40;36;33;29;26;26;25;24;24;24;24;24;26;28;30;30;29;30;29;31;40;49;59;73;83;91;94;93;86;76;65;52;38;27;16;8;3;1;0;1;1;1;0;0;0;0;0;0;1;1;1;1;0;0;0;0;0;0;0;0
5;6;6;6;6;5;4;6;8;11;16;21;24;28;30;34;38;41;41;40;37;33;29;26;24;24;23;23;24;23;23;25;27;28;29;29;29;28;32;38;47;57;69;79;89;92;90;84;75;65;51;41;28;16;8;3;0;0;1;1;1;0;0;0;0;0;1;1;1;1;1;0;0;0;0;0;0;0;0
4;5;6;5;6;5;6;7;9;13;16;21;24;27;31;33;38;42;43;39;36;32;29;26;23;23;23;23;22;22;22;23;25;27;28;28;28;28;31;36;44;57;68;78;86;87;87;80;73;64;52;41;27;16;8;3;1;0;1;1;2;0;0;0;0;1;1;1;1;1;0;0;0;0;0;0;0;0;0
4;5;6;6;6;4;6;7;9;13;17;22;25;29;33;37;39;43;42;39;38;32;28;25;23;23;22;20;20;20;22;23;26;27;27;28;26;27;29;36;44;56;67;76;83;87;84;78;71;62;52;42;27;16;8;3;1;1;2;1;1;1;0;0;0;0;1;1;1;1;0;0;0;0;0;0;0;0;0
3;4;5;6;6;5;6;7;9;13;18;22;26;31;34;38;41;43;43;41;37;32;28;26;23;22;22;20;19;19;21;23;25;26;27;27;26;26;30;35;42;56;67;76;80;83;80;76;72;62;52;39;26;15;8;3;0;1;1;2;1;1;0;0;0;0;1;1;0;1;0;0;0;0;0;1;1;1;0
3;5;5;6;5;5;6;7;10;14;17;23;27;32;36;40;43;45;45;40;37;33;28;26;23;21;20;21;21;19;20;22;24;27;28;27;26;27;29;35;43;54;66;76;81;82;77;75;71;62;52;38;26;15;7;3;1;1;1;1;1;0;0;0;0;0;1;1;1;1;0;0;0;0;0;0;0;0;0
4;5;5;5;5;6;6;8;10;14;18;23;29;34;38;43;45;47;46;42;37;31;27;25;22;21;20;19;20;20;20;23;25;27;28;27;27;27;30;36;44;55;67;76;80;81;78;75;71;64;52;39;26;14;5;2;0;0;1;1;1;0;0;0;0;1;1;0;1;1;0;0;0;0;0;0;0;1;0
3;4;5;5;5;5;6;8;11;15;19;23;29;34;39;44;47;51;48;43;37;31;27;24;23;23;21;20;20;21;20;23;26;28;28;28;27;29;31;36;44;56;67;74;78;81;79;75;75;65;52;39;25;13;6;2;0;1;1;2;2;1;1;0;0;0;1;1;1;1;0;0;0;0;0;0;0;0;0
3;4;5;5;5;6;6;8;10;14;18;23;30;34;40;46;50;52;50;47;39;31;27;24;22;22;20;21;21;20;20;23;26;27;29;28;29;30;32;37;46;56;67;73;79;79;79;77;72;65;53;38;23;12;6;2;0;1;1;2;1;1;1;0;0;0;1;1;1;0;0;0;0;0;0;0;0;0;0
4;4;4;4;5;6;6;9;11;14;19;24;30;36;42;49;53;55;53;48;40;32;27;22;22;22;21;21;22;21;21;22;26;28;29;29;29;29;32;38;46;57;66;73;78;78;80;77;71;63;50;36;22;12;6;2;0;0;1;2;2;2;1;0;1;1;1;1;1;0;0;0;0;0;0;0;0;0;0
3;4;3;4;5;6;7;9;12;14;19;25;32;37;44;49;53;55;53;48;41;34;27;23;23;22;21;21;22;21;23;24;28;31;31;30;30;30;33;38;47;57;66;75;79;79;79;77;70;62;49;34;22;12;6;1;0;0;1;1;1;2;1;0;1;1;1;1;1;0;0;0;0;0;0;0;0;0;0
3;3;3;4;5;5;6;8;10;14;19;25;33;39;45;49;53;56;53;49;41;33;28;24;22;21;23;21;21;20;22;25;29;31;31;30;30;30;33;39;48;59;68;75;80;79;77;75;69;62;48;35;22;12;6;2;0;0;1;1;1;1;1;1;1;1;1;1;1;0;0;0;0;0;0;0;0;0;0
4;3;3;4;5;5;7;9;10;14;19;25;33;41;47;52;57;55;52;46;40;32;28;25;22;22;22;21;21;20;22;26;29;31;31;31;31;31;34;40;49;62;71;77;80;79;76;75;70;61;50;34;21;11;6;1;0;1;0;1;1;1;1;1;1;1;1;1;2;1;0;0;0;0;0;0;0;0;0
5;4;4;4;5;5;8;9;10;14;20;27;35;43;49;54;55;55;52;46;40;32;27;25;24;21;22;21;20;21;23;24;28;30;31;32;32;32;36;43;53;63;72;77;82;81;81;79;71;60;47;33;20;12;6;2;0;1;1;1;1;1;1;1;0;1;1;1;1;1;1;0;0;0;0;0;0;1;0
4;4;5;4;5;6;7;8;10;13;20;28;35;43;48;53;56;56;52;45;38;32;26;24;22;22;22;21;21;21;23;25;28;32;32;32;30;33;37;46;57;66;75;81;82;84;84;80;70;62;46;31;20;12;5;1;0;0;1;1;1;1;1;1;1;1;1;1;1;1;0;0;0;0;0;0;0;0;0
3;4;4;4;5;6;6;8;11;14;20;27;36;43;49;55;57;56;51;44;35;30;27;25;21;22;22;21;21;21;23;25;28;31;31;32;31;34;39;47;59;71;80;84;84;85;85;81;72;60;45;32;20;12;5;2;1;1;1;2;1;1;2;1;1;1;3;1;1;0;0;0;0;0;0;0;0;0;0
3;4;4;4;4;6;6;7;10;14;20;27;36;43;50;55;56;55;51;44;36;28;26;23;22;22;21;21;20;20;23;26;29;31;31;31;31;35;42;49;61;73;81;86;86;87;86;82;73;60;46;31;20;12;5;2;0;1;1;1;1;1;1;1;1;1;2;1;2;1;0;0;0;0;0;0;0;0;1
4;4;4;4;4;5;6;8;10;14;18;26;36;44;49;56;56;54;50;42;35;29;25;23;22;22;21;21;20;21;23;27;30;32;32;32;32;34;43;51;62;74;82;87;89;89;85;80;73;60;46;32;20;12;5;2;0;0;1;1;2;1;1;1;2;2;3;2;2;1;0;0;0;0;0;0;0;0;1
3;4;4;5;4;5;6;8;9;14;20;28;37;45;50;52;56;54;51;43;36;29;24;21;21;21;21;21;21;22;25;28;31;32;33;33;34;36;43;54;63;72;84;87;90;89;87;80;73;60;45;32;18;9;4;1;0;0;1;1;1;1;1;1;1;2;3;2;2;1;0;0;0;0;0;0;0;0;0
3;4;4;5;5;5;6;8;9;14;19;28;37;44;50;53;55;54;51;44;37;30;25;23;22;21;20;21;20;22;25;28;30;32;33;33;33;36;43;52;66;74;82;87;92;89;86;80;70;58;44;29;17;9;4;2;0;0;0;1;2;1;1;1;1;2;2;2;1;1;0;0;0;0;0;0;0;0;0
4;3;4;5;5;6;6;8;10;14;19;26;36;45;50;53;54;53;51;44;37;30;25;23;22;22;21;21;20;22;24;27;31;32;32;33;34;39;44;53;63;76;84;89;87;89;85;78;70;58;43;29;18;9;4;1;0;0;0;0;1;1;1;1;1;1;1;2;1;0;0;0;0;0;0;0;0;0;0
3;3;4;5;6;6;6;7;9;13;19;27;36;44;50;53;55;52;49;41;36;31;27;23;21;21;21;20;21;22;25;29;31;33;32;33;34;38;44;54;66;77;85;87;89;90;84;78;69;57;42;29;17;9;4;1;0;0;0;0;1;2;1;1;1;2;2;2;2;0;0;0;0;0;0;0;0;0;0
4;3;4;5;6;6;6;7;10;14;19;26;36;43;49;53;54;52;47;41;34;30;26;23;21;21;20;19;21;23;25;29;31;33;32;33;34;38;45;55;67;76;83;89;88;86;83;76;68;57;43;28;17;9;4;1;0;0;0;1;1;1;1;1;1;1;2;2;2;1;0;0;0;0;0;0;0;0;0
4;5;5;5;6;7;7;8;10;14;18;27;35;42;48;52;52;49;45;40;33;28;25;22;21;21;20;19;21;24;26;29;31;33;32;33;34;38;45;55;66;75;83;89;92;88;84;77;67;55;41;26;17;8;3;1;0;0;0;1;1;1;1;1;1;1;2;2;2;0;0;0;0;0;0;0;0;0;0
4;4;5;6;7;7;7;8;9;13;19;27;35;43;48;51;50;48;44;39;32;27;23;21;20;19;19;18;20;24;26;29;31;32;33;32;33;37;45;55;65;75;85;90;92;89;84;77;66;52;39;25;15;8;3;1;1;0;0;1;1;1;1;1;1;1;2;2;2;0;0;0;0;0;0;0;0;0;0
3;4;5;6;7;7;7;7;9;14;19;26;35;42;46;49;51;48;43;37;33;27;23;21;19;19;19;19;20;23;25;29;32;32;31;31;33;37;45;54;67;76;84;89;91;88;83;73;63;50;37;24;15;8;3;0;0;0;1;2;2;2;1;0;2;1;2;1;1;0;0;0;0;0;0;0;0;0;0
3;4;5;5;6;6;7;7;9;13;18;25;34;41;44;48;49;46;42;35;31;27;23;21;19;19;19;19;20;22;26;29;31;32;31;30;33;37;45;53;65;75;83;88;90;88;81;72;61;49;37;25;15;7;4;1;0;1;1;1;2;1;1;1;1;1;2;1;1;0;0;0;0;0;0;0;0;0;0
3;4;4;5;5;6;7;8;9;12;18;24;33;41;44;45;46;44;41;35;30;27;22;19;19;18;17;18;19;22;25;28;29;30;30;29;32;37;44;53;64;74;84;88;89;84;78;70;59;48;36;24;14;8;3;1;0;1;1;1;1;1;1;1;1;2;2;2;2;0;0;0;0;0;0;0;0;0;0
3;4;4;6;6;7;6;7;8;12;18;25;34;40;43;45;44;43;40;34;28;26;22;20;20;17;17;18;20;22;24;26;28;29;29;29;32;37;45;53;64;76;84;86;84;81;76;67;57;46;35;23;13;8;3;1;0;0;1;2;1;1;0;1;2;2;2;2;1;1;0;0;0;0;0;0;0;0;1
3;4;5;5;6;6;7;8;8;13;18;25;33;40;42;46;45;41;39;33;28;24;21;19;17;17;18;19;20;23;26;27;28;30;29;29;31;36;44;54;66;76;82;85;82;78;72;65;56;45;33;21;14;8;3;0;1;1;1;2;1;1;1;1;1;2;2;1;1;1;0;0;0;0;0;1;0;0;0
3;4;4;5;5;6;7;8;8;12;18;24;32;38;43;45;44;39;36;32;26;22;20;19;17;17;18;19;20;22;24;27;28;28;29;29;32;36;43;54;64;73;79;82;79;76;69;62;53;43;33;21;13;6;2;0;0;1;1;1;1;2;1;1;1;1;2;2;1;0;0;0;0;0;0;0;0;0;0
3;4;4;4;5;6;7;8;9;12;18;24;31;37;41;42;43;39;35;30;26;21;19;17;16;16;17;18;20;22;24;27;28;28;28;29;32;36;43;51;62;71;78;80;77;73;68;62;52;42;31;21;13;5;2;0;0;0;1;1;1;2;1;0;0;1;1;2;1;0;0;0;0;0;0;0;0;0;0
3;4;4;4;5;6;6;8;10;13;17;24;31;38;42;41;41;38;35;30;25;21;18;17;16;16;17;17;18;21;23;26;28;29;28;29;31;34;42;50;60;69;75;76;75;70;67;59;51;38;28;18;11;5;2;1;0;0;1;1;1;1;1;1;1;1;2;2;1;0;0;0;0;0;0;0;0;0;0
2;4;4;4;4;6;7;7;9;13;19;27;32;37;41;41;39;37;34;29;24;21;18;16;16;16;16;17;19;21;24;26;28;29;28;29;31;36;44;51;60;68;73;74;73;69;66;58;50;39;27;17;10;4;2;0;0;1;2;1;1;1;1;1;1;1;2;2;1;1;0;0;0;0;0;0;0;0;0
3;4;3;4;4;5;7;8;9;13;19;25;32;36;39;40;39;38;32;28;24;20;17;17;15;16;16;17;18;20;22;25;26;27;28;27;30;36;42;52;60;67;71;72;70;68;64;58;48;38;27;16;10;4;1;0;0;0;2;2;1;1;1;1;1;2;2;2;1;0;0;0;0;0;0;0;0;0;0
4;4;4;4;5;6;7;7;10;13;19;24;31;35;39;41;40;37;31;27;22;18;16;16;16;15;16;17;19;21;22;25;27;26;27;28;30;35;41;50;58;66;69;69;70;65;61;54;45;36;25;16;9;4;1;1;1;1;2;2;2;1;1;1;1;2;2;2;1;0;0;0;0;0;0;0;0;0;0
3;4;4;4;5;6;6;8;11;14;20;25;31;35;39;41;39;36;31;26;22;19;16;15;16;16;17;17;19;20;22;26;26;24;25;26;29;34;40;48;56;61;66;64;65;61;60;52;43;34;25;16;9;4;1;0;0;2;2;2;2;1;1;1;1;1;2;1;0;1;0;0;0;0;0;0;0;0;0
3;3;3;4;5;6;7;8;10;14;19;25;30;34;38;39;38;34;30;25;20;17;15;15;15;15;16;17;17;19;22;24;24;23;24;26;28;32;38;46;54;60;64;65;63;60;56;50;42;33;25;15;8;4;1;0;0;1;1;2;2;1;1;1;1;2;2;1;1;1;0;0;0;0;0;0;0;0;0
3;3;4;4;5;6;6;7;11;14;18;24;30;35;38;39;37;34;29;24;20;18;16;15;15;15;16;17;18;19;22;23;23;24;24;25;27;32;38;46;53;59;60;60;59;59;54;48;40;31;23;14;7;3;1;0;0;1;2;3;2;1;1;1;1;2;2;1;1;1;0;0;0;0;0;0;0;0;0
3;4;3;4;4;6;7;8;11;14;19;26;31;34;38;39;35;33;29;24;20;18;16;16;16;16;16;18;18;20;22;22;23;24;24;24;27;31;39;46;53;58;60;60;59;57;52;45;38;29;22;14;7;2;1;0;1;2;2;2;1;1;1;1;2;1;2;1;0;0;0;0;0;0;0;0;0;0;0
3;3;3;4;4;5;7;8;10;14;19;25;31;33;36;35;37;33;29;23;20;18;17;17;17;16;17;17;18;20;21;21;23;24;24;24;27;31;39;47;53;57;59;60;58;55;50;45;38;30;21;13;7;2;1;0;1;1;2;1;1;1;0;1;1;2;1;1;1;0;0;0;0;0;0;0;0;0;0
3;3;3;4;4;5;7;8;11;14;20;25;30;35;37;36;34;30;28;24;21;19;17;18;17;17;18;17;18;20;21;22;22;24;23;24;27;31;38;46;53;56;59;58;56;52;50;45;39;29;20;11;6;2;0;0;1;1;2;2;1;1;0;0;2;2;1;1;1;0;0;0;0;0;0;0;0;0;0
3;3;3;3;4;5;7;8;10;15;20;24;28;33;35;37;33;31;28;24;19;18;18;19;18;18;18;18;18;19;21;22;23;22;23;25;27;31;38;43;50;56;59;57;55;53;50;44;38;29;20;12;6;2;0;0;1;1;1;1;1;1;1;0;2;1;1;1;1;0;0;0;0;0;0;0;0;0;0
4;3;3;3;5;5;7;7;11;15;20;24;28;32;34;36;32;30;27;23;19;18;19;18;18;17;18;19;20;20;22;24;24;23;23;24;25;29;35;41;49;53;56;56;55;52;48;45;38;28;19;11;5;2;0;0;1;1;1;2;1;1;0;1;1;1;1;1;1;0;0;0;0;0;0;0;0;0;0
4;3;3;4;4;5;6;8;11;14;19;23;28;31;33;34;33;31;26;23;20;18;18;18;18;18;18;19;20;21;23;24;24;23;22;23;25;28;34;40;44;52;55;56;55;52;50;45;37;27;19;11;4;1;0;0;1;1;2;1;1;1;1;1;2;1;1;1;0;0;0;0;0;0;0;0;0;0;0
4;4;4;4;4;5;6;8;10;14;19;23;27;30;33;34;32;29;27;23;21;19;19;17;18;18;17;18;19;21;23;24;24;23;20;22;25;29;34;38;45;49;54;56;55;52;49;45;37;28;18;10;4;1;0;0;1;2;1;1;1;1;1;1;1;1;1;0;0;0;0;0;0;0;0;0;0;0;0
5;4;3;4;4;6;7;8;10;14;18;23;26;29;31;31;31;28;26;23;20;18;18;18;19;18;17;19;19;21;21;23;22;22;21;21;24;28;32;40;48;53;54;57;55;54;50;45;35;26;16;10;4;1;0;0;1;1;1;1;1;1;1;1;1;1;0;0;0;0;0;0;0;0;0;0;0;0;0
4;4;4;4;5;6;7;8;12;15;19;23;26;26;30;30;29;27;25;22;19;18;17;18;18;18;17;18;20;20;21;22;20;21;20;22;25;28;35;43;50;56;57;58;55;55;51;45;35;25;16;8;4;1;0;0;1;1;1;2;1;0;0;0;1;1;0;0;0;0;0;0;0;0;0;0;0;0;0
4;4;5;4;5;6;7;9;13;15;20;22;26;27;29;30;28;26;24;21;19;18;17;18;18;17;18;18;19;19;19;20;20;20;20;22;24;30;36;45;52;56;58;61;58;56;51;44;34;25;16;8;4;1;0;1;1;1;1;1;1;1;0;0;1;0;0;0;0;0;0;0;0;0;0;0;0;0;0
3;4;4;4;5;7;8;10;13;16;20;23;25;27;29;29;28;25;22;20;19;17;16;16;18;17;17;18;19;20;21;20;20;20;21;22;24;30;37;47;51;55;59;61;58;56;51;43;31;23;15;8;3;1;0;1;1;2;2;1;1;0;1;0;0;0;0;0;0;0;0;0;0;0;0;0;0;0;0
3;3;3;4;4;6;8;10;14;17;19;22;25;27;29;28;27;25;21;19;17;17;17;17;17;17;18;18;18;19;21;21;21;20;21;23;25;30;37;45;51;56;60;62;60;58;52;45;33;24;14;8;3;1;0;0;1;2;2;2;1;0;0;0;0;1;0;1;0;0;0;0;0;0;0;0;0;0;0
3;3;4;4;4;6;8;11;14;16;20;22;25;26;28;28;27;25;22;20;18;18;17;17;17;18;18;18;19;20;21;21;21;21;21;22;25;30;39;47;55;59;62;62;62;59;52;44;35;25;15;8;3;1;0;1;1;2;1;1;1;1;0;0;0;1;1;1;0;0;0;0;1;0;0;0;0;0;0
2;3;3;3;4;6;8;11;14;17;20;22;24;26;27;28;27;25;22;20;18;18;17;17;18;18;18;19;21;21;21;21;20;21;20;22;26;32;40;47;54;59;63;64;62;59;50;44;33;23;14;8;3;1;0;1;1;2;2;1;0;1;0;0;0;0;0;0;0;0;0;0;0;0;0;0;1;0;0
3;3;3;3;4;6;8;10;14;17;20;22;24;25;26;27;26;25;22;20;18;18;17;18;18;19;19;20;20;21;21;21;21;21;21;24;28;32;40;48;56;60;63;63;60;58;51;44;33;24;14;7;3;0;0;0;1;1;1;1;0;0;0;0;0;0;0;0;0;0;0;0;0;0;0;0;0;0;0
4;4;3;3;3;5;7;9;14;17;20;22;23;24;26;26;24;23;21;20;18;18;17;18;19;20;19;20;20;21;20;21;21;20;22;24;27;32;38;47;54;59;62;62;62;58;52;43;32;23;13;6;2;0;0;0;1;0;1;1;0;0;0;0;0;0;0;0;0;0;0;0;0;0;0;0;0;0;0
3;4;3;3;4;6;7;10;13;16;19;22;23;25;26;26;24;22;20;19;18;18;17;19;19;19;19;19;20;21;20;19;21;20;22;25;27;32;38;47;54;58;62;61;61;57;51;43;32;22;12;6;2;0;0;0;1;1;0;1;1;0;0;0;0;0;1;0;0;0;0;0;0;0;0;0;0;0;0
3;3;3;3;4;6;7;10;13;17;21;23;24;24;25;26;24;22;20;18;17;16;17;19;19;19;19;19;19;20;20;20;20;22;22;23;26;32;38;46;52;57;61;61;60;55;48;40;29;20;12;6;2;0;0;0;1;1;1;0;1;0;0;0;1;0;0;0;0;0;0;0;0;0;0;0;0;0;0
4;4;4;4;4;5;7;10;13;17;20;22;23;24;23;24;23;20;20;17;16;17;17;17;18;19;19;19;20;21;21;20;20;20;20;21;24;30;37;45;51;57;59;60;60;55;48;40;29;19;12;6;2;0;0;0;0;1;1;1;0;0;0;0;0;0;0;0;0;0;0;0;0;0;0;0;0;0;0
4;4;4;4;5;5;8;10;14;18;20;23;23;24;23;23;21;20;19;18;15;17;16;18;18;19;19;18;20;21;22;22;21;20;20;22;24;29;36;43;48;53;58;59;60;55;49;39;29;20;12;6;3;1;1;1;1;1;1;1;0;0;0;0;0;1;0;0;1;0;0;0;0;0;0;0;0;0;0
3;4;4;4;5;6;8;10;14;17;20;23;24;24;24;23;22;20;18;17;16;17;16;18;19;19;19;20;20;19;20;20;20;19;20;21;24;29;36;42;48;53;56;57;59;53;47;38;28;19;12;6;2;1;0;1;1;1;1;0;0;0;0;0;0;0;0;1;0;0;0;0;0;0;0;0;0;0;0
4;4;4;4;5;6;8;10;14;18;21;25;25;25;24;23;21;20;17;17;16;16;16;17;18;18;18;19;20;19;19;19;19;18;19;20;23;28;35;40;47;52;55;57;56;52;46;36;27;19;12;6;2;1;0;0;1;1;1;1;1;1;0;0;1;0;0;1;0;0;0;0;0;0;0;0;0;0;0
5;5;4;5;6;6;8;11;14;17;21;25;25;25;24;23;20;20;18;16;15;15;16;17;17;18;19;19;20;19;19;19;18;17;18;20;22;26;31;37;45;49;53;56;55;50;44;35;28;19;11;5;2;1;1;1;1;1;1;1;1;1;0;0;1;0;0;0;0;0;0;0;0;0;0;0;0;0;0
5;6;5;5;6;7;7;11;14;17;20;23;25;24;24;22;20;17;17;16;15;16;18;17;17;19;19;20;21;20;20;19;16;17;18;19;20;25;32;38;45;48;51;53;53;48;42;35;26;17;9;5;2;1;0;1;1;1;1;0;1;1;0;1;1;0;0;1;0;0;0;0;0;0;0;0;0;0;0
5;5;4;5;6;7;8;10;13;17;21;24;26;25;23;22;18;16;15;15;14;16;17;17;18;18;19;20;20;19;20;19;18;17;17;19;21;25;30;36;42;47;49;51;52;48;41;34;26;17;9;5;2;1;0;0;1;1;1;1;1;1;0;0;0;1;0;0;0;0;0;0;0;0;0;0;0;0;0
4;5;5;6;6;7;8;10;14;18;21;24;25;25;23;20;17;16;15;14;14;16;17;18;19;19;19;18;19;18;19;19;18;17;17;19;19;25;31;36;42;46;51;50;50;45;40;32;24;16;10;5;2;1;1;0;1;1;1;1;0;1;0;0;0;1;0;1;0;0;0;0;0;0;0;0;0;0;0
5;5;5;6;6;7;9;11;14;19;21;23;24;24;23;20;17;15;14;13;12;14;16;18;19;19;18;18;18;18;18;18;17;17;18;19;21;26;30;37;42;47;50;51;49;45;39;33;23;16;9;5;2;1;0;0;1;1;1;1;0;0;0;0;0;0;1;1;0;0;0;0;0;0;0;0;0;0;0
4;5;6;6;7;8;9;12;15;19;23;24;25;25;22;20;17;15;14;14;13;14;17;17;18;18;19;18;18;19;19;18;18;18;18;19;21;25;31;37;42;45;47;48;46;43;37;30;23;16;10;5;2;0;0;1;0;1;1;1;1;0;0;1;1;1;1;0;1;0;0;0;0;0;0;0;0;0;0
4;5;6;6;7;8;11;13;17;20;23;24;26;25;23;21;19;16;14;14;14;16;17;18;17;18;18;18;17;19;20;18;18;18;18;19;22;26;31;37;42;44;45;45;44;41;36;30;23;15;9;5;2;1;0;1;1;1;0;1;1;1;0;1;1;1;1;0;0;0;0;0;0;0;0;0;0;0;0
5;5;5;6;7;8;11;14;18;20;25;26;27;26;23;21;18;17;15;14;15;17;17;18;17;18;18;18;18;18;18;18;18;18;19;20;23;27;32;37;41;43;45;45;44;41;36;29;23;15;10;5;2;1;0;1;1;1;1;1;0;1;0;1;1;1;1;0;0;0;0;0;0;0;0;0;0;0;0
6;6;6;6;7;8;11;15;18;23;27;28;28;27;24;21;18;17;15;15;16;17;17;19;18;18;18;18;18;19;18;18;19;19;20;20;23;28;33;36;39;43;44;44;42;41;36;29;22;15;9;4;2;1;0;1;2;0;1;1;0;1;0;0;0;0;1;0;0;0;0;0;0;0;0;0;0;0;0
6;6;6;7;7;9;12;14;19;24;27;28;29;26;25;22;19;17;16;16;16;17;18;20;19;18;19;18;19;19;20;18;20;20;20;22;24;28;32;37;40;42;45;47;45;42;37;28;21;15;8;4;2;1;1;1;1;0;0;0;0;0;0;0;0;0;0;0;0;0;0;0;0;0;0;0;0;0;0
6;6;6;7;8;9;11;16;20;26;26;27;28;26;25;22;20;18;18;17;17;19;20;20;20;19;19;18;18;19;20;19;20;19;21;22;25;29;33;37;41;43;45;46;45;43;37;28;22;14;8;5;2;1;1;1;1;1;1;1;0;0;0;1;0;0;0;1;0;0;0;0;0;0;0;0;0;0;0
6;6;7;8;9;11;12;17;21;25;26;27;27;26;26;22;20;19;17;17;18;20;20;19;20;20;20;19;19;20;20;20;21;20;22;23;26;28;32;37;41;44;46;47;47;42;35;27;20;13;8;4;2;1;1;1;1;1;1;1;0;0;0;0;0;0;0;0;0;0;0;0;0;0;0;0;0;0;0
6;6;7;8;10;11;14;18;23;26;28;28;28;27;26;23;21;20;19;18;19;21;21;22;21;20;20;19;19;20;20;20;20;20;22;22;26;29;35;39;43;46;49;48;45;41;35;28;20;12;8;4;2;1;1;0;0;1;1;0;0;1;0;0;0;0;1;1;0;0;0;0;0;0;0;0;0;0;0
7;8;8;9;11;12;16;20;23;26;29;29;30;28;27;24;22;21;20;20;20;22;22;22;22;21;20;20;20;20;21;21;20;20;21;23;28;31;35;40;45;47;49;48;47;42;35;30;21;14;8;4;2;1;1;1;1;1;1;0;0;0;0;0;0;0;0;1;0;0;0;0;0;0;0;0;0;0;0
7;7;8;9;11;15;18;21;24;27;29;30;31;29;28;24;23;22;20;20;20;21;23;22;22;22;21;22;21;21;20;21;21;21;22;23;26;32;37;43;47;49;50;49;47;43;35;28;20;14;8;4;1;1;1;1;1;1;1;1;0;0;0;0;0;0;0;0;0;0;0;0;0;0;0;0;0;0;0
7;8;9;10;11;15;19;24;27;29;31;33;31;29;28;27;24;22;22;22;22;24;23;22;22;23;23;22;22;22;22;22;21;22;23;25;28;33;39;45;48;51;50;49;47;43;35;28;20;12;7;4;2;1;1;1;1;1;1;1;0;0;1;0;0;0;0;0;0;0;0;0;0;0;0;0;0;0;0
7;7;9;11;13;16;20;25;28;30;33;34;33;31;29;27;25;22;23;22;23;24;23;23;23;24;24;23;24;24;24;23;22;23;24;26;30;34;41;46;48;51;52;51;48;42;36;28;20;12;6;3;2;1;1;0;1;1;1;1;1;0;0;0;0;0;0;0;0;0;0;0;0;0;0;0;0;0;0
7;8;9;11;14;17;21;27;31;34;34;36;34;34;31;29;26;25;24;24;25;26;25;25;26;24;25;25;25;25;25;25;25;25;25;28;31;37;42;47;50;52;53;53;49;43;38;28;19;11;6;3;2;0;1;1;1;1;1;1;1;0;0;0;0;0;0;0;0;0;0;0;0;0;0;0;0;0;0
7;8;10;12;14;18;23;28;32;35;37;39;36;35;32;30;27;25;24;25;26;27;27;27;27;27;26;26;26;26;26;26;25;25;27;30;33;37;44;48;51;54;53;53;50;45;37;27;17;11;7;3;1;1;1;1;1;1;1;0;0;0;0;0;0;0;0;0;0;0;0;0;0;0;0;0;0;0;0
8;9;10;13;15;19;23;28;34;37;40;40;38;36;33;31;28;26;24;24;24;27;27;27;27;28;27;28;28;27;26;27;26;26;28;30;36;40;46;51;53;57;55;54;50;44;36;27;18;11;7;2;1;1;1;1;1;1;1;0;1;0;0;0;0;0;0;0;0;0;0;0;0;0;0;0;0;0;0
8;9;11;14;17;20;24;29;34;38;40;41;40;36;34;31;29;26;24;24;25;27;27;29;29;30;29;30;29;31;29;29;28;28;31;33;37;43;48;52;55;57;55;53;51;44;36;28;19;11;6;3;1;0;1;1;0;1;1;0;0;0;0;0;0;0;0;0;0;0;0;0;0;0;0;0;0;0;0
8;8;10;13;17;21;25;29;35;40;41;43;42;38;35;33;29;26;25;24;25;27;28;30;30;30;31;32;32;32;31;30;30;30;32;34;38;44;50;53;55;57;54;52;50;44;36;28;18;11;5;2;1;0;0;0;1;1;1;0;0;0;0;0;0;0;0;0;0;0;0;0;0;0;0;0;0;0;0
7;8;11;14;17;20;25;30;35;39;41;41;41;38;36;32;29;27;25;25;25;26;28;29;31;31;32;33;33;33;31;31;31;31;32;35;40;46;51;55;56;58;57;57;52;45;37;28;18;10;5;2;0;0;0;0;0;0;0;0;0;0;0;0;0;0;0;0;0;0;0;0;0;0;0;0;0;0;0
8;9;11;14;17;20;25;30;34;38;41;41;40;38;36;33;29;26;25;25;27;28;29;30;32;32;33;33;34;33;33;32;31;33;33;37;41;45;51;57;57;58;58;57;53;44;36;26;17;10;5;2;0;0;0;0;0;1;1;0;0;0;0;0;1;0;0;1;0;0;0;0;0;0;0;0;0;0;0
9;10;12;14;17;21;25;30;35;39;41;41;40;39;35;32;28;26;25;25;27;28;29;30;32;33;33;33;34;34;32;33;32;33;34;38;43;49;53;58;60;61;59;57;51;43;35;25;17;10;5;2;1;0;0;0;1;1;1;0;0;0;0;0;0;0;0;0;0;0;0;0;0;0;0;0;0;0;0
10;10;12;14;17;21;26;31;35;39;41;41;42;38;35;31;27;26;24;25;27;28;30;30;29;32;33;34;34;34;33;31;31;31;33;38;45;51;55;58;63;62;60;56;51;44;35;26;17;10;4;2;0;0;0;0;1;1;1;0;0;0;0;0;0;1;0;0;0;0;0;0;0;0;0;0;0;0;0
9;11;12;15;18;21;26;32;37;39;41;42;41;38;34;31;28;25;25;25;26;27;29;29;31;32;32;34;34;32;31;30;30;30;33;39;47;53;58;61;63;63;60;57;51;44;33;24;15;9;5;2;1;0;1;1;0;1;1;0;0;0;0;1;1;1;1;0;0;0;0;0;0;0;0;0;0;0;0
9;11;13;15;17;21;26;32;37;40;41;41;40;37;34;31;28;25;24;26;27;27;27;28;30;31;33;34;35;35;33;30;30;31;34;40;46;53;58;64;65;62;60;57;52;42;32;23;15;9;4;3;1;0;1;1;0;1;1;0;0;0;0;0;0;0;0;0;0;0;0;0;0;0;0;0;0;0;0
9;10;13;15;17;22;27;33;38;40;41;41;38;35;32;30;27;27;26;26;27;27;27;29;29;30;31;32;35;32;32;30;30;33;36;41;48;55;61;64;66;65;61;56;51;42;34;23;15;9;4;2;0;0;0;1;0;1;0;0;0;0;0;0;0;0;0;0;0;0;0;0;0;0;0;0;0;0;0
9;10;12;14;17;21;27;32;37;40;42;41;39;35;32;30;27;26;25;26;27;28;29;29;29;31;32;32;33;30;31;30;30;33;36;43;50;57;63;67;67;67;61;56;51;41;33;23;16;8;4;2;1;1;1;0;0;1;0;0;0;0;0;1;0;1;0;0;0;0;0;0;0;0;0;0;0;0;0
9;9;12;14;17;21;27;32;36;40;41;39;38;35;31;29;26;24;25;26;28;27;27;29;29;31;32;32;32;30;30;29;30;32;37;44;51;58;63;66;68;66;62;58;51;40;31;21;14;8;4;1;1;0;1;0;0;1;0;0;0;0;0;0;0;1;0;0;0;0;0;0;0;0;0;0;0;0;0
8;9;11;14;17;21;26;32;36;40;41;40;39;35;32;29;26;24;24;25;26;26;26;29;27;30;31;33;32;30;30;28;28;31;36;44;52;59;62;64;67;65;63;57;49;40;30;19;14;8;3;1;1;0;0;0;0;1;0;0;0;0;0;1;0;0;0;0;0;0;0;0;0;0;0;0;0;0;0
8;9;11;14;18;22;26;31;36;38;40;39;38;35;32;29;27;24;24;26;25;26;26;27;27;28;30;32;30;30;29;29;28;31;36;43;52;58;62;64;68;67;63;57;49;39;29;20;13;7;3;1;0;0;0;0;0;1;1;0;0;0;0;1;0;0;0;0;0;0;0;0;0;0;0;0;0;0;0
8;9;10;15;18;22;26;32;37;38;39;38;37;34;31;27;25;24;24;25;25;26;26;26;27;28;29;32;30;28;27;27;28;30;38;43;52;62;64;65;68;67;62;56;49;38;29;19;11;6;3;1;0;0;0;0;0;0;0;0;0;0;0;0;0;0;0;0;0;0;0;0;0;0;0;0;0;0;0
8;8;11;14;16;21;26;32;35;37;38;38;35;32;28;25;23;24;23;24;24;25;26;26;27;27;28;30;30;28;27;27;27;30;37;44;51;60;65;68;68;66;61;55;47;36;26;18;12;6;3;0;0;1;0;1;0;0;0;0;0;0;1;0;0;0;0;0;0;0;0;0;0;0;0;0;0;0;0
7;8;11;14;17;22;26;32;35;37;39;39;36;33;29;26;24;24;23;24;24;25;26;25;26;27;28;28;28;28;25;25;26;30;36;43;52;59;65;67;69;66;62;55;46;36;26;17;10;6;2;1;0;1;0;1;1;1;0;0;0;0;0;1;0;0;0;0;0;0;0;0;0;0;0;0;0;0;0
7;9;10;13;16;22;27;31;35;38;38;37;35;32;28;27;24;23;23;24;24;24;25;25;27;28;28;28;28;27;24;25;27;31;37;44;52;60;65;66;68;66;62;54;44;34;24;16;10;5;2;1;0;1;0;0;1;1;0;0;0;0;0;0;0;0;0;0;0;0;0;0;0;0;0;0;0;0;0
7;9;10;15;18;23;28;32;35;37;38;37;33;31;27;24;23;22;22;22;24;24;24;25;27;28;28;29;28;28;26;26;27;30;38;45;54;60;64;65;68;64;57;50;41;32;23;15;10;5;1;1;0;1;0;0;0;0;0;0;0;0;1;0;0;0;0;0;0;0;0;0;0;0;0;0;0;0;0
7;8;11;14;18;23;28;33;37;38;38;36;33;29;26;24;22;22;23;23;23;23;23;25;26;27;27;29;28;28;26;26;27;32;38;45;53;60;65;67;66;63;57;50;41;31;22;15;9;4;1;1;0;1;0;0;1;0;0;0;0;0;1;0;0;0;0;0;0;0;0;0;0;0;0;0;0;0;0
8;8;11;13;17;22;28;34;37;38;38;36;33;31;27;24;22;22;22;23;22;23;23;25;26;27;28;29;27;26;26;26;28;32;38;46;54;59;66;68;68;64;57;49;40;30;22;14;9;4;1;0;0;1;0;0;0;0;0;0;0;0;0;0;0;0;0;0;0;0;0;0;0;0;0;0;0;0;0
7;8;11;13;17;22;28;33;35;39;38;36;32;29;26;23;21;22;22;23;22;23;24;24;25;27;28;29;28;27;26;26;28;33;38;46;55;62;65;67;68;63;56;47;39;30;22;13;7;3;1;0;1;1;0;0;1;0;0;0;0;0;0;0;0;0;0;0;0;0;0;0;0;0;0;0;0;0;0
8;9;10;13;17;22;28;33;35;39;39;36;31;27;26;23;22;23;22;23;23;23;23;24;26;28;29;29;29;27;26;26;28;33;40;47;53;61;65;66;64;62;56;47;38;29;20;12;7;3;1;0;0;1;0;1;1;0;0;0;0;0;1;1;0;0;0;0;0;0;0;0;0;0;0;0;0;0;0
8;8;10;14;17;22;27;33;36;38;37;35;32;28;26;23;22;23;22;23;22;23;24;25;27;28;30;30;29;28;27;27;30;34;42;48;56;61;66;66;63;60;55;46;38;28;19;12;6;2;1;0;0;1;1;1;1;0;0;0;0;0;1;0;0;0;0;0;0;0;0;0;0;0;0;0;0;0;0
8;9;11;14;17;23;28;32;35;38;37;35;33;28;26;24;23;23;23;23;23;23;24;25;27;28;29;30;28;28;27;27;32;36;42;51;57;62;67;68;64;61;54;45;36;27;18;10;5;2;0;0;0;1;1;0;0;0;0;0;0;0;1;0;0;0;0;0;0;0;0;0;0;0;0;0;0;0;0
7;8;10;13;18;24;30;33;36;37;37;35;31;28;25;23;22;23;23;23;23;24;24;25;27;29;30;30;29;28;27;28;31;36;41;49;56;62;65;66;66;61;54;45;35;25;17;11;5;2;0;0;0;0;0;0;0;0;0;0;0;0;0;0;0;0;0;0;0;0;0;0;0;0;0;0;0;0;0
7;8;10;13;18;25;30;33;36;37;36;34;30;28;26;24;23;23;25;24;23;24;23;25;27;29;29;30;29;27;27;27;31;37;43;50;56;62;65;65;64;60;53;43;33;26;17;10;4;2;0;0;0;0;0;0;0;0;0;0;0;0;0;0;0;0;0;0;0;0;0;0;0;0;0;0;0;0;0
8;8;11;14;19;24;30;34;37;36;35;34;31;29;26;24;23;25;24;23;24;24;24;25;27;29;29;29;29;28;28;30;34;39;45;54;58;64;66;68;65;61;52;43;33;24;17;9;4;1;1;0;0;1;1;0;0;0;0;0;0;0;0;0;0;0;0;0;0;0;0;0;0;0;0;0;0;0;0
8;9;10;14;19;23;29;34;35;36;35;32;30;27;26;25;24;23;23;21;23;23;24;25;28;30;30;30;29;28;28;31;36;40;46;55;60;65;68;68;66;61;52;43;34;24;16;10;4;1;0;1;0;0;1;1;0;0;0;1;0;1;1;0;0;0;0;0;0;0;0;0;0;0;0;0;0;0;0
8;9;11;15;19;24;30;34;35;36;34;30;29;27;26;25;23;24;24;22;22;22;24;25;28;29;30;30;28;28;27;30;34;41;48;57;63;68;69;68;66;60;51;43;33;23;16;8;3;1;0;0;0;0;0;0;1;0;0;0;0;0;0;0;0;0;0;0;0;0;0;0;0;0;0;0;0;0;0
8;9;11;14;18;24;30;34;35;36;35;33;28;27;25;24;23;23;22;23;22;22;24;27;29;29;30;29;27;26;27;30;33;42;50;59;64;67;68;69;67;60;52;42;32;23;14;8;3;1;0;0;0;0;0;0;0;0;0;0;1;0;1;0;0;0;0;0;0;0;0;0;0;0;0;0;0;0;0
8;9;12;15;19;24;30;34;36;36;34;32;29;27;26;24;23;23;22;22;23;22;23;25;28;29;30;29;28;25;28;31;35;43;52;61;66;68;69;68;67;59;51;43;32;23;14;7;3;1;0;1;0;0;1;1;1;0;0;0;0;1;1;0;0;0;0;0;0;0;0;0;0;0;0;0;0;0;0
8;9;12;15;21;26;30;33;36;35;34;31;29;27;26;24;23;23;22;22;22;22;22;25;27;28;29;28;26;26;27;32;37;44;52;59;65;69;71;69;66;59;51;43;32;21;13;7;3;1;0;0;0;0;0;0;0;0;0;0;1;1;1;0;0;0;0;0;0;0;0;0;0;0;0;0;0;0;0
8;10;13;16;20;26;30;33;36;34;34;31;28;26;24;24;22;22;22;22;22;23;23;24;27;27;27;28;25;26;28;30;37;44;51;60;67;71;72;70;66;59;52;42;31;21;12;6;3;1;0;0;0;0;0;0;0;0;0;0;1;1;1;0;0;0;0;0;0;0;0;0;0;0;0;0;0;0;0
8;9;14;16;20;26;31;34;36;35;34;32;29;26;24;23;22;22;22;22;22;22;23;24;27;28;27;27;27;26;27;30;37;44;52;61;67;71;73;72;65;57;48;40;29;19;12;6;2;0;0;0;1;1;1;1;1;0;0;0;1;1;1;0;0;0;0;0;0;0;0;0;0;0;0;0;0;0;0
8;9;12;15;20;26;31;35;37;36;34;32;29;25;25;23;22;22;22;22;21;21;24;25;27;28;28;27;27;25;27;30;37;44;52;60;67;73;74;69;63;57;47;38;29;19;11;6;2;0;0;0;1;2;1;1;1;0;0;0;1;1;0;0;0;0;0;0;0;0;0;0;0;0;0;0;0;0;0
7;10;12;15;19;26;31;34;36;35;34;33;29;25;24;22;22;22;22;23;22;22;24;25;26;27;27;26;26;26;28;32;36;43;53;61;68;71;71;67;61;55;47;38;28;18;11;5;2;1;0;0;1;1;1;0;0;1;0;0;1;1;0;0;0;0;0;0;0;0;0;0;0;0;0;0;0;0;0
8;9;12;16;21;26;32;34;37;36;34;32;29;25;24;22;23;23;22;22;22;21;22;24;26;27;27;26;25;25;27;31;37;44;52;60;68;68;67;64;61;55;47;37;27;17;10;5;2;0;0;0;1;1;1;1;0;1;1;1;1;1;0;1;0;0;0;0;0;0;0;0;0;0;0;0;0;0;0
8;9;11;16;21;27;31;33;36;36;34;32;28;25;24;21;22;23;21;22;22;21;21;23;26;27;27;26;25;25;26;30;37;44;52;61;67;67;67;65;60;54;44;35;26;17;9;4;1;0;0;0;1;1;2;1;0;1;1;1;1;1;1;1;0;0;0;0;0;0;0;0;0;0;0;0;0;0;0
8;9;12;16;20;27;32;34;35;36;34;31;27;25;23;21;22;22;21;22;21;21;22;23;26;27;27;26;24;25;26;29;34;43;53;61;66;68;68;64;59;52;42;32;24;16;8;4;1;0;0;0;0;0;1;1;1;1;0;1;1;1;0;0;0;0;0;0;0;0;0;0;0;0;0;0;0;0;0
7;9;11;16;21;25;32;34;35;36;34;31;27;24;23;23;21;21;20;20;20;21;22;24;25;26;27;26;25;25;26;29;35;43;52;59;65;70;67;62;55;51;43;33;22;14;8;3;2;0;0;1;1;1;1;1;0;0;0;1;1;1;1;0;1;0;0;0;0;0;0;0;0;0;0;0;0;0;0
7;9;12;17;22;27;32;34;35;36;34;31;27;25;22;22;21;21;20;20;20;20;21;23;23;24;26;26;25;25;27;29;35;44;51;59;65;68;65;61;54;48;40;30;21;14;7;4;2;0;0;0;0;0;1;1;1;0;0;1;1;1;1;1;1;0;0;0;0;0;0;0;0;0;0;0;0;0;0
8;9;11;16;22;27;32;35;35;34;33;31;27;25;24;23;21;21;21;20;20;20;21;21;24;25;26;25;24;24;26;29;36;45;54;63;66;66;65;60;52;45;37;28;20;12;8;4;1;0;0;0;0;1;1;1;1;0;0;0;0;1;0;0;0;0;0;0;0;0;0;0;0;0;0;0;0;0;0
7;8;12;17;22;28;31;33;34;33;33;30;27;24;22;22;20;22;21;20;20;20;22;22;24;25;25;25;23;24;26;30;34;45;54;60;64;65;62;56;51;44;37;27;19;12;7;3;1;0;0;0;0;0;1;0;1;0;0;0;0;1;1;0;0;0;0;0;0;0;0;0;0;0;0;0;0;0;0
7;9;12;17;22;27;30;33;34;33;32;29;27;25;23;22;21;21;19;19;19;19;22;23;24;25;24;24;23;23;25;29;36;44;53;59;64;65;60;54;50;43;36;27;18;12;6;3;1;0;0;0;0;0;0;0;0;0;1;1;0;1;0;0;0;0;0;0;0;0;0;0;0;0;0;0;0;0;0
7;9;12;16;23;28;31;34;34;34;32;28;26;24;21;22;21;20;20;19;18;18;21;21;22;23;25;23;23;23;25;29;36;44;52;58;63;62;60;54;48;41;34;25;18;12;5;3;0;0;0;0;0;0;0;1;0;0;1;1;1;1;0;0;0;0;0;0;0;1;0;0;0;0;0;0;0;0;0
7;9;12;17;23;28;32;34;33;34;31;27;25;24;22;21;21;20;20;19;19;19;20;21;23;23;23;22;21;22;25;30;36;45;53;60;62;62;61;52;46;38;31;24;17;11;6;3;0;0;0;0;0;0;1;0;0;0;0;0;0;1;0;0;0;0;0;0;0;0;0;0;0;0;0;0;0;0;1
7;10;13;18;23;28;31;32;33;33;30;28;26;23;21;20;19;20;19;18;19;19;21;22;23;24;22;21;20;23;25;30;36;45;52;59;61;59;57;52;46;37;30;24;16;10;5;1;0;0;0;0;0;0;1;1;0;0;1;0;0;1;0;0;0;0;0;0;0;0;0;0;0;0;0;0;0;0;0
8;10;14;18;24;28;31;33;34;32;30;28;26;24;22;21;20;19;18;18;18;18;20;20;22;23;22;22;21;23;25;29;37;45;52;57;59;60;55;51;44;37;29;22;15;8;4;1;0;0;0;0;0;1;0;0;0;0;1;0;0;1;0;0;0;0;0;0;0;0;0;0;0;0;0;0;1;1;0
8;9;13;18;24;28;32;34;33;32;29;27;25;24;21;20;19;18;18;18;19;18;19;20;22;22;22;21;21;23;25;30;36;45;52;57;60;58;56;51;44;37;28;19;13;7;4;2;0;0;0;0;0;0;0;0;0;0;0;0;0;0;0;0;0;0;0;0;0;0;0;0;0;0;0;0;0;0;0
8;10;14;19;25;29;33;34;32;30;28;28;25;23;21;20;19;19;18;18;19;19;20;21;23;23;21;21;20;22;25;30;37;47;53;57;58;56;55;50;44;36;26;19;13;8;4;1;0;0;0;0;0;0;0;0;0;0;0;0;1;0;0;0;0;0;0;0;0;0;0;0;0;0;0;0;0;0;0
7;10;14;19;26;29;32;35;33;31;30;28;25;24;22;20;19;19;19;18;18;18;19;21;22;21;21;21;20;22;26;31;39;47;53;57;59;60;57;51;43;34;26;19;12;7;3;1;0;0;0;1;1;0;0;0;0;0;0;0;0;1;0;0;0;0;0;0;0;0;0;0;0;0;0;0;0;0;0
7;10;14;21;26;31;33;34;33;33;30;28;26;23;21;20;20;19;19;18;17;19;19;21;23;22;21;20;21;22;26;33;40;46;55;57;60;59;55;51;40;33;24;18;11;6;3;1;0;0;0;1;0;0;0;0;0;0;0;0;0;0;0;0;0;0;0;0;0;0;0;0;0;0;0;0;0;0;0
7;10;14;20;26;31;34;34;33;33;29;27;25;23;22;20;19;20;19;19;18;19;19;21;21;21;21;21;21;23;27;33;40;46;54;57;59;58;54;49;42;34;25;16;10;6;3;1;0;0;0;0;0;0;0;0;0;0;0;0;1;0;0;0;0;0;0;0;0;0;0;0;0;0;0;0;0;0;1
8;11;15;21;26;31;32;33;32;32;29;27;25;23;20;20;19;19;18;17;17;18;19;21;21;21;20;19;20;22;28;34;40;47;53;58;59;59;55;49;41;33;24;15;9;5;2;0;0;0;0;0;0;0;0;0;0;0;0;0;0;0;0;0;0;0;0;0;0;0;0;0;0;0;0;0;0;0;0
8;11;15;21;26;31;33;34;34;33;30;28;25;23;21;20;19;18;17;16;16;16;18;21;22;21;20;20;19;23;28;33;42;49;54;60;60;59;56;50;41;31;22;14;8;5;2;0;0;0;0;0;0;0;0;0;0;0;1;0;0;0;0;0;0;0;0;0;0;0;0;0;0;0;0;0;0;1;0
8;11;16;21;27;31;33;33;34;33;31;28;26;24;22;20;19;18;16;16;16;16;18;20;20;20;19;19;20;22;28;35;43;50;54;58;61;58;54;46;38;29;20;13;8;4;2;0;0;0;0;0;1;0;0;0;0;0;0;0;0;0;0;0;0;0;0;0;0;0;0;0;0;0;0;0;0;0;0
8;11;15;22;27;32;34;34;34;33;32;30;26;23;21;20;18;17;17;17;16;17;19;21;20;19;19;19;21;23;28;36;43;50;56;59;60;57;54;45;37;29;19;13;8;4;2;0;0;0;0;0;0;0;0;0;0;1;0;0;0;0;0;0;0;0;0;0;0;0;0;0;0;0;0;0;0;0;0
8;11;17;23;28;32;34;35;35;32;31;28;26;22;20;19;18;18;17;16;17;17;19;18;20;20;19;19;21;23;29;37;46;51;56;57;60;57;51;45;36;28;20;13;7;4;1;0;0;0;0;0;0;0;0;0;0;0;0;1;0;0;0;0;0;0;0;0;0;0;0;0;0;0;0;0;0;0;0
9;12;18;23;28;31;35;34;34;33;32;28;25;21;20;19;19;17;17;17;17;17;20;20;20;19;19;19;19;24;29;37;42;50;56;58;59;56;51;44;36;28;20;12;7;3;0;0;0;0;0;0;0;0;0;0;0;0;0;1;0;0;0;0;0;0;0;0;0;0;0;0;0;0;0;0;0;0;0
10;13;17;23;27;31;34;35;34;33;30;28;25;23;21;19;18;17;16;16;16;17;20;21;20;19;19;19;20;24;28;37;44;51;58;59;59;56;49;43;34;26;19;12;6;2;0;0;0;0;1;0;0;1;0;0;0;0;0;1;1;0;0;0;0;0;0;0;0;0;0;0;0;0;0;0;0;1;0
9;13;18;23;27;32;34;35;36;34;30;28;25;22;19;19;18;17;17;16;15;18;19;20;20;20;19;19;21;24;29;36;46;53;59;62;59;54;48;42;32;24;16;10;5;2;1;0;0;1;1;0;0;0;0;0;0;1;0;1;0;0;0;0;0;0;0;0;0;0;0;0;0;0;0;0;0;0;0
10;13;18;23;28;31;33;35;36;34;31;27;24;21;20;19;18;18;17;17;16;18;19;21;21;20;19;19;21;25;31;38;47;53;59;61;58;53;46;39;30;24;16;10;5;2;1;0;0;1;0;1;1;0;0;0;0;0;0;0;0;0;0;0;0;0;0;0;0;0;0;0;0;0;0;0;0;0;0
10;14;18;22;27;32;35;34;35;33;31;28;24;22;20;19;18;17;16;18;18;19;20;20;20;19;18;19;21;25;31;39;47;54;60;60;56;51;45;38;30;22;15;10;5;2;0;1;1;1;1;1;1;0;0;0;0;0;0;1;0;0;0;0;0;0;0;0;0;0;0;0;0;0;0;0;0;0;0
10;15;18;23;26;31;33;35;34;33;30;28;24;22;20;20;18;17;17;18;18;19;20;20;19;19;19;20;21;26;33;41;47;53;58;58;54;51;45;39;30;22;14;8;5;2;0;0;1;1;1;0;0;0;0;0;0;0;0;0;0;0;0;0;0;0;0;0;0;0;0;0;0;0;0;0;0;0;0
11;15;19;24;27;31;32;35;36;34;30;28;24;22;20;19;17;18;18;18;18;19;20;20;20;19;19;20;22;26;34;41;48;55;57;57;56;50;44;37;30;21;14;8;4;2;1;0;0;1;1;0;0;0;0;0;0;0;0;0;0;0;0;0;0;0;0;0;0;0;0;0;0;0;0;0;0;0;0
11;14;19;23;26;30;33;35;35;33;29;25;23;21;19;19;17;17;17;18;18;19;20;19;20;19;18;20;22;27;33;41;49;53;56;58;55;50;43;35;28;19;13;8;4;1;1;0;0;1;0;0;0;0;0;0;0;0;0;0;0;0;0;0;0;0;0;0;0;0;0;0;0;0;0;0;0;0;0
11;15;20;23;26;29;32;34;35;32;28;26;24;21;19;18;16;16;16;16;17;19;20;20;20;19;19;20;22;27;33;40;49;54;57;57;53;48;41;33;26;18;11;6;3;1;0;0;0;0;1;0;0;0;0;0;0;0;0;0;0;0;0;0;0;0;0;0;0;0;0;0;0;0;0;0;0;0;0
12;16;19;23;26;29;33;34;34;33;29;26;23;20;18;18;16;15;16;16;17;18;20;20;20;18;18;19;22;28;34;41;48;53;55;53;51;46;40;32;25;18;11;6;4;1;0;0;0;0;0;0;0;0;0;0;0;1;1;0;0;0;0;0;0;0;0;0;0;0;0;0;0;0;0;0;0;0;0
13;17;21;23;26;30;32;33;33;32;28;24;23;21;19;17;16;16;15;17;17;18;20;20;19;18;18;20;22;27;34;41;48;52;55;54;50;46;39;31;23;17;10;6;3;1;0;0;0;0;1;0;0;0;0;0;0;1;1;0;0;0;0;0;0;0;0;0;0;0;0;0;0;0;0;0;0;0;0
14;18;22;26;28;30;32;33;34;31;28;26;22;20;18;17;16;16;17;17;17;18;19;19;18;17;18;20;23;28;35;43;48;52;54;51;47;44;37;30;22;15;9;5;3;1;0;1;0;0;0;0;0;0;0;0;1;0;1;0;0;0;0;0;0;0;0;0;0;0;0;0;0;0;0;0;0;0;0
14;18;23;27;29;31;32;33;33;30;28;26;22;20;18;17;16;16;17;18;18;18;20;18;17;17;17;19;21;28;35;42;49;52;52;51;45;43;35;27;20;14;8;5;2;0;0;0;0;0;0;0;0;0;0;0;0;0;0;0;0;0;0;0;0;0;0;0;0;0;0;0;0;0;0;0;0;0;0
14;18;24;26;29;31;32;31;32;30;27;25;22;20;19;18;16;16;17;18;19;20;19;18;18;17;16;18;22;28;35;43;48;51;50;50;46;40;35;27;20;14;8;5;2;1;0;0;1;0;0;0;0;0;0;0;0;0;0;0;0;0;0;0;0;0;0;0;0;0;0;0;0;0;0;0;0;0;0
15;19;23;26;30;31;32;32;31;29;26;24;22;20;19;18;17;17;17;18;19;20;19;19;18;17;17;19;23;29;36;43;47;50;51;49;45;40;34;27;20;13;8;5;1;0;0;0;0;0;0;0;0;0;0;0;0;1;0;0;0;0;0;0;0;0;0;0;0;0;0;0;0;0;0;0;0;0;0
15;19;24;27;30;31;32;32;31;28;25;23;21;21;19;18;17;18;18;19;20;21;20;19;18;18;17;19;24;29;37;44;46;50;51;49;45;40;34;26;20;13;7;4;1;0;0;0;1;0;1;0;0;0;1;1;0;0;0;0;0;0;0;0;0;0;0;0;0;0;0;0;0;0;0;0;0;0;0
15;20;25;27;31;32;32;33;31;28;25;23;21;20;18;18;17;18;19;20;21;21;22;20;19;18;19;21;25;32;38;45;49;53;53;50;45;40;33;25;18;12;6;4;1;0;0;0;1;0;0;0;0;0;0;0;0;0;0;0;0;0;0;0;0;0;0;0;0;0;0;0;0;0;0;0;0;0;0
15;20;24;29;30;31;33;32;31;29;26;24;21;20;18;16;18;19;20;20;21;21;22;21;19;18;20;22;28;34;39;46;51;54;53;51;45;39;32;25;17;11;6;3;1;0;0;0;0;0;0;0;0;0;0;0;0;1;0;0;0;0;0;0;0;0;0;0;0;0;0;0;0;0;0;0;0;0;0
15;21;25;29;31;34;34;33;32;28;26;24;21;19;19;18;18;19;20;21;21;23;22;22;20;20;22;23;28;33;41;47;52;54;53;49;45;38;32;24;18;10;6;3;1;0;0;0;1;0;0;0;0;0;1;0;0;0;0;0;0;0;0;0;0;0;0;0;0;0;0;0;0;0;0;0;0;0;0
16;21;26;30;32;33;34;32;32;28;25;22;20;20;19;20;19;19;19;21;22;22;22;22;20;19;21;23;27;36;44;50;54;55;55;49;44;39;30;24;17;11;6;2;1;0;0;0;1;0;0;0;0;0;1;1;0;0;0;0;0;0;0;0;0;0;0;0;0;0;0;0;0;0;0;0;0;0;0
15;20;26;30;33;34;35;34;32;28;25;21;20;20;19;18;18;18;20;20;21;22;21;22;20;19;21;24;30;37;45;51;54;55;53;49;43;37;30;24;16;10;5;3;1;0;0;0;0;0;0;0;0;0;0;1;0;0;0;0;0;0;0;0;0;0;0;0;0;0;0;0;0;0;0;0;0;0;0
16;21;26;30;32;34;35;33;29;28;24;21;20;19;18;18;18;16;19;20;21;22;22;22;20;21;22;25;31;38;45;51;54;55;53;49;43;37;30;22;15;9;5;2;0;1;0;0;0;0;0;0;0;0;0;0;0;0;1;0;0;0;0;0;0;0;0;0;0;0;0;0;0;0;0;0;0;0;0
17;21;26;30;31;33;34;32;30;28;24;22;20;18;16;16;17;18;18;20;20;21;23;21;21;21;22;26;32;38;46;52;55;55;53;48;44;36;29;21;15;9;5;1;0;0;0;0;0;0;0;0;0;0;0;0;1;0;0;0;0;0;0;0;0;0;0;0;0;0;0;0;0;0;0;0;0;0;0
16;21;25;29;32;33;34;34;30;28;24;22;21;18;16;16;16;17;18;19;21;22;23;22;21;22;23;27;33;41;48;52;55;55;52;47;43;36;29;21;15;9;4;1;0;0;0;0;0;0;0;0;0;0;0;0;1;0;0;0;0;0;0;0;0;0;0;0;0;0;0;0;0;0;0;0;0;0;0
17;21;24;27;30;32;33;33;30;27;22;20;20;18;17;16;15;15;17;19;20;20;22;21;22;22;24;27;34;42;49;53;54;55;51;47;42;35;28;20;14;8;4;2;0;0;0;0;0;0;0;0;0;0;0;1;0;0;0;0;0;0;0;0;0;0;0;0;0;0;0;0;0;0;0;0;0;0;0
17;21;25;28;30;31;33;32;28;26;23;21;19;18;17;16;16;15;16;17;18;20;21;20;20;22;22;27;34;42;48;53;55;53;50;45;40;34;27;20;14;7;4;2;1;0;0;0;0;0;0;0;0;0;0;1;0;0;0;0;0;0;0;0;0;0;0;0;0;0;0;0;0;0;0;0;0;0;0
17;21;26;29;29;30;31;30;27;26;22;20;18;17;15;15;16;16;16;17;19;20;20;20;20;21;24;27;33;42;48;53;54;52;49;42;39;33;27;19;13;7;4;1;0;0;0;0;0;0;0;0;0;0;0;1;0;0;0;0;0;0;0;0;0;0;0;0;0;0;0;0;0;0;0;0;0;0;0
18;22;25;28;31;30;29;30;27;26;23;20;18;17;15;15;14;15;16;18;20;20;21;20;19;21;23;27;31;41;47;51;54;52;48;44;38;31;24;18;12;7;4;1;0;0;0;0;0;0;0;0;0;0;0;1;0;0;0;0;0;0;0;0;0;0;0;0;0;0;0;0;0;0;0;0;0;0;0
18;22;25;27;29;29;29;29;27;23;21;19;17;15;14;13;14;14;16;18;20;21;20;19;18;20;23;27;32;40;47;50;52;53;46;42;36;29;23;17;10;6;3;1;0;0;0;0;0;0;0;0;0;0;0;1;0;1;0;0;0;0;0;0;0;0;0;0;0;0;0;0;0;0;0;0;0;0;0
18;21;23;26;28;28;29;28;26;22;20;19;17;15;14;13;13;13;16;16;19;20;20;21;19;20;24;27;33;41;48;50;51;49;44;39;34;28;22;15;9;6;2;1;0;0;0;0;0;0;0;0;0;0;0;0;0;0;0;0;0;0;0;0;0;0;0;0;0;0;0;0;0;0;0;0;0;0;0
17;21;23;25;26;28;27;25;24;20;19;18;16;14;13;12;12;13;15;17;19;20;19;19;19;21;23;27;33;40;46;49;50;46;41;38;32;27;20;15;9;5;2;1;0;0;0;0;0;0;0;0;0;0;0;1;0;0;0;0;0;0;0;0;0;0;0;0;0;0;0;0;0;0;0;0;0;0;0
17;21;23;25;26;25;25;23;22;20;17;17;14;13;13;11;12;12;13;16;18;19;18;18;18;19;23;27;32;39;44;49;47;45;41;35;29;24;19;14;7;4;2;1;0;0;0;0;0;0;0;0;0;0;0;0;0;0;0;0;0;0;0;0;0;0;0;0;0;0;0;0;0;0;0;0;0;0;0
16;20;23;24;26;25;23;22;20;18;16;15;13;12;11;10;11;12;14;16;17;18;17;16;16;19;22;27;31;38;43;47;45;43;39;34;28;22;17;12;7;4;1;0;0;0;0;0;0;0;0;0;0;0;0;0;0;0;0;0;0;0;0;0;0;0;0;0;0;0;0;0;0;0;0;0;0;0;0
16;19;21;23;25;25;22;20;17;17;15;12;12;11;10;10;10;12;13;16;18;17;16;15;16;18;21;26;32;39;43;45;44;41;37;34;27;21;16;10;6;3;1;0;0;0;0;0;0;0;0;0;0;0;0;0;0;0;0;0;0;0;0;0;0;0;0;0;0;0;0;0;0;0;0;0;0;0;0
15;19;20;21;23;23;21;19;16;15;14;12;11;9;9;9;10;11;13;15;16;17;16;15;16;17;22;26;32;38;41;43;42;39;34;30;24;19;15;9;5;2;1;0;0;0;0;0;0;0;0;0;0;0;0;0;0;0;0;0;0;0;0;0;0;0;0;0;0;0;0;0;0;0;0;0;0;0;0
14;18;20;21;20;21;20;18;15;13;12;11;9;8;7;8;9;10;13;15;15;16;16;14;14;16;20;26;31;36;41;42;41;37;33;28;23;19;14;8;5;2;1;0;0;0;0;0;0;0;0;0;0;0;0;1;0;0;0;0;0;0;0;0;0;0;0;0;0;0;0;0;0;1;0;0;0;0;0
14;16;20;19;19;21;18;16;14;12;11;10;8;8;7;7;9;9;12;14;16;15;14;14;14;16;19;24;29;34;39;41;38;35;30;26;23;17;12;8;6;2;0;0;0;0;0;0;0;0;0;0;0;0;0;0;0;0;0;0;0;0;0;0;0;0;0;0;0;0;0;0;0;0;0;0;0;0;0
13;16;18;19;19;18;16;15;13;12;11;9;8;8;7;7;8;9;12;14;15;15;13;13;13;15;18;23;28;35;37;38;35;32;28;24;19;15;11;7;4;1;0;0;0;0;0;0;0;0;0;0;0;0;0;0;0;0;0;0;0;0;0;0;0;0;0;0;0;0;0;0;0;0;0;0;0;0;0
12;15;17;17;18;17;15;13;12;10;10;8;7;7;7;7;7;10;12;12;14;14;12;12;12;14;17;23;27;31;35;36;33;30;27;22;18;14;9;6;4;1;1;0;0;0;0;0;0;0;0;0;0;0;0;0;0;0;0;0;0;0;0;0;0;0;0;0;0;0;0;0;0;0;0;0;0;0;0
11;14;16;15;16;16;14;12;11;8;8;7;6;6;6;6;8;9;11;12;13;14;12;12;13;14;17;22;27;31;34;33;32;29;24;21;17;13;9;6;4;1;1;0;0;0;0;0;0;0;0;0;0;0;0;0;0;0;0;0;0;0;0;0;0;0;0;0;0;0;0;0;0;0;0;0;0;0;0
11;13;14;16;15;15;14;11;10;9;9;6;6;5;5;5;7;8;11;12;13;11;10;10;11;14;16;21;26;30;31;31;30;26;23;19;16;12;8;6;3;1;0;0;0;0;0;0;0;0;0;0;0;0;0;0;0;0;0;0;0;0;0;0;0;0;0;0;0;0;0;0;0;0;0;0;0;0;0
10;12;14;15;14;14;12;11;9;8;7;6;5;5;5;6;7;8;10;11;11;11;10;10;11;13;14;19;23;28;30;28;26;25;22;17;14;11;7;4;2;1;0;0;0;0;0;0;0;0;0;0;0;0;0;0;0;0;0;0;0;0;0;0;0;0;0;0;0;0;0;0;0;0;0;0;0;0;0
9;10;12;13;14;12;11;9;9;8;6;6;5;5;5;5;7;8;9;9;10;10;9;9;9;11;14;18;21;25;27;26;23;21;18;16;13;10;6;4;2;1;0;0;0;0;0;0;0;0;0;0;0;0;0;0;0;0;0;0;0;0;0;0;0;0;0;0;0;0;0;0;0;0;0;0;0;0;0
9;10;11;12;12;11;9;8;8;6;6;6;5;4;4;5;6;7;9;9;9;8;7;7;9;10;13;17;20;23;23;23;21;20;18;15;12;9;6;4;2;1;0;0;0;0;0;0;0;0;0;0;0;0;0;0;0;0;0;0;0;0;0;0;0;0;0;0;0;0;0;0;0;0;0;0;0;0;0
8;9;10;11;11;10;8;8;7;6;5;5;4;3;4;5;6;7;8;8;8;7;7;6;8;9;11;16;19;21;23;21;20;18;16;13;11;8;6;3;2;1;0;0;0;0;0;0;0;0;0;0;0;0;0;0;0;0;0;0;0;0;0;0;0;0;0;0;0;0;0;0;0;0;0;0;0;0;0
7;9;10;10;11;9;7;7;6;5;5;4;4;3;3;4;5;7;7;7;7;6;6;6;7;9;11;15;18;18;19;18;19;17;15;13;10;7;5;3;1;0;0;0;0;0;0;0;0;0;0;0;0;0;0;0;0;0;0;0;0;0;0;0;0;0;0;0;0;0;0;0;0;0;0;0;0;0;0
7;8;10;10;9;7;6;6;5;4;4;4;3;2;3;4;4;5;6;6;6;6;5;6;7;8;10;14;16;17;18;17;17;15;13;11;8;6;4;2;0;0;0;0;0;0;0;0;0;0;0;0;0;0;0;0;0;0;0;0;0;0;0;0;0;0;0;0;0;0;0;0;0;0;0;0;0;0;0
7;8;9;9;8;7;5;5;4;3;3;3;2;2;3;3;3;4;5;4;5;5;4;5;6;7;9;12;15;17;18;16;15;13;12;9;7;5;3;1;1;0;0;0;0;0;0;0;0;0;0;0;0;0;0;0;0;0;0;0;0;0;0;0;0;0;0;0;0;0;0;0;0;0;0;0;0;0;0
6;7;8;8;8;7;5;4;3;4;3;2;2;2;2;3;4;4;5;4;4;4;4;4;5;7;9;11;12;14;16;15;13;12;11;8;6;5;3;1;0;0;0;0;0;0;0;0;0;0;0;0;0;0;0;0;0;0;0;0;0;0;0;0;0;0;0;0;0;0;0;0;0;0;0;0;0;0;0
5;6;7;7;6;5;4;4;3;3;2;1;2;2;2;2;3;4;4;4;4;4;3;4;4;6;9;10;12;12;13;12;11;10;9;7;5;4;2;1;0;0;0;0;0;0;0;0;0;0;0;0;0;0;0;0;0;0;0;0;0;0;0;0;0;0;0;0;0;0;0;0;0;0;0;0;0;0;0
4;6;6;6;6;5;4;3;3;2;1;1;2;1;1;2;3;3;4;3;3;3;3;4;4;7;8;10;11;11;12;11;10;10;9;7;5;4;2;1;0;0;0;0;0;0;0;0;0;0;0;0;0;0;0;0;0;0;0;0;0;0;0;0;0;0;0;0;0;0;0;0;0;0;0;0;0;0;0
4;5;5;5;5;4;3;2;2;1;1;1;1;1;1;2;2;3;3;3;3;2;3;3;4;6;8;9;10;10;10;10;9;8;8;6;4;3;1;0;0;0;0;0;0;0;0;0;0;0;0;0;0;0;0;0;0;0;0;0;0;0;0;0;0;0;0;0;0;0;0;0;0;0;0;0;0;0;0
4;4;5;5;4;3;2;2;1;1;1;1;1;1;1;1;2;2;2;2;2;2;3;3;3;5;6;7;8;10;9;9;9;7;7;5;3;3;1;1;0;0;0;0;0;0;0;0;0;0;0;0;0;0;0;0;0;0;0;0;0;0;0;0;0;0;0;0;0;0;0;0;0;0;0;0;0;0;0
3;3;3;4;3;3;2;2;1;1;0;1;1;1;1;1;2;1;2;2;2;2;2;2;3;4;5;6;7;8;8;7;7;6;6;4;3;2;1;0;0;0;0;0;0;0;0;0;0;0;0;0;0;0;0;0;0;0;0;0;0;0;0;0;0;0;0;0;0;0;0;0;0;0;0;0;0;0;0
2;4;3;3;2;2;2;1;1;1;0;0;1;1;1;1;1;1;2;2;2;2;2;3;3;4;5;6;5;6;7;7;6;6;5;3;3;2;1;0;0;0;0;0;0;0;0;0;0;0;0;0;0;0;0;0;0;0;0;0;0;0;0;0;0;0;0;0;0;0;0;0;0;0;0;0;0;0;0
3;3;3;3;2;2;1;1;1;0;0;0;0;0;0;1;1;1;2;2;2;1;2;2;2;3;4;5;5;6;7;6;5;5;4;3;2;1;1;0;0;0;0;0;0;0;0;0;0;0;0;0;0;0;0;0;0;0;0;0;0;0;0;0;0;0;0;0;0;0;0;0;0;0;0;0;0;0;0
3;3;3;2;2;2;1;1;0;0;0;0;0;0;0;1;1;1;1;1;1;1;1;1;2;3;3;4;4;4;4;4;4;3;3;2;1;1;0;0;0;0;0;0;0;0;0;0;0;0;0;0;0;0;0;0;0;0;0;0;0;0;0;0;0;0;0;0;0;0;0;0;0;0;0;0;0;0;0
3;2;2;2;1;1;1;1;0;0;0;0;0;0;0;1;1;1;1;1;1;1;1;1;2;2;2;3;4;4;4;3;4;3;3;2;1;0;0;0;0;0;0;0;0;0;0;0;0;0;0;0;0;0;0;0;0;0;0;0;0;0;0;0;0;0;0;0;0;0;0;0;0;0;0;0;0;0;0
2;2;2;2;2;2;1;1;0;0;0;0;0;0;0;1;0;0;1;0;0;0;1;1;2;2;2;2;2;3;3;2;2;2;2;1;1;0;0;0;0;0;0;0;0;0;0;0;0;0;0;0;0;0;0;0;0;0;0;0;0;0;0;0;0;0;0;0;0;0;0;0;0;0;0;0;0;0;0
2;2;2;2;2;1;1;1;0;0;0;0;0;0;0;1;1;1;0;0;0;0;0;1;1;1;2;2;2;2;3;2;2;2;2;1;0;1;0;0;0;0;0;0;0;0;0;0;0;0;0;0;0;0;0;0;0;0;0;0;0;0;0;0;0;0;0;0;0;0;0;0;0;0;0;0;0;0;0
2;2;2;2;1;1;0;0;1;0;0;0;0;0;0;0;0;0;0;0;0;0;0;1;1;1;1;2;2;1;2;1;2;1;1;1;0;0;0;0;0;0;0;0;0;0;0;0;0;0;0;0;0;0;0;0;0;0;0;0;0;0;0;0;0;0;0;0;0;0;0;0;0;0;0;0;0;0;0
2;2;1;1;1;1;0;1;0;0;0;0;0;0;0;0;0;0;0;0;0;1;0;0;0;1;1;1;2;1;2;1;2;1;1;1;0;0;0;0;0;0;0;0;0;0;0;0;0;0;0;0;0;0;0;0;0;0;0;0;0;0;0;0;0;0;0;0;0;0;0;0;0;0;0;0;0;0;0
1;1;1;1;1;1;1;0;0;0;0;0;0;0;0;0;0;0;0;0;0;0;0;0;0;1;1;1;1;1;2;1;2;2;1;1;0;0;0;0;0;0;0;0;0;0;0;0;0;0;0;0;0;0;0;0;0;0;0;0;0;0;0;0;0;0;0;0;0;0;0;0;0;0;0;0;0;0;0
1;1;1;1;0;0;0;0;0;0;0;0;0;0;0;0;0;0;0;0;0;0;0;0;1;1;1;2;1;1;1;2;2;2;1;0;0;0;0;0;0;0;0;0;0;0;0;0;0;0;0;0;0;0;0;0;0;0;0;0;0;0;0;0;0;0;0;0;0;0;0;0;0;0;0;0;0;0;0
1;1;1;1;0;1;0;0;0;0;0;0;0;0;0;0;0;0;0;0;0;0;0;0;0;1;1;1;1;2;1;2;2;1;1;1;0;0;0;0;0;0;0;0;0;0;0;0;0;0;0;0;0;0;0;0;0;0;0;0;0;0;0;0;0;0;0;0;0;0;0;0;0;0;0;0;0;0;0
1;1;1;1;0;0;0;0;0;0;0;0;0;0;0;0;0;0;0;0;0;0;0;0;0;0;1;1;1;1;1;2;1;1;0;0;0;0;0;0;0;0;0;0;0;0;0;0;0;0;0;0;0;0;0;0;0;0;0;0;0;0;0;0;0;0;0;0;0;0;0;0;0;0;0;0;0;0;0
0;1;1;1;1;0;0;0;0;0;0;0;0;0;0;0;0;0;0;0;0;0;0;0;0;0;0;0;1;1;1;1;1;1;1;0;0;0;0;0;0;0;0;0;0;0;0;0;0;0;0;0;0;0;0;0;0;0;0;0;0;0;0;0;0;0;0;0;0;0;0;0;0;0;0;0;0;0;0
0;1;0;1;1;1;0;0;0;0;0;0;0;0;0;0;0;0;0;0;0;0;0;0;0;0;1;1;1;1;1;1;1;1;0;0;0;0;0;0;0;0;0;0;0;0;0;0;0;0;0;0;0;0;0;0;0;0;0;0;0;0;0;0;0;0;0;0;0;0;0;0;0;0;0;0;0;0;0
0;1;1;1;0;0;0;0;0;0;0;0;0;0;0;0;0;0;0;0;0;0;0;0;0;0;0;1;1;1;1;1;1;1;0;0;0;0;0;0;0;0;0;0;0;0;0;0;0;0;0;0;0;0;0;0;0;0;0;0;0;0;0;0;0;0;0;0;0;0;0;0;0;0;0;0;0;0;0
0;0;0;0;0;0;0;0;0;0;0;0;0;0;0;0;0;0;0;0;0;0;0;0;0;0;1;1;1;1;1;1;1;1;0;0;0;0;0;0;0;0;0;0;0;0;0;0;0;0;0;0;0;0;0;0;0;0;0;0;0;0;0;0;0;0;0;0;0;0;0;0;0;0;0;0;0;0;0
0;0;0;0;0;0;0;0;0;0;0;0;0;0;0;0;0;0;0;0;0;0;0;0;0;0;0;0;1;1;1;1;1;0;0;0;0;0;0;0;0;0;0;0;0;0;0;0;0;0;0;0;0;0;0;0;0;0;0;0;0;0;0;0;0;0;0;0;0;0;0;0;0;0;0;0;0;0;0
0;1;1;0;0;0;0;0;0;0;0;0;0;0;0;0;0;0;0;0;0;0;0;0;0;0;0;1;1;1;1;1;1;0;0;0;0;0;0;0;0;0;0;0;0;0;0;0;0;0;0;0;0;0;0;0;0;0;0;0;0;0;0;0;0;0;0;0;0;0;0;0;0;0;0;0;0;0;0
0;1;0;0;0;0;0;0;0;0;0;0;0;0;0;0;0;0;0;0;0;0;0;0;0;0;1;1;1;1;1;1;0;1;1;0;0;0;0;0;0;0;0;0;0;0;0;0;0;0;0;0;0;0;0;0;0;0;0;0;0;0;0;0;0;0;0;0;0;0;0;0;0;0;0;0;0;0;0
1;1;0;0;0;0;0;0;0;0;0;0;0;0;0;0;0;0;0;0;0;0;0;0;1;0;1;1;1;1;0;0;1;1;1;0;0;0;0;0;0;0;0;0;0;0;0;0;0;0;0;0;0;0;0;0;0;0;0;0;0;0;0;0;0;0;0;0;0;0;0;0;0;0;0;0;0;0;0
0;1;0;0;0;0;0;0;0;0;0;0;0;0;0;0;0;0;0;0;0;0;0;0;0;0;0;0;0;1;0;0;1;0;0;0;0;0;0;0;0;0;0;0;0;0;0;0;0;0;0;0;0;0;0;0;0;0;0;0;0;0;0;0;0;0;0;0;0;0;0;0;0;0;0;0;0;0;0
1;1;0;0;0;0;0;0;0;0;0;0;0;0;0;0;0;0;0;0;0;0;0;0;0;0;0;0;0;0;0;0;0;0;0;0;0;0;0;0;0;0;0;0;0;0;0;0;0;0;0;0;0;0;0;0;0;0;0;0;0;0;0;0;0;0;0;0;0;0;0;0;0;0;0;0;0;0;0
1;0;0;0;0;0;0;0;0;0;0;0;0;0;0;0;0;0;0;0;0;0;0;0;0;1;0;0;0;0;0;0;0;0;0;0;0;0;0;0;0;0;0;0;0;0;0;0;0;0;0;0;0;0;0;0;0;0;0;0;0;0;0;0;0;0;0;0;0;0;0;0;0;0;0;0;0;0;0
1;0;0;0;0;0;0;0;0;0;0;0;0;0;0;0;0;0;0;0;0;0;0;0;0;0;0;0;1;0;0;0;0;0;0;0;0;0;0;0;0;0;0;0;0;0;0;0;0;0;0;0;0;0;0;0;0;0;0;0;0;0;0;0;0;0;0;0;0;0;0;0;0;0;0;0;0;0;0
0;0;0;0;0;0;0;0;0;0;0;0;0;0;0;0;0;0;0;0;0;0;0;0;0;0;0;0;0;0;0;0;0;0;0;0;0;0;0;0;0;0;0;0;0;0;0;0;0;0;0;0;0;0;0;0;0;0;0;0;0;0;0;0;0;0;0;0;0;0;0;0;0;0;0;0;0;0;0
0;0;0;0;0;0;0;0;0;0;0;0;0;0;0;0;0;0;0;0;0;0;0;0;1;0;0;0;0;0;0;0;0;0;0;0;0;0;0;0;0;0;0;0;0;0;0;0;0;0;0;0;0;0;0;0;0;0;0;0;0;0;0;0;0;0;0;0;0;0;0;0;0;0;0;0;0;0;0
0;0;0;0;0;0;0;0;0;0;0;0;0;0;0;0;0;0;0;0;0;0;0;0;0;0;0;0;0;1;0;0;0;0;0;0;0;0;0;0;0;0;0;0;0;0;0;0;0;0;0;0;0;0;0;0;0;0;0;0;0;0;0;0;0;0;0;0;0;0;0;0;0;0;0;0;0;0;0
0;0;0;0;0;0;0;0;0;0;0;0;0;0;0;0;0;0;0;0;0;0;0;0;0;0;0;0;0;0;0;0;0;0;0;0;0;0;0;0;0;0;0;0;0;0;0;0;0;0;0;0;0;0;0;0;0;0;0;0;0;0;0;0;0;0;0;0;0;0;0;0;0;0;0;0;0;0;0
1;0;0;0;0;0;0;0;0;0;0;0;0;0;1;0;0;0;0;0;0;0;0;0;0;1;0;0;0;0;0;0;0;0;0;0;0;0;0;0;0;0;0;0;0;0;0;0;0;0;0;0;0;0;0;0;0;0;0;0;0;0;0;0;0;0;0;0;0;0;0;0;0;0;0;0;0;0;0
0;0;0;0;0;0;0;0;0;0;0;0;0;0;0;0;0;0;0;0;0;0;0;0;0;1;0;0;0;0;0;0;0;0;0;0;0;0;0;0;0;0;0;0;0;0;0;0;0;0;0;0;0;0;0;0;0;0;0;0;0;0;0;0;0;0;0;0;0;0;0;0;0;0;0;0;0;0;0
0;0;0;0;0;0;0;0;0;0;0;0;0;0;0;0;0;0;0;0;0;0;0;0;0;0;0;1;0;0;0;0;0;0;0;0;0;0;0;0;0;0;0;0;0;0;0;0;0;0;0;0;0;0;0;0;0;0;0;0;0;0;0;0;0;0;0;0;0;0;0;0;0;0;0;0;0;0;0
0;0;0;0;0;0;0;0;0;0;0;0;0;0;0;0;0;0;0;0;0;0;0;0;0;0;0;0;0;0;0;0;0;0;0;0;0;0;0;0;0;0;0;0;0;0;0;0;0;0;0;0;0;0;0;0;0;0;0;0;0;0;0;0;0;0;0;0;0;0;0;0;0;0;0;0;0;0;0
0;0;0;0;0;0;0;0;0;0;0;0;0;0;0;0;0;0;0;0;0;0;0;0;0;0;0;0;0;0;0;0;0;0;0;0;0;0;0;0;0;0;0;0;0;0;0;0;0;0;0;0;0;0;0;0;0;0;0;0;0;0;0;0;0;0;0;0;0;0;0;0;0;0;0;0;0;0;0
0;0;0;0;0;0;0;0;0;0;0;0;0;0;0;0;0;0;0;0;0;0;0;0;0;0;0;0;0;0;0;0;0;0;0;0;0;0;0;0;0;0;0;0;0;0;0;0;0;0;0;0;0;0;0;0;0;0;0;0;0;0;0;0;0;0;0;0;0;0;0;0;0;0;0;0;0;0;0
0;0;0;0;0;0;0;0;0;0;0;0;0;0;0;0;0;0;0;0;0;0;0;0;0;0;0;0;0;0;0;0;0;0;0;0;0;0;0;0;0;0;0;0;0;0;0;0;0;0;0;0;0;0;0;0;0;0;0;0;0;0;0;0;0;0;0;0;0;0;0;0;0;0;0;0;0;0;0
0;0;0;0;0;0;0;0;0;0;0;0;0;0;0;0;0;0;0;0;0;0;0;0;0;1;0;0;0;0;0;0;0;0;0;0;0;0;0;0;0;0;0;0;0;0;0;0;0;0;0;0;0;0;0;0;0;0;0;0;0;0;0;0;0;0;0;0;0;0;0;0;0;0;0;0;0;0;0
0;0;0;0;0;0;0;0;0;0;0;0;0;0;0;0;0;0;0;0;0;0;0;0;0;0;0;0;0;0;0;0;0;0;0;0;0;0;0;0;0;0;0;0;0;0;0;0;0;0;0;0;0;0;0;0;0;0;0;0;0;0;0;0;0;0;0;0;0;0;0;0;0;0;0;0;0;0;0
0;0;0;0;0;0;0;0;0;0;0;0;0;0;0;0;0;0;0;0;0;0;0;0;0;0;0;0;0;0;0;0;0;0;0;0;0;0;0;0;0;0;0;0;0;0;0;0;0;0;0;0;0;0;0;0;0;0;0;0;0;0;0;0;0;0;0;0;0;0;0;0;0;0;0;0;0;0;0
0;0;0;0;0;0;0;0;0;0;0;0;0;0;0;0;0;0;0;0;0;0;0;0;0;1;0;0;0;0;0;0;0;0;0;0;0;0;0;0;0;0;0;0;0;0;0;0;0;0;0;0;0;0;0;0;0;0;0;0;0;0;0;0;0;0;0;0;0;0;0;0;0;0;0;0;0;0;0
0;0;0;0;0;0;0;0;0;0;0;0;0;0;0;0;0;0;0;0;0;1;0;0;1;0;0;0;0;0;0;0;0;0;0;0;0;0;0;0;0;0;0;0;0;0;0;0;0;0;0;0;0;0;0;0;0;0;0;0;0;0;0;0;0;0;0;0;0;0;0;0;0;0;0;0;0;0;0
0;0;0;0;0;0;0;0;0;0;0;0;0;0;0;0;0;0;0;0;0;0;0;1;0;0;0;0;0;0;0;0;0;0;0;0;0;0;0;0;0;0;0;0;0;0;0;0;0;0;0;0;0;0;0;0;0;0;0;0;0;0;0;0;0;0;0;0;0;0;0;0;0;0;0;0;0;0;0
0;0;0;0;0;0;0;0;0;0;0;0;0;0;0;0;0;0;0;0;0;0;0;0;0;1;0;0;0;0;0;0;0;0;0;0;0;0;0;0;0;0;0;0;0;0;0;0;0;0;0;0;0;0;0;0;0;0;0;0;0;0;0;0;0;0;0;0;0;0;0;0;0;0;0;0;0;0;0
0;0;0;0;0;0;0;0;0;0;0;0;0;0;0;0;0;0;0;0;0;0;0;0;0;0;0;0;0;0;0;0;0;0;0;0;0;0;0;0;0;0;0;0;0;0;0;0;0;0;0;0;0;0;0;0;0;0;0;0;0;0;0;0;0;0;0;0;0;0;0;0;0;0;0;0;0;0;0
0;0;0;0;0;1;0;0;0;0;0;0;0;0;0;0;0;0;0;0;0;0;0;0;0;0;0;0;0;0;0;0;0;0;0;0;0;0;0;0;0;0;0;0;0;0;0;0;0;0;0;0;0;0;0;0;0;0;0;0;0;0;0;0;0;0;0;0;0;0;0;0;0;0;0;0;0;0;0
0;0;0;0;0;0;1;0;0;0;0;0;0;0;0;0;0;0;0;0;0;0;0;0;1;0;0;0;0;0;0;0;0;0;0;0;0;0;0;0;0;0;0;0;0;0;0;0;0;0;0;0;0;0;0;0;0;0;0;0;0;0;0;0;0;0;0;0;0;0;0;0;0;0;0;0;0;0;0
0;0;0;0;0;0;0;0;0;0;0;0;0;0;0;0;0;0;0;0;0;0;1;0;1;0;0;0;0;0;0;0;0;0;0;0;0;0;0;0;0;0;0;0;0;0;0;0;0;0;0;0;0;0;0;0;0;0;0;0;0;0;0;0;0;0;0;0;0;0;0;0;0;0;0;0;0;0;0
0;0;0;0;0;0;0;0;0;0;0;0;0;0;0;0;0;0;0;0;0;0;1;1;1;1;0;0;0;0;0;0;0;0;0;0;0;0;0;0;0;0;0;0;0;0;0;0;0;0;0;0;0;0;0;0;0;0;0;0;0;0;0;0;0;0;0;0;0;0;0;0;0;0;0;0;0;0;0
0;0;0;0;0;0;0;0;0;0;0;0;0;0;0;0;0;0;0;0;0;1;1;1;1;0;0;0;0;0;0;0;0;0;0;0;0;0;0;0;0;0;0;0;0;0;0;0;0;0;0;0;0;0;0;0;0;0;0;0;0;0;0;0;0;0;0;0;0;0;0;0;0;0;0;0;0;0;0
0;0;0;0;0;0;0;1;0;0;0;0;0;0;0;0;0;0;0;0;1;1;1;1;1;0;1;0;0;0;0;0;0;0;0;0;0;0;0;0;0;0;0;0;0;0;0;0;0;0;0;0;0;0;0;0;0;0;0;0;0;0;0;0;0;0;0;0;0;0;0;0;0;0;0;0;0;0;0
0;0;0;0;0;0;0;0;0;0;0;0;0;0;0;0;0;0;0;0;0;1;1;1;1;0;1;0;0;0;0;0;0;0;0;0;0;0;0;0;0;0;0;0;0;0;0;0;0;0;0;0;0;0;0;0;0;0;0;0;0;0;0;0;0;0;0;0;0;0;0;0;0;0;0;0;0;0;0
0;0;0;0;0;0;0;0;0;0;0;0;0;0;0;0;0;0;0;0;0;0;0;0;1;0;1;0;0;0;0;0;0;0;0;0;0;0;0;0;0;0;0;0;0;0;0;0;0;0;0;0;0;0;0;0;0;0;0;0;0;0;0;0;0;0;0;0;0;0;0;0;0;0;0;0;0;0;0
0;0;0;0;0;0;0;0;0;0;0;0;0;0;0;0;0;0;0;0;0;0;1;0;0;0;0;0;0;0;0;0;0;0;0;0;0;0;0;0;0;0;0;0;0;0;0;0;0;0;0;0;0;0;0;0;0;0;0;0;0;0;0;0;0;0;0;0;0;0;0;0;0;0;0;0;0;0;0
0;0;0;0;0;0;0;0;0;0;0;0;0;0;0;0;0;0;0;0;0;0;0;0;1;1;0;0;0;0;0;0;0;0;0;0;0;0;0;0;0;0;0;0;0;0;0;0;0;0;0;0;0;0;0;0;0;0;0;0;0;0;0;0;0;0;0;0;0;0;0;0;0;0;0;0;0;0;0
0;0;1;0;0;0;0;0;0;0;0;0;1;1;1;0;0;0;0;1;1;1;1;1;1;0;0;0;0;0;0;0;0;0;0;0;0;0;0;0;0;0;0;0;0;0;0;0;0;0;0;0;0;0;0;0;0;0;0;0;0;0;0;0;0;0;0;0;0;0;0;0;0;0;0;0;0;0;0
0;0;1;0;0;0;0;0;0;0;0;0;0;0;0;0;0;1;1;1;1;1;2;1;1;0;0;0;0;0;0;0;0;0;0;0;0;0;0;0;0;0;0;0;0;0;0;0;0;0;0;0;0;0;0;0;0;0;0;0;0;0;0;0;0;0;0;0;0;0;0;0;0;0;0;0;0;0;0
0;0;0;0;0;0;0;0;0;0;0;0;0;0;0;0;0;0;0;1;0;1;1;0;1;0;0;0;0;0;0;0;0;0;0;0;0;0;0;0;0;0;0;0;0;0;0;0;0;0;0;0;0;0;0;0;0;0;0;0;0;0;0;0;0;0;0;0;0;0;0;0;0;0;0;0;0;0;0
0;0;0;0;0;0;0;0;0;0;0;0;0;1;0;0;0;0;1;1;1;1;1;1;1;0;0;0;0;0;0;0;0;0;0;0;0;0;0;0;0;0;0;0;0;0;0;0;0;0;0;0;0;0;0;0;0;0;0;0;0;0;0;0;0;0;0;0;0;0;0;0;0;0;0;0;0;0;0
0;0;0;0;0;0;0;0;0;0;0;0;0;0;0;0;0;0;1;1;1;1;1;1;1;0;0;0;0;0;0;0;0;0;0;0;0;0;0;0;0;0;0;0;0;0;0;0;0;0;0;0;0;0;0;0;0;0;0;0;0;0;0;0;0;0;0;0;0;0;0;0;0;0;0;0;0;0;0
0;0;0;0;0;0;0;0;0;0;0;0;1;0;0;0;0;0;0;0;1;1;1;0;0;0;0;0;0;0;0;0;0;0;0;0;0;0;0;0;0;0;0;0;0;0;0;0;0;0;0;0;0;0;0;0;0;0;0;0;0;0;0;0;0;0;0;0;0;0;0;0;0;0;0;0;0;0;0
0;0;0;0;0;0;0;0;0;0;0;0;0;0;0;0;0;0;0;0;1;1;1;1;1;1;0;0;0;0;0;0;0;0;0;0;0;0;0;0;0;0;0;0;0;0;0;0;0;0;0;0;0;0;0;0;0;0;0;0;0;0;0;0;0;0;0;0;0;0;0;0;0;0;0;0;0;0;0
0;0;0;0;0;0;0;0;0;0;0;0;0;0;0;0;0;0;0;1;1;1;1;1;0;0;0;0;0;0;0;0;0;0;0;0;0;0;0;0;0;0;0;0;0;0;0;0;0;0;0;0;0;0;0;0;0;0;0;0;0;0;0;0;0;0;0;0;0;0;0;0;0;0;0;0;0;0;0
0;0;0;0;0;0;0;0;0;0;0;0;0;0;0;0;0;0;0;1;1;1;0;0;0;0;0;0;0;0;0;0;0;0;0;0;0;0;0;0;0;0;0;0;0;0;0;0;0;0;0;0;0;0;0;0;0;0;0;0;0;0;0;0;0;0;0;0;0;0;0;0;0;0;0;0;0;0;0
0;0;0;0;0;0;0;0;0;0;0;0;0;0;0;0;0;0;0;1;0;1;1;0;0;0;0;0;0;0;0;0;0;0;0;0;0;0;0;0;0;0;0;0;0;0;0;0;0;0;0;0;0;0;0;0;0;0;0;0;0;0;0;0;0;0;0;0;0;0;0;0;0;0;0;0;0;0;0
0;0;0;0;0;0;0;0;0;0;0;0;0;0;0;0;0;0;0;1;1;1;1;0;0;0;0;0;0;0;0;0;0;0;0;0;0;0;0;0;0;0;0;0;0;0;0;0;0;0;0;0;0;0;0;0;0;0;0;0;0;0;0;0;0;0;0;0;0;0;0;0;0;0;0;0;0;0;0
0;0;0;0;0;0;0;0;0;0;0;0;0;0;0;0;0;0;0;0;1;1;1;1;0;0;0;0;0;0;0;0;0;0;0;0;0;0;0;0;0;0;0;0;0;0;0;0;0;0;0;0;0;0;0;0;0;0;0;0;0;0;0;0;0;0;0;0;0;0;0;0;0;0;0;0;0;0;0
0;0;0;0;0;0;0;0;0;0;0;0;0;0;0;0;0;0;0;0;0;1;1;0;0;0;0;0;0;0;0;0;0;0;0;0;0;0;0;0;0;0;0;0;0;0;0;0;0;0;0;0;0;0;0;0;0;0;0;0;0;0;0;0;0;0;0;0;0;0;0;0;0;0;0;0;0;0;0
0;0;0;0;0;0;0;0;0;0;0;0;0;0;0;0;0;0;1;0;0;0;1;0;0;0;0;0;0;0;0;0;0;0;0;0;0;0;0;0;0;0;0;0;0;0;0;0;0;0;0;0;0;0;0;0;0;0;0;0;0;0;0;0;0;0;0;0;0;0;0;0;0;0;0;0;0;0;0
0;0;0;0;0;0;0;0;0;0;0;0;0;0;0;0;0;0;0;0;1;0;0;0;0;0;0;0;0;0;0;0;0;0;0;0;0;0;0;0;0;0;0;0;0;0;0;0;0;0;0;0;0;0;0;0;0;0;0;0;0;0;0;0;0;0;0;0;0;0;0;0;0;0;0;0;0;0;0
0;0;0;0;0;0;0;0;0;0;0;0;0;0;0;0;1;0;0;1;0;0;1;0;0;0;0;0;0;0;0;0;0;0;0;0;0;0;0;0;0;0;0;0;0;0;0;0;0;0;0;0;0;0;0;0;0;0;0;0;0;0;0;0;0;0;0;0;0;0;0;0;0;0;0;0;0;0;0
0;0;0;0;0;0;0;0;0;0;0;0;0;0;0;0;0;0;0;1;1;0;0;0;0;0;0;0;0;0;0;0;0;0;0;0;0;0;0;0;0;0;0;0;0;0;0;0;0;0;0;0;0;0;0;0;0;0;0;0;0;0;0;0;0;0;0;0;0;0;0;0;0;0;0;0;0;0;0
0;0;0;0;0;0;0;0;0;0;0;0;0;0;0;0;0;1;0;0;1;1;0;0;0;0;1;0;0;0;0;0;0;0;0;0;0;0;0;0;0;0;0;0;0;0;0;0;0;0;0;0;0;0;0;0;0;0;0;0;0;0;0;0;0;0;0;0;0;0;0;0;0;0;0;0;0;0;0
0;0;0;0;0;0;0;0;0;0;0;0;0;0;0;0;0;1;0;0;0;0;0;0;0;0;0;0;0;0;0;0;0;0;0;0;0;0;0;0;0;0;0;0;0;0;0;0;0;0;0;0;0;0;0;0;0;0;0;0;0;0;0;0;0;0;0;0;0;0;0;0;0;0;0;0;0;0;0
0;0;0;0;0;0;0;0;0;0;0;0;0;0;0;0;0;0;0;0;1;0;0;0;0;0;0;0;0;0;0;0;0;0;0;0;0;0;0;0;0;0;0;0;0;0;0;0;0;0;0;0;0;0;0;0;0;0;0;0;0;0;0;0;0;0;0;0;0;0;0;0;0;0;0;0;0;0;0
0;0;0;0;0;0;0;0;0;0;0;0;0;0;0;0;0;0;1;0;1;1;0;0;0;0;0;0;0;0;0;0;0;0;0;0;0;0;0;0;0;0;0;0;0;0;0;0;0;0;0;0;0;0;0;0;0;0;0;0;0;0;0;0;0;0;0;0;0;0;0;0;0;0;0;0;0;0;0
0;0;0;0;0;0;0;0;0;0;0;0;0;0;0;0;0;1;0;1;1;1;0;0;0;0;0;0;0;0;0;0;0;0;0;0;0;0;0;0;0;0;0;0;0;0;0;0;0;0;0;0;0;0;0;0;0;0;0;0;0;0;0;0;0;0;0;0;0;0;0;0;0;0;0;0;0;0;0
